document_id,file_name,document_type,scenario_type,language,source_system,responsible_owner,owner_email,data_source,file_created_date,last_modified_date,dataset_created_at,file_size_mb,full_text,contains_personal_data,PERSON_yes_no,EMAIL_ADDRESS_yes_no,PHONE_NUMBER_yes_no,LOCATION_yes_no,IBAN_CODE_yes_no,CREDIT_CARD_yes_no,PASSPORT_yes_no,NRP_yes_no,DATE_TIME_yes_no,IP_ADDRESS_yes_no,URL_yes_no,MEDICAL_LICENSE_yes_no,personal_data_categories,primary_pii_type,category_count,pii_count,difficulty,edge_case,challenge_category,retention_period_exceeded_3y,recommended_split,synthetic,synthetic_generator,generation_prompt_version,human_reviewed,review_status,review_notes,dataset_version,labeling_notes,entities,per_type_conf,detected_categories,strong_pii_categories,potential_pii_categories,detected_pii,detected_any_pii,has_person_hint,route,routing_reason,needs_llm_review,pii_probability,routing_zone,routed_to_llm,needs_bert_review,bert_request_success,bert_runtime_seconds,inference_ms,t_low,t_high,PERSON_predicted,EMAIL_ADDRESS_predicted,PHONE_NUMBER_predicted,LOCATION_predicted,IBAN_CODE_predicted,CREDIT_CARD_predicted,PASSPORT_predicted,NRP_predicted,DATE_TIME_predicted,IP_ADDRESS_predicted,URL_predicted,MEDICAL_LICENSE_predicted,predicted_pii,run_id,strategy,provider,model_family,model_name,prompt_version,prediction_source,prediction_stage,pipeline_name
SYN-CONTRACT-0005,synthetic_contract_0005.txt,contract,contract,en,synthetic_generation,,,synthetic,2026-08-28,2026-08-28,2026-08-28,0,"Contract

Parties: Richard Clements
Effective Date: 2025-06-25
Subject: Amendment to the existing agreement between Richard Clements and the other party, aimed at modifying certain clauses to better reflect the current operational requirements and responsibilities of each party.
Terms: The terms of this amendment include a revision of Section 4, which now states that Richard Clements shall receive a quarterly performance review, and adjustments to compensation will be made based on these evaluations. Additionally, Section 7 regarding deliverables will be updated to extend the timeline by an additional three months from the original deadline.
Contact: Service Team
Signature: Signature pending
Termination: This amendment shall remain in effect until either party provides a written notice of termination, which must be delivered at least thirty (30) days prior to the intended termination date. The rights and obligations of Richard Clements shall survive any termination of this agreement, as outlined in Section 9.
Payment Details: Standard corporate payment process",yes,yes,no,no,no,no,no,no,no,no,no,no,no,PERSON,PERSON,1,1,easy,no,none,no,validation,yes,openrouter_gpt4o_mini_field,field_llm_v1,no,,,v2,Synthetic document generated for controlled PII training data.,"[{'type': 'DATE_TIME', 'value': '2025-06-25', 'confidence': 0.95, 'source': 'presidio', 'start': 52, 'end': 62}, {'type': 'PERSON', 'value': 'Richard Clements\nEffective', 'confidence': 0.85, 'source': 'presidio', 'start': 19, 'end': 45}, {'type': 'PERSON', 'value': 'Richard Clements', 'confidence': 0.85, 'source': 'presidio', 'start': 116, 'end': 132}, {'type': 'PERSON', 'value': 'Richard Clements', 'confidence': 0.85, 'source': 'presidio', 'start': 370, 'end': 386}, {'type': 'DATE_TIME', 'value': 'quarterly', 'confidence': 0.85, 'source': 'presidio', 'start': 403, 'end': 412}, {'type': 'DATE_TIME', 'value': '30) days', 'confidence': 0.85, 'source': 'presidio', 'start': 854, 'end': 862}, {'type': 'PERSON', 'value': 'Richard Clements', 'confidence': 0.85, 'source': 'presidio', 'start': 933, 'end': 949}]","{""PERSON"": 0.9979, ""DATE_TIME"": 0.9799}","['DATE_TIME', 'PERSON']",[],"['DATE_TIME', 'PERSON']",False,True,True,low_cost_llm,potential_pii_evidence,True,0.9998109936714172,confident_pii,False,True,True,0.046975,46.9747,0.925,0.925,yes,no,no,no,no,no,no,no,yes,no,no,no,True,20260909_112646,sweep1_ambiguous_bert,local,bert,distilbert-base-multilingual-cased-v1,not_applicable,local_model,bert_prefilter,gdpr_pii_detection
SYN-CONTRACT-0014,synthetic_contract_0014.txt,contract,contract,de,synthetic_generation,,,synthetic,2026-08-28,2026-08-28,2026-08-28,0,"Vertrag

Vertragsparteien: Dienstleister und Kundenorganisation
Gültig ab: 2027-05-30
Betreff: Änderung des ursprünglichen Vertrages zwischen dem Dienstleister und der Kundenorganisation bezüglich der erbrachten Dienstleistungen und der Zahlungsmodalitäten.
Bedingungen: Die Parteien vereinbaren, dass ab dem 30. Mai 2027 die Zahlungsbedingungen geändert werden. Der Dienstleister erhält nun eine monatliche Abrechnung, die innerhalb von 30 Tagen nach Erhalt der Rechnung zu begleichen ist. Weiterhin wird die Qualität der Dienstleistungen regelmäßig überprüft und die Effizienz der Zusammenarbeit evaluiert.
Kontakt: Zentrale Kontaktstelle
Unterschrift: Ottilie Werner
Kündigung: Diese Vereinbarung kann von beiden Parteien mit einer Frist von 90 Tagen schriftlich gekündigt werden. Im Falle einer Kündigung ist der Dienstleister verpflichtet, alle laufenden Projekte ordnungsgemäß abzuschließen und alle relevanten Informationen an die Kundenorganisation zu übergeben. Die Unterschrift von Ottilie Werner bestätigt diese Änderungen.
Zahlungsdaten: Standardmäßiger geschäftlicher Zahlungsprozess",yes,yes,no,no,no,no,no,no,no,no,no,no,no,PERSON,PERSON,1,1,easy,no,none,no,train,yes,openrouter_gpt4o_mini_field,field_llm_v1,no,,,v2,Synthetic document generated for controlled PII training data.,"[{'type': 'PERSON', 'value': 'Ottilie Werner', 'confidence': 0.85, 'source': 'presidio', 'start': 655, 'end': 669}, {'type': 'PERSON', 'value': 'Ottilie Werner', 'confidence': 0.85, 'source': 'presidio', 'start': 992, 'end': 1006}]","{""PERSON"": 0.9969, ""DATE_TIME"": 0.9462}",['PERSON'],[],['PERSON'],False,True,True,low_cost_llm,potential_pii_evidence,True,0.9997460246086121,confident_pii,False,True,True,0.046975,46.9747,0.925,0.925,yes,no,no,no,no,no,no,no,yes,no,no,no,True,20260909_112646,sweep1_ambiguous_bert,local,bert,distilbert-base-multilingual-cased-v1,not_applicable,local_model,bert_prefilter,gdpr_pii_detection
SYN-CONTRACT-0036,synthetic_contract_0036.txt,contract,contract,en,synthetic_generation,,,synthetic,2026-08-28,2026-08-28,2026-08-28,0,"Contract

Parties: Contracting Organizations
Effective Date: 2025-04-21
Subject: This contract governs the terms of collaboration between the parties for the provision of services as outlined herein.
Terms: The parties agree to adhere to the payment details on file and complete deliverables by the specified deadlines. All services will be performed in accordance with industry standards and best practices.
Contact: Central Contact Point
Signature: Heather Adams
Termination: This agreement may be terminated by either party upon thirty (30) days written notice to the other party. Upon termination, all obligations shall cease, except for payment obligations incurred prior to the termination date of 2025-04-21.
Payment Details: Payment terms on file",yes,yes,no,no,no,no,no,no,no,yes,no,no,no,PERSON; DATE_TIME,MULTIPLE,2,2,easy,no,none,no,test,yes,openrouter_gpt4o_mini_field,field_llm_v1,no,,,v2,Synthetic document generated for controlled PII training data.,"[{'type': 'PERSON', 'value': 'Heather Adams\nTermination', 'confidence': 0.85, 'source': 'presidio', 'start': 451, 'end': 476}, {'type': 'DATE_TIME', 'value': '30) days', 'confidence': 0.85, 'source': 'presidio', 'start': 540, 'end': 548}]","{""PERSON"": 0.998, ""DATE_TIME"": 0.9705}","['DATE_TIME', 'PERSON']",[],"['PERSON', 'DATE_TIME']",False,True,True,low_cost_llm,potential_pii_evidence,True,0.9998379945755005,confident_pii,False,True,True,0.046975,46.9747,0.925,0.925,yes,no,no,no,no,no,no,no,yes,no,no,no,True,20260909_112646,sweep1_ambiguous_bert,local,bert,distilbert-base-multilingual-cased-v1,not_applicable,local_model,bert_prefilter,gdpr_pii_detection
SYN-CONTRACT-0041,synthetic_contract_0041.txt,contract,contract,de,synthetic_generation,,,synthetic,2026-08-28,2026-08-28,2026-08-28,0,"Vertrag

Vertragsparteien: Denis Kitzmann-Kuhl
Gültig ab: 2025-10-24
Betreff: Änderung des bestehenden Vertrags zwischen Denis Kitzmann-Kuhl und der Zentrale Kontaktstelle bezüglich der Zahlungsmodalitäten.
Bedingungen: Die Zahlungsbedingungen werden ab dem 24. Oktober 2025 angepasst. Die neuen Zahlungsfristen sind innerhalb von 30 Tagen nach Rechnungserhalt zu begleichen. Diese Änderung tritt mit Wirkung zum 24. Oktober 2025 in Kraft und ersetzt alle vorherigen Vereinbarungen zu den Zahlungsbedingungen.
Kontakt: Zentrale Kontaktstelle
Unterschrift: Autorisierte Unterschrift
Kündigung: Der Vertrag kann von beiden Parteien mit einer Frist von 30 Tagen schriftlich gekündigt werden. Bei Nichterfüllung der neuen Zahlungsbedingungen kann der Vertrag fristlos gekündigt werden.
Zahlungsdaten: Zahlungsbedingungen hinterlegt",yes,yes,no,no,no,no,no,no,no,yes,no,no,no,PERSON; DATE_TIME,MULTIPLE,2,2,easy,no,none,no,train,yes,openrouter_gpt4o_mini_field,field_llm_v1,no,,,v2,Synthetic document generated for controlled PII training data.,"[{'type': 'PERSON', 'value': 'Denis Kitzmann-Kuhl', 'confidence': 0.85, 'source': 'presidio', 'start': 27, 'end': 46}, {'type': 'PERSON', 'value': 'Denis Kitzmann-Kuhl', 'confidence': 0.85, 'source': 'presidio', 'start': 121, 'end': 140}, {'type': 'DATE_TIME', 'value': '2025-10-24', 'confidence': 0.6, 'source': 'presidio', 'start': 58, 'end': 68}]","{""PERSON"": 0.998, ""DATE_TIME"": 0.9689}","['DATE_TIME', 'PERSON']",[],"['PERSON', 'DATE_TIME']",False,True,True,low_cost_llm,potential_pii_evidence,True,0.9998440146446228,confident_pii,False,True,True,0.046975,46.9747,0.925,0.925,yes,no,no,no,no,no,no,no,yes,no,no,no,True,20260909_112646,sweep1_ambiguous_bert,local,bert,distilbert-base-multilingual-cased-v1,not_applicable,local_model,bert_prefilter,gdpr_pii_detection
SYN-CONTRACT-0042,synthetic_contract_0042.txt,contract,contract,de,synthetic_generation,,,synthetic,2026-08-28,2026-08-28,2026-08-28,0,"Vertrag

Vertragsparteien: Georgios Zahn
Gültig ab: 2026-06-09
Betreff: Der Vertrag regelt die Lieferung und Abnahme von Waren zwischen den Parteien, insbesondere der Produkte von Georgios Zahn.
Bedingungen: Die Zahlung erfolgt gemäß den vereinbarten Zahlungsbedingungen und innerhalb der festgelegten Fristen. Beide Parteien verpflichten sich, alle relevanten gesetzlichen Bestimmungen einzuhalten.
Kontakt: Abteilungskontakt
Unterschrift: Autorisierte Unterschrift
Kündigung: Der Vertrag kann von jeder Partei mit einer Frist von 30 Tagen schriftlich gekündigt werden, sofern keine wesentlichen Vertragsverletzungen vorliegen.
Zahlungsdaten: Standardmäßiger geschäftlicher Zahlungsprozess",yes,yes,no,no,no,no,no,no,no,no,no,no,no,PERSON,PERSON,1,1,easy,no,none,no,train,yes,openrouter_gpt4o_mini_field,field_llm_v1,no,,,v2,Synthetic document generated for controlled PII training data.,"[{'type': 'PERSON', 'value': 'Georgios Zahn', 'confidence': 0.85, 'source': 'presidio', 'start': 27, 'end': 40}, {'type': 'PERSON', 'value': 'Georgios Zahn', 'confidence': 0.85, 'source': 'presidio', 'start': 180, 'end': 193}, {'type': 'DATE_TIME', 'value': '2026-06-09', 'confidence': 0.6, 'source': 'presidio', 'start': 52, 'end': 62}]","{""PERSON"": 0.9975, ""DATE_TIME"": 0.9333}","['DATE_TIME', 'PERSON']",[],"['PERSON', 'DATE_TIME']",False,True,True,low_cost_llm,potential_pii_evidence,True,0.9997950196266174,confident_pii,False,True,True,0.046975,46.9747,0.925,0.925,yes,no,no,no,no,no,no,no,yes,no,no,no,True,20260909_112646,sweep1_ambiguous_bert,local,bert,distilbert-base-multilingual-cased-v1,not_applicable,local_model,bert_prefilter,gdpr_pii_detection
SYN-CONTRACT-0051,synthetic_contract_0051.txt,contract,contract,de,synthetic_generation,,,synthetic,2026-08-28,2026-08-28,2026-08-28,0,"Vertrag

Vertragsparteien: Univ.Prof. Christiane Aumann MBA.
Gültig ab: 2026-06-18
Betreff: Gegenstand dieses Vertrags ist die Bereitstellung von Bildungsdienstleistungen durch Univ.Prof. Christiane Aumann MBA.
Bedingungen: Die Vertragsbedingungen umfassen die Vereinbarung über die Durchführung von Seminaren und Vorlesungen, die von Univ.Prof. Christiane Aumann MBA. angeboten werden. Die Vergütung wird gemäß den Zahlungsbedingungen hinterlegt geregelt. Die Parteien verpflichten sich, die vereinbarten Leistungen fristgerecht zu erbringen.
Kontakt: Serviceteam
Unterschrift: Autorisierte Unterschrift
Kündigung: Der Vertrag kann von beiden Parteien mit einer Frist von drei Monaten zum Ende eines Kalenderjahres schriftlich gekündigt werden. Bei schwerwiegenden Vertragsverletzungen ist eine fristlose Kündigung möglich.
Zahlungsdaten: Zahlungsbedingungen hinterlegt",yes,yes,no,no,no,no,no,no,no,no,no,no,no,PERSON,PERSON,1,1,easy,no,none,no,train,yes,openrouter_gpt4o_mini_field,field_llm_v1,no,,,v2,Synthetic document generated for controlled PII training data.,"[{'type': 'PERSON', 'value': 'Christiane Aumann', 'confidence': 0.85, 'source': 'presidio', 'start': 38, 'end': 55}, {'type': 'PERSON', 'value': 'Christiane Aumann', 'confidence': 0.85, 'source': 'presidio', 'start': 188, 'end': 205}, {'type': 'PERSON', 'value': 'Christiane Aumann', 'confidence': 0.85, 'source': 'presidio', 'start': 346, 'end': 363}, {'type': 'DATE_TIME', 'value': '2026-06-18', 'confidence': 0.6, 'source': 'presidio', 'start': 72, 'end': 82}, {'type': 'URL', 'value': 'Univ.Pro', 'confidence': 0.5, 'source': 'presidio', 'start': 27, 'end': 35}, {'type': 'URL', 'value': 'Univ.Pro', 'confidence': 0.5, 'source': 'presidio', 'start': 177, 'end': 185}, {'type': 'URL', 'value': 'Univ.Pro', 'confidence': 0.5, 'source': 'presidio', 'start': 335, 'end': 343}]","{""PERSON"": 0.998, ""DATE_TIME"": 0.9602}","['DATE_TIME', 'PERSON', 'URL']",[],"['PERSON', 'DATE_TIME', 'URL']",False,True,True,low_cost_llm,potential_pii_evidence,True,0.9998459815979004,confident_pii,False,True,True,0.046975,46.9747,0.925,0.925,yes,no,no,no,no,no,no,no,yes,no,no,no,True,20260909_112646,sweep1_ambiguous_bert,local,bert,distilbert-base-multilingual-cased-v1,not_applicable,local_model,bert_prefilter,gdpr_pii_detection
SYN-CONTRACT-0052,synthetic_contract_0052.txt,contract,contract,de,synthetic_generation,,,synthetic,2026-08-28,2026-08-28,2026-08-28,0,"Vertrag

Vertragsparteien: Luzia Reising; Jobst-Gorlitz-Platz 3/8, 12955 Lüdenscheid
Gültig ab: 2025-03-06
Betreff: Dieser Vertrag regelt die Bedingungen der Zusammenarbeit zwischen Luzia Reising und den vereinbarten Leistungen.
Bedingungen: Die Vertragsdauer beginnt am 2025-03-06 und endet mit der Erfüllung der vereinbarten Verpflichtungen. Die Zahlungsbedingungen sind in den Zahlungsbedingungen hinterlegt.
Kontakt: Abteilungskontakt
Unterschrift: Unterschrift ausstehend
Kündigung: Eine vorzeitige Kündigung ist beiden Parteien unter Einhaltung einer Frist von 30 Tagen schriftlich möglich.
Zahlungsdaten: Zahlungsbedingungen hinterlegt",yes,yes,no,no,yes,no,no,no,no,no,no,no,no,PERSON; LOCATION,MULTIPLE,2,2,easy,no,none,no,validation,yes,openrouter_gpt4o_mini_field,field_llm_v1,no,,,v2,Synthetic document generated for controlled PII training data.,"[{'type': 'PERSON', 'value': 'Luzia Reising', 'confidence': 0.85, 'source': 'presidio', 'start': 27, 'end': 40}, {'type': 'LOCATION', 'value': 'Jobst-Gorlitz-Platz', 'confidence': 0.85, 'source': 'presidio', 'start': 42, 'end': 61}, {'type': 'LOCATION', 'value': 'Lüdenscheid', 'confidence': 0.85, 'source': 'presidio', 'start': 73, 'end': 84}, {'type': 'PERSON', 'value': 'Luzia Reising', 'confidence': 0.85, 'source': 'presidio', 'start': 182, 'end': 195}, {'type': 'DATE_TIME', 'value': '2025-03-06', 'confidence': 0.6, 'source': 'presidio', 'start': 96, 'end': 106}, {'type': 'DATE_TIME', 'value': '2025-03-06', 'confidence': 0.6, 'source': 'presidio', 'start': 271, 'end': 281}]","{""PERSON"": 0.9915, ""LOCATION"": 0.9841, ""DATE_TIME"": 0.9603}","['DATE_TIME', 'LOCATION', 'PERSON']",[],"['PERSON', 'LOCATION', 'DATE_TIME']",False,True,True,low_cost_llm,potential_pii_evidence,True,0.9995409846305847,confident_pii,False,True,True,0.046975,46.9747,0.925,0.925,yes,no,no,yes,no,no,no,no,yes,no,no,no,True,20260909_112646,sweep1_ambiguous_bert,local,bert,distilbert-base-multilingual-cased-v1,not_applicable,local_model,bert_prefilter,gdpr_pii_detection
SYN-CONTRACT-0068,synthetic_contract_0068.txt,contract,contract,en,synthetic_generation,,,synthetic,2026-08-28,2026-08-28,2026-08-28,0,"Contract

Parties: Service Provider and Client Organization
Effective Date: 2025-01-20
Subject: This contract outlines the agreement between the Service Provider and Client Organization regarding the provision of services as detailed herein.
Terms: 2026-05-30
Contact: Central Contact Point
Signature: Laura Matthews
Termination: This agreement may be terminated by either party upon providing thirty (30) days written notice. Termination shall not affect any prior obligations or liabilities incurred before the termination date.
Payment Details: Payment terms on file",yes,yes,no,no,no,no,no,no,no,yes,no,no,no,PERSON; DATE_TIME,MULTIPLE,2,2,easy,no,none,no,train,yes,openrouter_gpt4o_mini_field,field_llm_v1,no,,,v2,Synthetic document generated for controlled PII training data.,"[{'type': 'DATE_TIME', 'value': '2026-05-30', 'confidence': 0.85, 'source': 'presidio', 'start': 249, 'end': 259}, {'type': 'PERSON', 'value': 'Laura Matthews', 'confidence': 0.85, 'source': 'presidio', 'start': 302, 'end': 316}, {'type': 'DATE_TIME', 'value': '30) days', 'confidence': 0.85, 'source': 'presidio', 'start': 402, 'end': 410}]","{""PERSON"": 0.9982, ""DATE_TIME"": 0.9788}","['DATE_TIME', 'PERSON']",[],"['DATE_TIME', 'PERSON']",False,True,True,low_cost_llm,potential_pii_evidence,True,0.9998679757118225,confident_pii,False,True,True,0.046975,46.9747,0.925,0.925,yes,no,no,no,no,no,no,no,yes,no,no,no,True,20260909_112646,sweep1_ambiguous_bert,local,bert,distilbert-base-multilingual-cased-v1,not_applicable,local_model,bert_prefilter,gdpr_pii_detection
SYN-CONTRACT-0069,synthetic_contract_0069.txt,contract,contract,en,synthetic_generation,,,synthetic,2026-08-28,2026-08-28,2026-08-28,0,"Contract

Parties: Jeffrey Hampton
Effective Date: 2026-07-10
Subject: This contract governs the terms of engagement between Jeffrey Hampton and the selected service provider.
Terms: The effective date of this agreement is 2026-07-10, and all services shall be rendered in accordance with the payment terms on file.
Contact: Service Team
Signature: Signature pending
Termination: This contract may be terminated by either party with written notice under circumstances outlined herein.
Payment Details: Payment terms on file",yes,yes,no,no,no,no,no,no,no,yes,no,no,no,PERSON; DATE_TIME,MULTIPLE,2,2,easy,no,none,no,validation,yes,openrouter_gpt4o_mini_field,field_llm_v1,no,,,v2,Synthetic document generated for controlled PII training data.,"[{'type': 'DATE_TIME', 'value': '2026-07-10', 'confidence': 0.95, 'source': 'presidio', 'start': 51, 'end': 61}, {'type': 'DATE_TIME', 'value': '2026-07-10', 'confidence': 0.95, 'source': 'presidio', 'start': 223, 'end': 233}, {'type': 'PERSON', 'value': 'Jeffrey Hampton', 'confidence': 0.85, 'source': 'presidio', 'start': 19, 'end': 34}, {'type': 'PERSON', 'value': 'Jeffrey Hampton', 'confidence': 0.85, 'source': 'presidio', 'start': 125, 'end': 140}]","{""PERSON"": 0.9981, ""DATE_TIME"": 0.9795}","['DATE_TIME', 'PERSON']",[],"['DATE_TIME', 'PERSON']",False,True,True,low_cost_llm,potential_pii_evidence,True,0.9998289942741394,confident_pii,False,True,True,0.046975,46.9747,0.925,0.925,yes,no,no,no,no,no,no,no,yes,no,no,no,True,20260909_112646,sweep1_ambiguous_bert,local,bert,distilbert-base-multilingual-cased-v1,not_applicable,local_model,bert_prefilter,gdpr_pii_detection
SYN-CONTRACT-0072,synthetic_contract_0072.txt,contract,contract,de,synthetic_generation,,,synthetic,2026-08-28,2026-08-28,2026-08-28,0,"Vertrag

Vertragsparteien: Hillerstr. 12/42, 89972 Gotha
Gültig ab: 2026-02-02
Betreff: Vertrag über die Erbringung von Dienstleistungen zwischen Erhardt Bauer und dem Auftraggeber, Hillerstr. 12/42, 89972 Gotha.
Bedingungen: Die Vertragsparteien vereinbaren die Erbringung von Dienstleistungen gemäß den festgelegten Spezifikationen und Zeitrahmen. Die Zahlung erfolgt gemäß den hinterlegten Zahlungsbedingungen.
Kontakt: Erhardt Bauer
Unterschrift: Unterschrift ausstehend
Kündigung: Der Vertrag kann von jeder Partei mit einer Frist von 30 Tagen schriftlich gekündigt werden. Bei schwerwiegenden Vertragsverletzungen ist eine fristlose Kündigung möglich.
Zahlungsdaten: Zahlungsbedingungen hinterlegt",yes,yes,no,no,yes,no,no,no,no,no,no,no,no,PERSON; LOCATION,MULTIPLE,2,2,easy,no,none,no,test,yes,openrouter_gpt4o_mini_field,field_llm_v1,no,,,v2,Synthetic document generated for controlled PII training data.,"[{'type': 'LOCATION', 'value': 'Gotha', 'confidence': 0.85, 'source': 'presidio', 'start': 51, 'end': 56}, {'type': 'PERSON', 'value': 'Erhardt Bauer', 'confidence': 0.85, 'source': 'presidio', 'start': 146, 'end': 159}, {'type': 'LOCATION', 'value': 'Gotha', 'confidence': 0.85, 'source': 'presidio', 'start': 206, 'end': 211}, {'type': 'PERSON', 'value': 'Erhardt Bauer', 'confidence': 0.85, 'source': 'presidio', 'start': 423, 'end': 436}, {'type': 'DATE_TIME', 'value': '2026-02-02', 'confidence': 0.6, 'source': 'presidio', 'start': 68, 'end': 78}]","{""PERSON"": 0.9826, ""LOCATION"": 0.9855}","['DATE_TIME', 'LOCATION', 'PERSON']",[],"['LOCATION', 'PERSON', 'DATE_TIME']",False,True,True,low_cost_llm,potential_pii_evidence,True,0.9992700219154358,confident_pii,False,True,True,0.046975,46.9747,0.925,0.925,yes,no,no,yes,no,no,no,no,no,no,no,no,True,20260909_112646,sweep1_ambiguous_bert,local,bert,distilbert-base-multilingual-cased-v1,not_applicable,local_model,bert_prefilter,gdpr_pii_detection
SYN-CONTRACT-0085,synthetic_contract_0085.txt,contract,contract,de,synthetic_generation,,,synthetic,2026-08-28,2026-08-28,2026-08-28,0,"Vertrag

Vertragsparteien: Sandor-Hentschel-Weg 8578, 87843 Melle
Gültig ab: 2027-04-06
Betreff: Dieser Vertrag regelt die Bedingungen für die Zusammenarbeit zwischen den Parteien, namentlich Prof. Margaretha Hethur MBA. und der Adresse Sandor-Hentschel-Weg 8578, 87843 Melle.
Bedingungen: Die Parteien vereinbaren, dass alle Leistungen gemäß den in diesem Vertrag festgelegten Zahlungsbedingungen hinterlegt zu erbringen sind. Die Vertragslaufzeit beträgt zwei Jahre, beginnend am effektiven Datum, 2027-04-06.
Kontakt: Abteilungskontakt
Unterschrift: Prof. Margaretha Hethur MBA.
Kündigung: Der Vertrag kann von jeder Partei mit einer Frist von drei Monaten zum Ende der Vertragslaufzeit schriftlich gekündigt werden. Eine vorzeitige Kündigung aus wichtigem Grund bleibt unberührt.
Zahlungsdaten: Zahlungsbedingungen hinterlegt",yes,yes,no,no,yes,no,no,no,no,no,no,no,no,PERSON; LOCATION,MULTIPLE,2,2,easy,no,none,no,train,yes,openrouter_gpt4o_mini_field,field_llm_v1,no,,,v2,Synthetic document generated for controlled PII training data.,"[{'type': 'LOCATION', 'value': 'Melle', 'confidence': 0.85, 'source': 'presidio', 'start': 60, 'end': 65}, {'type': 'PERSON', 'value': 'Margaretha Hethur', 'confidence': 0.85, 'source': 'presidio', 'start': 198, 'end': 215}, {'type': 'LOCATION', 'value': 'Melle', 'confidence': 0.85, 'source': 'presidio', 'start': 270, 'end': 275}, {'type': 'PERSON', 'value': 'Margaretha Hethur', 'confidence': 0.85, 'source': 'presidio', 'start': 559, 'end': 576}, {'type': 'DATE_TIME', 'value': '2027-04-06', 'confidence': 0.6, 'source': 'presidio', 'start': 77, 'end': 87}, {'type': 'DATE_TIME', 'value': '2027-04-06', 'confidence': 0.6, 'source': 'presidio', 'start': 500, 'end': 510}]","{""PERSON"": 0.9917, ""LOCATION"": 0.9908, ""DATE_TIME"": 0.9614}","['DATE_TIME', 'LOCATION', 'PERSON']",[],"['LOCATION', 'PERSON', 'DATE_TIME']",False,True,True,low_cost_llm,potential_pii_evidence,True,0.9992989897727966,confident_pii,False,True,True,0.046975,46.9747,0.925,0.925,yes,no,no,yes,no,no,no,no,yes,no,no,no,True,20260909_112646,sweep1_ambiguous_bert,local,bert,distilbert-base-multilingual-cased-v1,not_applicable,local_model,bert_prefilter,gdpr_pii_detection
SYN-CONTRACT-0090,synthetic_contract_0090.txt,contract,contract,de,synthetic_generation,,,synthetic,2026-08-28,2026-08-28,2026-08-28,0,"Vertrag

Vertragsparteien: Ottfried Mans-Kohl; Vogtgasse 3-6, 54814 Artern
Gültig ab: 2027-01-25
Betreff: Dieser Vertrag wird zwischen Ottfried Mans-Kohl, wohnhaft in der Vogtgasse 3-6, 54814 Artern, und der Zentrale Kontaktstelle abgeschlossen. Der Zweck des Vertrags ist die Regelung der Zusammenarbeit und der gegenseitigen Verpflichtungen der Parteien.
Bedingungen: Die Vertragsbedingungen umfassen die Pflichten und Rechte beider Parteien. Ottfried Mans-Kohl verpflichtet sich, die vereinbarten Leistungen gemäß den festgelegten Zahlungsbedingungen zu erbringen. Die Zahlungsbedingungen hinterlegt sind klar definiert und müssen von beiden Parteien eingehalten werden.
Kontakt: Zentrale Kontaktstelle
Unterschrift: Unterschrift ausstehend
Kündigung: Der Vertrag kann von beiden Parteien unter Einhaltung einer Frist von 30 Tagen schriftlich gekündigt werden. Eine vorzeitige Kündigung ist nur aus wichtigem Grund möglich. Im Falle einer Kündigung sind die bereits erbrachten Leistungen bis zum Zeitpunkt der Kündigung zu begleichen.
Zahlungsdaten: Zahlungsbedingungen hinterlegt",yes,yes,no,no,yes,no,no,no,no,no,no,no,no,PERSON; LOCATION,MULTIPLE,2,2,easy,no,none,no,train,yes,openrouter_gpt4o_mini_field,field_llm_v1,no,,,v2,Synthetic document generated for controlled PII training data.,"[{'type': 'PERSON', 'value': 'Ottfried Mans-Kohl', 'confidence': 0.85, 'source': 'presidio', 'start': 27, 'end': 45}, {'type': 'LOCATION', 'value': 'Artern', 'confidence': 0.85, 'source': 'presidio', 'start': 68, 'end': 74}, {'type': 'PERSON', 'value': 'Ottfried Mans-Kohl', 'confidence': 0.85, 'source': 'presidio', 'start': 135, 'end': 153}, {'type': 'LOCATION', 'value': 'Artern', 'confidence': 0.85, 'source': 'presidio', 'start': 192, 'end': 198}, {'type': 'PERSON', 'value': 'Ottfried Mans-Kohl', 'confidence': 0.85, 'source': 'presidio', 'start': 445, 'end': 463}, {'type': 'DATE_TIME', 'value': '2027-01-25', 'confidence': 0.6, 'source': 'presidio', 'start': 86, 'end': 96}]","{""PERSON"": 0.9886, ""LOCATION"": 0.9911, ""DATE_TIME"": 0.9571}","['DATE_TIME', 'LOCATION', 'PERSON']",[],"['PERSON', 'LOCATION', 'DATE_TIME']",False,True,True,low_cost_llm,potential_pii_evidence,True,0.9989089965820312,confident_pii,False,True,True,0.046975,46.9747,0.925,0.925,yes,no,no,yes,no,no,no,no,yes,no,no,no,True,20260909_112646,sweep1_ambiguous_bert,local,bert,distilbert-base-multilingual-cased-v1,not_applicable,local_model,bert_prefilter,gdpr_pii_detection
SYN-CONTRACT-0097,synthetic_contract_0097.txt,contract,contract,en,synthetic_generation,,,synthetic,2026-08-28,2026-08-28,2026-08-28,0,"Contract

Parties: Christopher Fields
Effective Date: 2026-08-20
Subject: Amendment to the Agreement between Christopher Fields and the Central Contact Point regarding the terms and conditions effective as of 2026-08-20.
Terms: This amendment modifies the original agreement to include revised payment terms, which shall now stipulate that all payments must be processed through the Standard corporate payment process, facilitating prompt and accurate transactions.
Contact: Central Contact Point
Signature: Authorized signature
Termination: The amendment shall remain in effect until either party provides written notice of termination, with a minimum notice period of 30 days, to ensure a smooth transition and proper handling of all outstanding obligations as of the effective date, 2026-08-20.
Payment Details: Standard corporate payment process",yes,yes,no,no,no,no,no,no,no,yes,no,no,no,PERSON; DATE_TIME,MULTIPLE,2,2,easy,no,none,no,train,yes,openrouter_gpt4o_mini_field,field_llm_v1,no,,,v2,Synthetic document generated for controlled PII training data.,"[{'type': 'DATE_TIME', 'value': '2026-08-20', 'confidence': 0.95, 'source': 'presidio', 'start': 54, 'end': 64}, {'type': 'PERSON', 'value': 'Christopher Fields\nEffective', 'confidence': 0.85, 'source': 'presidio', 'start': 19, 'end': 47}, {'type': 'PERSON', 'value': 'Christopher Fields', 'confidence': 0.85, 'source': 'presidio', 'start': 109, 'end': 127}, {'type': 'DATE_TIME', 'value': '2026-08-20', 'confidence': 0.85, 'source': 'presidio', 'start': 209, 'end': 219}]","{""PERSON"": 0.9981, ""DATE_TIME"": 0.9772}","['DATE_TIME', 'PERSON']",[],"['DATE_TIME', 'PERSON']",False,True,True,low_cost_llm,potential_pii_evidence,True,0.9998360276222229,confident_pii,False,True,True,0.046975,46.9747,0.925,0.925,yes,no,no,no,no,no,no,no,yes,no,no,no,True,20260909_112646,sweep1_ambiguous_bert,local,bert,distilbert-base-multilingual-cased-v1,not_applicable,local_model,bert_prefilter,gdpr_pii_detection
SYN-CONTRACT-0106,synthetic_contract_0106.txt,contract,contract,de,synthetic_generation,,,synthetic,2026-08-28,2026-08-28,2026-08-28,0,"Vertrag

Vertragsparteien: Dr. Samira Geisel MBA.
Gültig ab: 2026-01-28
Betreff: Änderung des bestehenden Vertrags zwischen Dr. Samira Geisel MBA. und der Zentrale Kontaktstelle zur Anpassung der Zahlungsmodalitäten und Fristen.
Bedingungen: Die Parteien vereinbaren, dass die Zahlungsbedingungen ab dem 28. Januar 2026, dem Datum des Inkrafttretens dieser Änderung, überarbeitet werden. Die neuen Zahlungsfristen sind innerhalb von 30 Tagen nach Erhalt der Rechnung zu erfüllen. Darüber hinaus wird die Standardmäßige geschäftliche Zahlungsprozess angepasst, um die Effizienz zu steigern.
Kontakt: Zentrale Kontaktstelle
Unterschrift: Autorisierte Unterschrift
Kündigung: Diese Änderung kann von jeder Partei mit einer Frist von 30 Tagen schriftlich gekündigt werden. Im Falle einer Kündigung bleiben die bisherigen Vertragsbedingungen bis zum Ablauf der Kündigungsfrist weiterhin in Kraft. Dr. Samira Geisel MBA. und die Zentrale Kontaktstelle verpflichten sich, alle Verpflichtungen bis zur Beendigung dieser Vereinbarung zu erfüllen.
Zahlungsdaten: Standardmäßiger geschäftlicher Zahlungsprozess",yes,yes,no,no,no,no,no,no,no,no,no,no,no,PERSON,PERSON,1,1,easy,no,none,no,train,yes,openrouter_gpt4o_mini_field,field_llm_v1,no,,,v2,Synthetic document generated for controlled PII training data.,"[{'type': 'PERSON', 'value': 'Samira Geisel', 'confidence': 0.85, 'source': 'presidio', 'start': 31, 'end': 44}, {'type': 'PERSON', 'value': 'Samira Geisel', 'confidence': 0.85, 'source': 'presidio', 'start': 128, 'end': 141}, {'type': 'PERSON', 'value': 'Samira Geisel', 'confidence': 0.85, 'source': 'presidio', 'start': 896, 'end': 909}, {'type': 'DATE_TIME', 'value': '2026-01-28', 'confidence': 0.6, 'source': 'presidio', 'start': 61, 'end': 71}]","{""PERSON"": 0.9972, ""DATE_TIME"": 0.9526}","['DATE_TIME', 'PERSON']",[],"['PERSON', 'DATE_TIME']",False,True,True,low_cost_llm,potential_pii_evidence,True,0.9997820258140564,confident_pii,False,True,True,0.046975,46.9747,0.925,0.925,yes,no,no,no,no,no,no,no,yes,no,no,no,True,20260909_112646,sweep1_ambiguous_bert,local,bert,distilbert-base-multilingual-cased-v1,not_applicable,local_model,bert_prefilter,gdpr_pii_detection
SYN-CONTRACT-0144,synthetic_contract_0144.txt,contract,contract,en,synthetic_generation,,,synthetic,2026-08-28,2026-08-28,2026-08-28,0,"Contract

Parties: Samuel Williams
Effective Date: 2027-06-08
Subject: This contract is entered into by Samuel Williams, who agrees to the terms outlined herein. The purpose of this agreement is to establish the responsibilities and expectations of both parties involved in the execution of services as detailed in subsequent sections.
Terms: The terms of this contract will commence on the effective date of June 8, 2027, and will remain in effect until the completion of the obligations set forth herein. Samuel Williams shall provide services as agreed, and both parties will adhere to the payment details on file, ensuring timely and complete transactions.
Contact: 7375 Fernandez Falls, Edwardmouth, GU 70485
Signature: Authorized signature
Termination: This agreement may be terminated by either party upon a written notice of thirty (30) days, should there be a failure to comply with any of the terms outlined. In such an event, Samuel Williams will ensure that all work in progress is completed and that any outstanding payments are handled in accordance with the payment details on file.
Payment Details: Payment terms on file",yes,yes,no,no,yes,no,no,no,no,no,no,no,no,PERSON; LOCATION,MULTIPLE,2,2,easy,no,none,no,train,yes,openrouter_gpt4o_mini_field,field_llm_v1,no,,,v2,Synthetic document generated for controlled PII training data.,"[{'type': 'DATE_TIME', 'value': '2027-06-08', 'confidence': 0.95, 'source': 'presidio', 'start': 51, 'end': 61}, {'type': 'PERSON', 'value': 'Samuel Williams', 'confidence': 0.85, 'source': 'presidio', 'start': 19, 'end': 34}, {'type': 'PERSON', 'value': 'Samuel Williams', 'confidence': 0.85, 'source': 'presidio', 'start': 104, 'end': 119}, {'type': 'DATE_TIME', 'value': 'June 8, 2027', 'confidence': 0.85, 'source': 'presidio', 'start': 409, 'end': 421}, {'type': 'PERSON', 'value': 'Samuel Williams', 'confidence': 0.85, 'source': 'presidio', 'start': 507, 'end': 522}, {'type': 'PERSON', 'value': 'Fernandez Falls', 'confidence': 0.85, 'source': 'presidio', 'start': 675, 'end': 690}, {'type': 'DATE_TIME', 'value': 'thirty (30) days', 'confidence': 0.85, 'source': 'presidio', 'start': 833, 'end': 849}, {'type': 'PERSON', 'value': 'Samuel Williams', 'confidence': 0.85, 'source': 'presidio', 'start': 937, 'end': 952}]","{""PERSON"": 0.9644, ""LOCATION"": 0.989}","['DATE_TIME', 'PERSON']",[],"['DATE_TIME', 'PERSON']",False,True,True,low_cost_llm,potential_pii_evidence,True,0.9977210164070129,confident_pii,False,True,True,0.046975,46.9747,0.925,0.925,yes,no,no,yes,no,no,no,no,no,no,no,no,True,20260909_112646,sweep1_ambiguous_bert,local,bert,distilbert-base-multilingual-cased-v1,not_applicable,local_model,bert_prefilter,gdpr_pii_detection
SYN-CONTRACT-0161,synthetic_contract_0161.txt,contract,contract,en,synthetic_generation,,,synthetic,2026-08-28,2026-08-28,2026-08-28,0,"Contract

Parties: Service Provider and Client Organization
Effective Date: 2025-09-24
Subject: Amendment to the existing agreement between the Service Provider and the Client Organization to revise the scope of services provided.
Terms: The terms of this amendment shall include the expansion of services outlined in the original agreement dated 2025-09-24. The amended services will include additional support and resources as detailed in Exhibit A attached hereto. All payment details remain unchanged as per the existing payment terms on file, and the effective date of this amendment shall be 2025-09-24.
Contact: Department Contact
Signature: Mary Burton
Termination: This amendment may be terminated by either party with a written notice of thirty (30) days. Upon termination, all services shall cease, and any outstanding payments will be settled in accordance with the original agreement.
Payment Details: Payment terms on file",yes,yes,no,no,no,no,no,no,no,yes,no,no,no,PERSON; DATE_TIME,MULTIPLE,2,2,easy,no,none,no,train,yes,openrouter_gpt4o_mini_field,field_llm_v1,no,,,v2,Synthetic document generated for controlled PII training data.,"[{'type': 'DATE_TIME', 'value': '2025-09-24', 'confidence': 0.95, 'source': 'presidio', 'start': 598, 'end': 608}, {'type': 'PERSON', 'value': 'Mary Burton', 'confidence': 0.85, 'source': 'presidio', 'start': 649, 'end': 660}, {'type': 'DATE_TIME', 'value': 'thirty (30) days', 'confidence': 0.85, 'source': 'presidio', 'start': 748, 'end': 764}]","{""PERSON"": 0.998, ""DATE_TIME"": 0.9747}","['DATE_TIME', 'PERSON']",[],"['DATE_TIME', 'PERSON']",False,True,True,low_cost_llm,potential_pii_evidence,True,0.9998369812965393,confident_pii,False,True,True,0.046975,46.9747,0.925,0.925,yes,no,no,no,no,no,no,no,yes,no,no,no,True,20260909_112646,sweep1_ambiguous_bert,local,bert,distilbert-base-multilingual-cased-v1,not_applicable,local_model,bert_prefilter,gdpr_pii_detection
SYN-CONTRACT-0229,synthetic_contract_0229.txt,contract,contract,en,synthetic_generation,,,synthetic,2026-08-28,2026-08-28,2026-08-28,0,"Contract

Parties: Service Provider and Client Organization
Effective Date: 2025-09-25
Subject: This contract outlines the agreement between the Service Provider and Client Organization for the provision of services as described herein.
Terms: The Service Provider agrees to deliver the specified services starting from the effective date of 2025-09-25. All services provided shall adhere to the quality standards mutually agreed upon by both parties. Payment will follow the Standard corporate payment process, as detailed in the payment details section.
Contact: Brenda Smith; 09522 Jones Falls, Lake Donnachester, GU 56136
Signature: Signature pending
Termination: This agreement may be terminated by either party upon providing written notice to the other party. The notice period shall be thirty (30) days, unless otherwise mutually agreed. In the event of termination, all obligations accrued prior to the termination date shall remain in effect.
Payment Details: Standard corporate payment process",yes,yes,no,no,yes,no,no,no,no,no,no,no,no,PERSON; LOCATION,MULTIPLE,2,2,easy,no,none,no,train,yes,openrouter_gpt4o_mini_field,field_llm_v1,no,,,v2,Synthetic document generated for controlled PII training data.,"[{'type': 'PERSON', 'value': 'Brenda Smith', 'confidence': 0.85, 'source': 'presidio', 'start': 565, 'end': 577}, {'type': 'PERSON', 'value': '09522 Jones Falls', 'confidence': 0.85, 'source': 'presidio', 'start': 579, 'end': 596}, {'type': 'PERSON', 'value': 'Lake Donnachester', 'confidence': 0.85, 'source': 'presidio', 'start': 598, 'end': 615}, {'type': 'DATE_TIME', 'value': 'thirty (30) days', 'confidence': 0.85, 'source': 'presidio', 'start': 794, 'end': 810}]","{""PERSON"": 0.9822, ""LOCATION"": 0.9912, ""DATE_TIME"": 0.9319}","['DATE_TIME', 'PERSON']",[],"['PERSON', 'DATE_TIME']",False,True,True,low_cost_llm,potential_pii_evidence,True,0.9986000061035156,confident_pii,False,True,True,0.046975,46.9747,0.925,0.925,yes,no,no,yes,no,no,no,no,yes,no,no,no,True,20260909_112646,sweep1_ambiguous_bert,local,bert,distilbert-base-multilingual-cased-v1,not_applicable,local_model,bert_prefilter,gdpr_pii_detection
SYN-CONTRACT-0242,synthetic_contract_0242.txt,contract,contract,de,synthetic_generation,,,synthetic,2026-08-28,2026-08-28,2026-08-28,0,"Vertrag

Vertragsparteien: Dienstleister und Kundenorganisation
Gültig ab: 2025-10-22
Betreff: Änderung des bestehenden Vertrags zwischen dem Dienstleister und der Kundenorganisation hinsichtlich der Erbringung von Dienstleistungen.
Bedingungen: Die Parteien vereinbaren, dass die zuvor festgelegten Zahlungsmodalitäten geändert werden. Ab dem effektiven Datum, dem 22. Oktober 2025, wird der Dienstleister die Rechnungen monatlich innerhalb von 30 Tagen nach Erhalt der Dienstleistungen ausstellen. Der Standardmäßige geschäftlicher Zahlungsprozess bleibt jedoch unverändert.
Kontakt: Abteilungskontakt
Unterschrift: Lili Stadelmann
Kündigung: Die Parteien können diesen Vertrag mit einer Frist von 30 Tagen schriftlich kündigen. Die Kündigung muss an die Abteilungskontakt-Adresse der jeweiligen Partei gesendet werden. Im Falle einer Kündigung bleibt die Verpflichtung zur Zahlung für bereits erbrachte Dienstleistungen bis zum Datum der Kündigung bestehen.
Zahlungsdaten: Standardmäßiger geschäftlicher Zahlungsprozess",yes,yes,no,no,no,no,no,no,no,no,no,no,no,PERSON,PERSON,1,1,easy,no,none,no,train,yes,openrouter_gpt4o_mini_field,field_llm_v1,no,,,v2,Synthetic document generated for controlled PII training data.,"[{'type': 'PERSON', 'value': 'Lili Stadelmann', 'confidence': 0.85, 'source': 'presidio', 'start': 618, 'end': 633}]","{""PERSON"": 0.9977, ""DATE_TIME"": 0.9574}",['PERSON'],[],['PERSON'],False,True,True,low_cost_llm,potential_pii_evidence,True,0.9998160004615784,confident_pii,False,True,True,0.046975,46.9747,0.925,0.925,yes,no,no,no,no,no,no,no,yes,no,no,no,True,20260909_112646,sweep1_ambiguous_bert,local,bert,distilbert-base-multilingual-cased-v1,not_applicable,local_model,bert_prefilter,gdpr_pii_detection
SYN-CUSTOMER_SUPPORT-0052,synthetic_customer_support_0052.txt,support_ticket,customer_support,en,synthetic_generation,,,synthetic,2026-08-28,2026-08-28,2026-08-28,0,"Customer Support

Ticket Id: REF-7050517
Subject: Assistance Required for Dutch Language Support
Customer: Carla Shaw
Contact: Service Team
Description: Dutch
Agent: Customer Support Team
Status: Pending
Resolution: The issue has been escalated to our specialized team for further assistance. They will provide support in Dutch and follow up with Carla Shaw within the next 24 hours to ensure her needs are met.",yes,yes,no,no,no,no,no,no,yes,no,no,no,no,PERSON; NRP,MULTIPLE,2,2,easy,no,none,no,validation,yes,openrouter_gpt4o_mini_field,field_llm_v1,no,,,v2,Synthetic document generated for controlled PII training data.,"[{'type': 'PERSON', 'value': 'Carla Shaw', 'confidence': 0.85, 'source': 'presidio', 'start': 107, 'end': 117}, {'type': 'NRP', 'value': 'Dutch', 'confidence': 0.85, 'source': 'presidio', 'start': 153, 'end': 158}, {'type': 'NRP', 'value': 'Dutch', 'confidence': 0.85, 'source': 'presidio', 'start': 322, 'end': 327}, {'type': 'PERSON', 'value': 'Carla Shaw', 'confidence': 0.85, 'source': 'presidio', 'start': 347, 'end': 357}, {'type': 'DATE_TIME', 'value': 'the next 24 hours', 'confidence': 0.85, 'source': 'presidio', 'start': 365, 'end': 382}, {'type': 'NRP', 'value': 'Dutch', 'confidence': 0.9, 'source': 'custom_regex', 'start': 74, 'end': 79}, {'type': 'NRP', 'value': 'Dutch', 'confidence': 0.9, 'source': 'custom_regex', 'start': 153, 'end': 158}, {'type': 'NRP', 'value': 'Dutch', 'confidence': 0.9, 'source': 'custom_regex', 'start': 322, 'end': 327}]","{""PERSON"": 0.9974, ""NRP"": 0.9859}","['DATE_TIME', 'NRP', 'PERSON']",[],"['PERSON', 'NRP', 'DATE_TIME']",False,True,False,low_cost_llm,potential_pii_evidence,True,0.9998850226402283,confident_pii,False,True,True,0.046975,46.9747,0.925,0.925,yes,no,no,no,no,no,no,yes,no,no,no,no,True,20260909_112646,sweep1_ambiguous_bert,local,bert,distilbert-base-multilingual-cased-v1,not_applicable,local_model,bert_prefilter,gdpr_pii_detection
SYN-CUSTOMER_SUPPORT-0056,synthetic_customer_support_0056.txt,support_ticket,customer_support,en,synthetic_generation,,,synthetic,2026-08-28,2026-08-28,2026-08-28,0,"Customer Support

Ticket Id: REF-7811295
Subject: Assistance Required for French Language Support
Customer: Customer Organization
Contact: Allison Chandler
Description: French
Agent: Customer Support Team
Status: Open
Resolution: The customer support team has provided guidance to Allison Chandler on the necessary steps to resolve the issue regarding French language support. Follow-up will be conducted within 48 hours to ensure satisfaction.",yes,yes,no,no,no,no,no,no,yes,no,no,no,no,PERSON; NRP,MULTIPLE,2,2,easy,no,none,no,train,yes,openrouter_gpt4o_mini_field,field_llm_v1,no,,,v2,Synthetic document generated for controlled PII training data.,"[{'type': 'PERSON', 'value': 'Allison Chandler\nDescription', 'confidence': 0.85, 'source': 'presidio', 'start': 139, 'end': 167}, {'type': 'NRP', 'value': 'French', 'confidence': 0.85, 'source': 'presidio', 'start': 169, 'end': 175}, {'type': 'PERSON', 'value': 'Allison Chandler', 'confidence': 0.85, 'source': 'presidio', 'start': 281, 'end': 297}, {'type': 'DATE_TIME', 'value': '48 hours', 'confidence': 0.85, 'source': 'presidio', 'start': 412, 'end': 420}, {'type': 'NRP', 'value': 'French', 'confidence': 0.9, 'source': 'custom_regex', 'start': 74, 'end': 80}, {'type': 'NRP', 'value': 'French', 'confidence': 0.9, 'source': 'custom_regex', 'start': 169, 'end': 175}, {'type': 'NRP', 'value': 'French', 'confidence': 0.9, 'source': 'custom_regex', 'start': 352, 'end': 358}]","{""PERSON"": 0.9972, ""NRP"": 0.9848}","['DATE_TIME', 'NRP', 'PERSON']",[],"['PERSON', 'NRP', 'DATE_TIME']",False,True,False,low_cost_llm,potential_pii_evidence,True,0.9998599886894226,confident_pii,False,True,True,0.046975,46.9747,0.925,0.925,yes,no,no,no,no,no,no,yes,no,no,no,no,True,20260909_112646,sweep1_ambiguous_bert,local,bert,distilbert-base-multilingual-cased-v1,not_applicable,local_model,bert_prefilter,gdpr_pii_detection
SYN-CUSTOMER_SUPPORT-0076,synthetic_customer_support_0076.txt,support_ticket,customer_support,en,synthetic_generation,,,synthetic,2026-08-28,2026-08-28,2026-08-28,0,"Customer Support

Ticket Id: REF-2746492
Subject: Assistance Required for Billing Inquiry
Customer: Business Client
Contact: Service Team
Description: Dear Service Team, I am reaching out regarding a billing issue that we have encountered with our latest invoice. We believe there may have been an error in the charges applied. The ticket ID for this inquiry is REF-2746492. I would appreciate your prompt assistance in resolving this matter as it is affecting our account management.
Agent: Service Desk
Status: Closed
Resolution: The billing issue has been reviewed and confirmed to be an error in the invoice calculations. A corrected invoice has been issued to the Business Client, and a follow-up has been scheduled to ensure that all charges are accurate moving forward. The ticket is now marked as closed.",no,no,no,no,no,no,no,no,no,no,no,no,no,,NONE,0,0,easy,no,none,no,test,yes,openrouter_gpt4o_mini_field,field_llm_v1,no,,,v2,Synthetic document generated for controlled PII training data.,"[{'type': 'NRP', 'value': 'REF-2746492', 'confidence': 0.85, 'source': 'presidio', 'start': 29, 'end': 40}]",{},['NRP'],[],['NRP'],False,True,False,low_cost_llm,potential_pii_evidence,True,0.00020500000391621143,confident_non_pii,False,True,True,0.046975,46.9747,0.925,0.925,no,no,no,no,no,no,no,no,no,no,no,no,False,20260909_112646,sweep1_ambiguous_bert,local,bert,distilbert-base-multilingual-cased-v1,not_applicable,local_model,bert_prefilter,gdpr_pii_detection
SYN-CUSTOMER_SUPPORT-0107,synthetic_customer_support_0107.txt,support_ticket,customer_support,en,synthetic_generation,,,synthetic,2026-08-28,2026-08-28,2026-08-28,0,"Customer Support

Ticket Id: REF-6090345
Subject: Assistance Needed with French Language Support
Customer: Customer Organization
Contact: Department Contact
Description: French
Agent: Elizabeth Chaney
Status: Completed
Resolution: We have successfully addressed your concerns regarding the French language support. If you require further assistance, please feel free to reach out to Elizabeth Chaney.",yes,yes,no,no,no,no,no,no,yes,no,no,no,no,PERSON; NRP,MULTIPLE,2,2,easy,no,none,no,test,yes,openrouter_gpt4o_mini_field,field_llm_v1,no,,,v2,Synthetic document generated for controlled PII training data.,"[{'type': 'NRP', 'value': 'French', 'confidence': 0.85, 'source': 'presidio', 'start': 170, 'end': 176}, {'type': 'PERSON', 'value': 'Elizabeth Chaney', 'confidence': 0.85, 'source': 'presidio', 'start': 184, 'end': 200}, {'type': 'PERSON', 'value': 'Elizabeth Chaney', 'confidence': 0.85, 'source': 'presidio', 'start': 383, 'end': 399}, {'type': 'NRP', 'value': 'French', 'confidence': 0.9, 'source': 'custom_regex', 'start': 73, 'end': 79}, {'type': 'NRP', 'value': 'French', 'confidence': 0.9, 'source': 'custom_regex', 'start': 170, 'end': 176}, {'type': 'NRP', 'value': 'French', 'confidence': 0.9, 'source': 'custom_regex', 'start': 290, 'end': 296}]","{""PERSON"": 0.9965, ""NRP"": 0.9858}","['NRP', 'PERSON']",[],"['NRP', 'PERSON']",False,True,False,low_cost_llm,potential_pii_evidence,True,0.9998390078544617,confident_pii,False,True,True,0.046975,46.9747,0.925,0.925,yes,no,no,no,no,no,no,yes,no,no,no,no,True,20260909_112646,sweep1_ambiguous_bert,local,bert,distilbert-base-multilingual-cased-v1,not_applicable,local_model,bert_prefilter,gdpr_pii_detection
SYN-CUSTOMER_SUPPORT-0138,synthetic_customer_support_0138.txt,support_ticket,customer_support,en,synthetic_generation,,,synthetic,2026-08-28,2026-08-28,2026-08-28,0,"Customer Support

Ticket Id: REF-7639466
Subject: Assistance Required for Software Installation Issue
Customer: Corporate Customer
Contact: Central Contact Point
Description: Dear Service Desk Team, I am reaching out regarding a software installation issue we are experiencing. The installation process for the new application is failing with an error code that we cannot resolve. We would appreciate your guidance on how to proceed with this matter. Thank you for your support.
Agent: Service Desk
Status: Completed
Resolution: The issue was resolved by providing the customer with a step-by-step guide on how to perform the software installation correctly. The customer confirmed that the installation was successful following the instructions provided.",no,no,no,no,no,no,no,no,no,no,no,no,no,,NONE,0,0,easy,no,none,no,train,yes,openrouter_gpt4o_mini_field,field_llm_v1,no,,,v2,Synthetic document generated for controlled PII training data.,"[{'type': 'NRP', 'value': 'REF-7639466', 'confidence': 0.85, 'source': 'presidio', 'start': 29, 'end': 40}]",{},['NRP'],[],['NRP'],False,True,False,low_cost_llm,potential_pii_evidence,True,0.00020500000391621143,confident_non_pii,False,True,True,0.046975,46.9747,0.925,0.925,no,no,no,no,no,no,no,no,no,no,no,no,False,20260909_112646,sweep1_ambiguous_bert,local,bert,distilbert-base-multilingual-cased-v1,not_applicable,local_model,bert_prefilter,gdpr_pii_detection
SYN-CUSTOMER_SUPPORT-0195,synthetic_customer_support_0195.txt,support_ticket,customer_support,de,synthetic_generation,,,synthetic,2026-08-28,2026-08-28,2026-08-28,0,"Kundensupport

Ticketnummer: REF-4812245
Betreff: Dringende Eskalation: Unterstützung bei dänisch
Kunde: Univ.Prof. Manuel Mühle B.A.
Kontakt: Serviceteam
Beschreibung: dänisch
Bearbeiter: Kundensupport-Team
Status: In Progress
Lösung: Das Kundensupport-Team hat die Angelegenheit priorisiert und arbeitet an einer Lösung. Ein Follow-up-Termin wurde für den 15. November 2023 angesetzt, um die Fortschritte zu überprüfen. Es wurde festgestellt, dass zusätzliche Ressourcen benötigt werden, um die Anliegen von Univ.Prof. Manuel Mühle B.A. effizient zu bearbeiten.",yes,yes,no,no,no,no,no,no,yes,no,no,no,no,PERSON; NRP,MULTIPLE,2,2,easy,no,none,no,test,yes,openrouter_gpt4o_mini_field,field_llm_v1,no,,,v2,Synthetic document generated for controlled PII training data.,"[{'type': 'PERSON', 'value': 'Manuel Mühle', 'confidence': 0.85, 'source': 'presidio', 'start': 116, 'end': 128}, {'type': 'PERSON', 'value': 'Manuel Mühle', 'confidence': 0.85, 'source': 'presidio', 'start': 521, 'end': 533}, {'type': 'URL', 'value': 'Univ.Pro', 'confidence': 0.5, 'source': 'presidio', 'start': 105, 'end': 113}, {'type': 'URL', 'value': 'Univ.Pro', 'confidence': 0.5, 'source': 'presidio', 'start': 510, 'end': 518}, {'type': 'NRP', 'value': 'dänisch', 'confidence': 0.9, 'source': 'custom_regex', 'start': 90, 'end': 97}, {'type': 'NRP', 'value': 'dänisch', 'confidence': 0.9, 'source': 'custom_regex', 'start': 169, 'end': 176}]","{""PERSON"": 0.9981, ""DATE_TIME"": 0.9295}","['NRP', 'PERSON', 'URL']",[],"['PERSON', 'URL', 'NRP']",False,True,False,low_cost_llm,potential_pii_evidence,True,0.999891996383667,confident_pii,False,True,True,0.046975,46.9747,0.925,0.925,yes,no,no,no,no,no,no,no,yes,no,no,no,True,20260909_112646,sweep1_ambiguous_bert,local,bert,distilbert-base-multilingual-cased-v1,not_applicable,local_model,bert_prefilter,gdpr_pii_detection
SYN-CUSTOMER_SUPPORT-0203,synthetic_customer_support_0203.txt,support_ticket,customer_support,de,synthetic_generation,,,synthetic,2026-08-28,2026-08-28,2026-08-28,0,"Kundensupport

Ticketnummer: REF-4021903
Betreff: Anfrage zu Produktverfügbarkeit
Kunde: Ing. Otmar Adolph
Kontakt: Abteilungskontakt
Beschreibung: Sehr geehrtes Kundensupport-Team, ich, Ing. Otmar Adolph, möchte Informationen zur Verfügbarkeit eines bestimmten Produkts erhalten. Könnten Sie mir bitte mitteilen, ob das Produkt derzeit auf Lager ist und wann ich mit einer Lieferung rechnen kann? Vielen Dank im Voraus für Ihre Unterstützung.
Bearbeiter: Kundensupport-Team
Status: Completed
Lösung: Der Kunde, Ing. Otmar Adolph, wurde informiert, dass das angefragte Produkt derzeit verfügbar ist und innerhalb von 3-5 Werktagen geliefert werden kann. Der Versandstatus wird dem Kunden per E-Mail mitgeteilt.",yes,yes,no,no,no,no,no,no,no,no,no,no,no,PERSON,PERSON,1,1,easy,no,none,no,validation,yes,openrouter_gpt4o_mini_field,field_llm_v1,no,,,v2,Synthetic document generated for controlled PII training data.,"[{'type': 'PERSON', 'value': 'Otmar Adolph', 'confidence': 0.85, 'source': 'presidio', 'start': 94, 'end': 106}, {'type': 'PERSON', 'value': 'Otmar Adolph', 'confidence': 0.85, 'source': 'presidio', 'start': 192, 'end': 204}, {'type': 'PERSON', 'value': 'Otmar Adolph', 'confidence': 0.85, 'source': 'presidio', 'start': 517, 'end': 529}]","{""PERSON"": 0.9984}",['PERSON'],[],['PERSON'],False,True,False,low_cost_llm,potential_pii_evidence,True,0.9999279975891113,confident_pii,False,True,True,0.046975,46.9747,0.925,0.925,yes,no,no,no,no,no,no,no,no,no,no,no,True,20260909_112646,sweep1_ambiguous_bert,local,bert,distilbert-base-multilingual-cased-v1,not_applicable,local_model,bert_prefilter,gdpr_pii_detection
SYN-CUSTOMER_SUPPORT-0220,synthetic_customer_support_0220.txt,support_ticket,customer_support,de,synthetic_generation,,,synthetic,2026-08-28,2026-08-28,2026-08-28,0,"Kundensupport

Ticketnummer: REF-7711944
Betreff: Anfrage zur portugiesischsprachigen Unterstützung
Kunde: Viola Bolander-Dobes
Kontakt: Serviceteam
Beschreibung: portugiesisch
Bearbeiter: Support-Fachbereich
Status: Closed
Lösung: Wir haben Ihre Anfrage bezüglich der Unterstützung in portugiesisch erfolgreich bearbeitet. Bitte zögern Sie nicht, sich bei weiteren Fragen an unser Serviceteam zu wenden.",yes,yes,no,no,no,no,no,no,yes,no,no,no,no,PERSON; NRP,MULTIPLE,2,2,easy,no,none,no,test,yes,openrouter_gpt4o_mini_field,field_llm_v1,no,,,v2,Synthetic document generated for controlled PII training data.,"[{'type': 'PERSON', 'value': 'Viola Bolander-Dobes', 'confidence': 0.85, 'source': 'presidio', 'start': 107, 'end': 127}, {'type': 'LOCATION', 'value': 'Support-Fachbereich', 'confidence': 0.85, 'source': 'presidio', 'start': 189, 'end': 208}, {'type': 'NRP', 'value': 'portugiesisch', 'confidence': 0.9, 'source': 'custom_regex', 'start': 163, 'end': 176}, {'type': 'NRP', 'value': 'portugiesisch', 'confidence': 0.9, 'source': 'custom_regex', 'start': 286, 'end': 299}]","{""PERSON"": 0.9981, ""NRP"": 0.9769}","['LOCATION', 'NRP', 'PERSON']",[],"['PERSON', 'LOCATION', 'NRP']",False,True,False,low_cost_llm,potential_pii_evidence,True,0.9998909831047058,confident_pii,False,True,True,0.046975,46.9747,0.925,0.925,yes,no,no,no,no,no,no,yes,no,no,no,no,True,20260909_112646,sweep1_ambiguous_bert,local,bert,distilbert-base-multilingual-cased-v1,not_applicable,local_model,bert_prefilter,gdpr_pii_detection
SYN-CUSTOMER_SUPPORT-0223,synthetic_customer_support_0223.txt,support_ticket,customer_support,en,synthetic_generation,,,synthetic,2026-08-28,2026-08-28,2026-08-28,0,"Customer Support

Ticket Id: REF-9023363
Subject: Escalation Required for Michael Clark's Support Ticket REF-9023363
Customer: Michael Clark
Contact: Central Contact Point
Description: The customer, Michael Clark, has reported an ongoing issue that requires immediate attention. The support ticket has been open for over three days, and despite several attempts to resolve the matter, the problem persists. The impact on Michael's operations is significant, as it affects his ability to utilize our services effectively. Given the urgency and the potential risk of customer dissatisfaction, this case necessitates escalation to a senior support specialist for a comprehensive investigation.
Agent: Customer Support Team
Status: In Progress
Resolution: Next steps involve assigning the case to a senior support specialist who will conduct a thorough review of the issue reported by Michael Clark. We will ensure that all relevant details from the ticket REF-9023363 are communicated to facilitate a swift resolution. Additionally, we will follow up with Michael within 24 hours to provide an update and assure him that his concerns are being prioritized.",yes,yes,no,no,no,no,no,no,no,no,no,no,no,PERSON,PERSON,1,1,easy,no,none,no,train,yes,openrouter_gpt4o_mini_field,field_llm_v1,no,,,v2,Synthetic document generated for controlled PII training data.,"[{'type': 'PERSON', 'value': ""Michael Clark's"", 'confidence': 0.85, 'source': 'presidio', 'start': 74, 'end': 89}, {'type': 'PERSON', 'value': 'Michael Clark\nContact', 'confidence': 0.85, 'source': 'presidio', 'start': 127, 'end': 148}, {'type': 'PERSON', 'value': 'Michael Clark', 'confidence': 0.85, 'source': 'presidio', 'start': 199, 'end': 212}, {'type': 'DATE_TIME', 'value': 'over three days', 'confidence': 0.85, 'source': 'presidio', 'start': 316, 'end': 331}, {'type': 'PERSON', 'value': 'Michael Clark', 'confidence': 0.85, 'source': 'presidio', 'start': 881, 'end': 894}, {'type': 'DATE_TIME', 'value': '24 hours', 'confidence': 0.85, 'source': 'presidio', 'start': 1068, 'end': 1076}]","{""PERSON"": 0.9969}","['DATE_TIME', 'PERSON']",[],"['PERSON', 'DATE_TIME']",False,True,False,low_cost_llm,potential_pii_evidence,True,0.9998559951782227,confident_pii,False,True,True,0.046975,46.9747,0.925,0.925,yes,no,no,no,no,no,no,no,no,no,no,no,True,20260909_112646,sweep1_ambiguous_bert,local,bert,distilbert-base-multilingual-cased-v1,not_applicable,local_model,bert_prefilter,gdpr_pii_detection
SYN-CUSTOMER_SUPPORT-0234,synthetic_customer_support_0234.txt,support_ticket,customer_support,en,synthetic_generation,,,synthetic,2026-08-28,2026-08-28,2026-08-28,0,"Customer Support

Ticket Id: REF-7262239
Subject: Urgent Assistance Required for Service Outage
Customer: Corporate Customer
Contact: Service Team
Description: We are experiencing a service outage that is affecting our operations. Several users are unable to access critical features of the platform, which is disrupting our workflow. We need immediate assistance from the Customer Support Team to resolve this issue as soon as possible.
Agent: Customer Support Team
Status: In Progress
Resolution: The Customer Support Team has identified the root cause of the service outage and is currently implementing a fix. We expect the system to be restored within the next hour. Updates will be provided as we progress.",no,no,no,no,no,no,no,no,no,no,no,no,no,,NONE,0,0,easy,no,none,no,train,yes,openrouter_gpt4o_mini_field,field_llm_v1,no,,,v2,Synthetic document generated for controlled PII training data.,"[{'type': 'PERSON', 'value': 'REF-7262239\nSubject: Urgent Assistance Required for Service Outage', 'confidence': 0.85, 'source': 'presidio', 'start': 29, 'end': 95}]",{},['PERSON'],[],['PERSON'],False,True,False,low_cost_llm,potential_pii_evidence,True,0.00020900000527035445,confident_non_pii,False,True,True,0.046975,46.9747,0.925,0.925,no,no,no,no,no,no,no,no,no,no,no,no,False,20260909_112646,sweep1_ambiguous_bert,local,bert,distilbert-base-multilingual-cased-v1,not_applicable,local_model,bert_prefilter,gdpr_pii_detection
SYN-CUSTOMER_SUPPORT-0239,synthetic_customer_support_0239.txt,support_ticket,customer_support,en,synthetic_generation,,,synthetic,2026-08-28,2026-08-28,2026-08-28,0,"Customer Support

Ticket Id: REF-2545224
Subject: Escalation Required for Dutch Customer - REF-2545224
Customer: Daniel Dean
Contact: Department Contact
Description: Dutch
Agent: Support Specialist
Status: In Progress
Resolution: The issue regarding Daniel Dean has been escalated to the senior support team due to its complexity and impact on customer satisfaction. An investigation is currently underway to identify the root cause of the problem. The next steps include a detailed analysis of the support logs and direct communication with Daniel Dean to keep him updated on our progress and expected resolution timeline.",yes,yes,no,no,no,no,no,no,yes,no,no,no,no,PERSON; NRP,MULTIPLE,2,2,easy,no,none,no,train,yes,openrouter_gpt4o_mini_field,field_llm_v1,no,,,v2,Synthetic document generated for controlled PII training data.,"[{'type': 'PERSON', 'value': 'Daniel Dean\nContact', 'confidence': 0.85, 'source': 'presidio', 'start': 113, 'end': 132}, {'type': 'NRP', 'value': 'Dutch', 'confidence': 0.85, 'source': 'presidio', 'start': 166, 'end': 171}, {'type': 'PERSON', 'value': 'Daniel Dean', 'confidence': 0.85, 'source': 'presidio', 'start': 250, 'end': 261}, {'type': 'PERSON', 'value': 'Daniel Dean', 'confidence': 0.85, 'source': 'presidio', 'start': 542, 'end': 553}, {'type': 'NRP', 'value': 'Dutch', 'confidence': 0.9, 'source': 'custom_regex', 'start': 74, 'end': 79}, {'type': 'NRP', 'value': 'Dutch', 'confidence': 0.9, 'source': 'custom_regex', 'start': 166, 'end': 171}]","{""PERSON"": 0.9973, ""NRP"": 0.9872}","['NRP', 'PERSON']",[],"['PERSON', 'NRP']",False,True,False,low_cost_llm,potential_pii_evidence,True,0.9998639822006226,confident_pii,False,True,True,0.046975,46.9747,0.925,0.925,yes,no,no,no,no,no,no,yes,no,no,no,no,True,20260909_112646,sweep1_ambiguous_bert,local,bert,distilbert-base-multilingual-cased-v1,not_applicable,local_model,bert_prefilter,gdpr_pii_detection
SYN-CUSTOMER_SUPPORT-0247,synthetic_customer_support_0247.txt,support_ticket,customer_support,de,synthetic_generation,,,synthetic,2026-08-28,2026-08-28,2026-08-28,0,"Kundensupport

Ticketnummer: REF-8914912
Betreff: Anfrage zu österreichischsprachiger Unterstützung
Kunde: Ing. Hildegunde Nette MBA.
Kontakt: Serviceteam
Beschreibung: österreichisch
Bearbeiter: Service Desk
Status: In Progress
Lösung: Vielen Dank für Ihre Anfrage, Frau Ing. Hildegunde Nette MBA. Wir haben Ihr Anliegen zur österreichischen Unterstützung erhalten und arbeiten daran, Ihnen so schnell wie möglich zu helfen. Unser Serviceteam wird sich in Kürze mit weiteren Informationen bei Ihnen melden.",yes,yes,no,no,no,no,no,no,yes,no,no,no,no,PERSON; NRP,MULTIPLE,2,2,easy,no,none,no,test,yes,openrouter_gpt4o_mini_field,field_llm_v1,no,,,v2,Synthetic document generated for controlled PII training data.,"[{'type': 'NRP', 'value': 'österreichisch', 'confidence': 0.9, 'source': 'custom_regex', 'start': 169, 'end': 183}]","{""PERSON"": 0.999}",['NRP'],[],['NRP'],False,True,True,low_cost_llm,potential_pii_evidence,True,0.9999529719352722,confident_pii,False,True,True,0.046975,46.9747,0.925,0.925,yes,no,no,no,no,no,no,no,no,no,no,no,True,20260909_112646,sweep1_ambiguous_bert,local,bert,distilbert-base-multilingual-cased-v1,not_applicable,local_model,bert_prefilter,gdpr_pii_detection
SYN-CUSTOMER_SUPPORT-0248,synthetic_customer_support_0248.txt,support_ticket,customer_support,en,synthetic_generation,,,synthetic,2026-08-28,2026-08-28,2026-08-28,0,"Customer Support

Ticket Id: REF-7979020
Subject: Request for Assistance with Account Access
Customer: Gregory Banks
Contact: Central Contact Point
Description: Customer Gregory Banks has reported difficulties accessing his account on the customer support portal. He mentioned that he has tried resetting his password multiple times but has not received the reset email. Gregory is looking for immediate assistance to regain access to his account as he needs to review important support tickets.
Agent: Customer Support Team
Status: Pending
Resolution: In response to Gregory Banks's issue, the Customer Support Team will verify the email address associated with his account and ensure that the password reset email is sent. Additionally, we will provide step-by-step instructions to help him successfully reset his password and access his account.",yes,yes,no,no,no,no,no,no,no,no,no,no,no,PERSON,PERSON,1,1,easy,no,none,no,train,yes,openrouter_gpt4o_mini_field,field_llm_v1,no,,,v2,Synthetic document generated for controlled PII training data.,"[{'type': 'PERSON', 'value': 'Gregory Banks\n', 'confidence': 0.85, 'source': 'presidio', 'start': 103, 'end': 117}, {'type': 'PERSON', 'value': ""Gregory Banks's"", 'confidence': 0.85, 'source': 'presidio', 'start': 568, 'end': 583}]","{""PERSON"": 0.998}",['PERSON'],[],['PERSON'],False,True,True,low_cost_llm,potential_pii_evidence,True,0.999888002872467,confident_pii,False,True,True,0.046975,46.9747,0.925,0.925,yes,no,no,no,no,no,no,no,no,no,no,no,True,20260909_112646,sweep1_ambiguous_bert,local,bert,distilbert-base-multilingual-cased-v1,not_applicable,local_model,bert_prefilter,gdpr_pii_detection
SYN-EMPLOYEE_RECORD-0006,synthetic_employee_record_0006.txt,hr_record,employee_record,en,synthetic_generation,,,synthetic,2026-08-28,2026-08-28,2026-08-28,0,"Employee Record

Employee: Brian Cunningham
Department: Administration
Role: Administrator
Employee Id: REF-1383222
Manager: Team Lead
Start Date: 2024-11-17
Address: Business address not provided
Nationality: Nationality not provided
Contact: Department Contact
Notes: Brian Cunningham has demonstrated strong organizational skills in his role as an Administrator. He is adept at managing departmental tasks and supporting the Team Lead effectively. Further training may enhance his capabilities in project management.
License Number: REF-5326515
Identification Number: REF-9330494",yes,yes,no,no,no,no,no,no,no,no,no,no,no,PERSON,PERSON,1,1,easy,no,none,no,test,yes,openrouter_gpt4o_mini_field,field_llm_v1,no,,,v2,Synthetic document generated for controlled PII training data.,"[{'type': 'DATE_TIME', 'value': '2024-11-17', 'confidence': 0.95, 'source': 'presidio', 'start': 147, 'end': 157}, {'type': 'PERSON', 'value': 'Brian Cunningham\nDepartment', 'confidence': 0.85, 'source': 'presidio', 'start': 27, 'end': 54}, {'type': 'PERSON', 'value': 'Brian Cunningham', 'confidence': 0.85, 'source': 'presidio', 'start': 270, 'end': 286}]","{""PERSON"": 0.9985}","['DATE_TIME', 'PERSON']",[],"['DATE_TIME', 'PERSON']",False,True,True,low_cost_llm,potential_pii_evidence,True,0.9999250173568726,confident_pii,False,True,True,0.046975,46.9747,0.925,0.925,yes,no,no,no,no,no,no,no,no,no,no,no,True,20260909_112646,sweep1_ambiguous_bert,local,bert,distilbert-base-multilingual-cased-v1,not_applicable,local_model,bert_prefilter,gdpr_pii_detection
SYN-EMPLOYEE_RECORD-0027,synthetic_employee_record_0027.txt,hr_record,employee_record,en,synthetic_generation,,,synthetic,2026-08-28,2026-08-28,2026-08-28,0,"Employee Record

Employee: Sherry Lane
Department: Operations
Role: Manager
Employee Id: REF-1649446
Manager: Responsible Manager
Start Date: 2026-08-30
Address: Registered office information pending
Nationality: Nationality not provided
Contact: Service Team
Notes: Sherry Lane has been a valuable asset to the Operations department since her start date on August 30, 2026. As a Manager, she has demonstrated exceptional leadership skills and a strong commitment to team development. Her ability to streamline processes has significantly improved operational efficiency. We look forward to her continued contributions and leadership in upcoming projects.
License Number: REF-9317344
Identification Number: REF-8870314",yes,yes,no,no,no,no,no,no,no,no,no,no,no,PERSON,PERSON,1,1,easy,no,none,no,train,yes,openrouter_gpt4o_mini_field,field_llm_v1,no,,,v2,Synthetic document generated for controlled PII training data.,"[{'type': 'DATE_TIME', 'value': '2026-08-30', 'confidence': 0.95, 'source': 'presidio', 'start': 142, 'end': 152}, {'type': 'PERSON', 'value': 'Sherry Lane', 'confidence': 0.85, 'source': 'presidio', 'start': 27, 'end': 38}, {'type': 'PERSON', 'value': 'Sherry Lane', 'confidence': 0.85, 'source': 'presidio', 'start': 267, 'end': 278}, {'type': 'DATE_TIME', 'value': 'August 30, 2026', 'confidence': 0.85, 'source': 'presidio', 'start': 358, 'end': 373}]","{""PERSON"": 0.9982, ""DATE_TIME"": 0.9355}","['DATE_TIME', 'PERSON']",[],"['DATE_TIME', 'PERSON']",False,True,True,low_cost_llm,potential_pii_evidence,True,0.9998660087585449,confident_pii,False,True,True,0.046975,46.9747,0.925,0.925,yes,no,no,no,no,no,no,no,yes,no,no,no,True,20260909_112646,sweep1_ambiguous_bert,local,bert,distilbert-base-multilingual-cased-v1,not_applicable,local_model,bert_prefilter,gdpr_pii_detection
SYN-EMPLOYEE_RECORD-0033,synthetic_employee_record_0033.txt,hr_record,employee_record,en,synthetic_generation,,,synthetic,2026-08-28,2026-08-28,2026-08-28,0,"Employee Record

Employee: Brian Dyer
Department: Finance
Role: Manager
Employee Id: REF-5387466
Manager: Team Lead
Start Date: 2026-01-23
Address: Registered office information pending
Nationality: Nationality information unavailable
Contact: Department Contact
Notes: Brian Dyer has consistently demonstrated strong leadership within the Finance department. His management style fosters collaboration and innovation among team members. Regular performance reviews indicate high team satisfaction and productivity under his guidance. Future objectives include enhancing financial reporting processes and developing team skills further.
License Number: REF-1298983
Identification Number: REF-3011439",yes,yes,no,no,no,no,no,no,no,no,no,no,no,PERSON,PERSON,1,1,easy,no,none,no,validation,yes,openrouter_gpt4o_mini_field,field_llm_v1,no,,,v2,Synthetic document generated for controlled PII training data.,"[{'type': 'DATE_TIME', 'value': '2026-01-23', 'confidence': 0.95, 'source': 'presidio', 'start': 128, 'end': 138}, {'type': 'PERSON', 'value': 'Brian Dyer\nDepartment', 'confidence': 0.85, 'source': 'presidio', 'start': 27, 'end': 48}, {'type': 'PERSON', 'value': 'Brian Dyer', 'confidence': 0.85, 'source': 'presidio', 'start': 270, 'end': 280}]","{""PERSON"": 0.9984}","['DATE_TIME', 'PERSON']",[],"['DATE_TIME', 'PERSON']",False,True,True,low_cost_llm,potential_pii_evidence,True,0.999904990196228,confident_pii,False,True,True,0.046975,46.9747,0.925,0.925,yes,no,no,no,no,no,no,no,no,no,no,no,True,20260909_112646,sweep1_ambiguous_bert,local,bert,distilbert-base-multilingual-cased-v1,not_applicable,local_model,bert_prefilter,gdpr_pii_detection
SYN-EMPLOYEE_RECORD-0040,synthetic_employee_record_0040.txt,hr_record,employee_record,en,synthetic_generation,,,synthetic,2026-08-28,2026-08-28,2026-08-28,0,"Employee Record

Employee: Department submission
Department: Operations
Role: Specialist
Employee Id: REF-1298983
Manager: Department Manager
Start Date: 2024-09-09
Address: Business address not provided
Nationality: Nationality information unavailable
Contact: Central Contact Point
Notes: Employee REF-1298983 has commenced their role as a Specialist in the Operations department on the start date of 2024-09-09. The Department Manager will oversee their integration into the team. Further information regarding the business address and nationality is currently unavailable. Please reach out to the Central Contact Point for any inquiries or follow-ups.
License Number: REF-6013261
Identification Number: REF-2268022",no,no,no,no,no,no,no,no,no,no,no,no,no,,NONE,0,0,easy,no,none,no,train,yes,openrouter_gpt4o_mini_field,field_llm_v1,no,,,v2,Synthetic document generated for controlled PII training data.,"[{'type': 'NRP', 'value': 'REF-2268022', 'confidence': 0.85, 'source': 'presidio', 'start': 707, 'end': 718}]",{},['NRP'],[],['NRP'],False,True,True,low_cost_llm,potential_pii_evidence,True,0.00020300000323913991,confident_non_pii,False,True,True,0.046975,46.9747,0.925,0.925,no,no,no,no,no,no,no,no,no,no,no,no,False,20260909_112646,sweep1_ambiguous_bert,local,bert,distilbert-base-multilingual-cased-v1,not_applicable,local_model,bert_prefilter,gdpr_pii_detection
SYN-EMPLOYEE_RECORD-0059,synthetic_employee_record_0059.txt,hr_record,employee_record,en,synthetic_generation,,,synthetic,2026-08-28,2026-08-28,2026-08-28,0,"Employee Record

Employee: Christopher King
Department: Administration
Role: Administrator
Employee Id: REF-7172226
Manager: Responsible Manager
Start Date: 2024-12-05
Address: Registered office information pending
Nationality: Nationality information unavailable
Contact: Service Team
Notes: Employee Christopher King is scheduled to start on 2024-12-05. All onboarding documents are to be prepared in advance to ensure a smooth transition into the Administration department. Further updates on the registered office information and nationality details are pending.
License Number: REF-4616256
Identification Number: REF-3917629",yes,yes,no,no,no,no,no,no,no,yes,no,no,no,PERSON; DATE_TIME,MULTIPLE,2,2,easy,no,none,no,train,yes,openrouter_gpt4o_mini_field,field_llm_v1,no,,,v2,Synthetic document generated for controlled PII training data.,"[{'type': 'DATE_TIME', 'value': '2024-12-05', 'confidence': 0.95, 'source': 'presidio', 'start': 157, 'end': 167}, {'type': 'PERSON', 'value': 'Christopher King\nDepartment', 'confidence': 0.85, 'source': 'presidio', 'start': 27, 'end': 54}, {'type': 'PERSON', 'value': 'Christopher King', 'confidence': 0.85, 'source': 'presidio', 'start': 302, 'end': 318}, {'type': 'DATE_TIME', 'value': '2024-12-05', 'confidence': 0.85, 'source': 'presidio', 'start': 344, 'end': 354}]","{""PERSON"": 0.998, ""DATE_TIME"": 0.9532}","['DATE_TIME', 'PERSON']",[],"['DATE_TIME', 'PERSON']",False,True,True,low_cost_llm,potential_pii_evidence,True,0.9998459815979004,confident_pii,False,True,True,0.046975,46.9747,0.925,0.925,yes,no,no,no,no,no,no,no,yes,no,no,no,True,20260909_112646,sweep1_ambiguous_bert,local,bert,distilbert-base-multilingual-cased-v1,not_applicable,local_model,bert_prefilter,gdpr_pii_detection
SYN-EMPLOYEE_RECORD-0063,synthetic_employee_record_0063.txt,hr_record,employee_record,en,synthetic_generation,,,synthetic,2026-08-28,2026-08-28,2026-08-28,0,"Employee Record

Employee: Internal submission
Department: Administration
Role: Manager
Employee Id: REF-7555739
Manager: Team Lead
Start Date: 2027-03-22
Address: Business address not provided
Nationality: Swedish
Contact: Central Contact Point
Notes: Julie Moss has consistently demonstrated strong leadership skills in her role as Manager. Her contributions to the Administration department have been significant, particularly in team coordination and project management. As a Swedish national, she brings a unique perspective to the team.
License Number: REF-5488018
Identification Number: REF-7590842",yes,yes,no,no,no,no,no,no,yes,no,no,no,no,PERSON; NRP,MULTIPLE,2,2,easy,no,none,no,validation,yes,openrouter_gpt4o_mini_field,field_llm_v1,no,,,v2,Synthetic document generated for controlled PII training data.,"[{'type': 'DATE_TIME', 'value': '2027-03-22', 'confidence': 0.95, 'source': 'presidio', 'start': 144, 'end': 154}, {'type': 'NRP', 'value': 'Swedish', 'confidence': 0.85, 'source': 'presidio', 'start': 207, 'end': 214}, {'type': 'PERSON', 'value': 'Julie Moss', 'confidence': 0.85, 'source': 'presidio', 'start': 253, 'end': 263}, {'type': 'NRP', 'value': 'Swedish', 'confidence': 0.85, 'source': 'presidio', 'start': 480, 'end': 487}, {'type': 'NRP', 'value': 'Swedish', 'confidence': 0.9, 'source': 'custom_regex', 'start': 207, 'end': 214}, {'type': 'NRP', 'value': 'Swedish', 'confidence': 0.9, 'source': 'custom_regex', 'start': 480, 'end': 487}]","{""PERSON"": 0.9943}","['DATE_TIME', 'NRP', 'PERSON']",[],"['DATE_TIME', 'NRP', 'PERSON']",False,True,True,low_cost_llm,potential_pii_evidence,True,0.999550998210907,confident_pii,False,True,True,0.046975,46.9747,0.925,0.925,yes,no,no,no,no,no,no,no,no,no,no,no,True,20260909_112646,sweep1_ambiguous_bert,local,bert,distilbert-base-multilingual-cased-v1,not_applicable,local_model,bert_prefilter,gdpr_pii_detection
SYN-EMPLOYEE_RECORD-0072,synthetic_employee_record_0072.txt,hr_record,employee_record,en,synthetic_generation,,,synthetic,2026-08-28,2026-08-28,2026-08-28,0,"Employee Record

Employee: Daniel Williams
Department: Administration
Role: Manager
Employee Id: REF-4770234
Manager: Responsible Manager
Start Date: 2025-09-03
Address: Unit 4879 Box 6487, DPO AA 36394
Nationality: Nationality not provided
Contact: Service Team
Notes: Daniel Williams has demonstrated exceptional leadership skills in his role as Manager within the Administration department. Since starting on September 3, 2025, he has effectively managed his team and contributed to the overall efficiency of departmental operations. His address is Unit 4879 Box 6487, DPO AA 36394, and he is known for maintaining an open line of communication with the Service Team to ensure that all employee concerns are addressed promptly. His license number is REF-5965528, and he possesses identification number REF-7576502, which are both current and valid. Overall, Daniel is a valuable asset to the organization.
License Number: REF-5965528
Identification Number: REF-7576502",yes,yes,no,no,yes,no,no,no,no,no,no,no,no,PERSON; LOCATION,MULTIPLE,2,2,easy,no,none,no,train,yes,openrouter_gpt4o_mini_field,field_llm_v1,no,,,v2,Synthetic document generated for controlled PII training data.,"[{'type': 'DATE_TIME', 'value': '2025-09-03', 'confidence': 0.95, 'source': 'presidio', 'start': 150, 'end': 160}, {'type': 'PERSON', 'value': 'Daniel Williams', 'confidence': 0.85, 'source': 'presidio', 'start': 27, 'end': 42}, {'type': 'PERSON', 'value': '4879 Box', 'confidence': 0.85, 'source': 'presidio', 'start': 175, 'end': 183}, {'type': 'DATE_TIME', 'value': '6487', 'confidence': 0.85, 'source': 'presidio', 'start': 184, 'end': 188}, {'type': 'PERSON', 'value': 'Daniel Williams', 'confidence': 0.85, 'source': 'presidio', 'start': 270, 'end': 285}, {'type': 'DATE_TIME', 'value': 'September 3, 2025', 'confidence': 0.85, 'source': 'presidio', 'start': 412, 'end': 429}]","{""PERSON"": 0.9825, ""LOCATION"": 0.9851}","['DATE_TIME', 'PERSON']",[],"['DATE_TIME', 'PERSON']",False,True,True,low_cost_llm,potential_pii_evidence,True,0.999118983745575,confident_pii,False,True,True,0.046975,46.9747,0.925,0.925,yes,no,no,yes,no,no,no,no,no,no,no,no,True,20260909_112646,sweep1_ambiguous_bert,local,bert,distilbert-base-multilingual-cased-v1,not_applicable,local_model,bert_prefilter,gdpr_pii_detection
SYN-EMPLOYEE_RECORD-0094,synthetic_employee_record_0094.txt,hr_record,employee_record,en,synthetic_generation,,,synthetic,2026-08-28,2026-08-28,2026-08-28,0,"Employee Record

Employee: Employee details not provided
Department: Finance
Role: Manager
Employee Id: REF-4240949
Manager: Responsible Manager
Start Date: 2026-08-01
Address: Business address not provided
Nationality: Nationality information unavailable
Contact: Department Contact
Notes: Employee REF-4240949 is a Manager in the Finance department, having started on 2026-08-01. The contact for this employee is listed as Department Contact. Additional personal and address information is not available.
License Number: REF-7932517
Identification Number: REF-7532227",no,no,no,no,no,no,no,no,no,no,no,no,no,,NONE,0,0,easy,no,none,no,train,yes,openrouter_gpt4o_mini_field,field_llm_v1,no,,,v2,Synthetic document generated for controlled PII training data.,"[{'type': 'NRP', 'value': 'REF-7532227', 'confidence': 0.85, 'source': 'presidio', 'start': 558, 'end': 569}]",{},['NRP'],[],['NRP'],False,True,True,low_cost_llm,potential_pii_evidence,True,0.0002099999983329326,confident_non_pii,False,True,True,0.046975,46.9747,0.925,0.925,no,no,no,no,no,no,no,no,no,no,no,no,False,20260909_112646,sweep1_ambiguous_bert,local,bert,distilbert-base-multilingual-cased-v1,not_applicable,local_model,bert_prefilter,gdpr_pii_detection
SYN-EMPLOYEE_RECORD-0097,synthetic_employee_record_0097.txt,hr_record,employee_record,de,synthetic_generation,,,synthetic,2026-08-28,2026-08-28,2026-08-28,0,"Mitarbeiterakte

Mitarbeiter: Ignatz Wende B.Eng.
Abteilung: Procurement
Rolle: Specialist
Mitarbeiternummer: REF-4401264
Vorgesetzter: Verantwortliche Führungskraft
Eintrittsdatum: 2024-12-17
Adresse: Angaben zum Geschäftssitz ausstehend
Nationalität: Angabe zur Nationalität nicht verfügbar
Kontakt: Zentrale Kontaktstelle
Notizen: Zusammenfassung der Beschäftigungsdetails für Ignatz Wende B.Eng. im Beschaffungswesen, angestrebter Starttermin: 2024-12-17. Aktuelles Datum: 2024-04-30.
Lizenznummer: REF-4447359
Ausweisnummer: REF-3574664",yes,yes,no,no,no,no,no,no,no,yes,no,no,no,PERSON; DATE_TIME,MULTIPLE,2,2,easy,no,none,no,train,yes,openrouter_gpt4o_mini_field,field_llm_v1,no,,,v2,Synthetic document generated for controlled PII training data.,"[{'type': 'PERSON', 'value': 'Ignatz Wende', 'confidence': 0.85, 'source': 'presidio', 'start': 30, 'end': 42}, {'type': 'DATE_TIME', 'value': '2024-12-17', 'confidence': 0.6, 'source': 'presidio', 'start': 182, 'end': 192}]","{""PERSON"": 0.9973, ""DATE_TIME"": 0.9721}","['DATE_TIME', 'PERSON']",[],"['PERSON', 'DATE_TIME']",False,True,True,low_cost_llm,potential_pii_evidence,True,0.999796986579895,confident_pii,False,True,True,0.046975,46.9747,0.925,0.925,yes,no,no,no,no,no,no,no,yes,no,no,no,True,20260909_112646,sweep1_ambiguous_bert,local,bert,distilbert-base-multilingual-cased-v1,not_applicable,local_model,bert_prefilter,gdpr_pii_detection
SYN-EMPLOYEE_RECORD-0103,synthetic_employee_record_0103.txt,hr_record,employee_record,en,synthetic_generation,,,synthetic,2026-08-28,2026-08-28,2026-08-28,0,"Employee Record

Employee: Internal submission
Department: Procurement
Role: Manager
Employee Id: REF-6668607
Manager: Department Manager
Start Date: 2027-03-30
Address: 765 Amanda Trail, New Jonathan, TX 27946
Nationality: Nationality information unavailable
Contact: Department Contact
Notes: Jamie Stokes has been an integral part of the Procurement department since joining on March 30, 2027. Currently serving as a Manager, they are responsible for overseeing key procurement activities and ensuring compliance with departmental standards. Located at 765 Amanda Trail, New Jonathan, TX 27946, Jamie is dedicated to driving efficiency and cost-effectiveness in procurement processes.
License Number: REF-5969163
Identification Number: REF-9598763",yes,yes,no,no,yes,no,no,no,no,no,no,no,no,PERSON; LOCATION,MULTIPLE,2,2,easy,no,none,no,validation,yes,openrouter_gpt4o_mini_field,field_llm_v1,no,,,v2,Synthetic document generated for controlled PII training data.,"[{'type': 'DATE_TIME', 'value': '2027-03-30', 'confidence': 0.95, 'source': 'presidio', 'start': 150, 'end': 160}, {'type': 'PERSON', 'value': 'Amanda Trail', 'confidence': 0.85, 'source': 'presidio', 'start': 174, 'end': 186}, {'type': 'LOCATION', 'value': 'New Jonathan', 'confidence': 0.85, 'source': 'presidio', 'start': 188, 'end': 200}, {'type': 'PERSON', 'value': 'Jamie Stokes', 'confidence': 0.85, 'source': 'presidio', 'start': 295, 'end': 307}, {'type': 'DATE_TIME', 'value': 'March 30, 2027', 'confidence': 0.85, 'source': 'presidio', 'start': 381, 'end': 395}, {'type': 'PERSON', 'value': 'Amanda Trail', 'confidence': 0.85, 'source': 'presidio', 'start': 560, 'end': 572}, {'type': 'LOCATION', 'value': 'New Jonathan', 'confidence': 0.85, 'source': 'presidio', 'start': 574, 'end': 586}]","{""PERSON"": 0.9836, ""LOCATION"": 0.9894, ""DATE_TIME"": 0.9531}","['DATE_TIME', 'LOCATION', 'PERSON']",[],"['DATE_TIME', 'PERSON', 'LOCATION']",False,True,True,low_cost_llm,potential_pii_evidence,True,0.9979289770126343,confident_pii,False,True,True,0.046975,46.9747,0.925,0.925,yes,no,no,yes,no,no,no,no,yes,no,no,no,True,20260909_112646,sweep1_ambiguous_bert,local,bert,distilbert-base-multilingual-cased-v1,not_applicable,local_model,bert_prefilter,gdpr_pii_detection
SYN-EMPLOYEE_RECORD-0104,synthetic_employee_record_0104.txt,hr_record,employee_record,en,synthetic_generation,,,synthetic,2026-08-28,2026-08-28,2026-08-28,0,"Employee Record

Employee: Department submission
Department: Procurement
Role: Coordinator
Employee Id: REF-4447359
Manager: Department Manager
Start Date: 2025-02-13
Address: Registered office information pending
Nationality: Nationality not provided
Contact: Department Contact
Notes: Employee REF-4447359, a Coordinator in the Procurement department, will commence work on 2025-02-13. Address details are currently pending, and nationality information is not provided. The employee will report to the Department Manager and can be reached through the Department Contact. License number REF-9598763 and identification number REF-1601204 have been assigned.
License Number: REF-9598763
Identification Number: REF-1601204",no,no,no,no,no,no,no,no,no,no,no,no,no,,NONE,0,0,easy,no,none,no,train,yes,openrouter_gpt4o_mini_field,field_llm_v1,no,,,v2,Synthetic document generated for controlled PII training data.,"[{'type': 'NRP', 'value': 'REF-1601204', 'confidence': 0.85, 'source': 'presidio', 'start': 627, 'end': 638}, {'type': 'NRP', 'value': 'REF-1601204', 'confidence': 0.85, 'source': 'presidio', 'start': 710, 'end': 721}]",{},['NRP'],[],['NRP'],False,True,True,low_cost_llm,potential_pii_evidence,True,0.00022499999613501132,confident_non_pii,False,True,True,0.046975,46.9747,0.925,0.925,no,no,no,no,no,no,no,no,no,no,no,no,False,20260909_112646,sweep1_ambiguous_bert,local,bert,distilbert-base-multilingual-cased-v1,not_applicable,local_model,bert_prefilter,gdpr_pii_detection
SYN-EMPLOYEE_RECORD-0105,synthetic_employee_record_0105.txt,hr_record,employee_record,en,synthetic_generation,,,synthetic,2026-08-28,2026-08-28,2026-08-28,0,"Employee Record

Employee: Internal submission
Department: IT
Role: Analyst
Employee Id: REF-3574664
Manager: Department Manager
Start Date: 2026-07-07
Address: Business address not provided
Nationality: Nationality not provided
Contact: Central Contact Point
Notes: This employee profile outlines the essential information for the Analyst position within the IT department. Employee ID REF-3574664 indicates a dedicated team member who started on July 7, 2026, under the guidance of the Department Manager. Please note that the business address is currently not provided, and nationality details are also unspecified. For any inquiries or further communication, please reach out through the Central Contact Point. The employee holds a valid license number, REF-1601204, and an identification number, REF-8338403, ensuring compliance with necessary operational protocols.
License Number: REF-1601204
Identification Number: REF-8338403",no,no,no,no,no,no,no,no,no,no,no,no,no,,NONE,0,0,easy,no,none,no,train,yes,openrouter_gpt4o_mini_field,field_llm_v1,no,,,v2,Synthetic document generated for controlled PII training data.,"[{'type': 'NRP', 'value': 'REF-1601204', 'confidence': 0.85, 'source': 'presidio', 'start': 758, 'end': 769}, {'type': 'NRP', 'value': 'REF-1601204', 'confidence': 0.85, 'source': 'presidio', 'start': 888, 'end': 899}]",{},['NRP'],[],['NRP'],False,True,True,low_cost_llm,potential_pii_evidence,True,0.00020500000391621143,confident_non_pii,False,True,True,0.046975,46.9747,0.925,0.925,no,no,no,no,no,no,no,no,no,no,no,no,False,20260909_112646,sweep1_ambiguous_bert,local,bert,distilbert-base-multilingual-cased-v1,not_applicable,local_model,bert_prefilter,gdpr_pii_detection
SYN-EMPLOYEE_RECORD-0107,synthetic_employee_record_0107.txt,hr_record,employee_record,en,synthetic_generation,,,synthetic,2026-08-28,2026-08-28,2026-08-28,0,"Employee Record

Employee: Employee details not provided
Department: Operations
Role: Analyst
Employee Id: REF-7870720
Manager: Beth Potter
Start Date: 2027-04-26
Address: Registered office information pending
Nationality: Nationality information unavailable
Contact: Department Contact
Notes: Employee is of Swiss nationality and reports directly to Beth Potter. Further details on personal identification are pending.
License Number: REF-7632471
Identification Number: REF-4151254",yes,yes,no,no,no,no,no,no,yes,no,no,no,no,PERSON; NRP,MULTIPLE,2,2,easy,no,none,no,train,yes,openrouter_gpt4o_mini_field,field_llm_v1,no,,,v2,Synthetic document generated for controlled PII training data.,"[{'type': 'DATE_TIME', 'value': '2027-04-26', 'confidence': 0.95, 'source': 'presidio', 'start': 152, 'end': 162}, {'type': 'PERSON', 'value': 'Beth Potter', 'confidence': 0.85, 'source': 'presidio', 'start': 128, 'end': 139}, {'type': 'NRP', 'value': 'Swiss', 'confidence': 0.85, 'source': 'presidio', 'start': 309, 'end': 314}, {'type': 'PERSON', 'value': 'Beth Potter', 'confidence': 0.85, 'source': 'presidio', 'start': 351, 'end': 362}, {'type': 'NRP', 'value': 'Swiss', 'confidence': 0.9, 'source': 'custom_regex', 'start': 309, 'end': 314}]","{""PERSON"": 0.9959, ""NRP"": 0.9813}","['DATE_TIME', 'NRP', 'PERSON']",[],"['DATE_TIME', 'PERSON', 'NRP']",False,True,True,low_cost_llm,potential_pii_evidence,True,0.9997339844703674,confident_pii,False,True,True,0.046975,46.9747,0.925,0.925,yes,no,no,no,no,no,no,yes,no,no,no,no,True,20260909_112646,sweep1_ambiguous_bert,local,bert,distilbert-base-multilingual-cased-v1,not_applicable,local_model,bert_prefilter,gdpr_pii_detection
SYN-EMPLOYEE_RECORD-0113,synthetic_employee_record_0113.txt,hr_record,employee_record,en,synthetic_generation,,,synthetic,2026-08-28,2026-08-28,2026-08-28,0,"Employee Record

Employee: Internal submission
Department: Administration
Role: Specialist
Employee Id: REF-8338403
Manager: Team Lead
Start Date: 2025-03-20
Address: Registered office information pending
Nationality: Danish
Contact: Department Contact
Notes: Elizabeth Navarro has demonstrated exceptional skills and dedication in her role as a Specialist within the Administration department. Her contributions since starting on March 20, 2025, have been invaluable. As a proud Danish national, Elizabeth brings a diverse perspective to our team. We are currently awaiting the finalization of her registered office information, but her proactive approach ensures that she remains a key asset to our operations.
License Number: REF-7096379
Identification Number: REF-3347119",yes,yes,no,no,no,no,no,no,yes,no,no,no,no,PERSON; NRP,MULTIPLE,2,2,easy,no,none,no,train,yes,openrouter_gpt4o_mini_field,field_llm_v1,no,,,v2,Synthetic document generated for controlled PII training data.,"[{'type': 'DATE_TIME', 'value': '2025-03-20', 'confidence': 0.95, 'source': 'presidio', 'start': 147, 'end': 157}, {'type': 'NRP', 'value': 'Danish', 'confidence': 0.85, 'source': 'presidio', 'start': 218, 'end': 224}, {'type': 'PERSON', 'value': 'Elizabeth Navarro', 'confidence': 0.85, 'source': 'presidio', 'start': 260, 'end': 277}, {'type': 'DATE_TIME', 'value': 'March 20, 2025', 'confidence': 0.85, 'source': 'presidio', 'start': 431, 'end': 445}, {'type': 'NRP', 'value': 'Danish', 'confidence': 0.85, 'source': 'presidio', 'start': 480, 'end': 486}, {'type': 'NRP', 'value': 'Danish', 'confidence': 0.9, 'source': 'custom_regex', 'start': 218, 'end': 224}, {'type': 'NRP', 'value': 'Danish', 'confidence': 0.9, 'source': 'custom_regex', 'start': 480, 'end': 486}]","{""PERSON"": 0.9955, ""NRP"": 0.9881}","['DATE_TIME', 'NRP', 'PERSON']",[],"['DATE_TIME', 'NRP', 'PERSON']",False,True,True,low_cost_llm,potential_pii_evidence,True,0.9997760057449341,confident_pii,False,True,True,0.046975,46.9747,0.925,0.925,yes,no,no,no,no,no,no,yes,no,no,no,no,True,20260909_112646,sweep1_ambiguous_bert,local,bert,distilbert-base-multilingual-cased-v1,not_applicable,local_model,bert_prefilter,gdpr_pii_detection
SYN-EMPLOYEE_RECORD-0129,synthetic_employee_record_0129.txt,hr_record,employee_record,de,synthetic_generation,,,synthetic,2026-08-28,2026-08-28,2026-08-28,0,"Mitarbeiterakte

Mitarbeiter: Interne Einreichung
Abteilung: IT
Rolle: Specialist
Mitarbeiternummer: REF-5000447
Vorgesetzter: Teamleitung
Eintrittsdatum: 2025-10-04
Adresse: Geschäftsadresse nicht angegeben
Nationalität: Nationalität nicht angegeben
Kontakt: Zentrale Kontaktstelle
Notizen: Frau Chantal Mende MBA.; 2024-10-26
Lizenznummer: REF-6218860
Ausweisnummer: REF-5154964",yes,yes,no,no,no,no,no,no,no,yes,no,no,no,PERSON; DATE_TIME,MULTIPLE,2,2,easy,no,none,no,validation,yes,faker_archetype_fallback,field_llm_v1_fallback,no,,,v2,Synthetic document generated for controlled PII training data.,"[{'type': 'PERSON', 'value': 'Chantal Mende', 'confidence': 0.85, 'source': 'presidio', 'start': 297, 'end': 310}, {'type': 'DATE_TIME', 'value': '2025-10-04', 'confidence': 0.6, 'source': 'presidio', 'start': 155, 'end': 165}, {'type': 'DATE_TIME', 'value': '2024-10-26', 'confidence': 0.6, 'source': 'presidio', 'start': 317, 'end': 327}]","{""PERSON"": 0.9982, ""DATE_TIME"": 0.9266}","['DATE_TIME', 'PERSON']",[],"['PERSON', 'DATE_TIME']",False,True,True,low_cost_llm,potential_pii_evidence,True,0.9999229907989502,confident_pii,False,True,True,0.046975,46.9747,0.925,0.925,yes,no,no,no,no,no,no,no,yes,no,no,no,True,20260909_112646,sweep1_ambiguous_bert,local,bert,distilbert-base-multilingual-cased-v1,not_applicable,local_model,bert_prefilter,gdpr_pii_detection
SYN-EMPLOYEE_RECORD-0145,synthetic_employee_record_0145.txt,hr_record,employee_record,de,synthetic_generation,,,synthetic,2026-08-28,2026-08-28,2026-08-28,0,"Mitarbeiterakte

Mitarbeiter: Abteilungseinreichung
Abteilung: IT
Rolle: Manager
Mitarbeiternummer: REF-2621818
Vorgesetzter: Abteilungsleitung
Eintrittsdatum: 2026-06-08
Adresse: Angaben zum Geschäftssitz ausstehend
Nationalität: Angabe zur Nationalität nicht verfügbar
Kontakt: Serviceteam
Notizen: Prof. Hella Roskoth hat sich in ihrer Rolle als Managerin in der Abteilung IT durch außergewöhnliche Führungsqualitäten ausgezeichnet. Ihre Expertise in der Technologiebranche und ihre Fähigkeit, innovative Lösungen zu entwickeln, haben maßgeblich zur Verbesserung der Teamdynamik beigetragen. Sie ist bekannt für ihre offene Kommunikation und ihre Unterstützung der beruflichen Entwicklung ihrer Teammitglieder.
Lizenznummer: REF-4867295
Ausweisnummer: REF-6401532",yes,yes,no,no,no,no,no,no,no,no,no,no,no,PERSON,PERSON,1,1,easy,no,none,no,train,yes,openrouter_gpt4o_mini_field,field_llm_v1,no,,,v2,Synthetic document generated for controlled PII training data.,"[{'type': 'PERSON', 'value': 'Hella Roskoth', 'confidence': 0.85, 'source': 'presidio', 'start': 307, 'end': 320}, {'type': 'DATE_TIME', 'value': '2026-06-08', 'confidence': 0.6, 'source': 'presidio', 'start': 160, 'end': 170}]","{""PERSON"": 0.9975}","['DATE_TIME', 'PERSON']",[],"['PERSON', 'DATE_TIME']",False,True,True,low_cost_llm,potential_pii_evidence,True,0.9998859763145447,confident_pii,False,True,True,0.046975,46.9747,0.925,0.925,yes,no,no,no,no,no,no,no,no,no,no,no,True,20260909_112646,sweep1_ambiguous_bert,local,bert,distilbert-base-multilingual-cased-v1,not_applicable,local_model,bert_prefilter,gdpr_pii_detection
SYN-EMPLOYEE_RECORD-0149,synthetic_employee_record_0149.txt,hr_record,employee_record,en,synthetic_generation,,,synthetic,2026-08-28,2026-08-28,2026-08-28,0,"Employee Record

Employee: Employee details not provided
Department: Administration
Role: Administrator
Employee Id: REF-5984860
Manager: Team Lead
Start Date: 2027-03-22
Address: Business address not provided
Nationality: Nationality information unavailable
Contact: Service Team
Notes: Employee REF-5984860 holds the role of Administrator within the Administration department. The employee commenced their duties on 2027-03-22 and reports directly to the Team Lead. Due to the sensitive nature of the information, specific personal details such as the address, nationality, and detailed employee performance metrics remain unspecified at this time. It is essential to ensure that all communications are routed through the Service Team for efficient handling of any queries or issues that may arise. For identification purposes, the license number is REF-8589893 and the identification number is REF-8174028.
License Number: REF-8589893
Identification Number: REF-8174028",no,no,no,no,no,no,no,no,no,no,no,no,no,,NONE,0,0,easy,no,none,no,validation,yes,openrouter_gpt4o_mini_field,field_llm_v1,no,,,v2,Synthetic document generated for controlled PII training data.,"[{'type': 'NRP', 'value': 'REF-8174028', 'confidence': 0.85, 'source': 'presidio', 'start': 897, 'end': 908}, {'type': 'NRP', 'value': 'REF-8174028', 'confidence': 0.85, 'source': 'presidio', 'start': 961, 'end': 972}]",{},['NRP'],[],['NRP'],False,True,True,low_cost_llm,potential_pii_evidence,True,0.00021499999274965376,confident_non_pii,False,True,True,0.046975,46.9747,0.925,0.925,no,no,no,no,no,no,no,no,no,no,no,no,False,20260909_112646,sweep1_ambiguous_bert,local,bert,distilbert-base-multilingual-cased-v1,not_applicable,local_model,bert_prefilter,gdpr_pii_detection
SYN-EMPLOYEE_RECORD-0150,synthetic_employee_record_0150.txt,hr_record,employee_record,en,synthetic_generation,,,synthetic,2026-08-28,2026-08-28,2026-08-28,0,"Employee Record

Employee: Internal submission
Department: Administration
Role: Coordinator
Employee Id: REF-6759230
Manager: Responsible Manager
Start Date: 2025-05-06
Address: Registered office information pending
Nationality: Nationality information unavailable
Contact: Service Team
Notes: The employee is currently positioned in the Administration department as a Coordinator, starting on 2025-05-06. All necessary employment details are being processed, including the registered office information and nationality data, which are currently unavailable. The employee's identification number is REF-1303694 and the license number is REF-8174028. The contact for any inquiries is the Service Team.
License Number: REF-8174028
Identification Number: REF-1303694",no,no,no,no,no,no,no,no,no,no,no,no,no,,NONE,0,0,easy,no,none,no,train,yes,openrouter_gpt4o_mini_field,field_llm_v1,no,,,v2,Synthetic document generated for controlled PII training data.,"[{'type': 'NRP', 'value': 'REF-8174028', 'confidence': 0.85, 'source': 'presidio', 'start': 637, 'end': 648}]",{},['NRP'],[],['NRP'],False,True,True,low_cost_llm,potential_pii_evidence,True,0.00021899999410379678,confident_non_pii,False,True,True,0.046975,46.9747,0.925,0.925,no,no,no,no,no,no,no,no,no,no,no,no,False,20260909_112646,sweep1_ambiguous_bert,local,bert,distilbert-base-multilingual-cased-v1,not_applicable,local_model,bert_prefilter,gdpr_pii_detection
SYN-EMPLOYEE_RECORD-0157,synthetic_employee_record_0157.txt,hr_record,employee_record,de,synthetic_generation,,,synthetic,2026-08-28,2026-08-28,2026-08-28,0,"Mitarbeiterakte

Mitarbeiter: Ing. Anna-Luise Jockel
Abteilung: Procurement
Rolle: Manager
Mitarbeiternummer: REF-8174028
Vorgesetzter: Abteilungsleitung
Eintrittsdatum: 2026-03-17
Adresse: Angaben zum Geschäftssitz ausstehend
Nationalität: französisch
Kontakt: Serviceteam
Notizen: Ing. Anna-Luise Jockel ist seit dem 17. März 2026 als Managerin in der Abteilung Procurement tätig. Ihre Nationalität ist französisch und sie berichtet direkt an die Abteilungsleitung. Aktuell fehlen Angaben zum Geschäftssitz.
Lizenznummer: REF-5368684
Ausweisnummer: REF-3063119",yes,yes,no,no,no,no,no,no,yes,no,no,no,no,PERSON; NRP,MULTIPLE,2,2,easy,no,none,no,train,yes,openrouter_gpt4o_mini_field,field_llm_v1,no,,,v2,Synthetic document generated for controlled PII training data.,"[{'type': 'PERSON', 'value': 'Ing. Anna-Luise Jockel', 'confidence': 0.85, 'source': 'presidio', 'start': 30, 'end': 52}, {'type': 'PERSON', 'value': 'Ing. Anna-Luise Jockel', 'confidence': 0.85, 'source': 'presidio', 'start': 283, 'end': 305}, {'type': 'DATE_TIME', 'value': '2026-03-17', 'confidence': 0.6, 'source': 'presidio', 'start': 170, 'end': 180}, {'type': 'NRP', 'value': 'französisch', 'confidence': 0.9, 'source': 'custom_regex', 'start': 241, 'end': 252}, {'type': 'NRP', 'value': 'französisch', 'confidence': 0.9, 'source': 'custom_regex', 'start': 405, 'end': 416}]","{""PERSON"": 0.9963, ""NRP"": 0.9832}","['DATE_TIME', 'NRP', 'PERSON']",[],"['PERSON', 'DATE_TIME', 'NRP']",False,True,True,low_cost_llm,potential_pii_evidence,True,0.999800980091095,confident_pii,False,True,True,0.046975,46.9747,0.925,0.925,yes,no,no,no,no,no,no,yes,no,no,no,no,True,20260909_112646,sweep1_ambiguous_bert,local,bert,distilbert-base-multilingual-cased-v1,not_applicable,local_model,bert_prefilter,gdpr_pii_detection
SYN-EMPLOYEE_RECORD-0158,synthetic_employee_record_0158.txt,hr_record,employee_record,de,synthetic_generation,,,synthetic,2026-08-28,2026-08-28,2026-08-28,0,"Mitarbeiterakte

Mitarbeiter: Carola Wirth-Niemeier
Abteilung: Procurement
Rolle: Manager
Mitarbeiternummer: REF-1303694
Vorgesetzter: Verantwortliche Führungskraft
Eintrittsdatum: 2026-09-19
Adresse: Geschäftsadresse nicht angegeben
Nationalität: Angabe zur Nationalität nicht verfügbar
Kontakt: Zentrale Kontaktstelle
Notizen: Carola Wirth-Niemeier hat umfassende Erfahrung im Bereich Procurement und zeigt sich stets engagiert in der Optimierung von Beschaffungsprozessen. Ihre strategische Denkweise trägt zur Effizienzsteigerung im Team bei. Regelmäßige Schulungen und Weiterbildungsmaßnahmen werden empfohlen, um die neuesten Trends im Einkauf zu verfolgen.
Lizenznummer: REF-3063119
Ausweisnummer: REF-1637706",yes,yes,no,no,no,no,no,no,no,no,no,no,no,PERSON,PERSON,1,1,easy,no,none,no,train,yes,openrouter_gpt4o_mini_field,field_llm_v1,no,,,v2,Synthetic document generated for controlled PII training data.,"[{'type': 'PERSON', 'value': 'Carola Wirth-Niemeier', 'confidence': 0.85, 'source': 'presidio', 'start': 30, 'end': 51}, {'type': 'PERSON', 'value': 'Carola Wirth-Niemeier', 'confidence': 0.85, 'source': 'presidio', 'start': 329, 'end': 350}, {'type': 'DATE_TIME', 'value': '2026-09-19', 'confidence': 0.6, 'source': 'presidio', 'start': 181, 'end': 191}]","{""PERSON"": 0.9973}","['DATE_TIME', 'PERSON']",[],"['PERSON', 'DATE_TIME']",False,True,True,low_cost_llm,potential_pii_evidence,True,0.9998090267181396,confident_pii,False,True,True,0.046975,46.9747,0.925,0.925,yes,no,no,no,no,no,no,no,no,no,no,no,True,20260909_112646,sweep1_ambiguous_bert,local,bert,distilbert-base-multilingual-cased-v1,not_applicable,local_model,bert_prefilter,gdpr_pii_detection
SYN-EMPLOYEE_RECORD-0169,synthetic_employee_record_0169.txt,hr_record,employee_record,en,synthetic_generation,,,synthetic,2026-08-28,2026-08-28,2026-08-28,0,"Employee Record

Employee: Kevin Day
Department: Procurement
Role: Manager
Employee Id: REF-7102442
Manager: Responsible Manager
Start Date: 2026-02-25
Address: 268 Terrell Extensions Apt. 035, Brownfort, MO 74318
Nationality: Nationality information unavailable
Contact: Department Contact
Notes: Kevin Day is a dedicated Manager in the Procurement department, overseeing various projects since his start date on 2026-02-25. His responsibilities include managing supplier relationships and negotiating contracts. He works closely with the Responsible Manager to align procurement strategies with organizational goals. Kevin is currently located at 268 Terrell Extensions Apt. 035, Brownfort, MO 74318.
License Number: REF-4974403
Identification Number: REF-5029248",yes,yes,no,no,yes,no,no,no,no,no,no,no,no,PERSON; LOCATION,MULTIPLE,2,2,easy,no,none,no,train,yes,openrouter_gpt4o_mini_field,field_llm_v1,no,,,v2,Synthetic document generated for controlled PII training data.,"[{'type': 'DATE_TIME', 'value': '2026-02-25', 'confidence': 0.95, 'source': 'presidio', 'start': 141, 'end': 151}, {'type': 'DATE_TIME', 'value': '2026-02-25', 'confidence': 0.95, 'source': 'presidio', 'start': 414, 'end': 424}, {'type': 'LOCATION', 'value': 'Brownfort', 'confidence': 0.85, 'source': 'presidio', 'start': 194, 'end': 203}, {'type': 'DATE_TIME', 'value': 'MO 74318', 'confidence': 0.85, 'source': 'presidio', 'start': 205, 'end': 213}, {'type': 'PERSON', 'value': 'Kevin Day', 'confidence': 0.85, 'source': 'presidio', 'start': 298, 'end': 307}, {'type': 'LOCATION', 'value': 'Brownfort', 'confidence': 0.85, 'source': 'presidio', 'start': 682, 'end': 691}, {'type': 'DATE_TIME', 'value': 'MO 74318', 'confidence': 0.85, 'source': 'presidio', 'start': 693, 'end': 701}]","{""PERSON"": 0.9817, ""LOCATION"": 0.9896, ""DATE_TIME"": 0.9485}","['DATE_TIME', 'LOCATION', 'PERSON']",[],"['DATE_TIME', 'LOCATION', 'PERSON']",False,True,True,low_cost_llm,potential_pii_evidence,True,0.9981290102005005,confident_pii,False,True,True,0.046975,46.9747,0.925,0.925,yes,no,no,yes,no,no,no,no,yes,no,no,no,True,20260909_112646,sweep1_ambiguous_bert,local,bert,distilbert-base-multilingual-cased-v1,not_applicable,local_model,bert_prefilter,gdpr_pii_detection
SYN-EMPLOYEE_RECORD-0198,synthetic_employee_record_0198.txt,hr_record,employee_record,en,synthetic_generation,,,synthetic,2026-08-28,2026-08-28,2026-08-28,0,"Employee Record

Employee: Department submission
Department: Administration
Role: Analyst
Employee Id: REF-5516884
Manager: Responsible Manager
Start Date: 2026-09-11
Address: Registered office information pending
Nationality: Nationality not provided
Contact: Department Contact
Notes: Employee REF-5516884 is designated as an Analyst in the Administration department, reporting to the Responsible Manager. The employment start date is set for 2026-09-11. Address information is currently pending, and the nationality of the employee has not been provided. Contact for department-related inquiries is the Department Contact. The employee holds license number REF-7537777 and identification number REF-5870174.
License Number: REF-7537777
Identification Number: REF-5870174",no,no,no,no,no,no,no,no,no,no,no,no,no,,NONE,0,0,easy,no,none,no,train,yes,openrouter_gpt4o_mini_field,field_llm_v1,no,,,v2,Synthetic document generated for controlled PII training data.,"[{'type': 'NRP', 'value': 'REF-7537777', 'confidence': 0.85, 'source': 'presidio', 'start': 660, 'end': 671}]",{},['NRP'],[],['NRP'],False,True,True,low_cost_llm,potential_pii_evidence,True,0.00021399999968707561,confident_non_pii,False,True,True,0.046975,46.9747,0.925,0.925,no,no,no,no,no,no,no,no,no,no,no,no,False,20260909_112646,sweep1_ambiguous_bert,local,bert,distilbert-base-multilingual-cased-v1,not_applicable,local_model,bert_prefilter,gdpr_pii_detection
SYN-EMPLOYEE_RECORD-0227,synthetic_employee_record_0227.txt,hr_record,employee_record,en,synthetic_generation,,,synthetic,2026-08-28,2026-08-28,2026-08-28,0,"Employee Record

Employee: Department submission
Department: IT
Role: Coordinator
Employee Id: REF-1434172
Manager: Team Lead
Start Date: 2025-04-29
Address: Business address not provided
Nationality: Nationality not provided
Contact: Central Contact Point
Notes: Employee REF-1434172 has been assigned to the IT department as a Coordinator, reporting to the Team Lead. Start date is set for 2025-04-29. Address and nationality details are currently not provided. For any inquiries, please contact the Central Contact Point. License number is REF-4158429 and identification number is REF-6393026.
License Number: REF-4158429
Identification Number: REF-6393026",no,no,no,no,no,no,no,no,no,no,no,no,no,,NONE,0,0,easy,no,none,no,train,yes,openrouter_gpt4o_mini_field,field_llm_v1,no,,,v2,Synthetic document generated for controlled PII training data.,"[{'type': 'NRP', 'value': 'REF-4158429', 'confidence': 0.85, 'source': 'presidio', 'start': 543, 'end': 554}, {'type': 'NRP', 'value': 'REF-6393026', 'confidence': 0.85, 'source': 'presidio', 'start': 648, 'end': 659}]",{},['NRP'],[],['NRP'],False,True,True,low_cost_llm,potential_pii_evidence,True,0.00020900000527035445,confident_non_pii,False,True,True,0.046975,46.9747,0.925,0.925,no,no,no,no,no,no,no,no,no,no,no,no,False,20260909_112646,sweep1_ambiguous_bert,local,bert,distilbert-base-multilingual-cased-v1,not_applicable,local_model,bert_prefilter,gdpr_pii_detection
SYN-EMPLOYEE_RECORD-0235,synthetic_employee_record_0235.txt,hr_record,employee_record,en,synthetic_generation,,,synthetic,2026-08-28,2026-08-28,2026-08-28,0,"Employee Record

Employee: Internal submission
Department: Procurement
Role: Analyst
Employee Id: REF-6393026
Manager: Department Manager
Start Date: 2026-03-23
Address: Business address not provided
Nationality: Nationality information unavailable
Contact: Central Contact Point
Notes: This employee's performance in the role of Analyst has been commendable since their start date on 2026-03-23. They have demonstrated strong analytical skills and have actively contributed to various procurement projects. Regular feedback from the Department Manager indicates a positive attitude towards teamwork and collaboration. Continued professional development opportunities are recommended to further enhance their expertise in procurement strategies.
License Number: REF-9278065
Identification Number: REF-6790518",no,no,no,no,no,no,no,no,no,no,no,no,no,,NONE,0,0,easy,no,none,no,test,yes,openrouter_gpt4o_mini_field,field_llm_v1,no,,,v2,Synthetic document generated for controlled PII training data.,"[{'type': 'NRP', 'value': 'REF-6393026', 'confidence': 0.85, 'source': 'presidio', 'start': 98, 'end': 109}]",{},['NRP'],[],['NRP'],False,True,True,low_cost_llm,potential_pii_evidence,True,0.0001990000018849969,confident_non_pii,False,True,True,0.046975,46.9747,0.925,0.925,no,no,no,no,no,no,no,no,no,no,no,no,False,20260909_112646,sweep1_ambiguous_bert,local,bert,distilbert-base-multilingual-cased-v1,not_applicable,local_model,bert_prefilter,gdpr_pii_detection
SYN-EMPLOYEE_RECORD-0243,synthetic_employee_record_0243.txt,hr_record,employee_record,en,synthetic_generation,,,synthetic,2026-08-28,2026-08-28,2026-08-28,0,"Employee Record

Employee: Paula Warren
Department: IT
Role: Manager
Employee Id: REF-6790518
Manager: Responsible Manager
Start Date: 2024-10-07
Address: Business address not provided
Nationality: Nationality not provided
Contact: Department Contact
Notes: Employee summary for Paula Warren, Manager in the IT department, indicates a start date of 2024-10-07. Additional notes include the date 2024-04-15.
License Number: REF-1395178
Identification Number: REF-5722940",yes,yes,no,no,no,no,no,no,no,yes,no,no,no,PERSON; DATE_TIME,MULTIPLE,2,2,easy,no,none,no,train,yes,openrouter_gpt4o_mini_field,field_llm_v1,no,,,v2,Synthetic document generated for controlled PII training data.,"[{'type': 'DATE_TIME', 'value': '2024-10-07', 'confidence': 0.95, 'source': 'presidio', 'start': 135, 'end': 145}, {'type': 'DATE_TIME', 'value': '2024-10-07', 'confidence': 0.95, 'source': 'presidio', 'start': 349, 'end': 359}, {'type': 'DATE_TIME', 'value': '2024-04-15', 'confidence': 0.95, 'source': 'presidio', 'start': 395, 'end': 405}, {'type': 'PERSON', 'value': 'Paula Warren', 'confidence': 0.85, 'source': 'presidio', 'start': 27, 'end': 39}, {'type': 'PERSON', 'value': 'Paula Warren', 'confidence': 0.85, 'source': 'presidio', 'start': 279, 'end': 291}, {'type': 'DATE_TIME', 'value': 'the date 2024-04-15', 'confidence': 0.85, 'source': 'presidio', 'start': 386, 'end': 405}]","{""PERSON"": 0.9973, ""DATE_TIME"": 0.9809}","['DATE_TIME', 'PERSON']",[],"['DATE_TIME', 'PERSON']",False,True,True,low_cost_llm,potential_pii_evidence,True,0.9997209906578064,confident_pii,False,True,True,0.046975,46.9747,0.925,0.925,yes,no,no,no,no,no,no,no,yes,no,no,no,True,20260909_112646,sweep1_ambiguous_bert,local,bert,distilbert-base-multilingual-cased-v1,not_applicable,local_model,bert_prefilter,gdpr_pii_detection
SYN-EXPENSE_REPORT-0027,synthetic_expense_report_0027.txt,form,expense_report,de,synthetic_generation,,,synthetic,2026-08-28,2026-08-28,2026-08-28,0,"Reisekostenabrechnung

Mitarbeiter: Mathilde Fiebig
Kontakt: Serviceteam
Abteilung: Procurement
Datum: 2026-04-04
Kategorie: Meals
Betrag: 493.00 EUR
Kostenstelle: CC-1100
Projekt: Supplier Workshop
Reiseziel: Training Center
Belegreferenz: RCPT-353850
Zahlungsart: Corporate Card
Zahlungsdaten: Standardmäßiger geschäftlicher Zahlungsprozess
Beschreibung: Die Ausgaben für das Mittagessen während des Supplier Workshops am 4. April 2026 im Training Center umfassen alle anfallenden Kosten, die im Rahmen dieser geschäftlichen Veranstaltung entstanden sind. Der Gesamtbetrag von 493,00 EUR wurde über die Firmenkarte beglichen. Diese Ausgaben sind notwendig, um die Zusammenarbeit mit unseren Lieferanten zu stärken und die Kommunikation während des Workshops zu fördern.
Zusammenfassung: Die Genehmigung für die Ausgaben von 493,00 EUR für die Kategorie 'Meals' im Rahmen des Supplier Workshops wurde durch den Finance Manager erteilt. Diese Kosten sind Teil des Standardprozesses in der Abteilung Procurement und wurden ordnungsgemäß mit der Firmenkarte bezahlt. Die Belege sind unter der Referenznummer RCPT-353850 archiviert.
Vorgesetzter: Finance Manager
Entscheidung: Approved",yes,yes,no,no,no,no,no,no,no,no,no,no,no,PERSON,PERSON,1,1,easy,no,none,no,train,yes,openrouter_gpt4o_mini_field,field_llm_v1,no,,,v2,Synthetic document generated for controlled PII training data.,"[{'type': 'PERSON', 'value': 'Mathilde Fiebig', 'confidence': 0.85, 'source': 'presidio', 'start': 36, 'end': 51}, {'type': 'LOCATION', 'value': 'Training Center', 'confidence': 0.85, 'source': 'presidio', 'start': 441, 'end': 456}, {'type': 'LOCATION', 'value': 'Firmenkarte', 'confidence': 0.85, 'source': 'presidio', 'start': 605, 'end': 616}, {'type': 'LOCATION', 'value': 'Standardprozesses', 'confidence': 0.85, 'source': 'presidio', 'start': 964, 'end': 981}, {'type': 'DATE_TIME', 'value': '2026-04-04', 'confidence': 0.6, 'source': 'presidio', 'start': 103, 'end': 113}]","{""PERSON"": 0.9985}","['DATE_TIME', 'LOCATION', 'PERSON']",[],"['PERSON', 'LOCATION', 'DATE_TIME']",False,True,True,low_cost_llm,potential_pii_evidence,True,0.9999409914016724,confident_pii,False,True,True,0.046975,46.9747,0.925,0.925,yes,no,no,no,no,no,no,no,no,no,no,no,True,20260909_112646,sweep1_ambiguous_bert,local,bert,distilbert-base-multilingual-cased-v1,not_applicable,local_model,bert_prefilter,gdpr_pii_detection
SYN-EXPENSE_REPORT-0031,synthetic_expense_report_0031.txt,form,expense_report,en,synthetic_generation,,,synthetic,2026-08-28,2026-08-28,2026-08-28,0,"Expense Report

Employee: Department submission
Contact: Service Team
Department: Finance
Date: 2026-12-03
Category: Meals
Amount: 267.00 EUR
Cost Center: CC-1100
Project: Internal Transformation
Destination: Client Site
Receipt Reference: RCPT-706886
Payment Method: Cash
Payment Details: Payment terms on file
Description: Meals for client meetings at the Client Site totaled 267.00 EUR. This expense was incurred to facilitate discussions on the Internal Transformation project. Receipt reference RCPT-706886 is attached for verification.
Summary: Rachel Davis
Manager: Team Lead
Decision: Approved with adjustment",yes,yes,no,no,no,no,no,no,no,no,no,no,no,PERSON,PERSON,1,1,easy,no,none,no,train,yes,openrouter_gpt4o_mini_field,field_llm_v1,no,,,v2,Synthetic document generated for controlled PII training data.,"[{'type': 'PERSON', 'value': 'Rachel Davis', 'confidence': 0.85, 'source': 'presidio', 'start': 551, 'end': 563}]","{""PERSON"": 0.9937}",['PERSON'],[],['PERSON'],False,True,True,low_cost_llm,potential_pii_evidence,True,0.999813973903656,confident_pii,False,True,True,0.046975,46.9747,0.925,0.925,yes,no,no,no,no,no,no,no,no,no,no,no,True,20260909_112646,sweep1_ambiguous_bert,local,bert,distilbert-base-multilingual-cased-v1,not_applicable,local_model,bert_prefilter,gdpr_pii_detection
SYN-EXPENSE_REPORT-0047,synthetic_expense_report_0047.txt,form,expense_report,de,synthetic_generation,,,synthetic,2026-08-28,2026-08-28,2026-08-28,0,"Reisekostenabrechnung

Mitarbeiter: Mitarbeiterangaben nicht angegeben
Kontakt: Serviceteam
Abteilung: Finance
Datum: 2025-12-06
Kategorie: Training
Betrag: 481.00 EUR
Kostenstelle: CC-3150
Projekt: Client Delivery
Reiseziel: Head Office
Belegreferenz: RCPT-435486
Zahlungsart: Personal Card
Zahlungsdaten: Zahlungsbedingungen hinterlegt
Beschreibung: Cetin Schottin B.Sc.
Zusammenfassung: Die Kosten für die Teilnahme an der Schulung zur Verbesserung der Kundenbetreuung betragen 481,00 EUR. Diese Ausgabe wurde mit einer persönlichen Karte getätigt und ist für das Projekt 'Client Delivery' im Kostenstelle CC-3150 vorgesehen. Leider wurde der Antrag auf Erstattung von dem Operations Manager abgelehnt.
Vorgesetzter: Operations Manager
Entscheidung: Rejected",yes,yes,no,no,no,no,no,no,no,no,no,no,no,PERSON,PERSON,1,1,easy,no,none,no,train,yes,openrouter_gpt4o_mini_field,field_llm_v1,no,,,v2,Synthetic document generated for controlled PII training data.,"[{'type': 'PERSON', 'value': 'Cetin Schottin', 'confidence': 0.85, 'source': 'presidio', 'start': 352, 'end': 366}, {'type': 'URL', 'value': 'B.Sc', 'confidence': 0.5, 'source': 'presidio', 'start': 367, 'end': 371}]","{""PERSON"": 0.9971}","['PERSON', 'URL']",[],"['PERSON', 'URL']",False,True,True,low_cost_llm,potential_pii_evidence,True,0.9999129772186279,confident_pii,False,True,True,0.046975,46.9747,0.925,0.925,yes,no,no,no,no,no,no,no,no,no,no,no,True,20260909_112646,sweep1_ambiguous_bert,local,bert,distilbert-base-multilingual-cased-v1,not_applicable,local_model,bert_prefilter,gdpr_pii_detection
SYN-EXPENSE_REPORT-0137,synthetic_expense_report_0137.txt,form,expense_report,en,synthetic_generation,,,synthetic,2026-08-28,2026-08-28,2026-08-28,0,"Expense Report

Employee: Internal submission
Contact: Central Contact Point
Department: Sales
Date: 2027-06-04
Category: Training
Amount: 652.00 EUR
Cost Center: CC-3150
Project: Regional Operations
Destination: Head Office
Receipt Reference: RCPT-526898
Payment Method: Cash
Payment Details: Standard corporate payment process
Description: This expense report pertains to a training session attended on June 1, 2027, aimed at enhancing sales strategies for the Regional Operations project. The total cost incurred was 652.00 EUR, paid in cash, as per the standard corporate payment process. The receipt reference for this transaction is RCPT-526898, which serves as documentation for reimbursement purposes. The training was conducted at the Head Office, aligning with our department's ongoing professional development initiatives.
Summary: Expense report submitted for a training session related to the Regional Operations project. Amount: 652.00 EUR; Payment Method: Cash; Status: Rejected. Receipt Reference: RCPT-526898.
Manager: Team Lead
Decision: Rejected",no,no,no,no,no,no,no,no,no,no,no,no,no,,NONE,0,0,easy,no,none,no,test,yes,openrouter_gpt4o_mini_field,field_llm_v1,no,,,v2,Synthetic document generated for controlled PII training data.,"[{'type': 'NRP', 'value': 'RCPT-526898', 'confidence': 0.85, 'source': 'presidio', 'start': 639, 'end': 650}]",{},['NRP'],[],['NRP'],False,True,True,low_cost_llm,potential_pii_evidence,True,0.00020700000459328294,confident_non_pii,False,True,True,0.046975,46.9747,0.925,0.925,no,no,no,no,no,no,no,no,no,no,no,no,False,20260909_112646,sweep1_ambiguous_bert,local,bert,distilbert-base-multilingual-cased-v1,not_applicable,local_model,bert_prefilter,gdpr_pii_detection
SYN-EXPENSE_REPORT-0148,synthetic_expense_report_0148.txt,form,expense_report,de,synthetic_generation,,,synthetic,2026-08-28,2026-08-28,2026-08-28,0,"Reisekostenabrechnung

Mitarbeiter: Therese Wesack
Kontakt: Abteilungskontakt
Abteilung: IT
Datum: 2026-04-04
Kategorie: Transport
Betrag: 828.00 EUR
Kostenstelle: CC-4200
Projekt: Regional Operations
Reiseziel: Head Office
Belegreferenz: RCPT-480625
Zahlungsart: Cash
Zahlungsdaten: Standardmäßiger geschäftlicher Zahlungsprozess
Beschreibung: Therese Wesack hat am 4. April 2026 eine Geschäftsreise zum Hauptbüro unternommen, um an strategischen Besprechungen im Rahmen des Projekts ""Regional Operations"" teilzunehmen. Die Reise beinhaltete die Nutzung öffentlicher Verkehrsmittel, was zu den Gesamtkosten von 828,00 EUR führte. Dieser Betrag wurde gemäß dem standardmäßigen geschäftlichen Zahlungsprozess in bar beglichen, wobei die Quittung unter der Referenznummer RCPT-480625 aufbewahrt wurde. Die Ausgaben waren für das Kostenstellenbudget CC-4200 vorgesehen und wurden zur Genehmigung beim Abteilungskontakt eingereicht.
Zusammenfassung: Die Reisekosten von Therese Wesack, die sich auf 828,00 EUR belaufen, wurden im Rahmen des Projekts ""Regional Operations"" für eine Geschäftsreise zum Hauptbüro geltend gemacht. Trotz der Einreichung der Quittung mit der Referenznummer RCPT-480625 wurde der Antrag vom Department Manager abgelehnt.
Vorgesetzter: Department Manager
Entscheidung: Rejected",yes,yes,no,no,no,no,no,no,no,no,no,no,no,PERSON,PERSON,1,1,easy,no,none,no,validation,yes,openrouter_gpt4o_mini_field,field_llm_v1,no,,,v2,Synthetic document generated for controlled PII training data.,"[{'type': 'PERSON', 'value': 'Therese Wesack', 'confidence': 0.85, 'source': 'presidio', 'start': 36, 'end': 50}, {'type': 'PERSON', 'value': 'Therese Wesack', 'confidence': 0.85, 'source': 'presidio', 'start': 345, 'end': 359}, {'type': 'PERSON', 'value': 'Therese Wesack', 'confidence': 0.85, 'source': 'presidio', 'start': 966, 'end': 980}, {'type': 'DATE_TIME', 'value': '2026-04-04', 'confidence': 0.6, 'source': 'presidio', 'start': 99, 'end': 109}]","{""PERSON"": 0.9972, ""DATE_TIME"": 0.9492}","['DATE_TIME', 'PERSON']",[],"['PERSON', 'DATE_TIME']",False,True,True,low_cost_llm,potential_pii_evidence,True,0.9998120069503784,confident_pii,False,True,True,0.046975,46.9747,0.925,0.925,yes,no,no,no,no,no,no,no,yes,no,no,no,True,20260909_112646,sweep1_ambiguous_bert,local,bert,distilbert-base-multilingual-cased-v1,not_applicable,local_model,bert_prefilter,gdpr_pii_detection
SYN-EXPENSE_REPORT-0200,synthetic_expense_report_0200.txt,form,expense_report,de,synthetic_generation,,,synthetic,2026-08-28,2026-08-28,2026-08-28,0,"Reisekostenabrechnung

Mitarbeiter: Ibrahim Jockel-Schmidtke
Kontakt: Zentrale Kontaktstelle
Abteilung: Procurement
Datum: 2025-09-06
Kategorie: Office Supplies
Betrag: 268.00 EUR
Kostenstelle: CC-3150
Projekt: Process Improvement
Reiseziel: Client Site
Belegreferenz: RCPT-721825
Zahlungsart: Personal Card
Zahlungsdaten: Zahlungsbedingungen hinterlegt
Beschreibung: Für den Einkauf von Büromaterialien, die für das Projekt zur Prozessverbesserung am Client Site erforderlich sind, wurden insgesamt 268,00 EUR ausgegeben. Die Rechnung (RCPT-721825) wurde mit meiner persönlichen Karte beglichen, und die Zahlungsbedingungen sind hinterlegt.
Zusammenfassung: Die Ausgaben für Bürobedarf in Höhe von 268,00 EUR wurden genehmigt, jedoch mit Anpassungen. Die Kosten sind dem Kostenstelle CC-3150 zuzuordnen und stehen im Zusammenhang mit dem Projekt zur Prozessverbesserung.
Vorgesetzter: Department Manager
Entscheidung: Approved with adjustment",yes,yes,no,no,no,no,no,no,no,no,no,no,no,PERSON,PERSON,1,1,easy,no,none,no,train,yes,openrouter_gpt4o_mini_field,field_llm_v1,no,,,v2,Synthetic document generated for controlled PII training data.,"[{'type': 'PERSON', 'value': 'Ibrahim Jockel-Schmidtke', 'confidence': 0.85, 'source': 'presidio', 'start': 36, 'end': 60}, {'type': 'DATE_TIME', 'value': '2025-09-06', 'confidence': 0.6, 'source': 'presidio', 'start': 123, 'end': 133}]","{""PERSON"": 0.9969}","['DATE_TIME', 'PERSON']",[],"['PERSON', 'DATE_TIME']",False,True,True,low_cost_llm,potential_pii_evidence,True,0.9998760223388672,confident_pii,False,True,True,0.046975,46.9747,0.925,0.925,yes,no,no,no,no,no,no,no,no,no,no,no,True,20260909_112646,sweep1_ambiguous_bert,local,bert,distilbert-base-multilingual-cased-v1,not_applicable,local_model,bert_prefilter,gdpr_pii_detection
SYN-EXPENSE_REPORT-0213,synthetic_expense_report_0213.txt,form,expense_report,en,synthetic_generation,,,synthetic,2026-08-28,2026-08-28,2026-08-28,0,"Expense Report

Employee: Department submission
Contact: Department Contact
Department: Procurement
Date: 2027-03-29
Category: Transport
Amount: 412.00 EUR
Cost Center: CC-1100
Project: Internal Transformation
Destination: Head Office
Receipt Reference: RCPT-194163
Payment Method: Reimbursement
Payment Details: Standard corporate payment process
Description: This expense report pertains to the transport costs incurred during the business trip to the Head Office on March 25, 2027. The total amount of 412.00 EUR was submitted for reimbursement under the cost center CC-1100, associated with the Internal Transformation project. The expenses were documented with receipts and followed the standard corporate payment process. However, upon review, the Operations Manager decided to reject this submission due to a mismatch between the submitted receipts and the allowed expense categories.
Summary: The expense report submitted for transport costs related to a trip to the Head Office, totaling 412.00 EUR, has been rejected by the Operations Manager. This decision was based on discrepancies identified between the provided documentation and the organizational expense guidelines.
Manager: Operations Manager
Decision: Rejected",no,no,no,no,no,no,no,no,no,no,no,no,no,,NONE,0,0,easy,no,none,no,train,yes,openrouter_gpt4o_mini_field,field_llm_v1,no,,,v2,Synthetic document generated for controlled PII training data.,"[{'type': 'DATE_TIME', 'value': '2027-03-29', 'confidence': 0.95, 'source': 'presidio', 'start': 106, 'end': 116}, {'type': 'PERSON', 'value': 'RCPT-194163\nPayment Method', 'confidence': 0.85, 'source': 'presidio', 'start': 254, 'end': 280}, {'type': 'DATE_TIME', 'value': 'March 25, 2027', 'confidence': 0.85, 'source': 'presidio', 'start': 469, 'end': 483}]",{},"['DATE_TIME', 'PERSON']",[],"['DATE_TIME', 'PERSON']",False,True,True,low_cost_llm,potential_pii_evidence,True,0.0002119999990100041,confident_non_pii,False,True,True,0.046975,46.9747,0.925,0.925,no,no,no,no,no,no,no,no,no,no,no,no,False,20260909_112646,sweep1_ambiguous_bert,local,bert,distilbert-base-multilingual-cased-v1,not_applicable,local_model,bert_prefilter,gdpr_pii_detection
SYN-EXPENSE_REPORT-0248,synthetic_expense_report_0248.txt,form,expense_report,en,synthetic_generation,,,synthetic,2026-08-28,2026-08-28,2026-08-28,0,"Expense Report

Employee: Department submission
Contact: Department Contact
Department: Finance
Date: 2025-01-21
Category: Training
Amount: 24.00 EUR
Cost Center: CC-5800
Project: Process Improvement
Destination: Head Office
Receipt Reference: RCPT-538333
Payment Method: Personal Card
Payment Details: Standard corporate payment process
Description: This expense report submitted by Victoria Cannon pertains to a training session aimed at enhancing skills related to process improvement. The training took place at the Head Office, where various methodologies were discussed, contributing to the overall efficiency of our Finance department. The total amount of 24.00 EUR was charged to a personal card, and the standard corporate payment process was followed for reimbursement. Unfortunately, this request has been rejected, as it did not align with the predefined budgetary allocations for the fiscal year.
Summary: Victoria Cannon
Manager: Department Manager
Decision: Rejected",yes,yes,no,no,no,no,no,no,no,no,no,no,no,PERSON,PERSON,1,1,easy,no,none,no,train,yes,openrouter_gpt4o_mini_field,field_llm_v1,no,,,v2,Synthetic document generated for controlled PII training data.,"[{'type': 'PERSON', 'value': 'Victoria Cannon', 'confidence': 0.85, 'source': 'presidio', 'start': 384, 'end': 399}, {'type': 'DATE_TIME', 'value': 'the fiscal year', 'confidence': 0.85, 'source': 'presidio', 'start': 893, 'end': 908}, {'type': 'PERSON', 'value': 'Victoria Cannon', 'confidence': 0.85, 'source': 'presidio', 'start': 919, 'end': 934}]","{""PERSON"": 0.9966}","['DATE_TIME', 'PERSON']",[],"['PERSON', 'DATE_TIME']",False,True,True,low_cost_llm,potential_pii_evidence,True,0.9997230172157288,confident_pii,False,True,True,0.046975,46.9747,0.925,0.925,yes,no,no,no,no,no,no,no,no,no,no,no,True,20260909_112646,sweep1_ambiguous_bert,local,bert,distilbert-base-multilingual-cased-v1,not_applicable,local_model,bert_prefilter,gdpr_pii_detection
SYN-GENERAL_DOCUMENT-0012,synthetic_general_document_0012.txt,general_document,general_document,de,synthetic_generation,,,synthetic,2026-08-28,2026-08-28,2026-08-28,0,"Projektstatus-Update

Datum: 02. August 2027  
Abteilung: Projektmanagement  

Betreff: Update zum Projektstatus

Liebe Teammitglieder,

hiermit möchten wir ein kurzes Update zum aktuellen Stand des Projekts geben. 

Aktueller Status:  
Das Projekt befindet sich im Zeitplan und wir haben die ersten Meilensteine erfolgreich erreicht. Die aktuellen Arbeiten konzentrieren sich auf die Optimierung der internen Abläufe und die Sicherstellung der Qualität der gelieferten Ergebnisse.

Nächste Schritte:  
- Fortsetzung der Implementierung der neuen Prozesse bis zum 15. August 2027.
- Durchführung von Schulungen für alle betroffenen Mitarbeiter in der letzten Augustwoche.
- Vorbereitung der nächsten Statusbesprechung am 01. September 2027.

Bitte halten Sie sich an die festgelegten Fristen und informieren Sie das Projektmanagement-Team über eventuelle Probleme oder Verzögerungen.

Vielen Dank für Ihre Zusammenarbeit.

Mit freundlichen Grüßen,  
Projektmanagement Team",no,no,no,no,no,no,no,no,no,no,no,no,no,,NONE,0,0,easy,no,none,no,train,yes,openrouter_gpt4o_mini_document,llm_rewrite_v1,no,,,v2,Synthetic document generated for controlled PII training data.,"[{'type': 'PERSON', 'value': 'Projektstatus-Update\n\nDatum', 'confidence': 0.85, 'source': 'presidio', 'start': 0, 'end': 27}]",{},['PERSON'],[],['PERSON'],False,True,True,low_cost_llm,potential_pii_evidence,True,0.00021100000594742596,confident_non_pii,False,True,True,0.046975,46.9747,0.925,0.925,no,no,no,no,no,no,no,no,no,no,no,no,False,20260909_112646,sweep1_ambiguous_bert,local,bert,distilbert-base-multilingual-cased-v1,not_applicable,local_model,bert_prefilter,gdpr_pii_detection
SYN-GENERAL_DOCUMENT-0034,synthetic_general_document_0034.txt,general_document,general_document,en,synthetic_generation,,,synthetic,2026-08-28,2026-08-28,2026-08-28,0,"**Project Update: Internal Policy Revision**

**Date:** March 30, 2027  
**Prepared by:** Corporate Communications Team  

**Overview:**  
We are currently in the process of revising our internal policies to enhance compliance and operational efficiency. This update aims to outline the progress made and the next steps in the project.

**Current Status:**  
The project is on track, with the initial draft of the revised policies completed as of March 15, 2027. We have incorporated feedback from key stakeholders and are now preparing for the next round of reviews.

**Next Steps:**  
- Finalize revisions based on stakeholder feedback by April 10, 2027.  
- Schedule a company-wide meeting for presentation and feedback on the updated policies for April 20, 2027.  
- Implement final changes and publish the updated policies by May 1, 2027.

**Key Contact:**  
For any questions or further information regarding this update, please reach out to Jennifer Robinson.

Thank you for your continued support as we work towards improving our internal processes.",yes,yes,no,no,no,no,no,no,no,no,no,no,no,PERSON,PERSON,1,1,easy,no,none,no,validation,yes,openrouter_gpt4o_mini_document,llm_rewrite_v1,no,,,v2,Synthetic document generated for controlled PII training data.,"[{'type': 'DATE_TIME', 'value': 'April 20, 2027', 'confidence': 0.85, 'source': 'presidio', 'start': 751, 'end': 765}, {'type': 'DATE_TIME', 'value': 'May 1, 2027', 'confidence': 0.85, 'source': 'presidio', 'start': 831, 'end': 842}, {'type': 'PERSON', 'value': 'Jennifer Robinson', 'confidence': 0.85, 'source': 'presidio', 'start': 948, 'end': 965}]","{""PERSON"": 0.9564}","['DATE_TIME', 'PERSON']",[],"['DATE_TIME', 'PERSON']",False,True,False,low_cost_llm,potential_pii_evidence,True,0.9945970177650452,confident_pii,False,True,True,0.046975,46.9747,0.925,0.925,yes,no,no,no,no,no,no,no,no,no,no,no,True,20260909_112646,sweep1_ambiguous_bert,local,bert,distilbert-base-multilingual-cased-v1,not_applicable,local_model,bert_prefilter,gdpr_pii_detection
SYN-GENERAL_DOCUMENT-0036,synthetic_general_document_0036.txt,general_document,general_document,de,synthetic_generation,,,synthetic,2026-08-28,2026-08-28,2026-08-28,0,"Projektstatus-Update

Datum: 10. Oktober 2026  
Abteilung: Compliance  
Projekt: Quartalsplanung  

Aktueller Status:  
Die Compliance-Abteilung hat die Planungen für das kommende Quartal abgeschlossen. Die erforderlichen Maßnahmen zur Einhaltung der regulatorischen Vorgaben sind identifiziert und priorisiert worden. 

Wichtige Punkte:  
- Alle relevanten Richtlinien wurden überprüft und aktualisiert.  
- Schulungen für Mitarbeiter sind für den nächsten Monat angesetzt, um sicherzustellen, dass alle Teammitglieder über die neuesten Änderungen informiert sind.  
- Der Fortschritt wird regelmäßig überwacht, um eine fristgerechte Umsetzung der Maßnahmen zu gewährleisten.  

Nächste Schritte:  
- Durchführung der Schulungen.  
- Erstellung eines Berichts über die Umsetzung der Maßnahmen bis Ende des Monats.  
- Planung eines Treffens zur Evaluierung der bisherigen Fortschritte in der ersten Novemberwoche.  

Weitere Informationen können bei der Compliance-Abteilung angefragt werden.",no,no,no,no,no,no,no,no,no,no,no,no,no,,NONE,0,0,easy,no,none,no,train,yes,openrouter_gpt4o_mini_document,llm_rewrite_v1,no,,,v2,Synthetic document generated for controlled PII training data.,"[{'type': 'PERSON', 'value': 'Projektstatus-Update\n\nDatum', 'confidence': 0.85, 'source': 'presidio', 'start': 0, 'end': 27}, {'type': 'LOCATION', 'value': 'Compliance-Abteilung', 'confidence': 0.85, 'source': 'presidio', 'start': 955, 'end': 975}]",{},"['LOCATION', 'PERSON']",[],"['PERSON', 'LOCATION']",False,True,True,low_cost_llm,potential_pii_evidence,True,0.00021100000594742596,confident_non_pii,False,True,True,0.046975,46.9747,0.925,0.925,no,no,no,no,no,no,no,no,no,no,no,no,False,20260909_112646,sweep1_ambiguous_bert,local,bert,distilbert-base-multilingual-cased-v1,not_applicable,local_model,bert_prefilter,gdpr_pii_detection
SYN-GENERAL_DOCUMENT-0043,synthetic_general_document_0043.txt,general_document,general_document,de,synthetic_generation,,,synthetic,2026-08-28,2026-08-28,2026-08-28,0,"Internes Dokument

Titel: Vierteljährliche Planungsnotiz  
Datum: 2027-08-02  
Abteilung: Compliance  

Zweck: Diese Notiz dient der internen Kommunikation und Planung der anstehenden Aktivitäten für das kommende Quartal. Sie richtet sich an alle beteiligten Abteilungen und Mitarbeiter, um einen reibungslosen Ablauf der Geschäftsprozesse zu gewährleisten.

Inhalt:  
1. **Ziele für das nächste Quartal**  
   - Überprüfung und Aktualisierung der internen Richtlinien   
   - Durchführung von Schulungen für Mitarbeiter in Bezug auf Compliance-Anforderungen  
   - Umsetzung von Maßnahmen zur kontinuierlichen Verbesserung der Arbeitsabläufe  

2. **Wichtige Termine**  
   - Kick-off-Meeting: 2027-08-15  
   - Zwischenberichte: 2027-09-30  

3. **Verantwortlichkeiten**  
   - Die Compliance-Abteilung wird die Koordination und Überwachung der geplanten Maßnahmen übernehmen.  
   - Alle Abteilungen sind aufgefordert, ihre spezifischen Beiträge bis spätestens 2027-08-10 einzureichen.  

Notizen: Diese Notiz stellt sicher, dass alle Mitarbeiter über die bevorstehenden Planungen informiert sind und ihre Aufgaben rechtzeitig erfüllen können. Bei Fragen oder Anmerkungen wenden Sie sich bitte an die Compliance-Abteilung.",no,no,no,no,no,no,no,no,no,no,no,no,no,,NONE,0,0,easy,no,none,no,train,yes,openrouter_gpt4o_mini_document,llm_rewrite_v1,no,,,v2,Synthetic document generated for controlled PII training data.,"[{'type': 'PERSON', 'value': 'Vierteljährliche Planungsnotiz', 'confidence': 0.85, 'source': 'presidio', 'start': 26, 'end': 56}, {'type': 'LOCATION', 'value': 'Compliance-Abteilung', 'confidence': 0.85, 'source': 'presidio', 'start': 1204, 'end': 1224}, {'type': 'DATE_TIME', 'value': '2027-08-02', 'confidence': 0.6, 'source': 'presidio', 'start': 66, 'end': 76}]",{},"['DATE_TIME', 'LOCATION', 'PERSON']",[],"['PERSON', 'LOCATION', 'DATE_TIME']",False,True,True,low_cost_llm,potential_pii_evidence,True,0.0002099999983329326,confident_non_pii,False,True,True,0.046975,46.9747,0.925,0.925,no,no,no,no,no,no,no,no,no,no,no,no,False,20260909_112646,sweep1_ambiguous_bert,local,bert,distilbert-base-multilingual-cased-v1,not_applicable,local_model,bert_prefilter,gdpr_pii_detection
SYN-GENERAL_DOCUMENT-0046,synthetic_general_document_0046.txt,general_document,general_document,en,synthetic_generation,,,synthetic,2026-08-28,2026-08-28,2026-08-28,0,"**Project Status Update**

**Date:** July 14, 2026  
**Project:** Quarterly Compliance Review  
**Department:** Compliance  

**Overview:**  
This update outlines the progress of the Quarterly Compliance Review project, which aims to assess and enhance our adherence to regulatory standards. 

**Current Status:**  
The project is currently on track, with key milestones achieved in the initial phases. We have completed the data collection and analysis for our compliance metrics, and are now moving into the evaluation phase.

**Key Updates:**  
- **Data Analysis:** We have gathered all necessary data and performed preliminary analyses.
- **Team Coordination:** Regular meetings have been established to ensure all team members are aligned with project goals.
- **Next Steps:** The team will finalize the compliance report by the end of July, followed by a review session scheduled for early August.

**Contact:**  
For further inquiries, please reach out to Lindsey Richards DDS, who is overseeing the project. 

**Reference:** REF-8181924",yes,yes,no,no,no,no,no,no,no,no,no,no,no,PERSON,PERSON,1,1,easy,no,none,no,train,yes,openrouter_gpt4o_mini_document,llm_rewrite_v1,no,,,v2,Synthetic document generated for controlled PII training data.,"[{'type': 'DATE_TIME', 'value': 'the end of July', 'confidence': 0.85, 'source': 'presidio', 'start': 830, 'end': 845}, {'type': 'DATE_TIME', 'value': 'early August', 'confidence': 0.85, 'source': 'presidio', 'start': 890, 'end': 902}, {'type': 'PERSON', 'value': 'Lindsey Richards DDS', 'confidence': 0.85, 'source': 'presidio', 'start': 963, 'end': 983}]","{""PERSON"": 0.9972}","['DATE_TIME', 'PERSON']",[],"['DATE_TIME', 'PERSON']",False,True,False,low_cost_llm,potential_pii_evidence,True,0.9999780058860779,confident_pii,False,True,True,0.046975,46.9747,0.925,0.925,yes,no,no,no,no,no,no,no,no,no,no,no,True,20260909_112646,sweep1_ambiguous_bert,local,bert,distilbert-base-multilingual-cased-v1,not_applicable,local_model,bert_prefilter,gdpr_pii_detection
SYN-GENERAL_DOCUMENT-0051,synthetic_general_document_0051.txt,general_document,general_document,en,synthetic_generation,,,synthetic,2026-08-28,2026-08-28,2026-08-28,0,"**MEMORANDUM**

**To:** All Employees  
**From:** Corporate Communications Department  
**Date:** September 22, 2026  
**Subject:** Update on Internal Policies and Procedures  

Dear Team,

We would like to inform you of important updates to our internal policies that will take effect immediately. These changes are designed to enhance our operational efficiency and ensure compliance with our organizational standards.

**Overview of Updates:**

1. **Policy Review Process**: All departments are required to review their existing policies annually. This process will help identify any necessary adjustments and maintain alignment with best practices.

2. **Communication Protocols**: Effective immediately, all inter-departmental communications should follow the newly established guidelines to ensure clarity and consistency. Please refer to the updated communication manual for detailed instructions.

3. **Training Requirements**: A new training module will be introduced to familiarize all employees with the updated policies. Attendance is mandatory, and further details regarding scheduling will be provided shortly.

4. **Feedback Mechanism**: We encourage all team members to provide feedback on these updates. A survey will be distributed next week to gather your insights and suggestions.

Please make it a priority to familiarize yourself with these updates and integrate them into your daily operations. Should you have any questions or require further clarification, do not hesitate to reach out to your department head or the Corporate Communications Department.

Thank you for your attention to this matter and for your continued commitment to our organizational goals.

Best regards,

Corporate Communications Department  
Reference: REF-5579641",no,no,no,no,no,no,no,no,no,no,no,no,no,,NONE,0,0,easy,no,none,no,train,yes,openrouter_gpt4o_mini_document,llm_rewrite_v1,no,,,v2,Synthetic document generated for controlled PII training data.,"[{'type': 'NRP', 'value': 'REF-5579641', 'confidence': 0.85, 'source': 'presidio', 'start': 1752, 'end': 1763}]",{},['NRP'],[],['NRP'],False,True,False,low_cost_llm,potential_pii_evidence,True,0.0002500000118743628,confident_non_pii,False,True,True,0.046975,46.9747,0.925,0.925,no,no,no,no,no,no,no,no,no,no,no,no,False,20260909_112646,sweep1_ambiguous_bert,local,bert,distilbert-base-multilingual-cased-v1,not_applicable,local_model,bert_prefilter,gdpr_pii_detection
SYN-GENERAL_DOCUMENT-0064,synthetic_general_document_0064.txt,general_document,general_document,de,synthetic_generation,,,synthetic,2026-08-28,2026-08-28,2026-08-28,0,"**Interne Mitteilung**

**Betreff:** Statusupdate zum Projekt „Innovationsentwicklung“  
**Datum:** 26. Juni 2026  
**Von:** Ekkehard Schmiedt, Projektleiter  

---

Liebes Team,

ich möchte euch ein kurzes Update zu unserem aktuellen Projekt „Innovationsentwicklung“ geben. 

**Projektstatus:**  
Momentan befinden wir uns in der entscheidenden Phase der Konzeptentwicklung. Die letzten Ergebnisse der Marktforschung sind vielversprechend und bieten uns wertvolle Einblicke, die direkt in die nächsten Schritte einfließen werden.

**Aktuelle Meilensteine:**  
- **Fertigstellung der Marktanalyse:** Bis zum 15. Juli 2026
- **Erstellung des ersten Prototyps:** Geplant für den 30. August 2026
- **Feedback-Sitzung:** Am 5. September 2026 werden wir alle Ergebnisse besprechen und die nächsten Schritte festlegen.

**Herausforderungen:**  
Wir haben einige Herausforderungen in der Zusammenarbeit mit unseren externen Partnern festgestellt. Insbesondere die Kommunikation hat sich als suboptimal erwiesen. Ich werde in der kommenden Woche ein Treffen mit den Beteiligten arrangieren, um diese Aspekte zu klären und eine effizientere Zusammenarbeit zu gewährleisten.

Bitte haltet euch an die festgelegten Fristen und bringt eure Ideen und Anregungen zur nächsten Team-Besprechung mit. Euer Engagement ist entscheidend für den Erfolg dieses Projekts.

Vielen Dank für eure harte Arbeit!

Mit besten Grüßen,  
Ekkehard Schmiedt  
Projektleiter Innovationsentwicklung",yes,yes,no,no,no,no,no,no,no,no,no,no,no,PERSON,PERSON,1,1,easy,no,none,no,train,yes,openrouter_gpt4o_mini_document,llm_rewrite_v1,no,,,v2,Synthetic document generated for controlled PII training data.,"[{'type': 'PERSON', 'value': 'Ekkehard Schmiedt', 'confidence': 0.85, 'source': 'presidio', 'start': 125, 'end': 142}, {'type': 'PERSON', 'value': 'Ekkehard Schmiedt', 'confidence': 0.85, 'source': 'presidio', 'start': 1407, 'end': 1424}]","{""PERSON"": 0.9975, ""DATE_TIME"": 0.9518}",['PERSON'],[],['PERSON'],False,True,False,low_cost_llm,potential_pii_evidence,True,0.9998430013656616,confident_pii,False,True,True,0.046975,46.9747,0.925,0.925,yes,no,no,no,no,no,no,no,yes,no,no,no,True,20260909_112646,sweep1_ambiguous_bert,local,bert,distilbert-base-multilingual-cased-v1,not_applicable,local_model,bert_prefilter,gdpr_pii_detection
SYN-GENERAL_DOCUMENT-0071,synthetic_general_document_0071.txt,general_document,general_document,de,synthetic_generation,,,synthetic,2026-08-28,2026-08-28,2026-08-28,0,"Projektstatus-Update

Datum: 18. März 2026  
Abteilung: Projektmanagement  

Betreff: Statusupdate zum aktuellen Projekt

Liebe Teammitglieder,

dies ist ein kurzes Update zum Fortschritt unseres Projekts. Im letzten Quartal haben wir bedeutende Fortschritte erzielt, insbesondere in folgenden Bereichen:

1. **Meilensteine**: Die geplanten Meilensteine wurden größtenteils eingehalten. Insbesondere die Entwicklung der neuen Softwareversion ist auf Kurs und wird voraussichtlich bis Ende des Quartals fertiggestellt.

2. **Ressourcennutzung**: Die Ressourcenauslastung ist effizient. Alle Abteilungen arbeiten eng zusammen, um die Projektziele zu erreichen.

3. **Herausforderungen**: Einige technische Herausforderungen sind aufgetreten, die derzeit vom technischen Team analysiert werden. Eine Lösung wird innerhalb der nächsten zwei Wochen erwartet.

4. **Nächste Schritte**: Im kommenden Monat wird ein Update-Meeting stattfinden, um die nächsten Schritte und die weiteren Vorgehensweisen zu besprechen.

Wir schätzen die kontinuierliche Zusammenarbeit und das Engagement aller Beteiligten. Bei Fragen oder Anmerkungen stehen die Projektmanagement-Abteilung sowie die jeweiligen Teams jederzeit zur Verfügung.

Mit besten Grüßen,  
Projektmanagement",no,no,no,no,no,no,no,no,no,no,no,no,no,,NONE,0,0,easy,no,none,no,train,yes,openrouter_gpt4o_mini_document,llm_rewrite_v1,no,,,v2,Synthetic document generated for controlled PII training data.,"[{'type': 'PERSON', 'value': 'Projektstatus-Update\n\nDatum', 'confidence': 0.85, 'source': 'presidio', 'start': 0, 'end': 27}, {'type': 'LOCATION', 'value': 'Ressourcenauslastung', 'confidence': 0.85, 'source': 'presidio', 'start': 549, 'end': 569}]",{},"['LOCATION', 'PERSON']",[],"['PERSON', 'LOCATION']",False,True,False,low_cost_llm,potential_pii_evidence,True,0.00022000000171829015,confident_non_pii,False,True,True,0.046975,46.9747,0.925,0.925,no,no,no,no,no,no,no,no,no,no,no,no,False,20260909_112646,sweep1_ambiguous_bert,local,bert,distilbert-base-multilingual-cased-v1,not_applicable,local_model,bert_prefilter,gdpr_pii_detection
SYN-GENERAL_DOCUMENT-0082,synthetic_general_document_0082.txt,general_document,general_document,en,synthetic_generation,,,synthetic,2026-08-28,2026-08-28,2026-08-28,0,"**Memo**

**To:** All Staff  
**From:** Compliance Department  
**Date:** May 17, 2027  
**Subject:** Update on Internal Policies  

Dear Team,

We are reaching out to inform you of updates to our internal policies, which are designed to enhance our operational efficiency and ensure compliance with industry standards. 

This update will affect several key processes within our organization. It is vital that all departments review the revised policies and integrate them into their daily operations where applicable. The main areas of focus include:

1. **Document Handling Procedures**: New guidelines for document management to ensure consistency and security across all departments.
   
2. **Employee Conduct Standards**: Updated expectations regarding professional behavior and workplace ethics to foster a positive work environment.

3. **Reporting Protocols**: Revised processes for reporting issues and concerns to facilitate timely resolutions.

We encourage everyone to familiarize themselves with these updates and reach out to their department heads if they have any questions or require further clarification. 

Thank you for your attention to this important matter and for your continued commitment to upholding our organizational standards.

Best regards,

Compliance Department  
Reference: REF-3794750",no,no,no,no,no,no,no,no,no,no,no,no,no,,NONE,0,0,easy,no,none,no,train,yes,openrouter_gpt4o_mini_document,llm_rewrite_v1,no,,,v2,Synthetic document generated for controlled PII training data.,"[{'type': 'NRP', 'value': 'REF-3794750', 'confidence': 0.85, 'source': 'presidio', 'start': 1308, 'end': 1319}]",{},['NRP'],[],['NRP'],False,True,True,low_cost_llm,potential_pii_evidence,True,0.0002280000044265762,confident_non_pii,False,True,True,0.046975,46.9747,0.925,0.925,no,no,no,no,no,no,no,no,no,no,no,no,False,20260909_112646,sweep1_ambiguous_bert,local,bert,distilbert-base-multilingual-cased-v1,not_applicable,local_model,bert_prefilter,gdpr_pii_detection
SYN-GENERAL_DOCUMENT-0085,synthetic_general_document_0085.txt,general_document,general_document,de,synthetic_generation,,,synthetic,2026-08-28,2026-08-28,2026-08-28,0,"Projektstatus-Update

Datum: 25. Februar 2025  
Bereich: Compliance-Abteilung

**Projektübersicht:**  
Aktueller Stand der vierteljährlichen Planung.

**Status:**  
Das Projektteam hat die erforderlichen Schritte zur Überprüfung der aktuellen Compliance-Vorgaben erfolgreich abgeschlossen. Alle relevanten Informationen wurden gesichtet und notwendige Anpassungen identifiziert.

**Nächste Schritte:**  
- Durchführung von internen Schulungen zur Sensibilisierung für die aktualisierten Vorgaben.
- Fertigstellung der finalen Dokumentation bis zum 15. März 2025.
- Vorbereitung einer Übersicht für die nächste Vorstandssitzung.

**Herausforderungen:**  
Es wurden einige Schwierigkeiten bei der Integration der neuen Richtlinien in bestehende Prozesse festgestellt. Ein Plan zur Lösung dieser Herausforderungen wird derzeit erarbeitet.

**Zusammenfassung:**  
Das Projekt liegt im Zeitplan und die Compliance-Abteilung ist zuversichtlich, die nächsten Meilensteine fristgerecht zu erreichen. Regelmäßige Updates werden bereitgestellt, um den Fortschritt transparent zu halten.",no,no,no,no,no,no,no,no,no,no,no,no,no,,NONE,0,0,easy,no,none,no,train,yes,openrouter_gpt4o_mini_document,llm_rewrite_v1,no,,,v2,Synthetic document generated for controlled PII training data.,"[{'type': 'PERSON', 'value': 'Projektstatus-Update\n\nDatum', 'confidence': 0.85, 'source': 'presidio', 'start': 0, 'end': 27}, {'type': 'LOCATION', 'value': 'Compliance-Abteilung', 'confidence': 0.85, 'source': 'presidio', 'start': 898, 'end': 918}]",{},"['LOCATION', 'PERSON']",[],"['PERSON', 'LOCATION']",False,True,False,low_cost_llm,potential_pii_evidence,True,0.00021800000104121864,confident_non_pii,False,True,True,0.046975,46.9747,0.925,0.925,no,no,no,no,no,no,no,no,no,no,no,no,False,20260909_112646,sweep1_ambiguous_bert,local,bert,distilbert-base-multilingual-cased-v1,not_applicable,local_model,bert_prefilter,gdpr_pii_detection
SYN-GENERAL_DOCUMENT-0086,synthetic_general_document_0086.txt,general_document,general_document,de,synthetic_generation,,,synthetic,2026-08-28,2026-08-28,2026-08-28,0,"Projektstatus-Update

Datum: 21. März 2026  
Abteilung: Projektmanagement  

Aktueller Stand:  
Im Rahmen des Projekts zur Aktualisierung interner Richtlinien haben wir die ersten Entwürfe erfolgreich abgeschlossen. Die Überprüfung durch die beteiligten Abteilungen läuft derzeit und wird voraussichtlich bis Ende des Monats abgeschlossen sein. 

Nächste Schritte:  
- Feedback der Abteilungen einholen und in die finale Version einarbeiten.  
- Geplante Schulungen für Mitarbeiter zur Einführung der neuen Richtlinien ab dem 15. April 2026.  

Besondere Hinweise:  
Die Überarbeitung zielt darauf ab, die Effizienz der internen Prozesse zu steigern und die Einhaltung von Vorschriften zu verbessern. Eine detaillierte Übersicht der Änderungen wird in der nächsten Sitzung präsentiert.  

Vielen Dank für die Zusammenarbeit!",no,no,no,no,no,no,no,no,no,no,no,no,no,,NONE,0,0,easy,no,none,no,train,yes,openrouter_gpt4o_mini_document,llm_rewrite_v1,no,,,v2,Synthetic document generated for controlled PII training data.,"[{'type': 'PERSON', 'value': 'Projektstatus-Update\n\nDatum', 'confidence': 0.85, 'source': 'presidio', 'start': 0, 'end': 27}]",{},['PERSON'],[],['PERSON'],False,True,True,low_cost_llm,potential_pii_evidence,True,0.00026699999580159783,confident_non_pii,False,True,True,0.046975,46.9747,0.925,0.925,no,no,no,no,no,no,no,no,no,no,no,no,False,20260909_112646,sweep1_ambiguous_bert,local,bert,distilbert-base-multilingual-cased-v1,not_applicable,local_model,bert_prefilter,gdpr_pii_detection
SYN-GENERAL_DOCUMENT-0109,synthetic_general_document_0109.txt,general_document,general_document,de,synthetic_generation,,,synthetic,2026-08-28,2026-08-28,2026-08-28,0,"Projektstatus-Update

Datum: 07. Februar 2025  
Abteilung: Projektmanagement  

Aktueller Status:  
Das Projekt zur Einführung des neuen Kundenmanagementsystems schreitet planmäßig voran. Die ersten beiden Phasen wurden erfolgreich abgeschlossen, einschließlich der Anforderungsanalyse und der Systemarchitektur.

Nächste Schritte:  
In den kommenden Wochen wird das Entwicklungsteam mit der Implementierung der Kernfunktionen beginnen. Ein Zwischenbericht wird für den 15. März 2025 erwartet.

Herausforderungen:  
Aktuell gibt es einige technische Herausforderungen hinsichtlich der Integration mit bestehenden Systemen. Das technische Team arbeitet an Lösungen, um diese Probleme bis zum nächsten Meilenstein zu beheben.

Zusammenfassung:  
Das Projektteam bleibt optimistisch, dass wir im Zeitplan bleiben und die Erwartungen der Stakeholder erfüllen können. Weitere Updates werden in den nächsten Wochen bereitgestellt.",no,no,no,no,no,no,no,no,no,no,no,no,no,,NONE,0,0,easy,no,none,no,validation,yes,openrouter_gpt4o_mini_document,llm_rewrite_v1,no,,,v2,Synthetic document generated for controlled PII training data.,"[{'type': 'PERSON', 'value': 'Projektstatus-Update\n\nDatum', 'confidence': 0.85, 'source': 'presidio', 'start': 0, 'end': 27}]",{},['PERSON'],[],['PERSON'],False,True,False,low_cost_llm,potential_pii_evidence,True,0.0002410000015515834,confident_non_pii,False,True,True,0.046975,46.9747,0.925,0.925,no,no,no,no,no,no,no,no,no,no,no,no,False,20260909_112646,sweep1_ambiguous_bert,local,bert,distilbert-base-multilingual-cased-v1,not_applicable,local_model,bert_prefilter,gdpr_pii_detection
SYN-GENERAL_DOCUMENT-0110,synthetic_general_document_0110.txt,general_document,general_document,de,synthetic_generation,,,synthetic,2026-08-28,2026-08-28,2026-08-28,0,"Projektstatus-Update

Datum: 19. April 2025  
Abteilung: Projektmanagement

Aktueller Stand:  
Das Projekt zur Aktualisierung interner Richtlinien schreitet planmäßig voran. Die Überprüfung der bestehenden Dokumente ist abgeschlossen und es wurden erforderliche Anpassungen identifiziert. 

Nächste Schritte:  
- Implementierung der aktualisierten Richtlinien in allen relevanten Abteilungen bis zum 30. Mai 2025.
- Schulungen für Mitarbeiter zur Einführung der neuen Richtlinien sind für den 15. Juni 2025 geplant.

Besondere Hinweise:  
Die Einhaltung der neuen Richtlinien wird regelmäßig überprüft, um sicherzustellen, dass die Compliance-Standards eingehalten werden. 

Referenz: REF-6863155",no,no,no,no,no,no,no,no,no,no,no,no,no,,NONE,0,0,easy,no,none,no,train,yes,openrouter_gpt4o_mini_document,llm_rewrite_v1,no,,,v2,Synthetic document generated for controlled PII training data.,"[{'type': 'PERSON', 'value': 'Projektstatus-Update\n\nDatum', 'confidence': 0.85, 'source': 'presidio', 'start': 0, 'end': 27}]",{},['PERSON'],[],['PERSON'],False,True,True,low_cost_llm,potential_pii_evidence,True,0.0002209999947808683,confident_non_pii,False,True,True,0.046975,46.9747,0.925,0.925,no,no,no,no,no,no,no,no,no,no,no,no,False,20260909_112646,sweep1_ambiguous_bert,local,bert,distilbert-base-multilingual-cased-v1,not_applicable,local_model,bert_prefilter,gdpr_pii_detection
SYN-GENERAL_DOCUMENT-0119,synthetic_general_document_0119.txt,general_document,general_document,de,synthetic_generation,,,synthetic,2026-08-28,2026-08-28,2026-08-28,0,"Projektstatus-Update

Datum: 26. Oktober 2024  
Abteilung: Projektmanagement

Aktueller Status: Die Planungen für das laufende Quartal sind abgeschlossen. Die Teams haben die Ziele festgelegt und die erforderlichen Ressourcen zugewiesen. 

Wichtige Punkte:  
- Die Budgetierung für die nächsten drei Monate wurde genehmigt.  
- Es gibt Fortschritte bei der Implementierung der neuen Softwarelösung, die bis Ende des Quartals einsatzbereit sein soll.  
- Die Schulung der Mitarbeiter wird in der nächsten Woche beginnen, um sicherzustellen, dass alle Beteiligten bestens vorbereitet sind.

Nächste Schritte:  
- Überwachung der Fortschritte in den kommenden Wochen.  
- Durchführung von wöchentlichen Updatesitzungen, um den Status zu besprechen und eventuelle Herausforderungen frühzeitig zu identifizieren.

Für Rückfragen steht das Projektmanagement-Team jederzeit zur Verfügung.",no,no,no,no,no,no,no,no,no,no,no,no,no,,NONE,0,0,easy,no,none,no,train,yes,openrouter_gpt4o_mini_document,llm_rewrite_v1,no,,,v2,Synthetic document generated for controlled PII training data.,"[{'type': 'PERSON', 'value': 'Projektstatus-Update\n\nDatum', 'confidence': 0.85, 'source': 'presidio', 'start': 0, 'end': 27}]",{},['PERSON'],[],['PERSON'],False,True,True,low_cost_llm,potential_pii_evidence,True,0.0002209999947808683,confident_non_pii,False,True,True,0.046975,46.9747,0.925,0.925,no,no,no,no,no,no,no,no,no,no,no,no,False,20260909_112646,sweep1_ambiguous_bert,local,bert,distilbert-base-multilingual-cased-v1,not_applicable,local_model,bert_prefilter,gdpr_pii_detection
SYN-GENERAL_DOCUMENT-0121,synthetic_general_document_0121.txt,general_document,general_document,en,synthetic_generation,,,synthetic,2026-08-28,2026-08-28,2026-08-28,0,"**Memo**

**To:** All Team Members  
**From:** Compliance Department  
**Date:** 2024-10-07  
**Subject:** Process Improvement Note  

Dear Team,

As part of our ongoing efforts to enhance operational efficiency, we would like to share important updates regarding our standard business processes. This memo outlines key areas for improvement identified in our recent review.

**Key Updates:**

1. **Streamlined Documentation:** We have revised our documentation protocols to reduce redundancy. Please ensure you are using the latest templates available on the intranet.

2. **Training Sessions:** Upcoming training sessions will be scheduled to familiarize everyone with the new processes. Details will follow shortly.

3. **Feedback Mechanism:** We encourage all team members to provide feedback on the current processes. Your insights are invaluable in our continuous improvement efforts.

Please refer to the attached document for more detailed information on the changes being implemented. Your cooperation and engagement are crucial as we move forward.

Best regards,  
Compliance Department  
Reference: REF-5069602",no,no,no,no,no,no,no,no,no,no,no,no,no,,NONE,0,0,easy,no,none,no,train,yes,openrouter_gpt4o_mini_document,llm_rewrite_v1,no,,,v2,Synthetic document generated for controlled PII training data. Relabeled 2026-09-03: standalone DATE_TIME with no co-occurring identifier does not meet GDPR Art.4(1) identifiability threshold; corrected from positive to negative.,"[{'type': 'NRP', 'value': 'REF-5069602', 'confidence': 0.85, 'source': 'presidio', 'start': 1110, 'end': 1121}]",{},['NRP'],[],['NRP'],False,True,False,low_cost_llm,potential_pii_evidence,True,0.00023499999952036887,confident_non_pii,False,True,True,0.046975,46.9747,0.925,0.925,no,no,no,no,no,no,no,no,no,no,no,no,False,20260909_112646,sweep1_ambiguous_bert,local,bert,distilbert-base-multilingual-cased-v1,not_applicable,local_model,bert_prefilter,gdpr_pii_detection
SYN-GENERAL_DOCUMENT-0123,synthetic_general_document_0123.txt,general_document,general_document,de,synthetic_generation,,,synthetic,2026-08-28,2026-08-28,2026-08-28,0,"Projektstatus-Update

Datum: 20. April 2027  
Abteilung: Projektmanagement  

Betreff: Projektstatusbericht zum aktuellen Stand der Planung

Sehr geehrte Teammitglieder,

hiermit erhalten Sie ein Update zum Stand der aktuellen Projekte im Rahmen unserer vierteljährlichen Planung. 

1. **Projektübersicht**  
   Alle laufenden Projekte befinden sich im Zeitplan. Die Teams haben signifikante Fortschritte gemacht, insbesondere im Bereich der Produktentwicklung und der Marktforschung.

2. **Wichtige Meilensteine**  
   - Abschluss der ersten Phase der Produktentwicklung bis Ende April 2027.
   - Durchführung von Marktanalysen bis Mitte Mai 2027.

3. **Herausforderungen**  
   Ein aktuelles Thema ist die Ressourcenverfügbarkeit, die in den kommenden Wochen engmaschig überwacht werden muss, um Verzögerungen zu vermeiden.

4. **Nächste Schritte**  
   - Fortlaufende Evaluierung der Projektressourcen.
   - Vorbereitung auf das nächste Statusmeeting am 10. Mai 2027.

Für Rückfragen oder weitere Informationen wenden Sie sich bitte an das Projektmanagement-Team.

Mit freundlichen Grüßen,  
Projektmanagement",no,no,no,no,no,no,no,no,no,no,no,no,no,,NONE,0,0,easy,no,none,no,train,yes,openrouter_gpt4o_mini_document,llm_rewrite_v1,no,,,v2,Synthetic document generated for controlled PII training data.,"[{'type': 'PERSON', 'value': 'Projektstatus-Update\n\nDatum', 'confidence': 0.85, 'source': 'presidio', 'start': 0, 'end': 27}]",{},['PERSON'],[],['PERSON'],False,True,False,low_cost_llm,potential_pii_evidence,True,0.0002229999954579398,confident_non_pii,False,True,True,0.046975,46.9747,0.925,0.925,no,no,no,no,no,no,no,no,no,no,no,no,False,20260909_112646,sweep1_ambiguous_bert,local,bert,distilbert-base-multilingual-cased-v1,not_applicable,local_model,bert_prefilter,gdpr_pii_detection
SYN-GENERAL_DOCUMENT-0131,synthetic_general_document_0131.txt,general_document,general_document,de,synthetic_generation,,,synthetic,2026-08-28,2026-08-28,2026-08-28,0,"Projektstatus-Update

Datum: 8. Juli 2025  
Abteilung: Projektmanagement

Betreff: Aktueller Stand des Projekts zur Prozessoptimierung

Zusammenfassung:  
Das Projekt zur Optimierung der operativen Abläufe verläuft planmäßig. Die Analysephase wurde erfolgreich abgeschlossen, und die Ergebnisse wurden an alle relevanten Abteilungen kommuniziert. 

Aktueller Status:  
- Die Implementierung der identifizierten Verbesserungsmaßnahmen ist in vollem Gange.
- Schulungen für die betroffenen Teams sind geplant und werden in den kommenden zwei Wochen durchgeführt.
  
Nächste Schritte:  
- Abschluss der Implementierungsphase bis Ende Juli 2025.
- Durchführung von Feedback-Sitzungen mit den jeweiligen Abteilungen zur Bewertung der neuen Prozesse.

Bitte beachten Sie, dass alle Updates weiterhin im internen Projektmanagement-Tool dokumentiert werden. 

Vielen Dank für Ihre Mitarbeit.",no,no,no,no,no,no,no,no,no,no,no,no,no,,NONE,0,0,easy,no,none,no,test,yes,openrouter_gpt4o_mini_document,llm_rewrite_v1,no,,,v2,Synthetic document generated for controlled PII training data.,"[{'type': 'PERSON', 'value': 'Projektstatus-Update\n\nDatum', 'confidence': 0.85, 'source': 'presidio', 'start': 0, 'end': 27}]",{},['PERSON'],[],['PERSON'],False,True,False,low_cost_llm,potential_pii_evidence,True,0.00023099999816622585,confident_non_pii,False,True,True,0.046975,46.9747,0.925,0.925,no,no,no,no,no,no,no,no,no,no,no,no,False,20260909_112646,sweep1_ambiguous_bert,local,bert,distilbert-base-multilingual-cased-v1,not_applicable,local_model,bert_prefilter,gdpr_pii_detection
SYN-GENERAL_DOCUMENT-0152,synthetic_general_document_0152.txt,general_document,general_document,de,synthetic_generation,,,synthetic,2026-08-28,2026-08-28,2026-08-28,0,"Projektstatus-Update

Datum: 31. August 2025  
Abteilung: Projektmanagement  

Projekt: Quartalsplanung 2025

Aktueller Status:  
Das Projektteam hat die Fortschritte der letzten drei Monate evaluiert und die nächsten Schritte für das kommende Quartal festgelegt. Die wichtigsten Themen umfassen:

1. Zielüberprüfung: Alle definierten Ziele wurden überprüft; die meisten sind im Zeitrahmen, einige erfordern jedoch Anpassungen.
2. Ressourcenplanung: Die notwendigen Ressourcen für die Umsetzung der nächsten Phase wurden identifiziert. Es wird empfohlen, zusätzliche Kapazitäten im Bereich der IT und des Marketings einzuplanen.
3. Risikomanagement: Ein neues Risiko wurde identifiziert, welches die Einhaltung des Zeitplans gefährden könnte. Ein Aktionsplan wird derzeit erarbeitet.

Nächste Schritte:  
- Durchführung eines Workshops zur Zielanpassung in der ersten Septemberwoche.
- Erstellung eines detaillierten Ressourcenplans bis zum 15. September.
- Überprüfung der Risikomanagementstrategie in der nächsten Projektbesprechung.

Bitte halten Sie sich an die festgelegten Fristen, um einen reibungslosen Ablauf zu gewährleisten. Weitere Updates folgen in der nächsten Woche.",no,no,no,no,no,no,no,no,no,no,no,no,no,,NONE,0,0,easy,no,none,no,train,yes,openrouter_gpt4o_mini_document,llm_rewrite_v1,no,,,v2,Synthetic document generated for controlled PII training data.,"[{'type': 'PERSON', 'value': 'Projektstatus-Update\n\nDatum', 'confidence': 0.85, 'source': 'presidio', 'start': 0, 'end': 27}]",{},['PERSON'],[],['PERSON'],False,True,False,low_cost_llm,potential_pii_evidence,True,0.00022000000171829015,confident_non_pii,False,True,True,0.046975,46.9747,0.925,0.925,no,no,no,no,no,no,no,no,no,no,no,no,False,20260909_112646,sweep1_ambiguous_bert,local,bert,distilbert-base-multilingual-cased-v1,not_applicable,local_model,bert_prefilter,gdpr_pii_detection
SYN-GENERAL_DOCUMENT-0155,synthetic_general_document_0155.txt,general_document,general_document,en,synthetic_generation,,,synthetic,2026-08-28,2026-08-28,2026-08-28,0,"**Policy Note**

**Title:** Internal Review Summary  
**Date:** February 21, 2026  
**Prepared by:** Compliance Department  
**Reference Number:** REF-8959087  

**Overview:**  
This document outlines the findings and recommendations from the recent internal review conducted by the Compliance Department. The review aimed to assess adherence to organizational policies and identify areas for improvement.

**Key Findings:**  
1. **Adherence to Policies:** Overall compliance with established protocols was satisfactory, with a few minor deviations noted that require attention.  
2. **Areas for Improvement:** Specific recommendations will be provided to enhance processes related to employee training and data management.

**Action Items:**  
- Review and address the identified deviations by March 15, 2026.  
- Implement additional training sessions for staff to reinforce compliance standards.

For any questions or further clarifications, please refer to the primary contact for this review, Donna Kent. 

**Conclusion:**  
The Compliance Department will continue to monitor the implementation of these recommendations to ensure that the organization maintains its commitment to operational integrity and compliance with internal policies.",yes,yes,no,no,no,no,no,no,no,no,no,no,no,PERSON,PERSON,1,1,easy,no,none,no,train,yes,openrouter_gpt4o_mini_document,llm_rewrite_v1,no,,,v2,Synthetic document generated for controlled PII training data.,"[{'type': 'DATE_TIME', 'value': 'March 15, 2026', 'confidence': 0.85, 'source': 'presidio', 'start': 795, 'end': 809}, {'type': 'PERSON', 'value': 'Donna Kent', 'confidence': 0.85, 'source': 'presidio', 'start': 998, 'end': 1008}]","{""PERSON"": 0.9958, ""DATE_TIME"": 0.9426}","['DATE_TIME', 'PERSON']",[],"['DATE_TIME', 'PERSON']",False,True,True,low_cost_llm,potential_pii_evidence,True,0.999770998954773,confident_pii,False,True,True,0.046975,46.9747,0.925,0.925,yes,no,no,no,no,no,no,no,yes,no,no,no,True,20260909_112646,sweep1_ambiguous_bert,local,bert,distilbert-base-multilingual-cased-v1,not_applicable,local_model,bert_prefilter,gdpr_pii_detection
SYN-GENERAL_DOCUMENT-0161,synthetic_general_document_0161.txt,general_document,general_document,de,synthetic_generation,,,synthetic,2026-08-28,2026-08-28,2026-08-28,0,"Projektstatus-Update

Datum: 22. Februar 2027

Abteilung: Compliance

Statusübersicht:
Im Rahmen der aktuellen Projekte in der Compliance-Abteilung wurden die Fortschritte wie folgt dokumentiert:

1. **Projektname:** Überarbeitung der Richtlinien
   - **Status:** In Bearbeitung
   - **Fortschritt:** 60% abgeschlossen
   - **Nächste Schritte:** Fertigstellung der internen Überprüfung bis zum 15. März 2027.

2. **Projektname:** Schulungsinitiative für Mitarbeiter
   - **Status:** Planung abgeschlossen
   - **Fortschritt:** Materialien entwickelt, Schulungen beginnen am 1. April 2027.
   - **Nächste Schritte:** Durchführung der ersten Schulungssitzung.

3. **Projektname:** Audit-Vorbereitung
   - **Status:** Vorbereitungsphase
   - **Fortschritt:** Dokumentation wird derzeit gesammelt.
   - **Nächste Schritte:** Abschluss der Dokumentation bis zum 5. März 2027.

Zusammenfassung:
Die Abteilung arbeitet aktiv an der Umsetzung der aktuellen Projekte und bleibt im Zeitplan. Weitere Updates werden in regelmäßigen Abständen bereitgestellt. Bei Fragen oder Anmerkungen wenden Sie sich bitte an die Compliance-Abteilung.",no,no,no,no,no,no,no,no,no,no,no,no,no,,NONE,0,0,easy,no,none,no,train,yes,openrouter_gpt4o_mini_document,llm_rewrite_v1,no,,,v2,Synthetic document generated for controlled PII training data.,"[{'type': 'PERSON', 'value': 'Projektstatus-Update\n\nDatum', 'confidence': 0.85, 'source': 'presidio', 'start': 0, 'end': 27}, {'type': 'LOCATION', 'value': 'Compliance-Abteilung', 'confidence': 0.85, 'source': 'presidio', 'start': 127, 'end': 147}, {'type': 'LOCATION', 'value': 'Compliance-Abteilung', 'confidence': 0.85, 'source': 'presidio', 'start': 1104, 'end': 1124}]",{},"['LOCATION', 'PERSON']",[],"['PERSON', 'LOCATION']",False,True,True,low_cost_llm,potential_pii_evidence,True,0.0002300000051036477,confident_non_pii,False,True,True,0.046975,46.9747,0.925,0.925,no,no,no,no,no,no,no,no,no,no,no,no,False,20260909_112646,sweep1_ambiguous_bert,local,bert,distilbert-base-multilingual-cased-v1,not_applicable,local_model,bert_prefilter,gdpr_pii_detection
SYN-GENERAL_DOCUMENT-0182,synthetic_general_document_0182.txt,general_document,general_document,de,synthetic_generation,,,synthetic,2026-08-28,2026-08-28,2026-08-28,0,"Projektstatus-Update

Datum: 20. Oktober 2026  
Abteilung: Compliance  

**Projektübersicht:**  
Aktueller Stand der internen Überprüfung im Rahmen der regulären Geschäftstätigkeiten.  

**Status:**  
Die Compliance-Abteilung hat die ersten Phasen der internen Überprüfung abgeschlossen. Alle festgelegten Kriterien wurden überprüft und dokumentiert.  

**Nächste Schritte:**  
- Fortsetzung der Analyse der Ergebnisse bis zum Ende des Monats.
- Vorbereitung eines detaillierten Berichts für die Geschäftsführung.

**Referenznummer:** REF-6667091  

**Bemerkungen:**  
Zusätzliche Notizen und Ergebnisse werden in der nächsten Besprechung vorgestellt.",no,no,no,no,no,no,no,no,no,no,no,no,no,,NONE,0,0,easy,no,none,no,validation,yes,openrouter_gpt4o_mini_document,llm_rewrite_v1,no,,,v2,Synthetic document generated for controlled PII training data.,"[{'type': 'PERSON', 'value': 'Projektstatus-Update\n\nDatum', 'confidence': 0.85, 'source': 'presidio', 'start': 0, 'end': 27}]",{},['PERSON'],[],['PERSON'],False,True,False,low_cost_llm,potential_pii_evidence,True,0.00023299999884329736,confident_non_pii,False,True,True,0.046975,46.9747,0.925,0.925,no,no,no,no,no,no,no,no,no,no,no,no,False,20260909_112646,sweep1_ambiguous_bert,local,bert,distilbert-base-multilingual-cased-v1,not_applicable,local_model,bert_prefilter,gdpr_pii_detection
SYN-GENERAL_DOCUMENT-0187,synthetic_general_document_0187.txt,general_document,general_document,de,synthetic_generation,,,synthetic,2026-08-28,2026-08-28,2026-08-28,0,"Projektstatus-Update

Datum: 19. November 2024  
Abteilung: Unternehmenskommunikation

Betreff: Statusbericht zum operativen Prozess

Aktueller Stand:  
Die interne Dokumentation für den laufenden Geschäftsvorgang wurde aktualisiert. Alle relevanten Informationen sind nun konsolidiert und entsprechen den aktuellen Anforderungen. 

Nächste Schritte:  
- Überprüfung der Dokumentation durch das Qualitätssicherungsteam bis zum 30. November 2024.
- Schulung der Mitarbeiter zu den neuen Abläufen, geplant für die erste Dezemberwoche.

Bitte halten Sie sich an die neuen Richtlinien und informieren Sie Ihr Team über die Änderungen. 

Referenz: REF-3421468",no,no,no,no,no,no,no,no,no,no,no,no,no,,NONE,0,0,easy,no,none,no,train,yes,openrouter_gpt4o_mini_document,llm_rewrite_v1,no,,,v2,Synthetic document generated for controlled PII training data.,"[{'type': 'PERSON', 'value': 'Projektstatus-Update\n\nDatum', 'confidence': 0.85, 'source': 'presidio', 'start': 0, 'end': 27}]",{},['PERSON'],[],['PERSON'],False,True,True,low_cost_llm,potential_pii_evidence,True,0.0002229999954579398,confident_non_pii,False,True,True,0.046975,46.9747,0.925,0.925,no,no,no,no,no,no,no,no,no,no,no,no,False,20260909_112646,sweep1_ambiguous_bert,local,bert,distilbert-base-multilingual-cased-v1,not_applicable,local_model,bert_prefilter,gdpr_pii_detection
SYN-GENERAL_DOCUMENT-0195,synthetic_general_document_0195.txt,general_document,general_document,de,synthetic_generation,,,synthetic,2026-08-28,2026-08-28,2026-08-28,0,"Projektstatus-Update

Datum: 19. Februar 2026  
Abteilung: Projektmanagement  

Aktueller Stand:  
Das Projektteam hat die Implementierung der neuen internen Richtlinien erfolgreich abgeschlossen. Die Dokumentation wurde überarbeitet und ist nun für alle Abteilungen zugänglich. 

Wichtige Punkte:  
- Die Inhalte wurden aktualisiert, um den aktuellen Geschäftsvorgängen gerecht zu werden.  
- Die Referenznummer für die neuen Richtlinien lautet REF-5194942.  
- Schulungen für alle Mitarbeiter sind für die kommende Woche geplant, um die Änderungen zu vermitteln.  

Nächste Schritte:  
- Durchführung der Schulungen.  
- Feedback der Mitarbeiter sammeln und eventuelle Anpassungen vornehmen.  

Bei Fragen oder Anliegen steht das Projektmanagement zur Verfügung.",no,no,no,no,no,no,no,no,no,no,no,no,no,,NONE,0,0,easy,no,none,no,test,yes,openrouter_gpt4o_mini_document,llm_rewrite_v1,no,,,v2,Synthetic document generated for controlled PII training data.,"[{'type': 'PERSON', 'value': 'Projektstatus-Update\n\nDatum', 'confidence': 0.85, 'source': 'presidio', 'start': 0, 'end': 27}]",{},['PERSON'],[],['PERSON'],False,True,True,low_cost_llm,potential_pii_evidence,True,0.0002300000051036477,confident_non_pii,False,True,True,0.046975,46.9747,0.925,0.925,no,no,no,no,no,no,no,no,no,no,no,no,False,20260909_112646,sweep1_ambiguous_bert,local,bert,distilbert-base-multilingual-cased-v1,not_applicable,local_model,bert_prefilter,gdpr_pii_detection
SYN-GENERAL_DOCUMENT-0211,synthetic_general_document_0211.txt,general_document,general_document,en,synthetic_generation,,,synthetic,2026-08-28,2026-08-28,2026-08-28,0,"General Document

Title: Department Update
Date: 2024-11-13
Author: Compliance Department
Content: Information not available
Reference: REF-3886028
Notes: Internal documentation for the standard business process.",no,no,no,no,no,no,no,no,no,no,no,no,no,,NONE,0,0,easy,no,none,no,train,yes,faker_archetype_fallback,llm_rewrite_v1_fallback,no,,,v2,Synthetic document generated for controlled PII training data. Relabeled 2026-09-03: standalone URL with no co-occurring identifier does not meet GDPR Art.4(1) identifiability threshold; corrected from positive to negative.,"[{'type': 'NRP', 'value': 'REF-3886028', 'confidence': 0.85, 'source': 'presidio', 'start': 136, 'end': 147}]",{},['NRP'],[],['NRP'],False,True,False,low_cost_llm,potential_pii_evidence,True,0.00021699999342672527,confident_non_pii,False,True,True,0.046975,46.9747,0.925,0.925,no,no,no,no,no,no,no,no,no,no,no,no,False,20260909_112646,sweep1_ambiguous_bert,local,bert,distilbert-base-multilingual-cased-v1,not_applicable,local_model,bert_prefilter,gdpr_pii_detection
SYN-GENERAL_DOCUMENT-0218,synthetic_general_document_0218.txt,general_document,general_document,en,synthetic_generation,,,synthetic,2026-08-28,2026-08-28,2026-08-28,0,"**Internal Memo**

**To:** All Staff  
**From:** David Anderson  
**Date:** April 23, 2025  
**Subject:** Update on Operational Process Guidelines  

Dear Team,

I hope this message finds you well. I am writing to provide an important update regarding our operational processes that will enhance our efficiency and ensure consistency across our departments.

**Overview of Changes**  
As part of our ongoing commitment to optimizing our workflow, we have reviewed our current procedures and identified key areas for improvement. The updated guidelines aim to streamline operations and reduce redundancies.

**Key Updates Include:**  
- **Process Documentation:** All teams are required to maintain clear and updated documentation of their processes. This will help in onboarding new members and provide a reference for existing staff.
- **Standardization:** We are implementing standardized templates for reports and project updates to ensure uniformity in our communication.
- **Accountability:** Each department will designate a process owner responsible for overseeing compliance with these guidelines and addressing any issues that arise.

**Implementation Timeline**  
These changes will take effect starting May 15, 2025. Training sessions will be scheduled over the next few weeks to familiarize everyone with the new guidelines.

**Next Steps**  
Please review the attached document that outlines the complete operational process updates. We encourage you to share any feedback or questions by the end of this week.

Thank you for your cooperation as we work together to improve our operations.

Best regards,

David Anderson  
[Your Position]  
[Your Department]  
[Your Company Name]",yes,yes,no,no,no,no,no,no,no,no,no,no,no,PERSON,PERSON,1,1,easy,no,none,no,test,yes,openrouter_gpt4o_mini_document,llm_rewrite_v1,no,,,v2,Synthetic document generated for controlled PII training data.,"[{'type': 'PERSON', 'value': 'David Anderson', 'confidence': 0.85, 'source': 'presidio', 'start': 49, 'end': 63}, {'type': 'DATE_TIME', 'value': 'April 23, 2025', 'confidence': 0.85, 'source': 'presidio', 'start': 76, 'end': 90}, {'type': 'DATE_TIME', 'value': 'the end of this week', 'confidence': 0.85, 'source': 'presidio', 'start': 1502, 'end': 1522}, {'type': 'PERSON', 'value': 'David Anderson', 'confidence': 0.85, 'source': 'presidio', 'start': 1619, 'end': 1633}]","{""PERSON"": 0.996, ""DATE_TIME"": 0.9676}","['DATE_TIME', 'PERSON']",[],"['PERSON', 'DATE_TIME']",False,True,True,low_cost_llm,potential_pii_evidence,True,0.9997900128364563,confident_pii,False,True,True,0.046975,46.9747,0.925,0.925,yes,no,no,no,no,no,no,no,yes,no,no,no,True,20260909_112646,sweep1_ambiguous_bert,local,bert,distilbert-base-multilingual-cased-v1,not_applicable,local_model,bert_prefilter,gdpr_pii_detection
SYN-GENERAL_DOCUMENT-0225,synthetic_general_document_0225.txt,general_document,general_document,de,synthetic_generation,,,synthetic,2026-08-28,2026-08-28,2026-08-28,0,"Projektstatus-Update

Datum: 02. September 2026  
Abteilung: Projektmanagement  

Inhalt: 

Dies ist ein Statusupdate zum aktuellen Stand der Projekte innerhalb der Abteilung. Die folgenden Punkte wurden seit dem letzten Update bearbeitet:

1. **Projekt A:**  
   - Status: In Bearbeitung  
   - Fortschritt: 70% abgeschlossen  
   - Nächste Schritte: Fertigstellung der Testphase bis Ende September.

2. **Projekt B:**  
   - Status: Abschlussphase  
   - Fortschritt: Alle Hauptziele erreicht  
   - Nächste Schritte: Vorbereitung der Abschlussdokumentation und Übergabe an das Team für Betrieb.

3. **Projekt C:**  
   - Status: Planung  
   - Fortschritt: 30% der Planungsphase abgeschlossen  
   - Nächste Schritte: Detaillierte Projektzeitlinie bis Mitte September erstellen.

Bitte beachten Sie, dass alle Teammitglieder weiterhin ermutigt werden, Feedback zu den laufenden Projekten zu geben. Ein weiteres Update wird in zwei Wochen erwartet.",no,no,no,no,no,no,no,no,no,no,no,no,no,,NONE,0,0,easy,no,none,no,train,yes,openrouter_gpt4o_mini_document,llm_rewrite_v1,no,,,v2,Synthetic document generated for controlled PII training data.,"[{'type': 'PERSON', 'value': 'Projektstatus-Update\n\nDatum', 'confidence': 0.85, 'source': 'presidio', 'start': 0, 'end': 27}]",{},['PERSON'],[],['PERSON'],False,True,False,low_cost_llm,potential_pii_evidence,True,0.00023400000645779073,confident_non_pii,False,True,True,0.046975,46.9747,0.925,0.925,no,no,no,no,no,no,no,no,no,no,no,no,False,20260909_112646,sweep1_ambiguous_bert,local,bert,distilbert-base-multilingual-cased-v1,not_applicable,local_model,bert_prefilter,gdpr_pii_detection
SYN-GENERAL_DOCUMENT-0246,synthetic_general_document_0246.txt,general_document,general_document,en,synthetic_generation,,,synthetic,2026-08-28,2026-08-28,2026-08-28,0,"**Project Status Update**

**Project Title:** Process Improvement Initiative  
**Date:** July 23, 2027  
**Prepared by:** Corporate Communications Team  

**Current Status:** In Progress  
**Reference Number:** REF-9024463  

**Overview:**  
The Process Improvement Initiative is designed to enhance operational efficiencies across various departments within the organization. This project aims to identify bottlenecks and implement streamlined procedures.

**Key Developments:**  
- A comprehensive analysis of existing workflows has been completed.  
- Initial feedback sessions with department heads have been conducted to gather insights.  
- Proposed changes have been drafted and are currently under review.

**Next Steps:**  
- Finalize proposed adjustments based on feedback received.  
- Schedule training sessions for staff on new processes.  
- Target implementation date is set for August 15, 2027.

**Location for Correspondence:**  
597 Kenneth Pine, Arnoldshire, CT 23745  

Please direct any questions or comments regarding this update to the Corporate Communications Team.",no,no,no,no,no,no,no,no,no,no,no,no,no,,NONE,0,0,easy,no,none,no,validation,yes,openrouter_gpt4o_mini_document,llm_rewrite_v1,no,,,v2,Synthetic document generated for controlled PII training data. Relabeled 2026-09-03: standalone LOCATION with no co-occurring identifier does not meet GDPR Art.4(1) identifiability threshold; corrected from positive to negative.,"[{'type': 'DATE_TIME', 'value': 'August 15, 2027', 'confidence': 0.85, 'source': 'presidio', 'start': 894, 'end': 909}, {'type': 'PERSON', 'value': 'Kenneth Pine', 'confidence': 0.85, 'source': 'presidio', 'start': 951, 'end': 963}, {'type': 'LOCATION', 'value': 'Arnoldshire', 'confidence': 0.85, 'source': 'presidio', 'start': 965, 'end': 976}]",{},"['DATE_TIME', 'LOCATION', 'PERSON']",[],"['DATE_TIME', 'PERSON', 'LOCATION']",False,True,False,low_cost_llm,potential_pii_evidence,True,0.9836360216140747,confident_pii,False,True,True,0.046975,46.9747,0.925,0.925,no,no,no,no,no,no,no,no,no,no,no,no,True,20260909_112646,sweep1_ambiguous_bert,local,bert,distilbert-base-multilingual-cased-v1,not_applicable,local_model,bert_prefilter,gdpr_pii_detection
SYN-INCIDENT_REPORT-0039,synthetic_incident_report_0039.txt,report,incident_report,en,synthetic_generation,,,synthetic,2026-08-28,2026-08-28,2026-08-28,0,"Incident Report

Date: 2026-03-14
Location: 86352 Sharon Cape, Jenkinschester, VT 52382
Type: IT Security Incident
Description: On March 14, 2026, at the location of 86352 Sharon Cape, Jenkinschester, VT 52382, an IT Security Incident occurred that resulted in unauthorized access to sensitive internal data. The breach was detected during routine monitoring, revealing that certain data sets had been accessed without proper authorization. Immediate containment measures were initiated to prevent further exploitation of the vulnerability.
Root Cause: The root cause of the incident was identified as a misconfiguration in access control settings within the network security protocols. This oversight allowed unauthorized personnel to bypass authentication measures, leading to the exposure of confidential data. The investigation revealed that the configuration error stemmed from a recent system update that had not been adequately reviewed for potential security implications.
Corrective Action: In response to the incident, a comprehensive audit of access control mechanisms will be conducted to ensure all settings comply with security best practices. Additionally, training sessions for IT staff on system updates and configuration management will be implemented to mitigate future risks. A follow-up review will be scheduled for April 27, 2027, to assess the effectiveness of these corrective measures at the location of 86352 Sharon Cape, Jenkinschester, VT 52382.
Owner: Lisa Moore
Deadline: 2027-04-27",yes,yes,no,no,yes,no,no,no,no,no,no,no,no,PERSON; LOCATION,MULTIPLE,2,2,easy,no,none,no,train,yes,openrouter_gpt4o_mini_field,field_llm_v1,no,,,v2,Synthetic document generated for controlled PII training data.,"[{'type': 'DATE_TIME', 'value': '2026-03-14', 'confidence': 0.95, 'source': 'presidio', 'start': 23, 'end': 33}, {'type': 'PERSON', 'value': 'Sharon Cape', 'confidence': 0.85, 'source': 'presidio', 'start': 50, 'end': 61}, {'type': 'LOCATION', 'value': 'Jenkinschester', 'confidence': 0.85, 'source': 'presidio', 'start': 63, 'end': 77}, {'type': 'DATE_TIME', 'value': 'March 14, 2026', 'confidence': 0.85, 'source': 'presidio', 'start': 131, 'end': 145}, {'type': 'PERSON', 'value': 'Sharon Cape', 'confidence': 0.85, 'source': 'presidio', 'start': 172, 'end': 183}, {'type': 'LOCATION', 'value': 'Jenkinschester', 'confidence': 0.85, 'source': 'presidio', 'start': 185, 'end': 199}, {'type': 'DATE_TIME', 'value': 'April 27, 2027', 'confidence': 0.85, 'source': 'presidio', 'start': 1337, 'end': 1351}, {'type': 'PERSON', 'value': 'Sharon Cape', 'confidence': 0.85, 'source': 'presidio', 'start': 1435, 'end': 1446}, {'type': 'LOCATION', 'value': 'Jenkinschester', 'confidence': 0.85, 'source': 'presidio', 'start': 1448, 'end': 1462}, {'type': 'DATE_TIME', 'value': '52382', 'confidence': 0.85, 'source': 'presidio', 'start': 1467, 'end': 1472}, {'type': 'PERSON', 'value': 'Lisa Moore', 'confidence': 0.85, 'source': 'presidio', 'start': 1481, 'end': 1491}, {'type': 'DATE_TIME', 'value': '2027-04-27', 'confidence': 0.85, 'source': 'presidio', 'start': 1502, 'end': 1512}]","{""PERSON"": 0.982, ""LOCATION"": 0.9922, ""DATE_TIME"": 0.9577}","['DATE_TIME', 'LOCATION', 'PERSON']",[],"['DATE_TIME', 'PERSON', 'LOCATION']",False,True,False,low_cost_llm,potential_pii_evidence,True,0.9979419708251953,confident_pii,False,True,True,0.046975,46.9747,0.925,0.925,yes,no,no,yes,no,no,no,no,yes,no,no,no,True,20260909_112646,sweep1_ambiguous_bert,local,bert,distilbert-base-multilingual-cased-v1,not_applicable,local_model,bert_prefilter,gdpr_pii_detection
SYN-INCIDENT_REPORT-0050,synthetic_incident_report_0050.txt,report,incident_report,de,synthetic_generation,,,synthetic,2026-08-28,2026-08-28,2026-08-28,0,"Vorfallsbericht

Datum: 2026-10-20
Ort: Constantin-Baum-Weg 472, 63505 Helmstedt
Typ: Equipment Failure
Beschreibung: Inge Dörr
Ursache: Die Ausrüstung versagte aufgrund eines unzureichenden Wartungsprotokolls, das nicht regelmäßig aktualisiert wurde.
Maßnahme: Ein umfassendes Wartungsprogramm wurde implementiert, um regelmäßige Überprüfungen und Aktualisierungen sicherzustellen. Schulungen für das Team wurden durchgeführt, um die Wartungsstandards zu verbessern.
Verantwortlich: Security Team
Frist: 2027-04-22",yes,yes,no,no,yes,no,no,no,no,no,no,no,no,PERSON; LOCATION,MULTIPLE,2,2,easy,no,none,no,train,yes,openrouter_gpt4o_mini_field,field_llm_v1,no,,,v2,Synthetic document generated for controlled PII training data.,"[{'type': 'LOCATION', 'value': 'Constantin-Baum-Weg 472', 'confidence': 0.85, 'source': 'presidio', 'start': 40, 'end': 63}, {'type': 'LOCATION', 'value': 'Helmstedt', 'confidence': 0.85, 'source': 'presidio', 'start': 71, 'end': 80}, {'type': 'PERSON', 'value': 'Inge Dörr', 'confidence': 0.85, 'source': 'presidio', 'start': 118, 'end': 127}, {'type': 'DATE_TIME', 'value': '2026-10-20', 'confidence': 0.6, 'source': 'presidio', 'start': 24, 'end': 34}]","{""PERSON"": 0.9947, ""LOCATION"": 0.9867, ""DATE_TIME"": 0.969}","['DATE_TIME', 'LOCATION', 'PERSON']",[],"['LOCATION', 'PERSON', 'DATE_TIME']",False,True,False,low_cost_llm,potential_pii_evidence,True,0.9995710253715515,confident_pii,False,True,True,0.046975,46.9747,0.925,0.925,yes,no,no,yes,no,no,no,no,yes,no,no,no,True,20260909_112646,sweep1_ambiguous_bert,local,bert,distilbert-base-multilingual-cased-v1,not_applicable,local_model,bert_prefilter,gdpr_pii_detection
SYN-INCIDENT_REPORT-0077,synthetic_incident_report_0077.txt,report,incident_report,en,synthetic_generation,,,synthetic,2026-08-28,2026-08-28,2026-08-28,0,"Incident Report

Date: 2025-12-11
Location: 362 Susan Port Suite 552, North Danaton, FM 54502
Type: Operational Incident
Description: On December 11, 2025, an operational incident occurred at 362 Susan Port Suite 552, North Danaton, FM 54502, resulting in a temporary disruption of services. The incident was reported by Michael Marks, who observed irregular system behavior affecting client transactions.
Root Cause: The investigation revealed that the root cause of the incident was a software malfunction triggered by a recent update, which was incompatible with existing system configurations.
Corrective Action: To prevent future occurrences, the software will be rolled back to the previous stable version, and a comprehensive review of the update process will be initiated. Additionally, training will be provided to the IT team on managing updates effectively.
Owner: Michael Marks
Deadline: 2025-08-18",yes,yes,no,no,yes,no,no,no,no,no,no,no,no,PERSON; LOCATION,MULTIPLE,2,2,easy,no,none,no,train,yes,openrouter_gpt4o_mini_field,field_llm_v1,no,,,v2,Synthetic document generated for controlled PII training data.,"[{'type': 'DATE_TIME', 'value': '2025-12-11', 'confidence': 0.95, 'source': 'presidio', 'start': 23, 'end': 33}, {'type': 'PERSON', 'value': 'North Danaton', 'confidence': 0.85, 'source': 'presidio', 'start': 70, 'end': 83}, {'type': 'DATE_TIME', 'value': 'December 11, 2025', 'confidence': 0.85, 'source': 'presidio', 'start': 137, 'end': 154}, {'type': 'PERSON', 'value': 'Susan Port Suite', 'confidence': 0.85, 'source': 'presidio', 'start': 196, 'end': 212}, {'type': 'PERSON', 'value': 'North Danaton', 'confidence': 0.85, 'source': 'presidio', 'start': 218, 'end': 231}, {'type': 'PERSON', 'value': 'Michael Marks', 'confidence': 0.85, 'source': 'presidio', 'start': 321, 'end': 334}, {'type': 'PERSON', 'value': 'Michael Marks', 'confidence': 0.85, 'source': 'presidio', 'start': 876, 'end': 889}, {'type': 'DATE_TIME', 'value': '2025-08-18', 'confidence': 0.85, 'source': 'presidio', 'start': 900, 'end': 910}]","{""PERSON"": 0.983, ""LOCATION"": 0.9913, ""DATE_TIME"": 0.9564}","['DATE_TIME', 'PERSON']",[],"['DATE_TIME', 'PERSON']",False,True,False,low_cost_llm,potential_pii_evidence,True,0.9978259801864624,confident_pii,False,True,True,0.046975,46.9747,0.925,0.925,yes,no,no,yes,no,no,no,no,yes,no,no,no,True,20260909_112646,sweep1_ambiguous_bert,local,bert,distilbert-base-multilingual-cased-v1,not_applicable,local_model,bert_prefilter,gdpr_pii_detection
SYN-INCIDENT_REPORT-0087,synthetic_incident_report_0087.txt,report,incident_report,en,synthetic_generation,,,synthetic,2026-08-28,2026-08-28,2026-08-28,0,"Incident Report

Date: 2024-02-04
Location: Operations Area
Type: Service Disruption
Description: Morgan Evans was responsible for overseeing the incident response during the service disruption on February 4, 2024.
Root Cause: The service disruption was primarily caused by an unexpected failure in the core network infrastructure, which resulted in a significant loss of connectivity across multiple operational nodes. Subsequent investigations revealed that the failure was due to outdated hardware components that had not been replaced during the scheduled maintenance cycle, leading to a critical breakdown.
Corrective Action: To prevent future occurrences, a comprehensive review of the current network infrastructure will be conducted, with a focus on replacing outdated hardware. Additionally, the maintenance schedule will be revised to include more frequent checks and updates to ensure all components are functioning optimally. Training sessions for the operations team will also be implemented to enhance their ability to respond to similar incidents effectively.
Owner: Operations Management
Deadline: 2026-04-17",yes,yes,no,no,no,no,no,no,no,yes,no,no,no,PERSON; DATE_TIME,MULTIPLE,2,2,easy,no,none,no,train,yes,openrouter_gpt4o_mini_field,field_llm_v1,no,,,v2,Synthetic document generated for controlled PII training data.,"[{'type': 'DATE_TIME', 'value': '2024-02-04', 'confidence': 0.95, 'source': 'presidio', 'start': 23, 'end': 33}, {'type': 'PERSON', 'value': 'Morgan Evans', 'confidence': 0.85, 'source': 'presidio', 'start': 98, 'end': 110}, {'type': 'DATE_TIME', 'value': 'February 4, 2024', 'confidence': 0.85, 'source': 'presidio', 'start': 197, 'end': 213}]","{""PERSON"": 0.9975, ""DATE_TIME"": 0.9842}","['DATE_TIME', 'PERSON']",[],"['DATE_TIME', 'PERSON']",False,True,False,low_cost_llm,potential_pii_evidence,True,0.9997940063476562,confident_pii,False,True,True,0.046975,46.9747,0.925,0.925,yes,no,no,no,no,no,no,no,yes,no,no,no,True,20260909_112646,sweep1_ambiguous_bert,local,bert,distilbert-base-multilingual-cased-v1,not_applicable,local_model,bert_prefilter,gdpr_pii_detection
SYN-INCIDENT_REPORT-0093,synthetic_incident_report_0093.txt,report,incident_report,de,synthetic_generation,,,synthetic,2026-08-28,2026-08-28,2026-08-28,0,"Vorfallsbericht

Datum: 2026-01-21
Ort: Betriebsbereich
Typ: Equipment Failure
Beschreibung: Am 21. Januar 2026 kam es im Betriebsbereich zu einem unerwarteten Ausfall der Produktionsmaschine, was zu erheblichen Verzögerungen in der Fertigung führte. Die Maschine war für die Verarbeitung kritischer Komponenten verantwortlich, und der Ausfall hat einen Rückstau in der Lieferkette verursacht, der die Einhaltung von Fristen gefährdet.
Ursache: Die Untersuchung ergab, dass die Ursache des Ausfalls auf einen Defekt im Hauptantriebssystem der Maschine zurückzuführen ist. Eine eingehende Analyse des Wartungsprotokolls zeigte, dass der Defekt durch unzureichende Schmierung und fehlende regelmäßige Inspektionen verursacht wurde, die in den letzten Monaten versäumt wurden.
Maßnahme: Um zukünftige Vorfälle dieser Art zu vermeiden, wird eine umfassende Überprüfung der Wartungspläne für alle Maschinen im Betriebsbereich durchgeführt. Katrin Seidel B.Eng. wird die Verantwortung für die Implementierung eines neuen, strengeren Wartungsprotokolls übernehmen, das regelmäßige Inspektionen und Schmierintervalle umfasst. Zusätzlich werden Schulungen für das Wartungspersonal organisiert, um sicherzustellen, dass alle Mitarbeiter mit den neuen Verfahren vertraut sind.
Verantwortlich: Katrin Seidel B.Eng.
Frist: 2025-06-03",yes,yes,no,no,no,no,no,no,no,no,no,no,no,PERSON,PERSON,1,1,easy,no,none,no,train,yes,openrouter_gpt4o_mini_field,field_llm_v1,no,,,v2,Synthetic document generated for controlled PII training data.,"[{'type': 'PERSON', 'value': 'Katrin Seidel', 'confidence': 0.85, 'source': 'presidio', 'start': 935, 'end': 948}, {'type': 'PERSON', 'value': 'Katrin Seidel', 'confidence': 0.85, 'source': 'presidio', 'start': 1282, 'end': 1295}, {'type': 'DATE_TIME', 'value': '2025-06-03', 'confidence': 0.6, 'source': 'presidio', 'start': 1310, 'end': 1320}]","{""PERSON"": 0.9967, ""DATE_TIME"": 0.9403}","['DATE_TIME', 'PERSON']",[],"['PERSON', 'DATE_TIME']",False,True,True,low_cost_llm,potential_pii_evidence,True,0.9998300075531006,confident_pii,False,True,True,0.046975,46.9747,0.925,0.925,yes,no,no,no,no,no,no,no,yes,no,no,no,True,20260909_112646,sweep1_ambiguous_bert,local,bert,distilbert-base-multilingual-cased-v1,not_applicable,local_model,bert_prefilter,gdpr_pii_detection
SYN-INCIDENT_REPORT-0099,synthetic_incident_report_0099.txt,report,incident_report,de,synthetic_generation,,,synthetic,2026-08-28,2026-08-28,2026-08-28,0,"Vorfallsbericht

Datum: 2025-12-07
Ort: IT-Abteilung
Typ: IT Security Incident
Beschreibung: Am 2025-12-07 wurde in der IT-Abteilung ein IT-Sicherheitsvorfall festgestellt, der auf einen unautorisierten Zugriff auf sensible Daten hinwies. Die Untersuchung ergab, dass ein externer Akteur durch eine Phishing-E-Mail in das System eindrang, was zu einem potenziellen Datenverlust führte. Sofortige Maßnahmen wurden ergriffen, um die Integrität der Systeme zu schützen und weitere Schäden zu verhindern.
Ursache: Die Ursache des Vorfalls liegt in einer unzureichenden Schulung der Mitarbeiter zur Erkennung von Phishing-Angriffen. Zudem wurde festgestellt, dass die eingesetzte Sicherheitssoftware nicht auf dem neuesten Stand war, wodurch der Angriff nicht rechtzeitig erkannt werden konnte. Diese Faktoren trugen maßgeblich dazu bei, dass der Zugriff auf vertrauliche Informationen ermöglicht wurde.
Maßnahme: Zur Behebung des Vorfalls wird eine umfassende Schulungsmaßnahme für alle Mitarbeiter der IT-Abteilung eingeführt, die sich auf die Identifizierung von Phishing-Versuchen konzentriert. Zusätzlich wird die Sicherheitssoftware aktualisiert und regelmäßig gewartet, um ähnliche Vorfälle in der Zukunft zu verhindern. Ein Monitoring-Tool wird implementiert, um verdächtige Aktivitäten in Echtzeit zu erkennen und zu melden.
Verantwortlich: Prof. Andrej Losekann
Frist: 2025-02-11",yes,yes,no,no,no,no,no,no,no,yes,no,no,no,PERSON; DATE_TIME,MULTIPLE,2,2,easy,no,none,no,train,yes,openrouter_gpt4o_mini_field,field_llm_v1,no,,,v2,Synthetic document generated for controlled PII training data.,"[{'type': 'PERSON', 'value': 'Andrej Losekann', 'confidence': 0.85, 'source': 'presidio', 'start': 1351, 'end': 1366}, {'type': 'DATE_TIME', 'value': '2025-02-11', 'confidence': 0.6, 'source': 'presidio', 'start': 1374, 'end': 1384}]","{""PERSON"": 0.997, ""DATE_TIME"": 0.97}","['DATE_TIME', 'PERSON']",[],"['PERSON', 'DATE_TIME']",False,True,True,low_cost_llm,potential_pii_evidence,True,0.9998379945755005,confident_pii,False,True,True,0.046975,46.9747,0.925,0.925,yes,no,no,no,no,no,no,no,yes,no,no,no,True,20260909_112646,sweep1_ambiguous_bert,local,bert,distilbert-base-multilingual-cased-v1,not_applicable,local_model,bert_prefilter,gdpr_pii_detection
SYN-INCIDENT_REPORT-0100,synthetic_incident_report_0100.txt,report,incident_report,en,synthetic_generation,,,synthetic,2026-08-28,2026-08-28,2026-08-28,0,"Incident Report

Date: 2025-06-03
Location: Main Office
Type: Process Deviation
Description: On June 3, 2025, a process deviation was reported at the Main Office involving a significant lapse in the quality control procedures during the last production cycle. This incident led to the shipment of products that did not meet the established quality standards, resulting in customer complaints and potential financial repercussions for the company. Immediate action was required to assess the impact and implement measures to mitigate any further risks associated with this deviation.
Root Cause: The root cause of the incident has been traced back to a failure in the adherence to the standard operating procedures (SOPs) regarding quality checks. Specifically, it was identified that the quality control team, under the supervision of John Gray, did not perform the mandatory inspections due to insufficient training on the updated procedures implemented earlier this year. This lapse in protocol directly contributed to the oversight in product quality.
Corrective Action: To remediate this issue, a comprehensive retraining program will be instituted for all quality control personnel, supervised by John Gray, by the deadline of November 15, 2024. Additionally, the SOPs will be reviewed and revised to enhance clarity and ensure compliance. Regular audits will be scheduled to monitor adherence to the updated processes, and a feedback mechanism will be established to capture any future deviations promptly.
Owner: John Gray
Deadline: 2024-11-15",yes,yes,no,no,no,no,no,no,no,no,no,no,no,PERSON,PERSON,1,1,easy,no,none,no,train,yes,openrouter_gpt4o_mini_field,field_llm_v1,no,,,v2,Synthetic document generated for controlled PII training data.,"[{'type': 'PERSON', 'value': 'John Gray', 'confidence': 0.85, 'source': 'presidio', 'start': 835, 'end': 844}, {'type': 'DATE_TIME', 'value': 'earlier this year', 'confidence': 0.85, 'source': 'presidio', 'start': 955, 'end': 972}, {'type': 'PERSON', 'value': 'John Gray', 'confidence': 0.85, 'source': 'presidio', 'start': 1202, 'end': 1211}, {'type': 'DATE_TIME', 'value': 'November 15, 2024', 'confidence': 0.85, 'source': 'presidio', 'start': 1232, 'end': 1249}, {'type': 'PERSON', 'value': 'John Gray', 'confidence': 0.85, 'source': 'presidio', 'start': 1520, 'end': 1529}, {'type': 'DATE_TIME', 'value': '2024-11-15', 'confidence': 0.85, 'source': 'presidio', 'start': 1540, 'end': 1550}]","{""PERSON"": 0.9962, ""DATE_TIME"": 0.9717}","['DATE_TIME', 'PERSON']",[],"['PERSON', 'DATE_TIME']",False,True,False,low_cost_llm,potential_pii_evidence,True,0.9998149871826172,confident_pii,False,True,True,0.046975,46.9747,0.925,0.925,yes,no,no,no,no,no,no,no,yes,no,no,no,True,20260909_112646,sweep1_ambiguous_bert,local,bert,distilbert-base-multilingual-cased-v1,not_applicable,local_model,bert_prefilter,gdpr_pii_detection
SYN-INCIDENT_REPORT-0110,synthetic_incident_report_0110.txt,report,incident_report,en,synthetic_generation,,,synthetic,2026-08-28,2026-08-28,2026-08-28,0,"Incident Report

Date: 2027-03-03
Location: 99519 Bauer Roads, Larsonmouth, KY 57715
Type: IT Security Incident
Description: On March 3, 2027, a security breach occurred at 99519 Bauer Roads, Larsonmouth, KY 57715, resulting in unauthorized access to sensitive data. The incident was detected by the Security Team during routine monitoring.
Root Cause: The breach was traced back to a misconfigured firewall that allowed external access to internal systems. This configuration error was not identified during previous security audits.
Corrective Action: Immediate measures were taken to reconfigure the firewall settings to prevent further unauthorized access. Additionally, a comprehensive review of all security configurations will be completed by the deadline of 2026-06-11 to ensure compliance with security standards.
Owner: Security Team
Deadline: 2026-06-11",yes,no,no,no,yes,no,no,no,no,yes,no,no,no,LOCATION; DATE_TIME,MULTIPLE,2,2,easy,no,none,no,train,yes,openrouter_gpt4o_mini_field,field_llm_v1,no,,,v2,Synthetic document generated for controlled PII training data.,"[{'type': 'DATE_TIME', 'value': '2027-03-03', 'confidence': 0.95, 'source': 'presidio', 'start': 23, 'end': 33}, {'type': 'PERSON', 'value': 'Bauer Roads', 'confidence': 0.85, 'source': 'presidio', 'start': 50, 'end': 61}, {'type': 'LOCATION', 'value': 'Larsonmouth', 'confidence': 0.85, 'source': 'presidio', 'start': 63, 'end': 74}, {'type': 'DATE_TIME', 'value': 'March 3, 2027', 'confidence': 0.85, 'source': 'presidio', 'start': 128, 'end': 141}, {'type': 'DATE_TIME', 'value': '99519', 'confidence': 0.85, 'source': 'presidio', 'start': 173, 'end': 178}, {'type': 'LOCATION', 'value': 'Larsonmouth', 'confidence': 0.85, 'source': 'presidio', 'start': 192, 'end': 203}]","{""PERSON"": 0.9889, ""LOCATION"": 0.9842, ""DATE_TIME"": 0.9769}","['DATE_TIME', 'LOCATION', 'PERSON']",[],"['DATE_TIME', 'PERSON', 'LOCATION']",False,True,False,low_cost_llm,potential_pii_evidence,True,0.9984279870986938,confident_pii,False,True,True,0.046975,46.9747,0.925,0.925,yes,no,no,yes,no,no,no,no,yes,no,no,no,True,20260909_112646,sweep1_ambiguous_bert,local,bert,distilbert-base-multilingual-cased-v1,not_applicable,local_model,bert_prefilter,gdpr_pii_detection
SYN-INCIDENT_REPORT-0118,synthetic_incident_report_0118.txt,report,incident_report,en,synthetic_generation,,,synthetic,2026-08-28,2026-08-28,2026-08-28,0,"Incident Report

Date: 2026-09-01
Location: 4174 Wong Viaduct Apt. 349, Harrisonport, FL 37402
Type: Operational Incident
Description: On September 1, 2026, an operational incident occurred at 4174 Wong Viaduct Apt. 349, Harrisonport, FL 37402, resulting in a temporary disruption of services. The incident was reported by Courtney Miller, who noted that critical systems were unresponsive for approximately three hours.
Root Cause: The root cause of the incident was identified as a server overload due to an unexpected spike in user activity, which exceeded the system's capacity to handle concurrent requests.
Corrective Action: To prevent future occurrences, the IT team will upgrade the server infrastructure by increasing capacity and implement load balancing solutions. A review of usage patterns will also be conducted to better anticipate peak activity periods.
Owner: Courtney Miller
Deadline: 2025-02-04",yes,yes,no,no,yes,no,no,no,no,no,no,no,no,PERSON; LOCATION,MULTIPLE,2,2,easy,no,none,no,validation,yes,openrouter_gpt4o_mini_field,field_llm_v1,no,,,v2,Synthetic document generated for controlled PII training data.,"[{'type': 'DATE_TIME', 'value': '2026-09-01', 'confidence': 0.95, 'source': 'presidio', 'start': 23, 'end': 33}, {'type': 'LOCATION', 'value': 'Harrisonport', 'confidence': 0.85, 'source': 'presidio', 'start': 72, 'end': 84}, {'type': 'DATE_TIME', 'value': 'September 1, 2026', 'confidence': 0.85, 'source': 'presidio', 'start': 138, 'end': 155}, {'type': 'LOCATION', 'value': 'Harrisonport', 'confidence': 0.85, 'source': 'presidio', 'start': 221, 'end': 233}, {'type': 'DATE_TIME', 'value': '37402', 'confidence': 0.85, 'source': 'presidio', 'start': 238, 'end': 243}, {'type': 'PERSON', 'value': 'Courtney Miller', 'confidence': 0.85, 'source': 'presidio', 'start': 323, 'end': 338}, {'type': 'DATE_TIME', 'value': 'approximately three hours', 'confidence': 0.85, 'source': 'presidio', 'start': 394, 'end': 419}, {'type': 'PERSON', 'value': 'Courtney Miller', 'confidence': 0.85, 'source': 'presidio', 'start': 878, 'end': 893}, {'type': 'DATE_TIME', 'value': '2025-02-04', 'confidence': 0.85, 'source': 'presidio', 'start': 904, 'end': 914}]","{""PERSON"": 0.9797, ""LOCATION"": 0.9924, ""DATE_TIME"": 0.9436}","['DATE_TIME', 'LOCATION', 'PERSON']",[],"['DATE_TIME', 'LOCATION', 'PERSON']",False,True,False,low_cost_llm,potential_pii_evidence,True,0.9975759983062744,confident_pii,False,True,True,0.046975,46.9747,0.925,0.925,yes,no,no,yes,no,no,no,no,yes,no,no,no,True,20260909_112646,sweep1_ambiguous_bert,local,bert,distilbert-base-multilingual-cased-v1,not_applicable,local_model,bert_prefilter,gdpr_pii_detection
SYN-INCIDENT_REPORT-0124,synthetic_incident_report_0124.txt,report,incident_report,de,synthetic_generation,,,synthetic,2026-08-28,2026-08-28,2026-08-28,0,"Vorfallsbericht

Datum: 2027-05-02
Ort: Roseallee 31, 86934 Ilmenau
Typ: Service Disruption
Beschreibung: Dipl.-Ing. Friedhold Gehringer B.A. hatte am 2. Mai 2027 einen Serviceausfall aufgrund technischer Störungen bei der Systemwartung.
Ursache: None
Maßnahme: Zur Behebung des Problems wurde die Wartung des Systems angepasst und zusätzliche Ressourcen für zukünftige Wartungsarbeiten eingeplant.
Verantwortlich: Operations Management
Frist: 2026-08-19",yes,yes,no,no,yes,no,no,no,no,no,no,no,no,PERSON; LOCATION,MULTIPLE,2,2,easy,no,none,no,train,yes,openrouter_gpt4o_mini_field,field_llm_v1,no,,,v2,Synthetic document generated for controlled PII training data.,"[{'type': 'LOCATION', 'value': 'Roseallee', 'confidence': 0.85, 'source': 'presidio', 'start': 40, 'end': 49}, {'type': 'LOCATION', 'value': 'Ilmenau', 'confidence': 0.85, 'source': 'presidio', 'start': 60, 'end': 67}, {'type': 'PERSON', 'value': 'Dipl.-Ing. Friedhold Gehringer', 'confidence': 0.85, 'source': 'presidio', 'start': 106, 'end': 136}, {'type': 'DATE_TIME', 'value': '2027-05-02', 'confidence': 0.6, 'source': 'presidio', 'start': 24, 'end': 34}]","{""PERSON"": 0.9865, ""LOCATION"": 0.9908, ""DATE_TIME"": 0.9491}","['DATE_TIME', 'LOCATION', 'PERSON']",[],"['LOCATION', 'PERSON', 'DATE_TIME']",False,True,False,low_cost_llm,potential_pii_evidence,True,0.9989050030708313,confident_pii,False,True,True,0.046975,46.9747,0.925,0.925,yes,no,no,yes,no,no,no,no,yes,no,no,no,True,20260909_112646,sweep1_ambiguous_bert,local,bert,distilbert-base-multilingual-cased-v1,not_applicable,local_model,bert_prefilter,gdpr_pii_detection
SYN-INCIDENT_REPORT-0133,synthetic_incident_report_0133.txt,report,incident_report,en,synthetic_generation,,,synthetic,2026-08-28,2026-08-28,2026-08-28,0,"Incident Report

Date: 2026-03-17
Location: IT Department
Type: Operational Incident
Description: On 2026-03-17, an operational incident occurred within the IT Department that resulted in a temporary disruption of services. The incident involved a significant overload of our primary database server, which led to a failure in processing user requests. This caused delays in access to critical applications for employees and hindered the workflow across various departments.
Root Cause: The root cause of the incident was identified as a lack of adequate capacity planning and monitoring for the database server. Specifically, an unexpected surge in user activity coincided with the scheduled maintenance of secondary systems, which inadvertently redirected all traffic to the primary server, thus overwhelming its processing capabilities.
Corrective Action: To remediate the issue and prevent future occurrences, the IT Department, under the leadership of Joshua Morales, will implement a more robust load balancing solution to distribute user requests evenly across multiple servers. Additionally, enhanced monitoring tools will be deployed to provide real-time analytics on server performance and user activity, allowing for proactive adjustments before reaching capacity limits. A thorough review of capacity planning protocols will also be conducted to ensure alignment with anticipated usage patterns.
Owner: Joshua Morales
Deadline: 2027-05-02",yes,yes,no,no,no,no,no,no,no,yes,no,no,no,PERSON; DATE_TIME,MULTIPLE,2,2,easy,no,none,no,train,yes,openrouter_gpt4o_mini_field,field_llm_v1,no,,,v2,Synthetic document generated for controlled PII training data.,"[{'type': 'PERSON', 'value': 'Joshua Morales', 'confidence': 0.85, 'source': 'presidio', 'start': 957, 'end': 971}, {'type': 'PERSON', 'value': 'Joshua Morales\nDeadline', 'confidence': 0.85, 'source': 'presidio', 'start': 1415, 'end': 1438}, {'type': 'DATE_TIME', 'value': '2027-05-02', 'confidence': 0.85, 'source': 'presidio', 'start': 1440, 'end': 1450}]","{""PERSON"": 0.9973, ""DATE_TIME"": 0.9729}","['DATE_TIME', 'PERSON']",[],"['PERSON', 'DATE_TIME']",False,True,False,low_cost_llm,potential_pii_evidence,True,0.9998120069503784,confident_pii,False,True,True,0.046975,46.9747,0.925,0.925,yes,no,no,no,no,no,no,no,yes,no,no,no,True,20260909_112646,sweep1_ambiguous_bert,local,bert,distilbert-base-multilingual-cased-v1,not_applicable,local_model,bert_prefilter,gdpr_pii_detection
SYN-INCIDENT_REPORT-0138,synthetic_incident_report_0138.txt,report,incident_report,en,synthetic_generation,,,synthetic,2026-08-28,2026-08-28,2026-08-28,0,"Incident Report

Date: 2024-03-11
Location: Operations Area
Type: Equipment Failure
Description: On March 11, 2024, an equipment failure occurred in the Operations Area, resulting in significant downtime and disruption to production schedules. The incident was characterized by an unexpected shutdown of the main conveyor system, which halted operations and impacted the flow of materials. Immediate assessments indicated that the failure led to a backlog in processing, necessitating a thorough investigation to determine the underlying factors contributing to this incident.
Root Cause: The root cause of the equipment failure was identified as a malfunction in the primary motor drive system, which had not been adequately maintained according to the recommended service intervals. The wear and tear on the motor components went unnoticed during routine inspections, ultimately resulting in a failure that could have been prevented with more rigorous maintenance protocols.
Corrective Action: To remediate the situation, a comprehensive maintenance review will be conducted to update and enforce maintenance schedules for all critical equipment, including the conveyor system. Additionally, staff will undergo training on identifying early warning signs of equipment failure, and a new monitoring system will be implemented to enhance real-time tracking of equipment performance. These corrective actions are aimed at preventing future equipment failures and ensuring operational continuity.
Owner: Jacob Williamson
Deadline: 2027-01-26",yes,yes,no,no,no,no,no,no,no,yes,no,no,no,PERSON; DATE_TIME,MULTIPLE,2,2,easy,no,none,no,validation,yes,openrouter_gpt4o_mini_field,field_llm_v1,no,,,v2,Synthetic document generated for controlled PII training data.,"[{'type': 'DATE_TIME', 'value': '2024-03-11', 'confidence': 0.95, 'source': 'presidio', 'start': 23, 'end': 33}, {'type': 'DATE_TIME', 'value': 'March 11, 2024', 'confidence': 0.85, 'source': 'presidio', 'start': 100, 'end': 114}, {'type': 'LOCATION', 'value': 'the Operations Area', 'confidence': 0.85, 'source': 'presidio', 'start': 149, 'end': 168}, {'type': 'PERSON', 'value': 'Jacob Williamson', 'confidence': 0.85, 'source': 'presidio', 'start': 1502, 'end': 1518}, {'type': 'DATE_TIME', 'value': '2027-01-26', 'confidence': 0.85, 'source': 'presidio', 'start': 1529, 'end': 1539}]","{""PERSON"": 0.995, ""DATE_TIME"": 0.9771}","['DATE_TIME', 'LOCATION', 'PERSON']",[],"['DATE_TIME', 'LOCATION', 'PERSON']",False,True,False,low_cost_llm,potential_pii_evidence,True,0.9996860027313232,confident_pii,False,True,True,0.046975,46.9747,0.925,0.925,yes,no,no,no,no,no,no,no,yes,no,no,no,True,20260909_112646,sweep1_ambiguous_bert,local,bert,distilbert-base-multilingual-cased-v1,not_applicable,local_model,bert_prefilter,gdpr_pii_detection
SYN-INCIDENT_REPORT-0147,synthetic_incident_report_0147.txt,report,incident_report,en,synthetic_generation,,,synthetic,2026-08-28,2026-08-28,2026-08-28,0,"Incident Report

Date: 2025-02-19
Location: Warehouse Area
Type: Service Disruption
Description: Janice Fox was involved in the resolution efforts during the service disruption that occurred on February 19, 2025, in the Warehouse Area. Her prompt response helped mitigate potential delays in operations.
Root Cause: The service disruption was primarily caused by a malfunction in the inventory management system, which was linked to outdated software versions that had not been properly updated. This outdated system failed to communicate effectively with the logistics tracking software, resulting in delays in order processing.
Corrective Action: To address the root cause of the incident, the IT department has initiated a comprehensive software upgrade plan, which includes updating both the inventory management system and the logistics tracking software. Additionally, a new protocol for regular system audits and updates has been established to prevent similar disruptions from occurring in the future.
Owner: Security Team
Deadline: 2026-03-06",yes,yes,no,no,no,no,no,no,no,yes,no,no,no,PERSON; DATE_TIME,MULTIPLE,2,2,easy,no,none,no,train,yes,openrouter_gpt4o_mini_field,field_llm_v1,no,,,v2,Synthetic document generated for controlled PII training data.,"[{'type': 'DATE_TIME', 'value': '2025-02-19', 'confidence': 0.95, 'source': 'presidio', 'start': 23, 'end': 33}, {'type': 'PERSON', 'value': 'Janice Fox', 'confidence': 0.85, 'source': 'presidio', 'start': 97, 'end': 107}, {'type': 'DATE_TIME', 'value': 'February 19, 2025', 'confidence': 0.85, 'source': 'presidio', 'start': 194, 'end': 211}, {'type': 'LOCATION', 'value': 'the Warehouse Area', 'confidence': 0.85, 'source': 'presidio', 'start': 216, 'end': 234}]","{""PERSON"": 0.9972, ""DATE_TIME"": 0.9827}","['DATE_TIME', 'LOCATION', 'PERSON']",[],"['DATE_TIME', 'PERSON', 'LOCATION']",False,True,True,low_cost_llm,potential_pii_evidence,True,0.9997619986534119,confident_pii,False,True,True,0.046975,46.9747,0.925,0.925,yes,no,no,no,no,no,no,no,yes,no,no,no,True,20260909_112646,sweep1_ambiguous_bert,local,bert,distilbert-base-multilingual-cased-v1,not_applicable,local_model,bert_prefilter,gdpr_pii_detection
SYN-INCIDENT_REPORT-0172,synthetic_incident_report_0172.txt,report,incident_report,en,synthetic_generation,,,synthetic,2026-08-28,2026-08-28,2026-08-28,0,"Incident Report

Date: 2027-06-24
Location: IT Department
Type: IT Security Incident
Description: Brenda Mata was involved in an incident that raised significant security concerns within the IT Department. During routine monitoring, it was noted that unauthorized access attempts were made to sensitive company data, which prompted an immediate investigation.
Root Cause: The root cause of the incident can be traced back to inadequate access controls in the system that allowed unauthorized personnel to attempt access. A lack of two-factor authentication and outdated password protocols contributed to the vulnerability, making it easier for intruders to exploit the system.
Corrective Action: To mitigate the risks identified in this incident, the IT Department will implement a series of corrective actions, including the installation of advanced firewall protections, enforcing two-factor authentication for all user accounts, and conducting mandatory training sessions on security best practices for all employees. Additionally, a comprehensive audit of current access controls will be undertaken to ensure compliance with the latest security standards.
Owner: Facility Management
Deadline: 2026-06-24",yes,yes,no,no,no,no,no,no,no,no,no,no,no,PERSON,PERSON,1,1,easy,no,none,no,train,yes,openrouter_gpt4o_mini_field,field_llm_v1,no,,,v2,Synthetic document generated for controlled PII training data.,"[{'type': 'DATE_TIME', 'value': '2027-06-24', 'confidence': 0.95, 'source': 'presidio', 'start': 23, 'end': 33}, {'type': 'PERSON', 'value': 'Brenda Mata', 'confidence': 0.85, 'source': 'presidio', 'start': 98, 'end': 109}]","{""PERSON"": 0.9975, ""DATE_TIME"": 0.9766}","['DATE_TIME', 'PERSON']",[],"['DATE_TIME', 'PERSON']",False,True,False,low_cost_llm,potential_pii_evidence,True,0.9997789859771729,confident_pii,False,True,True,0.046975,46.9747,0.925,0.925,yes,no,no,no,no,no,no,no,yes,no,no,no,True,20260909_112646,sweep1_ambiguous_bert,local,bert,distilbert-base-multilingual-cased-v1,not_applicable,local_model,bert_prefilter,gdpr_pii_detection
SYN-INCIDENT_REPORT-0174,synthetic_incident_report_0174.txt,report,incident_report,de,synthetic_generation,,,synthetic,2026-08-28,2026-08-28,2026-08-28,0,"Vorfallsbericht

Datum: 2026-11-12
Ort: IT-Abteilung
Typ: Process Deviation
Beschreibung: Rocco Adolph
Ursache: Die Ursache für die Prozessabweichung war unzureichende Schulung der Mitarbeiter in der IT-Abteilung, die zu fehlerhaften Verfahren führte.
Maßnahme: Es wird ein Schulungsprogramm für alle Mitarbeiter in der IT-Abteilung implementiert, um die Einhaltung der Prozessstandards sicherzustellen.
Verantwortlich: Facility Management
Frist: 2025-06-03",yes,yes,no,no,no,no,no,no,no,no,no,no,no,PERSON,PERSON,1,1,easy,no,none,no,train,yes,openrouter_gpt4o_mini_field,field_llm_v1,no,,,v2,Synthetic document generated for controlled PII training data.,"[{'type': 'PERSON', 'value': 'Rocco Adolph', 'confidence': 0.85, 'source': 'presidio', 'start': 90, 'end': 102}, {'type': 'DATE_TIME', 'value': '2026-11-12', 'confidence': 0.6, 'source': 'presidio', 'start': 24, 'end': 34}]","{""PERSON"": 0.9975, ""DATE_TIME"": 0.949}","['DATE_TIME', 'PERSON']",[],"['PERSON', 'DATE_TIME']",False,True,True,low_cost_llm,potential_pii_evidence,True,0.9998890161514282,confident_pii,False,True,True,0.046975,46.9747,0.925,0.925,yes,no,no,no,no,no,no,no,yes,no,no,no,True,20260909_112646,sweep1_ambiguous_bert,local,bert,distilbert-base-multilingual-cased-v1,not_applicable,local_model,bert_prefilter,gdpr_pii_detection
SYN-INCIDENT_REPORT-0213,synthetic_incident_report_0213.txt,report,incident_report,de,synthetic_generation,,,synthetic,2026-08-28,2026-08-28,2026-08-28,0,"Vorfallsbericht

Datum: 2025-03-25
Ort: Hauptstandort
Typ: IT Security Incident
Beschreibung: Carmela Stiebitz war am 25. März 2025 in den Vorfall verwickelt, der als IT-Sicherheitsvorfall klassifiziert wurde. Die Untersuchung ergab, dass kritische Systeme während ihrer Schicht kompromittiert wurden, was zu einem vorübergehenden Datenzugriffsproblem führte.
Ursache: Die Hauptursache für den Vorfall war ein mangelhaftes Sicherheitsprotokoll, das nicht die neuesten Bedrohungen berücksichtigte. Eine veraltete Softwareversion wurde verwendet, die anfällig für externe Angriffe war, wodurch unbefugter Zugriff auf sensible Daten ermöglicht wurde.
Maßnahme: Um zukünftige Vorfälle zu verhindern, wird ein umfassendes Update der Sicherheitsinfrastruktur durchgeführt. Zudem wird ein regelmäßiger Schulungsplan für alle Mitarbeiter implementiert, der die besten Praktiken für IT-Sicherheit behandelt und sicherstellt, dass alle Systeme stets auf dem neuesten Stand sind.
Verantwortlich: Operations Management
Frist: 2025-06-26",yes,yes,no,no,no,no,no,no,no,yes,no,no,no,PERSON; DATE_TIME,MULTIPLE,2,2,easy,no,none,no,test,yes,openrouter_gpt4o_mini_field,field_llm_v1,no,,,v2,Synthetic document generated for controlled PII training data.,"[{'type': 'PERSON', 'value': 'Carmela Stiebitz', 'confidence': 0.85, 'source': 'presidio', 'start': 94, 'end': 110}, {'type': 'DATE_TIME', 'value': '2025-03-25', 'confidence': 0.6, 'source': 'presidio', 'start': 24, 'end': 34}]","{""PERSON"": 0.9975, ""DATE_TIME"": 0.9702}","['DATE_TIME', 'PERSON']",[],"['PERSON', 'DATE_TIME']",False,True,True,low_cost_llm,potential_pii_evidence,True,0.9997940063476562,confident_pii,False,True,True,0.046975,46.9747,0.925,0.925,yes,no,no,no,no,no,no,no,yes,no,no,no,True,20260909_112646,sweep1_ambiguous_bert,local,bert,distilbert-base-multilingual-cased-v1,not_applicable,local_model,bert_prefilter,gdpr_pii_detection
SYN-INCIDENT_REPORT-0221,synthetic_incident_report_0221.txt,report,incident_report,en,synthetic_generation,,,synthetic,2026-08-28,2026-08-28,2026-08-28,0,"Incident Report

Date: 2025-07-28
Location: IT Department
Type: Equipment Failure
Description: On July 28, 2025, a critical server in the IT Department experienced a complete hardware failure, resulting in a temporary loss of access to key applications for all users.
Root Cause: The incident was traced back to an overheating issue due to inadequate cooling within the server room, exacerbated by a malfunctioning air conditioning unit.
Corrective Action: Immediate repairs were initiated to restore server functionality. Additionally, a comprehensive review of the cooling systems will be conducted, with upgrades planned to prevent future occurrences. Brent Farrell will oversee the implementation of these changes.
Owner: Brent Farrell
Deadline: 2025-11-16",yes,yes,no,no,no,no,no,no,no,no,no,no,no,PERSON,PERSON,1,1,easy,no,none,no,validation,yes,openrouter_gpt4o_mini_field,field_llm_v1,no,,,v2,Synthetic document generated for controlled PII training data.,"[{'type': 'PERSON', 'value': 'Brent Farrell', 'confidence': 0.85, 'source': 'presidio', 'start': 655, 'end': 668}, {'type': 'PERSON', 'value': 'Brent Farrell', 'confidence': 0.85, 'source': 'presidio', 'start': 726, 'end': 739}, {'type': 'DATE_TIME', 'value': '2025-11-16', 'confidence': 0.85, 'source': 'presidio', 'start': 750, 'end': 760}]","{""PERSON"": 0.9981, ""DATE_TIME"": 0.9737}","['DATE_TIME', 'PERSON']",[],"['PERSON', 'DATE_TIME']",False,True,False,low_cost_llm,potential_pii_evidence,True,0.999888002872467,confident_pii,False,True,True,0.046975,46.9747,0.925,0.925,yes,no,no,no,no,no,no,no,yes,no,no,no,True,20260909_112646,sweep1_ambiguous_bert,local,bert,distilbert-base-multilingual-cased-v1,not_applicable,local_model,bert_prefilter,gdpr_pii_detection
SYN-INCIDENT_REPORT-0228,synthetic_incident_report_0228.txt,report,incident_report,de,synthetic_generation,,,synthetic,2026-08-28,2026-08-28,2026-08-28,0,"Vorfallsbericht

Datum: 2025-11-16
Ort: Weimerweg 5400, 85643 Mainburg
Typ: Process Deviation
Beschreibung: Am 16. November 2025 trat eine Abweichung im Prozessablauf auf, die zu einer Verzögerung der Produktionslinie führte. Die Ursache war eine fehlerhafte Materiallieferung an der Adresse Weimerweg 5400, 85643 Mainburg.
Ursache: Die fehlerhafte Materiallieferung resultierte aus ungenauen Bestellinformationen, die im System hinterlegt waren, was zu einer falschen Charge führte.
Maßnahme: Die Bestellinformationen wurden aktualisiert und ein zusätzlicher Prüfungsschritt im Lieferprozess implementiert, um zukünftige Abweichungen zu vermeiden. Verantwortlich ist Dipl.-Ing. Gisa Drewes, mit einer Frist bis zum 5. November 2026.
Verantwortlich: Dipl.-Ing. Gisa Drewes
Frist: 2026-11-05",yes,yes,no,no,yes,no,no,no,no,no,no,no,no,PERSON; LOCATION,MULTIPLE,2,2,easy,no,none,no,test,yes,openrouter_gpt4o_mini_field,field_llm_v1,no,,,v2,Synthetic document generated for controlled PII training data.,"[{'type': 'LOCATION', 'value': 'Weimerweg', 'confidence': 0.85, 'source': 'presidio', 'start': 40, 'end': 49}, {'type': 'LOCATION', 'value': 'Mainburg', 'confidence': 0.85, 'source': 'presidio', 'start': 62, 'end': 70}, {'type': 'LOCATION', 'value': 'Weimerweg', 'confidence': 0.85, 'source': 'presidio', 'start': 292, 'end': 301}, {'type': 'LOCATION', 'value': 'Mainburg', 'confidence': 0.85, 'source': 'presidio', 'start': 314, 'end': 322}, {'type': 'PERSON', 'value': 'Dipl.-Ing. Gisa Drewes', 'confidence': 0.85, 'source': 'presidio', 'start': 668, 'end': 690}, {'type': 'PERSON', 'value': 'Dipl.-Ing. Gisa Drewes', 'confidence': 0.85, 'source': 'presidio', 'start': 750, 'end': 772}, {'type': 'DATE_TIME', 'value': '2025-11-16', 'confidence': 0.6, 'source': 'presidio', 'start': 24, 'end': 34}, {'type': 'DATE_TIME', 'value': '2026-11-05', 'confidence': 0.6, 'source': 'presidio', 'start': 780, 'end': 790}]","{""PERSON"": 0.9801, ""LOCATION"": 0.9924, ""DATE_TIME"": 0.9424}","['DATE_TIME', 'LOCATION', 'PERSON']",[],"['LOCATION', 'PERSON', 'DATE_TIME']",False,True,True,low_cost_llm,potential_pii_evidence,True,0.9980639815330505,confident_pii,False,True,True,0.046975,46.9747,0.925,0.925,yes,no,no,yes,no,no,no,no,yes,no,no,no,True,20260909_112646,sweep1_ambiguous_bert,local,bert,distilbert-base-multilingual-cased-v1,not_applicable,local_model,bert_prefilter,gdpr_pii_detection
SYN-INCIDENT_REPORT-0230,synthetic_incident_report_0230.txt,report,incident_report,en,synthetic_generation,,,synthetic,2026-08-28,2026-08-28,2026-08-28,0,"Incident Report

Date: 2025-10-16
Location: IT Department
Type: Operational Incident
Description: On October 16, 2025, an unexpected server downtime occurred within the IT Department, resulting in a disruption of services for approximately four hours. This incident affected multiple departments relying on the central data management system.
Root Cause: The root cause of the incident was identified as a failure in the power supply unit of the main server, which was attributed to aging hardware components that had not been replaced during routine maintenance.
Corrective Action: To prevent future occurrences, Joseph Parker will initiate a comprehensive review of all hardware components, followed by a scheduled replacement of aging equipment. Additionally, a maintenance protocol will be established to ensure regular checks and timely upgrades.
Owner: Joseph Parker
Deadline: 2024-11-20",yes,yes,no,no,no,no,no,no,no,no,no,no,no,PERSON,PERSON,1,1,easy,no,none,no,train,yes,openrouter_gpt4o_mini_field,field_llm_v1,no,,,v2,Synthetic document generated for controlled PII training data.,"[{'type': 'PERSON', 'value': 'Joseph Parker', 'confidence': 0.85, 'source': 'presidio', 'start': 614, 'end': 627}, {'type': 'PERSON', 'value': 'Joseph Parker', 'confidence': 0.85, 'source': 'presidio', 'start': 859, 'end': 872}, {'type': 'DATE_TIME', 'value': '2024-11-20', 'confidence': 0.85, 'source': 'presidio', 'start': 883, 'end': 893}]","{""PERSON"": 0.9967, ""DATE_TIME"": 0.9746}","['DATE_TIME', 'PERSON']",[],"['PERSON', 'DATE_TIME']",False,True,False,low_cost_llm,potential_pii_evidence,True,0.9997869729995728,confident_pii,False,True,True,0.046975,46.9747,0.925,0.925,yes,no,no,no,no,no,no,no,yes,no,no,no,True,20260909_112646,sweep1_ambiguous_bert,local,bert,distilbert-base-multilingual-cased-v1,not_applicable,local_model,bert_prefilter,gdpr_pii_detection
SYN-INTERNAL_EMAIL-0033,synthetic_internal_email_0033.txt,email,internal_email,de,synthetic_generation,,,synthetic,2026-08-28,2026-08-28,2026-08-28,0,"Betreff: Einladung zur Workshop-Vorbereitung

Liebe Kolleginnen und Kollegen,

ich hoffe, es geht Ihnen gut! Ich freue mich, Ihnen mitteilen zu können, dass wir einen Workshop zur Verbesserung unserer internen Prozesse planen. Dieser Workshop wird am 15. Juli 2026 stattfinden und richtet sich an alle Mitarbeitenden der Abteilung.

Ziel des Workshops ist es, neue Strategien zu entwickeln, um unsere Effizienz zu steigern und die Zusammenarbeit innerhalb unseres Teams zu fördern. Wir möchten Ihre Ideen und Vorschläge einbringen, um die Themen zu besprechen, die Ihnen am Herzen liegen.

Bitte reservieren Sie sich den Termin in Ihrem Kalender. Weitere Details zur Agenda und zur Anmeldung folgen in den kommenden Wochen.

Vielen Dank für Ihre Aufmerksamkeit und Ihr Engagement!

Mit freundlichen Grüßen,

Gertraude Riehl  
Teamleiterin",yes,yes,no,no,no,no,no,no,no,no,no,no,no,PERSON,PERSON,1,1,easy,no,none,no,validation,yes,openrouter_gpt4o_mini_document,llm_rewrite_v1,no,,,v2,Synthetic document generated for controlled PII training data.,"[{'type': 'PERSON', 'value': 'Gertraude Riehl', 'confidence': 0.85, 'source': 'presidio', 'start': 808, 'end': 823}]","{""PERSON"": 0.9014}",['PERSON'],[],['PERSON'],False,True,False,low_cost_llm,potential_pii_evidence,True,0.9859619736671448,confident_pii,False,True,True,0.046975,46.9747,0.925,0.925,yes,no,no,no,no,no,no,no,no,no,no,no,True,20260909_112646,sweep1_ambiguous_bert,local,bert,distilbert-base-multilingual-cased-v1,not_applicable,local_model,bert_prefilter,gdpr_pii_detection
SYN-INTERNAL_EMAIL-0070,synthetic_internal_email_0070.txt,email,internal_email,de,synthetic_generation,,,synthetic,2026-08-28,2026-08-28,2026-08-28,0,"Betreff: RE: Workshop Vorbereitung

Hallo zusammen,

vielen Dank für die schnelle Rückmeldung zu den Workshop-Vorbereitungen. Ich möchte sicherstellen, dass alle Materialien rechtzeitig zur Verfügung stehen. Bitte denkt daran, die Präsentationen bis spätestens 1. März einzureichen, damit wir genügend Zeit für die Durchsicht haben.

Zusätzlich wäre es hilfreich, wenn wir eine kurze Übersicht der Themen, die wir abdecken möchten, zusammenstellen könnten. So können wir sicherstellen, dass wir alle wichtigen Punkte ansprechen und niemanden vergessen. 

Falls jemand von euch noch Ideen oder Anmerkungen hat, lasst es mich bitte wissen. Ich freue mich auf eine erfolgreiche Zusammenarbeit!

Beste Grüße,  
Franz-Peter Klingelhöfer-Weihmann",yes,yes,no,no,no,no,no,no,no,no,no,no,no,PERSON,PERSON,1,1,easy,no,none,no,train,yes,openrouter_gpt4o_mini_document,llm_rewrite_v1,no,,,v2,Synthetic document generated for controlled PII training data.,"[{'type': 'LOCATION', 'value': 'Workshop-Vorbereitungen', 'confidence': 0.85, 'source': 'presidio', 'start': 101, 'end': 124}, {'type': 'PERSON', 'value': 'Franz-Peter Klingelhöfer-Weihmann', 'confidence': 0.85, 'source': 'presidio', 'start': 707, 'end': 740}]","{""PERSON"": 0.9977}","['LOCATION', 'PERSON']",[],"['LOCATION', 'PERSON']",False,True,False,low_cost_llm,potential_pii_evidence,True,0.999925971031189,confident_pii,False,True,True,0.046975,46.9747,0.925,0.925,yes,no,no,no,no,no,no,no,no,no,no,no,True,20260909_112646,sweep1_ambiguous_bert,local,bert,distilbert-base-multilingual-cased-v1,not_applicable,local_model,bert_prefilter,gdpr_pii_detection
SYN-INTERNAL_EMAIL-0104,synthetic_internal_email_0104.txt,email,internal_email,de,synthetic_generation,,,synthetic,2026-08-28,2026-08-28,2026-08-28,0,"**Interne Ankündigung**

**Betreff: Geplante Systemwartung**

**Liebe Kolleginnen und Kollegen,**

wir möchten Sie darüber informieren, dass am 10. August 2025 eine geplante Wartung unserer IT-Systeme stattfinden wird. Diese Maßnahme ist notwendig, um die Leistungsfähigkeit und Sicherheit unserer Systeme zu gewährleisten.

**Details zur Wartung:**

- **Datum:** 10. August 2025
- **Uhrzeit:** 22:00 bis 02:00 Uhr
- **Betroffene Systeme:** Unternehmenssoftware und Datenmanagement-Plattform

Bitte beachten Sie, dass während der Wartungsarbeiten die genannten Systeme vorübergehend nicht verfügbar sein werden. Wir bitten um Ihr Verständnis und empfehlen, Ihre Arbeiten entsprechend zu planen.

Für Fragen oder weitere Informationen steht Ihnen das IT-Support-Team gerne zur Verfügung.

Vielen Dank für Ihre Aufmerksamkeit.

**Mit freundlichen Grüßen,**

**Abteilung für Interne Kommunikation**",no,no,no,no,no,no,no,no,no,no,no,no,no,,NONE,0,0,easy,no,none,no,train,yes,openrouter_gpt4o_mini_document,llm_rewrite_v1,no,,,v2,Synthetic document generated for controlled PII training data.,"[{'type': 'PERSON', 'value': 'Geplante Systemwartung', 'confidence': 0.85, 'source': 'presidio', 'start': 36, 'end': 58}]",{},['PERSON'],[],['PERSON'],False,True,False,low_cost_llm,potential_pii_evidence,True,0.00024300000222865492,confident_non_pii,False,True,True,0.046975,46.9747,0.925,0.925,no,no,no,no,no,no,no,no,no,no,no,no,False,20260909_112646,sweep1_ambiguous_bert,local,bert,distilbert-base-multilingual-cased-v1,not_applicable,local_model,bert_prefilter,gdpr_pii_detection
SYN-INTERNAL_EMAIL-0108,synthetic_internal_email_0108.txt,email,internal_email,de,synthetic_generation,,,synthetic,2026-08-28,2026-08-28,2026-08-28,0,"**Interne Bekanntmachung**

**Betreff:** Follow-up zur vierteljährlichen Planung

**Datum:** 15. August 2026

Liebe Kolleginnen und Kollegen,

ich hoffe, diese Nachricht trifft euch wohl. Im Rahmen unserer kontinuierlichen Bemühungen um Effizienz und Transparenz möchte ich einen kurzen Überblick über die Ergebnisse unserer letzten vierteljährlichen Planungssitzung geben.

In dieser Sitzung haben wir wichtige strategische Ziele für das kommende Quartal festgelegt. Wir konzentrieren uns auf die Optimierung unserer Prozesse in den Bereichen Projektmanagement und Kundenbetreuung. Insbesondere möchten wir sicherstellen, dass alle Abteilungen eng zusammenarbeiten, um die gesteckten Ziele zu erreichen.

Bitte beachtet, dass weitere Details zu spezifischen Projekten und Verantwortlichkeiten in den nächsten Tagen über die jeweiligen Teamleiter kommuniziert werden. Es ist entscheidend, dass wir alle an einem Strang ziehen, um unseren Erfolg sicherzustellen.

Ich danke euch für euer Engagement und eure harte Arbeit. Bei Fragen oder Anregungen stehe ich euch jederzeit zur Verfügung.

Herzliche Grüße,

Ing. Metin Mangold  
Leiter der Abteilung Planung und Strategie",yes,yes,no,no,no,no,no,no,no,no,no,no,no,PERSON,PERSON,1,1,easy,no,none,no,test,yes,openrouter_gpt4o_mini_document,llm_rewrite_v1,no,,,v2,Synthetic document generated for controlled PII training data.,"[{'type': 'PERSON', 'value': 'Metin Mangold', 'confidence': 0.85, 'source': 'presidio', 'start': 1112, 'end': 1125}]","{""PERSON"": 0.9968, ""DATE_TIME"": 0.9567}",['PERSON'],[],['PERSON'],False,True,False,low_cost_llm,potential_pii_evidence,True,0.9998340010643005,confident_pii,False,True,True,0.046975,46.9747,0.925,0.925,yes,no,no,no,no,no,no,no,yes,no,no,no,True,20260909_112646,sweep1_ambiguous_bert,local,bert,distilbert-base-multilingual-cased-v1,not_applicable,local_model,bert_prefilter,gdpr_pii_detection
SYN-INTERNAL_EMAIL-0134,synthetic_internal_email_0134.txt,email,internal_email,en,synthetic_generation,,,synthetic,2026-08-28,2026-08-28,2026-08-28,0,"Subject: Update on Approval Status

Dear Team,

I hope this message finds you well. I wanted to provide a quick update regarding the approval status for our current initiatives. 

As of today, we are still awaiting responses from a few key stakeholders. If you have any insights or updates from your end, please share them at your earliest convenience. 

Thank you for your collaboration on this matter.

Best regards,  
Kelly Carpenter  
Authorized signature",yes,yes,no,no,no,no,no,no,no,no,no,no,no,PERSON,PERSON,1,1,easy,no,none,no,train,yes,openrouter_gpt4o_mini_document,llm_rewrite_v1,no,,,v2,Synthetic document generated for controlled PII training data.,"[{'type': 'PERSON', 'value': 'Kelly Carpenter', 'confidence': 0.85, 'source': 'presidio', 'start': 421, 'end': 436}]","{""PERSON"": 0.9674}",['PERSON'],[],['PERSON'],False,True,True,low_cost_llm,potential_pii_evidence,True,0.9978560209274292,confident_pii,False,True,True,0.046975,46.9747,0.925,0.925,yes,no,no,no,no,no,no,no,no,no,no,no,True,20260909_112646,sweep1_ambiguous_bert,local,bert,distilbert-base-multilingual-cased-v1,not_applicable,local_model,bert_prefilter,gdpr_pii_detection
SYN-INTERNAL_EMAIL-0204,synthetic_internal_email_0204.txt,email,internal_email,en,synthetic_generation,,,synthetic,2026-08-28,2026-08-28,2026-08-28,0,"Subject: Re: Documentation Review

Hi Team,

Thank you for your prompt responses regarding the documentation review. I appreciate everyone’s input on this matter.

As we move forward, I’d like to ensure that we all have a clear understanding of the standard business process outlined in the documents. It’s vital that we adhere to these guidelines to maintain consistency across our operations.

Please take a moment to review the attached files thoroughly and share any feedback by the end of the week. Your insights are crucial for us to finalize this documentation.

Best regards,  
Kayla Baker  
Authorized signature",yes,yes,no,no,no,no,no,no,no,no,no,no,no,PERSON,PERSON,1,1,easy,no,none,no,train,yes,openrouter_gpt4o_mini_document,llm_rewrite_v1,no,,,v2,Synthetic document generated for controlled PII training data.,"[{'type': 'DATE_TIME', 'value': 'the end of the week', 'confidence': 0.85, 'source': 'presidio', 'start': 483, 'end': 502}, {'type': 'PERSON', 'value': 'Kayla Baker', 'confidence': 0.85, 'source': 'presidio', 'start': 586, 'end': 597}]","{""PERSON"": 0.9927}","['DATE_TIME', 'PERSON']",[],"['DATE_TIME', 'PERSON']",False,True,True,low_cost_llm,potential_pii_evidence,True,0.9996690154075623,confident_pii,False,True,True,0.046975,46.9747,0.925,0.925,yes,no,no,no,no,no,no,no,no,no,no,no,True,20260909_112646,sweep1_ambiguous_bert,local,bert,distilbert-base-multilingual-cased-v1,not_applicable,local_model,bert_prefilter,gdpr_pii_detection
SYN-INVOICE-0001,synthetic_invoice_0001.txt,invoice,invoice,en,synthetic_generation,,,synthetic,2026-08-28,2026-08-28,2026-08-28,0,"Invoice

Supplier: Supplier Organization
Customer: Business Client
Contact: Service Team
Invoice Number: REF-3970708
Invoice Date: 2024-10-13
Billing Address: 5519 Jill Crest Apt. 487, Jillstad, AR 07438
Line Items: 1. Consulting Services for Business Strategy Development - Analysis and recommendations provided to enhance operational efficiency. Total: 300.00 EUR
2. Training Sessions for Staff Development - Conducted workshops to improve team skills in project management and agile methodologies. Total: 154.00 EUR
3. Ongoing Support and Maintenance for IT Systems - Monthly monitoring and troubleshooting of IT infrastructure to ensure optimal performance. Total: 0.00 EUR (included in the annual package)
Amount: 454.00 EUR
Tax Id: REF-1951631
Payment Details: Payment terms on file",no,no,no,no,no,no,no,no,no,no,no,no,no,,NONE,0,0,easy,no,none,no,train,yes,openrouter_gpt4o_mini_field,field_llm_v1,no,,,v2,Synthetic document generated for controlled PII training data. Relabeled 2026-09-03: standalone LOCATION with no co-occurring identifier does not meet GDPR Art.4(1) identifiability threshold; corrected from positive to negative.,"[{'type': 'DATE_TIME', 'value': '2024-10-13', 'confidence': 0.95, 'source': 'presidio', 'start': 131, 'end': 141}, {'type': 'DATE_TIME', 'value': '5519', 'confidence': 0.85, 'source': 'presidio', 'start': 159, 'end': 163}, {'type': 'PERSON', 'value': 'Jill Crest Apt', 'confidence': 0.85, 'source': 'presidio', 'start': 164, 'end': 178}]",{},"['DATE_TIME', 'PERSON']",[],"['DATE_TIME', 'PERSON']",False,True,True,low_cost_llm,potential_pii_evidence,True,0.00021899999410379678,confident_non_pii,False,True,True,0.046975,46.9747,0.925,0.925,no,no,no,no,no,no,no,no,no,no,no,no,False,20260909_112646,sweep1_ambiguous_bert,local,bert,distilbert-base-multilingual-cased-v1,not_applicable,local_model,bert_prefilter,gdpr_pii_detection
SYN-INVOICE-0009,synthetic_invoice_0009.txt,invoice,invoice,de,synthetic_generation,,,synthetic,2026-08-28,2026-08-28,2026-08-28,0,"Rechnung

Lieferant: Lieferantenorganisation
Kunde: Eugen Oestrovsky
Kontakt: Zentrale Kontaktstelle
Rechnungsnummer: REF-6922956
Rechnungsdatum: 2025-11-05
Rechnungsadresse: Geschäftliche Rechnungsadresse
Line Items: 1. Beratungsdienstleistungen für das Projekt X - 300,00 EUR
2. Software-Lizenzen für das Jahr 2025 - 200,00 EUR
3. Schulungsgebühren für Mitarbeiter - 90,00 EUR
4. Reisekosten für den Besuch bei Eugen Oestrovsky - 0,00 EUR
Betrag: 590.00 EUR
Steuernummer: REF-9828748
Zahlungsdaten: Standardmäßiger geschäftlicher Zahlungsprozess",yes,yes,no,no,no,no,no,no,no,no,no,no,no,PERSON,PERSON,1,1,easy,no,none,no,train,yes,openrouter_gpt4o_mini_field,field_llm_v1,no,,,v2,Synthetic document generated for controlled PII training data.,"[{'type': 'PERSON', 'value': 'Eugen Oestrovsky', 'confidence': 0.85, 'source': 'presidio', 'start': 52, 'end': 68}, {'type': 'PERSON', 'value': 'Eugen Oestrovsky', 'confidence': 0.85, 'source': 'presidio', 'start': 413, 'end': 429}, {'type': 'DATE_TIME', 'value': '2025-11-05', 'confidence': 0.6, 'source': 'presidio', 'start': 146, 'end': 156}]","{""PERSON"": 0.9966}","['DATE_TIME', 'PERSON']",[],"['PERSON', 'DATE_TIME']",False,True,True,low_cost_llm,potential_pii_evidence,True,0.9998549818992615,confident_pii,False,True,True,0.046975,46.9747,0.925,0.925,yes,no,no,no,no,no,no,no,no,no,no,no,True,20260909_112646,sweep1_ambiguous_bert,local,bert,distilbert-base-multilingual-cased-v1,not_applicable,local_model,bert_prefilter,gdpr_pii_detection
SYN-INVOICE-0067,synthetic_invoice_0067.txt,invoice,invoice,de,synthetic_generation,,,synthetic,2026-08-28,2026-08-28,2026-08-28,0,"Rechnung

Lieferant: Lieferantenorganisation
Kunde: Frank-Michael Pölitz
Kontakt: Serviceteam
Rechnungsnummer: REF-2058452
Rechnungsdatum: 2026-07-04
Rechnungsadresse: Geschäftliche Rechnungsadresse
Line Items: Rechnung für Dienstleistungen erbracht vom Serviceteam an Frank-Michael Pölitz. Gesamtbetrag: 325,00 EUR. Die Rechnung bezieht sich auf die erbrachten Leistungen im Zeitraum vom 01.06.2026 bis 30.06.2026. Zahlung gemäß den vereinbarten Konditionen im standardmäßigen geschäftlichen Zahlungsprozess. Steuer-ID: REF-4667062.
Betrag: 325.00 EUR
Steuernummer: REF-4667062
Zahlungsdaten: Standardmäßiger geschäftlicher Zahlungsprozess",yes,yes,no,no,no,no,no,no,no,no,no,no,no,PERSON,PERSON,1,1,easy,no,none,no,train,yes,openrouter_gpt4o_mini_field,field_llm_v1,no,,,v2,Synthetic document generated for controlled PII training data.,"[{'type': 'PERSON', 'value': 'Frank-Michael Pölitz', 'confidence': 0.85, 'source': 'presidio', 'start': 52, 'end': 72}, {'type': 'PERSON', 'value': 'Frank-Michael Pölitz', 'confidence': 0.85, 'source': 'presidio', 'start': 269, 'end': 289}, {'type': 'DATE_TIME', 'value': '2026-07-04', 'confidence': 0.6, 'source': 'presidio', 'start': 139, 'end': 149}, {'type': 'DATE_TIME', 'value': '01.06.2026', 'confidence': 0.6, 'source': 'presidio', 'start': 389, 'end': 399}, {'type': 'DATE_TIME', 'value': '30.06.2026', 'confidence': 0.6, 'source': 'presidio', 'start': 404, 'end': 414}]","{""PERSON"": 0.9958, ""DATE_TIME"": 0.9538}","['DATE_TIME', 'PERSON']",[],"['PERSON', 'DATE_TIME']",False,True,False,low_cost_llm,potential_pii_evidence,True,0.9997749924659729,confident_pii,False,True,True,0.046975,46.9747,0.925,0.925,yes,no,no,no,no,no,no,no,yes,no,no,no,True,20260909_112646,sweep1_ambiguous_bert,local,bert,distilbert-base-multilingual-cased-v1,not_applicable,local_model,bert_prefilter,gdpr_pii_detection
SYN-INVOICE-0068,synthetic_invoice_0068.txt,invoice,invoice,en,synthetic_generation,,,synthetic,2026-08-28,2026-08-28,2026-08-28,0,"Invoice

Supplier: Supplier Organization
Customer: Customer Organization
Contact: Central Contact Point
Invoice Number: REF-7904751
Invoice Date: 2027-01-14
Billing Address: Corporate billing address
Line Items: 1. Product A - 50 units @ 4.00 EUR each - 200.00 EUR
2. Service B - Consulting hours - 5 hours @ 8.60 EUR each - 43.00 EUR
3. Shipping and Handling - Flat rate - 0.00 EUR

Total Amount: 243.00 EUR

Tax ID: REF-6888855
Amount: 243.00 EUR
Tax Id: REF-6888855
Payment Details: Payment terms on file",no,no,no,no,no,no,no,no,no,no,no,no,no,,NONE,0,0,easy,no,none,no,test,yes,openrouter_gpt4o_mini_field,field_llm_v1,no,,,v2,Synthetic document generated for controlled PII training data.,"[{'type': 'PERSON', 'value': 'REF-6888855\nPayment Details', 'confidence': 0.85, 'source': 'presidio', 'start': 457, 'end': 484}]",{},['PERSON'],[],['PERSON'],False,True,True,low_cost_llm,potential_pii_evidence,True,0.00022600000374950469,confident_non_pii,False,True,True,0.046975,46.9747,0.925,0.925,no,no,no,no,no,no,no,no,no,no,no,no,False,20260909_112646,sweep1_ambiguous_bert,local,bert,distilbert-base-multilingual-cased-v1,not_applicable,local_model,bert_prefilter,gdpr_pii_detection
SYN-INVOICE-0106,synthetic_invoice_0106.txt,invoice,invoice,en,synthetic_generation,,,synthetic,2026-08-28,2026-08-28,2026-08-28,0,"Invoice

Supplier: Service Provider
Customer: Business Client
Contact: Central Contact Point
Invoice Number: REF-5282738
Invoice Date: 2024-09-10
Billing Address: Corporate billing address
Line Items: 1. Consulting Services - Strategic Planning: 50.00 EUR
2. Software Development - Application Upgrade: 40.00 EUR
3. Technical Support - Monthly Retainer: 16.00 EUR
Amount: 106.00 EUR
Tax Id: REF-6217193
Payment Details: Standard corporate payment process",no,no,no,no,no,no,no,no,no,no,no,no,no,,NONE,0,0,easy,no,none,no,train,yes,openrouter_gpt4o_mini_field,field_llm_v1,no,,,v2,Synthetic document generated for controlled PII training data.,"[{'type': 'PERSON', 'value': 'REF-6217193\nPayment Details', 'confidence': 0.85, 'source': 'presidio', 'start': 391, 'end': 418}]",{},['PERSON'],[],['PERSON'],False,True,True,low_cost_llm,potential_pii_evidence,True,0.00022400000307243317,confident_non_pii,False,True,True,0.046975,46.9747,0.925,0.925,no,no,no,no,no,no,no,no,no,no,no,no,False,20260909_112646,sweep1_ambiguous_bert,local,bert,distilbert-base-multilingual-cased-v1,not_applicable,local_model,bert_prefilter,gdpr_pii_detection
SYN-INVOICE-0121,synthetic_invoice_0121.txt,invoice,invoice,en,synthetic_generation,,,synthetic,2026-08-28,2026-08-28,2026-08-28,0,"Invoice

Supplier: Service Provider
Customer: Customer Organization
Contact: Central Contact Point
Invoice Number: REF-5951420
Invoice Date: 2026-12-10
Billing Address: Billing details on file
Line Items: 1. Consulting Services - Strategic planning consultation for Q4 2026: 300.00 EUR
2. Software License - Annual subscription for productivity software: 159.00 EUR
3. Support Services - Technical support for system integration: 0.00 EUR
Amount: 459.00 EUR
Tax Id: REF-2493956
Payment Details: Payment terms on file",no,no,no,no,no,no,no,no,no,no,no,no,no,,NONE,0,0,easy,no,none,no,test,yes,openrouter_gpt4o_mini_field,field_llm_v1,no,,,v2,Synthetic document generated for controlled PII training data.,"[{'type': 'NRP', 'value': 'REF-5951420', 'confidence': 0.85, 'source': 'presidio', 'start': 115, 'end': 126}]",{},['NRP'],[],['NRP'],False,True,True,low_cost_llm,potential_pii_evidence,True,0.00021399999968707561,confident_non_pii,False,True,True,0.046975,46.9747,0.925,0.925,no,no,no,no,no,no,no,no,no,no,no,no,False,20260909_112646,sweep1_ambiguous_bert,local,bert,distilbert-base-multilingual-cased-v1,not_applicable,local_model,bert_prefilter,gdpr_pii_detection
SYN-INVOICE-0139,synthetic_invoice_0139.txt,invoice,invoice,en,synthetic_generation,,,synthetic,2026-08-28,2026-08-28,2026-08-28,0,"Invoice

Supplier: Service Provider
Customer: Corporate Customer
Contact: Phyllis Crosby
Invoice Number: REF-7879749
Invoice Date: 2025-01-28
Billing Address: Corporate billing address
Line Items: 1. Consultation services provided by Phyllis Crosby on January 15, 2025, covering strategic planning and business development strategies. Total: 200.00 EUR.

2. Project management services rendered from January 16 to January 27, 2025, including coordination of cross-departmental teams and progress tracking. Total: 150.00 EUR.

3. Technical support services delivered on January 20, 2025, addressing system integration issues and ensuring operational efficiency. Total: 109.00 EUR.
Amount: 459.00 EUR
Tax Id: REF-1493609
Payment Details: Standard corporate payment process",yes,yes,no,no,no,no,no,no,no,no,no,no,no,PERSON,PERSON,1,1,easy,no,none,no,train,yes,openrouter_gpt4o_mini_field,field_llm_v1,no,,,v2,Synthetic document generated for controlled PII training data.,"[{'type': 'DATE_TIME', 'value': '2025-01-28', 'confidence': 0.95, 'source': 'presidio', 'start': 131, 'end': 141}, {'type': 'PERSON', 'value': 'Phyllis Crosby', 'confidence': 0.85, 'source': 'presidio', 'start': 74, 'end': 88}, {'type': 'PERSON', 'value': 'Phyllis Crosby', 'confidence': 0.85, 'source': 'presidio', 'start': 234, 'end': 248}, {'type': 'DATE_TIME', 'value': 'January 15, 2025', 'confidence': 0.85, 'source': 'presidio', 'start': 252, 'end': 268}, {'type': 'DATE_TIME', 'value': 'January 16 to January 27, 2025', 'confidence': 0.85, 'source': 'presidio', 'start': 400, 'end': 430}]","{""PERSON"": 0.9972, ""DATE_TIME"": 0.942}","['DATE_TIME', 'PERSON']",[],"['DATE_TIME', 'PERSON']",False,True,True,low_cost_llm,potential_pii_evidence,True,0.9998390078544617,confident_pii,False,True,True,0.046975,46.9747,0.925,0.925,yes,no,no,no,no,no,no,no,yes,no,no,no,True,20260909_112646,sweep1_ambiguous_bert,local,bert,distilbert-base-multilingual-cased-v1,not_applicable,local_model,bert_prefilter,gdpr_pii_detection
SYN-INVOICE-0145,synthetic_invoice_0145.txt,invoice,invoice,en,synthetic_generation,,,synthetic,2026-08-28,2026-08-28,2026-08-28,0,"Invoice

Supplier: Vendor
Customer: Customer Organization
Contact: Department Contact
Invoice Number: REF-7431059
Invoice Date: 2026-04-21
Billing Address: 9101 Nash Shore, South Jeffrey, CA 52571
Line Items: 1. Product A - Description: High-quality item suitable for various applications. Quantity: 10, Unit Price: 50.00 EUR, Total: 500.00 EUR.
2. Service B - Description: Professional service for project implementation. Quantity: 1, Unit Price: 300.00 EUR, Total: 300.00 EUR.
3. Delivery Fee - Description: Standard delivery charge for shipping. Quantity: 1, Unit Price: 95.00 EUR, Total: 95.00 EUR.

Subtotal: 895.00 EUR. All items shipped to 9101 Nash Shore, South Jeffrey, CA 52571.
Amount: 895.00 EUR
Tax Id: REF-7278959
Payment Details: Standard corporate payment process",no,no,no,no,no,no,no,no,no,no,no,no,no,,NONE,0,0,easy,no,none,no,validation,yes,openrouter_gpt4o_mini_field,field_llm_v1,no,,,v2,Synthetic document generated for controlled PII training data. Relabeled 2026-09-03: standalone LOCATION with no co-occurring identifier does not meet GDPR Art.4(1) identifiability threshold; corrected from positive to negative.,"[{'type': 'DATE_TIME', 'value': '2026-04-21', 'confidence': 0.95, 'source': 'presidio', 'start': 128, 'end': 138}, {'type': 'PERSON', 'value': 'South Jeffrey', 'confidence': 0.85, 'source': 'presidio', 'start': 173, 'end': 186}, {'type': 'PERSON', 'value': 'South Jeffrey', 'confidence': 0.85, 'source': 'presidio', 'start': 664, 'end': 677}, {'type': 'DATE_TIME', 'value': 'CA 52571', 'confidence': 0.85, 'source': 'presidio', 'start': 679, 'end': 687}]",{},"['DATE_TIME', 'PERSON']",[],"['DATE_TIME', 'PERSON']",False,True,True,low_cost_llm,potential_pii_evidence,True,0.00031400000443682075,confident_non_pii,False,True,True,0.046975,46.9747,0.925,0.925,no,no,no,no,no,no,no,no,no,no,no,no,False,20260909_112646,sweep1_ambiguous_bert,local,bert,distilbert-base-multilingual-cased-v1,not_applicable,local_model,bert_prefilter,gdpr_pii_detection
SYN-INVOICE-0155,synthetic_invoice_0155.txt,invoice,invoice,de,synthetic_generation,,,synthetic,2026-08-28,2026-08-28,2026-08-28,0,"Rechnung

Lieferant: Anbieter
Kunde: Kundenorganisation
Kontakt: Dipl.-Ing. Hedi Thies B.A.
Rechnungsnummer: REF-3153976
Rechnungsdatum: 2027-06-30
Rechnungsadresse: Geschäftliche Rechnungsadresse
Line Items: Dienstleistung: Beratung durch Dipl.-Ing. Hedi Thies B.A. im Bereich der technischen Projektplanung. Umfassende Analyse der Kundenanforderungen sowie Erstellung eines detaillierten Implementierungsplans. Laufzeit der Dienstleistung: 10 Stunden. Gesamtbetrag: 34,00 EUR.
Betrag: 34.00 EUR
Steuernummer: REF-2538887
Zahlungsdaten: Standardmäßiger geschäftlicher Zahlungsprozess",yes,yes,no,no,no,no,no,no,no,no,no,no,no,PERSON,PERSON,1,1,easy,no,none,no,validation,yes,openrouter_gpt4o_mini_field,field_llm_v1,no,,,v2,Synthetic document generated for controlled PII training data.,"[{'type': 'PERSON', 'value': 'Dipl.-Ing. Hedi Thies', 'confidence': 0.85, 'source': 'presidio', 'start': 65, 'end': 86}, {'type': 'PERSON', 'value': 'Dipl.-Ing. Hedi Thies', 'confidence': 0.85, 'source': 'presidio', 'start': 240, 'end': 261}, {'type': 'DATE_TIME', 'value': '2027-06-30', 'confidence': 0.6, 'source': 'presidio', 'start': 137, 'end': 147}]","{""PERSON"": 0.9969, ""DATE_TIME"": 0.9308}","['DATE_TIME', 'PERSON']",[],"['PERSON', 'DATE_TIME']",False,True,False,low_cost_llm,potential_pii_evidence,True,0.999800980091095,confident_pii,False,True,True,0.046975,46.9747,0.925,0.925,yes,no,no,no,no,no,no,no,yes,no,no,no,True,20260909_112646,sweep1_ambiguous_bert,local,bert,distilbert-base-multilingual-cased-v1,not_applicable,local_model,bert_prefilter,gdpr_pii_detection
SYN-INVOICE-0165,synthetic_invoice_0165.txt,invoice,invoice,de,synthetic_generation,,,synthetic,2026-08-28,2026-08-28,2026-08-28,0,"Rechnung

Lieferant: Anbieter
Kunde: Filippo Röhrdanz
Kontakt: Zentrale Kontaktstelle
Rechnungsnummer: REF-1811538
Rechnungsdatum: 2025-11-28
Rechnungsadresse: Geschäftliche Rechnungsadresse
Line Items: Dienstleistungen für die Beratung und Unterstützung im Bereich Projektmanagement, einschließlich der Analyse von Arbeitsabläufen und der Erstellung eines Implementierungsplans, für den Zeitraum vom 01.11.2025 bis 28.11.2025. Rechnung für die erbrachten Dienstleistungen an Filippo Röhrdanz.
Betrag: 49.00 EUR
Steuernummer: REF-5195091
Zahlungsdaten: Standardmäßiger geschäftlicher Zahlungsprozess",yes,yes,no,no,no,no,no,no,no,no,no,no,no,PERSON,PERSON,1,1,easy,no,none,no,train,yes,openrouter_gpt4o_mini_field,field_llm_v1,no,,,v2,Synthetic document generated for controlled PII training data.,"[{'type': 'PERSON', 'value': 'Filippo Röhrdanz', 'confidence': 0.85, 'source': 'presidio', 'start': 37, 'end': 53}, {'type': 'PERSON', 'value': 'Filippo Röhrdanz', 'confidence': 0.85, 'source': 'presidio', 'start': 476, 'end': 492}, {'type': 'DATE_TIME', 'value': '2025-11-28', 'confidence': 0.6, 'source': 'presidio', 'start': 131, 'end': 141}, {'type': 'DATE_TIME', 'value': '01.11.2025', 'confidence': 0.6, 'source': 'presidio', 'start': 401, 'end': 411}, {'type': 'DATE_TIME', 'value': '28.11.2025', 'confidence': 0.6, 'source': 'presidio', 'start': 416, 'end': 426}]","{""PERSON"": 0.9921}","['DATE_TIME', 'PERSON']",[],"['PERSON', 'DATE_TIME']",False,True,False,low_cost_llm,potential_pii_evidence,True,0.9999129772186279,confident_pii,False,True,True,0.046975,46.9747,0.925,0.925,yes,no,no,no,no,no,no,no,no,no,no,no,True,20260909_112646,sweep1_ambiguous_bert,local,bert,distilbert-base-multilingual-cased-v1,not_applicable,local_model,bert_prefilter,gdpr_pii_detection
SYN-INVOICE-0214,synthetic_invoice_0214.txt,invoice,invoice,en,synthetic_generation,,,synthetic,2026-08-28,2026-08-28,2026-08-28,0,"Invoice

Supplier: Supplier Organization
Customer: Business Client
Contact: Department Contact
Invoice Number: REF-2883091
Invoice Date: 2027-07-13
Billing Address: Billing details on file
Line Items: 1. Consultation Services: Professional consultation provided on project management strategies, totaling 85.00 EUR. 2. Training Workshop: Conducted a training workshop for client teams on efficient workflow techniques, amounting to 27.00 EUR.
Amount: 112.00 EUR
Tax Id: REF-8277382
Payment Details: Standard corporate payment process",no,no,no,no,no,no,no,no,no,no,no,no,no,,NONE,0,0,easy,no,none,no,test,yes,openrouter_gpt4o_mini_field,field_llm_v1,no,,,v2,Synthetic document generated for controlled PII training data.,"[{'type': 'PERSON', 'value': 'REF-8277382\nPayment Details', 'confidence': 0.85, 'source': 'presidio', 'start': 470, 'end': 497}]",{},['PERSON'],[],['PERSON'],False,True,True,low_cost_llm,potential_pii_evidence,True,0.0002099999983329326,confident_non_pii,False,True,True,0.046975,46.9747,0.925,0.925,no,no,no,no,no,no,no,no,no,no,no,no,False,20260909_112646,sweep1_ambiguous_bert,local,bert,distilbert-base-multilingual-cased-v1,not_applicable,local_model,bert_prefilter,gdpr_pii_detection
SYN-INVOICE-0225,synthetic_invoice_0225.txt,invoice,invoice,en,synthetic_generation,,,synthetic,2026-08-28,2026-08-28,2026-08-28,0,"Invoice

Supplier: Supplier Organization
Customer: Aaron Davis
Contact: Department Contact
Invoice Number: REF-7833795
Invoice Date: 2026-04-28
Billing Address: Billing details on file
Line Items: 1. Consulting Services for April 2026: 10 hours at 30.00 EUR/hour - Total: 300.00 EUR
2. Software License Renewal: 1 year subscription - Total: 28.00 EUR

Subtotal: 328.00 EUR (including applicable taxes)
Amount: 328.00 EUR
Tax Id: REF-3725091
Payment Details: Payment terms on file",yes,yes,no,no,no,no,no,no,no,no,no,no,no,PERSON,PERSON,1,1,easy,no,none,no,train,yes,openrouter_gpt4o_mini_field,field_llm_v1,no,,,v2,Synthetic document generated for controlled PII training data.,"[{'type': 'DATE_TIME', 'value': '2026-04-28', 'confidence': 0.95, 'source': 'presidio', 'start': 133, 'end': 143}, {'type': 'PERSON', 'value': 'Aaron Davis', 'confidence': 0.85, 'source': 'presidio', 'start': 51, 'end': 62}, {'type': 'DATE_TIME', 'value': 'April 2026', 'confidence': 0.85, 'source': 'presidio', 'start': 224, 'end': 234}, {'type': 'DATE_TIME', 'value': '10 hours', 'confidence': 0.85, 'source': 'presidio', 'start': 236, 'end': 244}]","{""PERSON"": 0.9961}","['DATE_TIME', 'PERSON']",[],"['DATE_TIME', 'PERSON']",False,True,True,low_cost_llm,potential_pii_evidence,True,0.9997299909591675,confident_pii,False,True,True,0.046975,46.9747,0.925,0.925,yes,no,no,no,no,no,no,no,no,no,no,no,True,20260909_112646,sweep1_ambiguous_bert,local,bert,distilbert-base-multilingual-cased-v1,not_applicable,local_model,bert_prefilter,gdpr_pii_detection
SYN-INVOICE-0227,synthetic_invoice_0227.txt,invoice,invoice,en,synthetic_generation,,,synthetic,2026-08-28,2026-08-28,2026-08-28,0,"Invoice

Supplier: Supplier Organization
Customer: Customer Organization
Contact: Central Contact Point
Invoice Number: REF-8877171
Invoice Date: 2025-11-08
Billing Address: Billing details on file
Line Items: 1. Product A - Description of Product A, Quantity: 5, Unit Price: 30.00 EUR, Total: 150.00 EUR
2. Service B - Description of Service B, Quantity: 1, Unit Price: 61.00 EUR, Total: 61.00 EUR
3. Product C - Description of Product C, Quantity: 2, Unit Price: 0.00 EUR, Total: 0.00 EUR

Subtotal: 211.00 EUR
Tax ID: REF-5008991
Amount: 211.00 EUR
Tax Id: REF-5008991
Payment Details: Payment terms on file",no,no,no,no,no,no,no,no,no,no,no,no,no,,NONE,0,0,easy,no,none,no,train,yes,openrouter_gpt4o_mini_field,field_llm_v1,no,,,v2,Synthetic document generated for controlled PII training data.,"[{'type': 'NRP', 'value': 'REF-5008991', 'confidence': 0.85, 'source': 'presidio', 'start': 560, 'end': 571}]",{},['NRP'],[],['NRP'],False,True,True,low_cost_llm,potential_pii_evidence,True,0.00022499999613501132,confident_non_pii,False,True,True,0.046975,46.9747,0.925,0.925,no,no,no,no,no,no,no,no,no,no,no,no,False,20260909_112646,sweep1_ambiguous_bert,local,bert,distilbert-base-multilingual-cased-v1,not_applicable,local_model,bert_prefilter,gdpr_pii_detection
SYN-IT_ACCESS_REQUEST-0009,synthetic_it_access_request_0009.txt,form,it_access_request,de,synthetic_generation,,,synthetic,2026-08-28,2026-08-28,2026-08-28,0,"IT-Zugriffsantrag

Name: Dr. Evelyn Jopich MBA.
Kontakt: Abteilungskontakt
Abteilung: IT
Vorgesetzter: Verantwortliche Führungskraft
System: ServiceNow
Zugriffsstufe: Power User
Begründung: Dr. Evelyn Jopich MBA. benötigt Zugang zu ServiceNow, um effektive Unterstützung bei der Verwaltung von IT-Anfragen zu leisten. Ihre Rolle erfordert es, Systemänderungen vorzunehmen und Anfragen zu priorisieren, was eine erweiterte Benutzerberechtigung als Power User notwendig macht. Dies wird die Effizienz der Abteilung erheblich steigern und sicherstellen, dass alle IT-Anforderungen zeitgerecht bearbeitet werden.
Prüfer: Access Management
Kommentare: Die Genehmigung wurde erteilt, nachdem die Notwendigkeit für den erweiterten Zugang von der Abteilung IT und dem Zugriffskontrollteam klar dargelegt wurde. Es wurde festgestellt, dass Dr. Evelyn Jopich MBA. über die notwendigen Kenntnisse verfügt, um die Berechtigungen verantwortungsbewusst zu nutzen. Die Unterschrift ist noch ausstehend, wird jedoch zeitnah erwartet.
Genehmigung: Approved
Genehmigende Person: Access Control Team
Unterschrift: Unterschrift ausstehend
Datum: 2025-09-16",yes,yes,no,no,no,no,no,no,no,no,no,no,no,PERSON,PERSON,1,1,easy,no,none,no,train,yes,openrouter_gpt4o_mini_field,field_llm_v1,no,,,v2,Synthetic document generated for controlled PII training data.,"[{'type': 'PERSON', 'value': 'Evelyn Jopich', 'confidence': 0.85, 'source': 'presidio', 'start': 29, 'end': 42}, {'type': 'PERSON', 'value': 'Evelyn Jopich', 'confidence': 0.85, 'source': 'presidio', 'start': 194, 'end': 207}, {'type': 'LOCATION', 'value': 'IT-Anfragen', 'confidence': 0.85, 'source': 'presidio', 'start': 294, 'end': 305}, {'type': 'PERSON', 'value': 'Evelyn Jopich', 'confidence': 0.85, 'source': 'presidio', 'start': 835, 'end': 848}]","{""PERSON"": 0.9977, ""DATE_TIME"": 0.9642}","['LOCATION', 'PERSON']",[],"['PERSON', 'LOCATION']",False,True,True,low_cost_llm,potential_pii_evidence,True,0.9998409748077393,confident_pii,False,True,True,0.046975,46.9747,0.925,0.925,yes,no,no,no,no,no,no,no,yes,no,no,no,True,20260909_112646,sweep1_ambiguous_bert,local,bert,distilbert-base-multilingual-cased-v1,not_applicable,local_model,bert_prefilter,gdpr_pii_detection
SYN-IT_ACCESS_REQUEST-0016,synthetic_it_access_request_0016.txt,form,it_access_request,en,synthetic_generation,,,synthetic,2026-08-28,2026-08-28,2026-08-28,0,"It Access Request

Name: Department request
Contact: Department Contact
Department: Finance
Manager: Responsible Manager
System: CRM Platform
Access Level: Editor
Justification: Access is required to facilitate data entry and updates in the CRM Platform for ongoing finance projects. This will enhance team collaboration and efficiency in managing client interactions.
Reviewer: IT Security Team
Comments: Kaitlin Williams
Approval: Approved
Approver: IT Manager
Signature: Signature pending
Date: 2026-12-04",yes,yes,no,no,no,no,no,no,no,no,no,no,no,PERSON,PERSON,1,1,easy,no,none,no,train,yes,openrouter_gpt4o_mini_field,field_llm_v1,no,,,v2,Synthetic document generated for controlled PII training data.,"[{'type': 'DATE_TIME', 'value': '2026-12-04', 'confidence': 0.95, 'source': 'presidio', 'start': 498, 'end': 508}, {'type': 'PERSON', 'value': 'Kaitlin Williams', 'confidence': 0.85, 'source': 'presidio', 'start': 406, 'end': 422}]","{""PERSON"": 0.9937}","['DATE_TIME', 'PERSON']",[],"['DATE_TIME', 'PERSON']",False,True,True,low_cost_llm,potential_pii_evidence,True,0.9998559951782227,confident_pii,False,True,True,0.046975,46.9747,0.925,0.925,yes,no,no,no,no,no,no,no,no,no,no,no,True,20260909_112646,sweep1_ambiguous_bert,local,bert,distilbert-base-multilingual-cased-v1,not_applicable,local_model,bert_prefilter,gdpr_pii_detection
SYN-IT_ACCESS_REQUEST-0018,synthetic_it_access_request_0018.txt,form,it_access_request,de,synthetic_generation,,,synthetic,2026-08-28,2026-08-28,2026-08-28,0,"IT-Zugriffsantrag

Name: Raik Bruder
Kontakt: Zentrale Kontaktstelle
Abteilung: Procurement
Vorgesetzter: Teamleitung
System: CRM Platform
Zugriffsstufe: Standard User
Begründung: Der Zugriff auf die CRM-Plattform ist notwendig, um die aktuellen Beschaffungsprozesse effizient zu verwalten. Weitere Informationen sind unter https://www.girschner.com/ verfügbar.
Prüfer: IT Security Team
Kommentare: Die Anfrage wurde aufgrund unzureichender Sicherheitsanforderungen abgelehnt. Es wird empfohlen, die Zugriffsanfrage nach Behebung der Mängel erneut zu prüfen.
Genehmigung: Rejected
Genehmigende Person: Access Control Team
Unterschrift: Autorisierte Unterschrift
Datum: 2026-09-18",yes,yes,no,no,no,no,no,no,no,no,no,yes,no,PERSON; URL,MULTIPLE,2,2,easy,no,none,no,train,yes,openrouter_gpt4o_mini_field,field_llm_v1,no,,,v2,Synthetic document generated for controlled PII training data.,"[{'type': 'PERSON', 'value': 'Raik Bruder', 'confidence': 0.85, 'source': 'presidio', 'start': 25, 'end': 36}, {'type': 'URL', 'value': 'https://www.girschner.com/', 'confidence': 0.6, 'source': 'presidio', 'start': 324, 'end': 350}, {'type': 'URL', 'value': 'https://www.girschner.com', 'confidence': 0.9, 'source': 'custom_regex', 'start': 324, 'end': 349}]","{""PERSON"": 0.9915, ""URL"": 0.9854}","['PERSON', 'URL']",[],"['PERSON', 'URL']",False,True,True,low_cost_llm,potential_pii_evidence,True,0.9982920289039612,confident_pii,False,True,True,0.046975,46.9747,0.925,0.925,yes,no,no,no,no,no,no,no,no,no,yes,no,True,20260909_112646,sweep1_ambiguous_bert,local,bert,distilbert-base-multilingual-cased-v1,not_applicable,local_model,bert_prefilter,gdpr_pii_detection
SYN-IT_ACCESS_REQUEST-0019,synthetic_it_access_request_0019.txt,form,it_access_request,en,synthetic_generation,,,synthetic,2026-08-28,2026-08-28,2026-08-28,0,"It Access Request

Name: Requester details not provided
Contact: Service Team
Department: IT
Manager: Tracie Smith
System: ServiceNow
Access Level: Editor
Justification: The request for access to the ServiceNow system at the Editor level has been made to facilitate ongoing projects within the IT department. This access is essential for maintaining timely updates and ensuring efficient collaboration among team members on critical tasks. However, the justification lacks adequate details regarding specific projects or tasks that require this level of access, which is necessary for approval.
Reviewer: Access Management
Comments: For further information regarding this request or for assistance with the access process, please visit http://brooks.com/
Approval: Rejected
Approver: Department Manager
Signature: Signature pending
Date: 2027-05-31",yes,yes,no,no,no,no,no,no,no,no,no,yes,no,PERSON; URL,MULTIPLE,2,2,easy,no,none,no,test,yes,openrouter_gpt4o_mini_field,field_llm_v1,no,,,v2,Synthetic document generated for controlled PII training data.,"[{'type': 'PERSON', 'value': 'Tracie Smith\nSystem', 'confidence': 0.85, 'source': 'presidio', 'start': 102, 'end': 121}, {'type': 'URL', 'value': 'http://brooks.com/', 'confidence': 0.6, 'source': 'presidio', 'start': 736, 'end': 754}, {'type': 'URL', 'value': 'http://brooks.com', 'confidence': 0.9, 'source': 'custom_regex', 'start': 736, 'end': 753}]","{""PERSON"": 0.9881, ""URL"": 0.9868}","['PERSON', 'URL']",[],"['PERSON', 'URL']",False,True,True,low_cost_llm,potential_pii_evidence,True,0.9982249736785889,confident_pii,False,True,True,0.046975,46.9747,0.925,0.925,yes,no,no,no,no,no,no,no,no,no,yes,no,True,20260909_112646,sweep1_ambiguous_bert,local,bert,distilbert-base-multilingual-cased-v1,not_applicable,local_model,bert_prefilter,gdpr_pii_detection
SYN-IT_ACCESS_REQUEST-0023,synthetic_it_access_request_0023.txt,form,it_access_request,en,synthetic_generation,,,synthetic,2026-08-28,2026-08-28,2026-08-28,0,"It Access Request

Name: Requester details not provided
Contact: Service Team
Department: Operations
Manager: Claire Monroe
System: Microsoft 365
Access Level: Read Only
Justification: The request for access to Microsoft 365 has been made to facilitate the efficient handling of operational tasks within the Operations department. This access is crucial for ensuring that team members can review and analyze documents necessary for ongoing projects. The Read Only access level will allow for collaboration without altering the existing content, thus maintaining data integrity.
Reviewer: System Administration
Comments: After reviewing the request, it is confirmed that the access aligns with operational requirements and enhances productivity. Claire Monroe, as the manager, has endorsed this request, indicating that the information accessed will be pertinent for the team's objectives. The review by the System Administration team supports the decision to grant access.
Approval: Approved
Approver: Access Control Team
Signature: Authorized signature
Date: 2025-11-28",yes,yes,no,no,no,no,no,no,no,no,no,no,no,PERSON,PERSON,1,1,easy,no,none,no,validation,yes,openrouter_gpt4o_mini_field,field_llm_v1,no,,,v2,Synthetic document generated for controlled PII training data.,"[{'type': 'PERSON', 'value': 'Claire Monroe\nSystem', 'confidence': 0.85, 'source': 'presidio', 'start': 110, 'end': 130}, {'type': 'PERSON', 'value': 'Claire Monroe', 'confidence': 0.85, 'source': 'presidio', 'start': 745, 'end': 758}]","{""PERSON"": 0.9979, ""DATE_TIME"": 0.9628}",['PERSON'],[],['PERSON'],False,True,True,low_cost_llm,potential_pii_evidence,True,0.9998769760131836,confident_pii,False,True,True,0.046975,46.9747,0.925,0.925,yes,no,no,no,no,no,no,no,yes,no,no,no,True,20260909_112646,sweep1_ambiguous_bert,local,bert,distilbert-base-multilingual-cased-v1,not_applicable,local_model,bert_prefilter,gdpr_pii_detection
SYN-IT_ACCESS_REQUEST-0083,synthetic_it_access_request_0083.txt,form,it_access_request,de,synthetic_generation,,,synthetic,2026-08-28,2026-08-28,2026-08-28,0,"IT-Zugriffsantrag

Name: Univ.Prof. Gordon Wagenknecht B.Sc.
Kontakt: Zentrale Kontaktstelle
Abteilung: Finance
Vorgesetzter: Teamleitung
System: CRM Platform
Zugriffsstufe: Administrator
Begründung: Der Zugriff auf die CRM-Plattform als Administrator ist notwendig, um die Finanzdaten effizient zu verwalten und notwendige Änderungen vorzunehmen.
Prüfer: Access Management
Kommentare: http://www.schaaf.com/
Genehmigung: Rejected
Genehmigende Person: IT Manager
Unterschrift: Unterschrift ausstehend
Datum: 2026-08-16",yes,yes,no,no,no,no,no,no,no,no,no,yes,no,PERSON; URL,MULTIPLE,2,2,easy,no,none,no,train,yes,openrouter_gpt4o_mini_field,field_llm_v1,no,,,v2,Synthetic document generated for controlled PII training data.,"[{'type': 'PERSON', 'value': 'Gordon Wagenknecht', 'confidence': 0.85, 'source': 'presidio', 'start': 36, 'end': 54}, {'type': 'URL', 'value': 'http://www.schaaf.com/', 'confidence': 0.6, 'source': 'presidio', 'start': 386, 'end': 408}, {'type': 'URL', 'value': 'Univ.Pro', 'confidence': 0.5, 'source': 'presidio', 'start': 25, 'end': 33}, {'type': 'URL', 'value': 'B.Sc', 'confidence': 0.5, 'source': 'presidio', 'start': 55, 'end': 59}, {'type': 'URL', 'value': 'http://www.schaaf.com', 'confidence': 0.9, 'source': 'custom_regex', 'start': 386, 'end': 407}]","{""PERSON"": 0.9892, ""URL"": 0.9849}","['PERSON', 'URL']",[],"['PERSON', 'URL']",False,True,True,low_cost_llm,potential_pii_evidence,True,0.9983909726142883,confident_pii,False,True,True,0.046975,46.9747,0.925,0.925,yes,no,no,no,no,no,no,no,no,no,yes,no,True,20260909_112646,sweep1_ambiguous_bert,local,bert,distilbert-base-multilingual-cased-v1,not_applicable,local_model,bert_prefilter,gdpr_pii_detection
SYN-IT_ACCESS_REQUEST-0100,synthetic_it_access_request_0100.txt,form,it_access_request,de,synthetic_generation,,,synthetic,2026-08-28,2026-08-28,2026-08-28,0,"IT-Zugriffsantrag

Name: Antragstellerangaben nicht angegeben
Kontakt: Abteilungskontakt
Abteilung: Procurement
Vorgesetzter: Eric Bauer
System: SAP S/4HANA
Zugriffsstufe: Read Only
Begründung: Zugriff auf SAP S/4HANA ist erforderlich, um die notwendigen Informationen für die Beschaffung effizient abrufen und analysieren zu können.
Prüfer: IT Security Team
Kommentare: https://beyer.com/
Genehmigung: Approved
Genehmigende Person: Department Manager
Unterschrift: Unterschrift ausstehend
Datum: 2027-06-10",yes,yes,no,no,no,no,no,no,no,no,no,yes,no,PERSON; URL,MULTIPLE,2,2,easy,no,none,no,test,yes,openrouter_gpt4o_mini_field,field_llm_v1,no,,,v2,Synthetic document generated for controlled PII training data.,"[{'type': 'LOCATION', 'value': 'Antragstellerangaben', 'confidence': 0.85, 'source': 'presidio', 'start': 25, 'end': 45}, {'type': 'PERSON', 'value': 'Eric Bauer', 'confidence': 0.85, 'source': 'presidio', 'start': 126, 'end': 136}, {'type': 'LOCATION', 'value': '4HANA', 'confidence': 0.85, 'source': 'presidio', 'start': 212, 'end': 217}, {'type': 'URL', 'value': 'https://beyer.com/', 'confidence': 0.6, 'source': 'presidio', 'start': 371, 'end': 389}, {'type': 'URL', 'value': 'https://beyer.com', 'confidence': 0.9, 'source': 'custom_regex', 'start': 371, 'end': 388}]","{""PERSON"": 0.9877, ""URL"": 0.986}","['LOCATION', 'PERSON', 'URL']",[],"['LOCATION', 'PERSON', 'URL']",False,True,True,low_cost_llm,potential_pii_evidence,True,0.9982529878616333,confident_pii,False,True,True,0.046975,46.9747,0.925,0.925,yes,no,no,no,no,no,no,no,no,no,yes,no,True,20260909_112646,sweep1_ambiguous_bert,local,bert,distilbert-base-multilingual-cased-v1,not_applicable,local_model,bert_prefilter,gdpr_pii_detection
SYN-IT_ACCESS_REQUEST-0114,synthetic_it_access_request_0114.txt,form,it_access_request,en,synthetic_generation,,,synthetic,2026-08-28,2026-08-28,2026-08-28,0,"It Access Request

Name: Paul Williams
Contact: Central Contact Point
Department: IT
Manager: Responsible Manager
System: Analytics Workspace
Access Level: Standard User
Justification: https://oliver-moore.com/
Reviewer: Access Management
Comments: Internal documentation for the standard business process.
Approval: Pending
Approver: IT Manager
Signature: Signature pending
Date: 2025-09-30",yes,yes,no,no,no,no,no,no,no,no,no,yes,no,PERSON; URL,MULTIPLE,2,2,easy,no,none,no,validation,yes,faker_archetype_fallback,field_llm_v1_fallback,no,,,v2,Synthetic document generated for controlled PII training data.,"[{'type': 'PERSON', 'value': 'Paul Williams', 'confidence': 0.85, 'source': 'presidio', 'start': 25, 'end': 38}, {'type': 'URL', 'value': 'https://oliver-moore.com/', 'confidence': 0.6, 'source': 'presidio', 'start': 185, 'end': 210}, {'type': 'URL', 'value': 'https://oliver-moore.com', 'confidence': 0.9, 'source': 'custom_regex', 'start': 185, 'end': 209}]","{""PERSON"": 0.9925, ""URL"": 0.9856}","['PERSON', 'URL']",[],"['PERSON', 'URL']",False,True,True,low_cost_llm,potential_pii_evidence,True,0.9988790154457092,confident_pii,False,True,True,0.046975,46.9747,0.925,0.925,yes,no,no,no,no,no,no,no,no,no,yes,no,True,20260909_112646,sweep1_ambiguous_bert,local,bert,distilbert-base-multilingual-cased-v1,not_applicable,local_model,bert_prefilter,gdpr_pii_detection
SYN-IT_ACCESS_REQUEST-0128,synthetic_it_access_request_0128.txt,form,it_access_request,en,synthetic_generation,,,synthetic,2026-08-28,2026-08-28,2026-08-28,0,"It Access Request

Name: Department request
Contact: Department Contact
Department: IT
Manager: Team Lead
System: Microsoft 365
Access Level: Read Only
Justification: The request for read-only access to Microsoft 365 at https://house.com/ is essential for our team to efficiently monitor and analyze data relevant to our ongoing projects. This access will enable us to retrieve necessary documents and collaborate effectively without making any changes to existing files, thus ensuring data integrity while fulfilling our operational needs.
Reviewer: System Administration
Comments: This request has been reviewed and approved by Margaret Riley, who has confirmed that access to Microsoft 365 is critical for the team’s productivity and aligns with our strategic initiatives.
Approval: Approved
Approver: Access Control Team
Signature: Signature pending
Date: 2025-10-29",yes,yes,no,no,no,no,no,no,no,no,no,yes,no,PERSON; URL,MULTIPLE,2,2,easy,no,none,no,train,yes,openrouter_gpt4o_mini_field,field_llm_v1,no,,,v2,Synthetic document generated for controlled PII training data.,"[{'type': 'PERSON', 'value': 'Margaret Riley', 'confidence': 0.85, 'source': 'presidio', 'start': 630, 'end': 644}, {'type': 'URL', 'value': 'https://house.com/', 'confidence': 0.6, 'source': 'presidio', 'start': 220, 'end': 238}, {'type': 'URL', 'value': 'https://house.com', 'confidence': 0.9, 'source': 'custom_regex', 'start': 220, 'end': 237}]","{""PERSON"": 0.9916, ""URL"": 0.9858}","['PERSON', 'URL']",[],"['PERSON', 'URL']",False,True,True,low_cost_llm,potential_pii_evidence,True,0.9985809922218323,confident_pii,False,True,True,0.046975,46.9747,0.925,0.925,yes,no,no,no,no,no,no,no,no,no,yes,no,True,20260909_112646,sweep1_ambiguous_bert,local,bert,distilbert-base-multilingual-cased-v1,not_applicable,local_model,bert_prefilter,gdpr_pii_detection
SYN-IT_ACCESS_REQUEST-0129,synthetic_it_access_request_0129.txt,form,it_access_request,en,synthetic_generation,,,synthetic,2026-08-28,2026-08-28,2026-08-28,0,"It Access Request

Name: Thomas Ray
Contact: Service Team
Department: Procurement
Manager: Responsible Manager
System: SAP S/4HANA
Access Level: Editor
Justification: Thomas Ray requires access to SAP S/4HANA as an Editor to efficiently manage procurement processes and ensure timely order fulfillment.
Reviewer: Access Management
Comments: Access request for Thomas Ray has been thoroughly reviewed by the Access Management team and is pending further evaluation from the Access Control Team.
Approval: Rejected
Approver: Access Control Team
Signature: Signature pending
Date: 2025-08-12",yes,yes,no,no,no,no,no,no,no,no,no,no,no,PERSON,PERSON,1,1,easy,no,none,no,train,yes,openrouter_gpt4o_mini_field,field_llm_v1,no,,,v2,Synthetic document generated for controlled PII training data.,"[{'type': 'PERSON', 'value': 'Thomas Ray\nContact: Service Team\nDepartment', 'confidence': 0.85, 'source': 'presidio', 'start': 25, 'end': 68}, {'type': 'PERSON', 'value': 'Thomas Ray', 'confidence': 0.85, 'source': 'presidio', 'start': 167, 'end': 177}, {'type': 'PERSON', 'value': 'Thomas Ray', 'confidence': 0.85, 'source': 'presidio', 'start': 360, 'end': 370}]","{""PERSON"": 0.9975}",['PERSON'],[],['PERSON'],False,True,True,low_cost_llm,potential_pii_evidence,True,0.9999430179595947,confident_pii,False,True,True,0.046975,46.9747,0.925,0.925,yes,no,no,no,no,no,no,no,no,no,no,no,True,20260909_112646,sweep1_ambiguous_bert,local,bert,distilbert-base-multilingual-cased-v1,not_applicable,local_model,bert_prefilter,gdpr_pii_detection
SYN-IT_ACCESS_REQUEST-0134,synthetic_it_access_request_0134.txt,form,it_access_request,en,synthetic_generation,,,synthetic,2026-08-28,2026-08-28,2026-08-28,0,"It Access Request

Name: Christopher Williams
Contact: Central Contact Point
Department: Procurement
Manager: Department Manager
System: Analytics Workspace
Access Level: Editor
Justification: The request for access to the Analytics Workspace is essential for Christopher Williams, as it will enable him to efficiently analyze procurement data and generate actionable insights that can lead to cost savings and improved supplier performance. The editor access level is necessary to allow him to directly modify and update reports, ensuring that the procurement team has the most current information available for decision-making. This access aligns with our strategic goals of enhancing data-driven decision processes within the department.
Reviewer: Access Management
Comments: After careful consideration, it was determined that granting access to the Analytics Workspace for Christopher Williams was not feasible at this time. The decision was influenced by the current policy limitations regarding access levels and the need for additional training before access can be granted. It is recommended that Christopher engage in training sessions to improve his proficiency with the system, which may support future requests for access.
Approval: Rejected
Approver: Department Manager
Signature: Signature pending
Date: 2026-05-03",yes,yes,no,no,no,no,no,no,no,no,no,no,no,PERSON,PERSON,1,1,easy,no,none,no,train,yes,openrouter_gpt4o_mini_field,field_llm_v1,no,,,v2,Synthetic document generated for controlled PII training data.,"[{'type': 'PERSON', 'value': 'Christopher Williams\n', 'confidence': 0.85, 'source': 'presidio', 'start': 25, 'end': 46}, {'type': 'PERSON', 'value': 'Christopher Williams', 'confidence': 0.85, 'source': 'presidio', 'start': 260, 'end': 280}, {'type': 'PERSON', 'value': 'Christopher Williams', 'confidence': 0.85, 'source': 'presidio', 'start': 878, 'end': 898}]","{""PERSON"": 0.9975, ""DATE_TIME"": 0.9625}",['PERSON'],[],['PERSON'],False,True,True,low_cost_llm,potential_pii_evidence,True,0.9997919797897339,confident_pii,False,True,True,0.046975,46.9747,0.925,0.925,yes,no,no,no,no,no,no,no,yes,no,no,no,True,20260909_112646,sweep1_ambiguous_bert,local,bert,distilbert-base-multilingual-cased-v1,not_applicable,local_model,bert_prefilter,gdpr_pii_detection
SYN-IT_ACCESS_REQUEST-0157,synthetic_it_access_request_0157.txt,form,it_access_request,de,synthetic_generation,,,synthetic,2026-08-28,2026-08-28,2026-08-28,0,"IT-Zugriffsantrag

Name: Dipl.-Ing. Corinna Gröttner
Kontakt: Abteilungskontakt
Abteilung: Procurement
Vorgesetzter: Teamleitung
System: SAP S/4HANA
Zugriffsstufe: Editor
Begründung: Die Beantragung des Zugriffs auf das System SAP S/4HANA ist erforderlich, um die effiziente Bearbeitung von Beschaffungsanfragen in der Abteilung Procurement zu gewährleisten. Über die Webseite https://www.kobelt.com/ können wir relevante Informationen und Ressourcen abrufen, die für die Optimierung unserer Einkaufsprozesse von entscheidender Bedeutung sind.
Prüfer: System Administration
Kommentare: Die Anfrage wurde sorgfältig geprüft und die Notwendigkeit des Zugriffs auf SAP S/4HANA im Kontext der aktuellen Projekte und Abläufe in der Abteilung Procurement wurde bestätigt. Es wurde festgestellt, dass der Zugriff für die termingerechte Umsetzung von Beschaffungsstrategien unerlässlich ist. Die Teamleitung unterstützt diese Anfrage vollumfänglich.
Genehmigung: Approved
Genehmigende Person: Department Manager
Unterschrift: Unterschrift ausstehend
Datum: 2027-05-09",yes,yes,no,no,no,no,no,no,no,no,no,yes,no,PERSON; URL,MULTIPLE,2,2,easy,no,none,no,train,yes,openrouter_gpt4o_mini_field,field_llm_v1,no,,,v2,Synthetic document generated for controlled PII training data.,"[{'type': 'PERSON', 'value': 'Dipl.-Ing. Corinna Gröttner', 'confidence': 0.85, 'source': 'presidio', 'start': 25, 'end': 52}, {'type': 'LOCATION', 'value': '4HANA', 'confidence': 0.85, 'source': 'presidio', 'start': 233, 'end': 238}, {'type': 'URL', 'value': 'https://www.kobelt.com/', 'confidence': 0.6, 'source': 'presidio', 'start': 377, 'end': 400}, {'type': 'URL', 'value': 'https://www.kobelt.com', 'confidence': 0.9, 'source': 'custom_regex', 'start': 377, 'end': 399}]","{""PERSON"": 0.9901, ""URL"": 0.986}","['LOCATION', 'PERSON', 'URL']",[],"['PERSON', 'LOCATION', 'URL']",False,True,True,low_cost_llm,potential_pii_evidence,True,0.9981369972229004,confident_pii,False,True,True,0.046975,46.9747,0.925,0.925,yes,no,no,no,no,no,no,no,no,no,yes,no,True,20260909_112646,sweep1_ambiguous_bert,local,bert,distilbert-base-multilingual-cased-v1,not_applicable,local_model,bert_prefilter,gdpr_pii_detection
SYN-IT_ACCESS_REQUEST-0163,synthetic_it_access_request_0163.txt,form,it_access_request,en,synthetic_generation,,,synthetic,2026-08-28,2026-08-28,2026-08-28,0,"It Access Request

Name: Charles Cooper
Contact: Central Contact Point
Department: Finance
Manager: Department Manager
System: ServiceNow
Access Level: Power User
Justification: The request for access to ServiceNow is essential for Charles Cooper in his role within the Finance department. He requires Power User access to effectively manage and oversee financial requests and workflows. This access will enable him to streamline processes, enhance reporting capabilities, and ensure compliance with departmental policies. Additionally, it will facilitate better collaboration with other teams, ultimately improving the overall efficiency of financial operations.
Reviewer: IT Security Team
Comments: The IT Security Team has reviewed the access request and noted that Charles Cooper has demonstrated a clear need for the requested access level. They recommend approval, pending final confirmation from the Department Manager, as this will significantly aid in the finance team’s operational effectiveness. Further monitoring of access activities is suggested to ensure compliance with security protocols.
Approval: Pending
Approver: Department Manager
Signature: Signature pending
Date: 2025-05-28",yes,yes,no,no,no,no,no,no,no,no,no,no,no,PERSON,PERSON,1,1,easy,no,none,no,test,yes,openrouter_gpt4o_mini_field,field_llm_v1,no,,,v2,Synthetic document generated for controlled PII training data.,"[{'type': 'PERSON', 'value': 'Charles Cooper\nContact:', 'confidence': 0.85, 'source': 'presidio', 'start': 25, 'end': 48}, {'type': 'PERSON', 'value': 'Charles Cooper', 'confidence': 0.85, 'source': 'presidio', 'start': 232, 'end': 246}, {'type': 'PERSON', 'value': 'Charles Cooper', 'confidence': 0.85, 'source': 'presidio', 'start': 769, 'end': 783}]","{""PERSON"": 0.9976, ""DATE_TIME"": 0.9684}",['PERSON'],[],['PERSON'],False,True,True,low_cost_llm,potential_pii_evidence,True,0.9998400211334229,confident_pii,False,True,True,0.046975,46.9747,0.925,0.925,yes,no,no,no,no,no,no,no,yes,no,no,no,True,20260909_112646,sweep1_ambiguous_bert,local,bert,distilbert-base-multilingual-cased-v1,not_applicable,local_model,bert_prefilter,gdpr_pii_detection
SYN-IT_ACCESS_REQUEST-0190,synthetic_it_access_request_0190.txt,form,it_access_request,de,synthetic_generation,,,synthetic,2026-08-28,2026-08-28,2026-08-28,0,"IT-Zugriffsantrag

Name: Dipl.-Ing. Heidrun Huhn MBA.
Kontakt: Zentrale Kontaktstelle
Abteilung: Operations
Vorgesetzter: Teamleitung
System: CRM Platform
Zugriffsstufe: Standard User
Begründung: Die Beantragung des Zugriffs auf die CRM-Plattform ist notwendig, um die Effizienz der Betriebsabläufe in der Abteilung Operations zu steigern. Als Dipl.-Ing. Heidrun Huhn MBA. bin ich verantwortlich für die Koordination wichtiger Projekte und benötige daher Zugang zu wichtigen Kundendaten, um die Anforderungen unserer Klienten optimal erfüllen zu können. Der Zugriff würde es mir ermöglichen, Datenanalysen durchzuführen und die Kommunikation mit unseren Kunden zu optimieren, was letztlich zu einer besseren Servicequalität führt.
Prüfer: Access Management
Kommentare: Für weitere Informationen oder Rückfragen stehe ich jederzeit zur Verfügung. Weitere Details finden Sie unter http://www.franke.de/
Genehmigung: Rejected
Genehmigende Person: Department Manager
Unterschrift: Unterschrift ausstehend
Datum: 2025-09-07",yes,yes,no,no,no,no,no,no,no,no,no,yes,no,PERSON; URL,MULTIPLE,2,2,easy,no,none,no,train,yes,openrouter_gpt4o_mini_field,field_llm_v1,no,,,v2,Synthetic document generated for controlled PII training data.,"[{'type': 'PERSON', 'value': 'Dipl.-Ing. Heidrun Huhn', 'confidence': 0.85, 'source': 'presidio', 'start': 25, 'end': 48}, {'type': 'PERSON', 'value': 'Dipl.-Ing. Heidrun Huhn', 'confidence': 0.85, 'source': 'presidio', 'start': 344, 'end': 367}, {'type': 'URL', 'value': 'http://www.franke.de/', 'confidence': 0.6, 'source': 'presidio', 'start': 879, 'end': 900}, {'type': 'URL', 'value': 'http://www.franke.de', 'confidence': 0.9, 'source': 'custom_regex', 'start': 879, 'end': 899}]","{""PERSON"": 0.991, ""URL"": 0.9841}","['PERSON', 'URL']",[],"['PERSON', 'URL']",False,True,True,low_cost_llm,potential_pii_evidence,True,0.9982060194015503,confident_pii,False,True,True,0.046975,46.9747,0.925,0.925,yes,no,no,no,no,no,no,no,no,no,yes,no,True,20260909_112646,sweep1_ambiguous_bert,local,bert,distilbert-base-multilingual-cased-v1,not_applicable,local_model,bert_prefilter,gdpr_pii_detection
SYN-IT_ACCESS_REQUEST-0198,synthetic_it_access_request_0198.txt,form,it_access_request,de,synthetic_generation,,,synthetic,2026-08-28,2026-08-28,2026-08-28,0,"IT-Zugriffsantrag

Name: Czeslaw Stiebitz-Rose
Kontakt: Zentrale Kontaktstelle
Abteilung: Finance
Vorgesetzter: Teamleitung
System: Microsoft 365
Zugriffsstufe: Editor
Begründung: Czeslaw Stiebitz-Rose benötigt Zugriff auf Microsoft 365, um effizient im Finanzteam arbeiten zu können und um die laufenden Projekte zu unterstützen.
Prüfer: System Administration
Kommentare: Der Zugang wurde genehmigt, um die Zusammenarbeit innerhalb des Teams zu fördern und die Produktivität zu steigern.
Genehmigung: Approved
Genehmigende Person: Access Control Team
Unterschrift: Unterschrift ausstehend
Datum: 2025-06-16",yes,yes,no,no,no,no,no,no,no,no,no,no,no,PERSON,PERSON,1,1,easy,no,none,no,train,yes,openrouter_gpt4o_mini_field,field_llm_v1,no,,,v2,Synthetic document generated for controlled PII training data.,"[{'type': 'PERSON', 'value': 'Czeslaw Stiebitz-Rose', 'confidence': 0.85, 'source': 'presidio', 'start': 25, 'end': 46}, {'type': 'PERSON', 'value': 'Czeslaw Stiebitz-Rose', 'confidence': 0.85, 'source': 'presidio', 'start': 180, 'end': 201}]","{""PERSON"": 0.9979}",['PERSON'],[],['PERSON'],False,True,True,low_cost_llm,potential_pii_evidence,True,0.9999169707298279,confident_pii,False,True,True,0.046975,46.9747,0.925,0.925,yes,no,no,no,no,no,no,no,no,no,no,no,True,20260909_112646,sweep1_ambiguous_bert,local,bert,distilbert-base-multilingual-cased-v1,not_applicable,local_model,bert_prefilter,gdpr_pii_detection
SYN-IT_ACCESS_REQUEST-0224,synthetic_it_access_request_0224.txt,form,it_access_request,de,synthetic_generation,,,synthetic,2026-08-28,2026-08-28,2026-08-28,0,"IT-Zugriffsantrag

Name: Abteilungsantrag
Kontakt: Abteilungskontakt
Abteilung: Operations
Vorgesetzter: Verantwortliche Führungskraft
System: CRM Platform
Zugriffsstufe: Editor
Begründung: Die Beantragung des Zugriffs auf die CRM-Plattform als Editor ist notwendig, um die Effizienz unserer internen Prozesse zu steigern. Durch die Aktualisierung und Verwaltung von Kundeninformationen direkt im System können wir die Reaktionszeiten für unsere Kunden deutlich verbessern. Diese Maßnahme unterstützt nicht nur die Optimierung unserer Abläufe, sondern trägt auch zur Erhöhung der Kundenzufriedenheit bei, was in der aktuellen Wettbewerbslandschaft von großer Bedeutung ist.
Prüfer: System Administration
Kommentare: Ing. Iris Bruder
Genehmigung: Pending
Genehmigende Person: IT Manager
Unterschrift: Autorisierte Unterschrift
Datum: 2027-04-27",yes,yes,no,no,no,no,no,no,no,no,no,no,no,PERSON,PERSON,1,1,easy,no,none,no,train,yes,openrouter_gpt4o_mini_field,field_llm_v1,no,,,v2,Synthetic document generated for controlled PII training data.,"[{'type': 'PERSON', 'value': 'Ing. Iris Bruder', 'confidence': 0.85, 'source': 'presidio', 'start': 716, 'end': 732}, {'type': 'DATE_TIME', 'value': '2027-04-27', 'confidence': 0.6, 'source': 'presidio', 'start': 833, 'end': 843}]","{""PERSON"": 0.9968}","['DATE_TIME', 'PERSON']",[],"['PERSON', 'DATE_TIME']",False,True,True,low_cost_llm,potential_pii_evidence,True,0.999871015548706,confident_pii,False,True,True,0.046975,46.9747,0.925,0.925,yes,no,no,no,no,no,no,no,no,no,no,no,True,20260909_112646,sweep1_ambiguous_bert,local,bert,distilbert-base-multilingual-cased-v1,not_applicable,local_model,bert_prefilter,gdpr_pii_detection
SYN-MEDICAL_RECORD-0021,synthetic_medical_record_0021.txt,medical_record,medical_record,en,synthetic_generation,,,synthetic,2026-08-28,2026-08-28,2026-08-28,0,"Medical Record

Patient: Jesse Adams
Date: 2026-06-30
Provider: Clinical Department
Location: 6431 White Glens, Jonathanstad, VT 58995
Reason: Jesse Adams presented with persistent headaches and fatigue, necessitating an evaluation of potential underlying conditions.
Assessment: The assessment revealed no acute abnormalities. Jesse Adams showed signs of mild dehydration and possible tension headaches related to stress.
Treatment: Recommended treatment includes increased fluid intake, stress management techniques, and over-the-counter pain relief as needed.
Follow Up: A follow-up appointment is scheduled for July 14, 2026, to assess progress and determine if further investigation is required.
Notes: It is important for Jesse Adams to maintain a hydration log and practice relaxation exercises daily to help manage symptoms.",yes,yes,no,no,yes,no,no,no,no,no,no,no,no,PERSON; LOCATION,MULTIPLE,2,2,easy,no,none,no,train,yes,openrouter_gpt4o_mini_field,field_llm_v1,no,,,v2,Synthetic document generated for controlled PII training data.,"[{'type': 'DATE_TIME', 'value': '2026-06-30', 'confidence': 0.95, 'source': 'presidio', 'start': 43, 'end': 53}, {'type': 'PERSON', 'value': 'Jesse Adams\nDate', 'confidence': 0.85, 'source': 'presidio', 'start': 25, 'end': 41}, {'type': 'LOCATION', 'value': 'Jonathanstad', 'confidence': 0.85, 'source': 'presidio', 'start': 112, 'end': 124}, {'type': 'PERSON', 'value': 'Jesse Adams', 'confidence': 0.85, 'source': 'presidio', 'start': 143, 'end': 154}, {'type': 'PERSON', 'value': 'Jesse Adams', 'confidence': 0.85, 'source': 'presidio', 'start': 328, 'end': 339}, {'type': 'DATE_TIME', 'value': 'July 14, 2026', 'confidence': 0.85, 'source': 'presidio', 'start': 615, 'end': 628}, {'type': 'PERSON', 'value': 'Jesse Adams', 'confidence': 0.85, 'source': 'presidio', 'start': 728, 'end': 739}, {'type': 'DATE_TIME', 'value': 'daily', 'confidence': 0.85, 'source': 'presidio', 'start': 802, 'end': 807}]","{""PERSON"": 0.9823, ""LOCATION"": 0.9893, ""DATE_TIME"": 0.9597}","['DATE_TIME', 'LOCATION', 'PERSON']",[],"['DATE_TIME', 'PERSON', 'LOCATION']",False,True,False,low_cost_llm,potential_pii_evidence,True,0.9984430074691772,confident_pii,False,True,True,0.046975,46.9747,0.925,0.925,yes,no,no,yes,no,no,no,no,yes,no,no,no,True,20260909_112646,sweep1_ambiguous_bert,local,bert,distilbert-base-multilingual-cased-v1,not_applicable,local_model,bert_prefilter,gdpr_pii_detection
SYN-MEDICAL_RECORD-0035,synthetic_medical_record_0035.txt,medical_record,medical_record,de,synthetic_generation,,,synthetic,2026-08-28,2026-08-28,2026-08-28,0,"Medizinische Dokumentation

Patient: Patienteninformationen zurückgehalten
Datum: 2026-08-09
Behandler: Medizinisches Team
Ort: Betriebsbereich
Grund: Die Patientin klagt über wiederkehrende Kopfschmerzen, die in letzter Zeit durch die Bildschirmarbeit am Arbeitsplatz verstärkt wurden.
Beurteilung: Die Untersuchung ergab eine leichte Verspannung der Nackenmuskulatur und Anzeichen von Augenbelastung. Empfohlene Maßnahmen zur Ergonomie am Arbeitsplatz sind erforderlich.
Behandlung: Es wird empfohlen, regelmäßige Pausen während der Bildschirmarbeit einzulegen und spezielle Übungen zur Entspannung der Nackenmuskulatur durchzuführen. Eine Überweisung zu einem Augenarzt wird ebenfalls in Betracht gezogen.
Nachsorge: Ein Folgetermin in zwei Wochen zur Beurteilung der Beschwerden und der Wirksamkeit der empfohlenen Maßnahmen wird angesetzt.
Notizen: Ing. Anita Ebert B.A.",yes,yes,no,no,no,no,no,no,no,yes,no,no,no,PERSON; DATE_TIME,MULTIPLE,2,2,easy,no,none,no,validation,yes,openrouter_gpt4o_mini_field,field_llm_v1,no,,,v2,Synthetic document generated for controlled PII training data.,"[{'type': 'PERSON', 'value': 'Ing. Anita Ebert', 'confidence': 0.85, 'source': 'presidio', 'start': 854, 'end': 870}]","{""PERSON"": 0.9963, ""DATE_TIME"": 0.9419}",['PERSON'],[],['PERSON'],False,True,False,low_cost_llm,potential_pii_evidence,True,0.9997619986534119,confident_pii,False,True,True,0.046975,46.9747,0.925,0.925,yes,no,no,no,no,no,no,no,yes,no,no,no,True,20260909_112646,sweep1_ambiguous_bert,local,bert,distilbert-base-multilingual-cased-v1,not_applicable,local_model,bert_prefilter,gdpr_pii_detection
SYN-MEDICAL_RECORD-0045,synthetic_medical_record_0045.txt,medical_record,medical_record,en,synthetic_generation,,,synthetic,2026-08-28,2026-08-28,2026-08-28,0,"Medical Record

Patient: Patient information withheld
Date: 2026-01-28
Provider: Medical Team
Location: Operations Area
Reason: Samantha Cain presented with persistent headaches and fatigue, seeking evaluation and management.
Assessment: The medical team assessed that the symptoms are likely related to stress and possible dehydration. No acute conditions were identified.
Treatment: Recommended a hydration regimen and stress management techniques. Prescribed a mild analgesic for headache relief as needed.
Follow Up: Samantha Cain is advised to return in two weeks for a follow-up appointment to monitor symptom progress and response to treatment.
Notes: Samantha Cain",yes,yes,no,no,no,no,no,no,no,no,no,no,no,PERSON,PERSON,1,1,easy,no,none,no,test,yes,openrouter_gpt4o_mini_field,field_llm_v1,no,,,v2,Synthetic document generated for controlled PII training data.,"[{'type': 'DATE_TIME', 'value': '2026-01-28', 'confidence': 0.95, 'source': 'presidio', 'start': 60, 'end': 70}, {'type': 'PERSON', 'value': 'Samantha Cain', 'confidence': 0.85, 'source': 'presidio', 'start': 128, 'end': 141}, {'type': 'PERSON', 'value': 'Samantha Cain', 'confidence': 0.85, 'source': 'presidio', 'start': 521, 'end': 534}, {'type': 'DATE_TIME', 'value': 'two weeks', 'confidence': 0.85, 'source': 'presidio', 'start': 559, 'end': 568}, {'type': 'PERSON', 'value': 'Samantha Cain', 'confidence': 0.85, 'source': 'presidio', 'start': 659, 'end': 672}]","{""PERSON"": 0.9976, ""DATE_TIME"": 0.9587}","['DATE_TIME', 'PERSON']",[],"['DATE_TIME', 'PERSON']",False,True,False,low_cost_llm,potential_pii_evidence,True,0.9997029900550842,confident_pii,False,True,True,0.046975,46.9747,0.925,0.925,yes,no,no,no,no,no,no,no,yes,no,no,no,True,20260909_112646,sweep1_ambiguous_bert,local,bert,distilbert-base-multilingual-cased-v1,not_applicable,local_model,bert_prefilter,gdpr_pii_detection
SYN-MEDICAL_RECORD-0046,synthetic_medical_record_0046.txt,medical_record,medical_record,en,synthetic_generation,,,synthetic,2026-08-28,2026-08-28,2026-08-28,0,"Medical Record

Patient: Jason Meza
Date: 2025-04-16
Provider: Clinical Department
Location: PSC 1734, Box 5675, APO AE 53016
Reason: Patient presents with persistent headaches and dizziness.
Assessment: Neurological examination reveals no focal deficits. Tension-type headache suspected.
Treatment: Recommended over-the-counter analgesics and stress management techniques.
Follow Up: Schedule follow-up appointment in 4 weeks to reassess symptoms.
Notes: Patient resides at PSC 1734, Box 5675, APO AE 53016. Educated on lifestyle modifications.",yes,yes,no,no,yes,no,no,no,no,no,no,no,no,PERSON; LOCATION,MULTIPLE,2,2,easy,no,none,no,train,yes,openrouter_gpt4o_mini_field,field_llm_v1,no,,,v2,Synthetic document generated for controlled PII training data.,"[{'type': 'DATE_TIME', 'value': '2025-04-16', 'confidence': 0.95, 'source': 'presidio', 'start': 42, 'end': 52}, {'type': 'PERSON', 'value': 'Jason Meza\nDate', 'confidence': 0.85, 'source': 'presidio', 'start': 25, 'end': 40}]","{""PERSON"": 0.9755, ""LOCATION"": 0.9879}","['DATE_TIME', 'PERSON']",[],"['DATE_TIME', 'PERSON']",False,True,False,low_cost_llm,potential_pii_evidence,True,0.9985120296478271,confident_pii,False,True,True,0.046975,46.9747,0.925,0.925,yes,no,no,yes,no,no,no,no,no,no,no,no,True,20260909_112646,sweep1_ambiguous_bert,local,bert,distilbert-base-multilingual-cased-v1,not_applicable,local_model,bert_prefilter,gdpr_pii_detection
SYN-MEDICAL_RECORD-0057,synthetic_medical_record_0057.txt,medical_record,medical_record,en,synthetic_generation,,,synthetic,2026-08-28,2026-08-28,2026-08-28,0,"Medical Record

Patient: Diane Peters
Date: 2027-07-11
Provider: Medical Team
Location: 208 Clark Mission Suite 739, New Elizabeth, MI 14792
Reason: Diane Peters presented for an occupational health assessment due to persistent discomfort in her right wrist, which she attributes to repetitive tasks at her workstation.
Assessment: Upon examination, Diane exhibited signs of mild tendinitis in her right wrist. Range of motion was slightly restricted, and tenderness was noted over the extensor tendons.
Treatment: Recommended treatment includes modification of her workstation ergonomics, application of ice therapy, and a course of non-steroidal anti-inflammatory drugs (NSAIDs) for pain management. A referral to physical therapy is also advised to strengthen the wrist and improve flexibility.
Follow Up: Diane is to return for a follow-up appointment in four weeks to evaluate progress and make any necessary adjustments to her treatment plan.
Notes: It is crucial for Diane to maintain an open line of communication regarding her symptoms and to report any increased pain or discomfort during the treatment period. A work modification plan should be discussed with her supervisor to ensure her duties do not exacerbate her condition.",yes,yes,no,no,yes,no,no,no,no,no,no,no,no,PERSON; LOCATION,MULTIPLE,2,2,easy,no,none,no,train,yes,openrouter_gpt4o_mini_field,field_llm_v1,no,,,v2,Synthetic document generated for controlled PII training data.,"[{'type': 'DATE_TIME', 'value': '2027-07-11', 'confidence': 0.95, 'source': 'presidio', 'start': 44, 'end': 54}, {'type': 'PERSON', 'value': 'Diane Peters', 'confidence': 0.85, 'source': 'presidio', 'start': 25, 'end': 37}, {'type': 'LOCATION', 'value': 'New Elizabeth', 'confidence': 0.85, 'source': 'presidio', 'start': 117, 'end': 130}, {'type': 'PERSON', 'value': 'Diane Peters', 'confidence': 0.85, 'source': 'presidio', 'start': 149, 'end': 161}]","{""PERSON"": 0.982, ""LOCATION"": 0.9909, ""DATE_TIME"": 0.9478}","['DATE_TIME', 'LOCATION', 'PERSON']",[],"['DATE_TIME', 'PERSON', 'LOCATION']",False,True,False,low_cost_llm,potential_pii_evidence,True,0.9982479810714722,confident_pii,False,True,True,0.046975,46.9747,0.925,0.925,yes,no,no,yes,no,no,no,no,yes,no,no,no,True,20260909_112646,sweep1_ambiguous_bert,local,bert,distilbert-base-multilingual-cased-v1,not_applicable,local_model,bert_prefilter,gdpr_pii_detection
SYN-MEDICAL_RECORD-0062,synthetic_medical_record_0062.txt,medical_record,medical_record,en,synthetic_generation,,,synthetic,2026-08-28,2026-08-28,2026-08-28,0,"Medical Record

Patient: Matthew Whitaker
Date: 2024-11-21
Provider: Clinical Department
Location: Main Office
Reason: Matthew Whitaker presented for a routine follow-up regarding ongoing symptoms related to his previous diagnosis.
Assessment: During the visit on 2024-11-21, the examination indicated that Matthew's symptoms have shown slight improvement, but further monitoring is required to ensure continued progress.
Treatment: The treatment plan was adjusted to include a new medication regimen aimed at enhancing symptom management while reducing side effects. Matthew was advised to continue his current therapies.
Follow Up: A follow-up appointment is scheduled for 2025-01-15 to reassess symptoms and adjust treatment as necessary.
Notes: Additional resources on lifestyle modifications were provided to Matthew, along with educational materials about his condition for better understanding and management.",yes,yes,no,no,no,no,no,no,no,yes,no,no,no,PERSON; DATE_TIME,MULTIPLE,2,2,easy,no,none,no,validation,yes,openrouter_gpt4o_mini_field,field_llm_v1,no,,,v2,Synthetic document generated for controlled PII training data.,"[{'type': 'DATE_TIME', 'value': '2024-11-21', 'confidence': 0.95, 'source': 'presidio', 'start': 48, 'end': 58}, {'type': 'PERSON', 'value': 'Matthew Whitaker\n', 'confidence': 0.85, 'source': 'presidio', 'start': 25, 'end': 42}, {'type': 'PERSON', 'value': 'Matthew Whitaker', 'confidence': 0.85, 'source': 'presidio', 'start': 119, 'end': 135}, {'type': 'DATE_TIME', 'value': '2024-11-21', 'confidence': 0.85, 'source': 'presidio', 'start': 264, 'end': 274}]","{""PERSON"": 0.9976, ""DATE_TIME"": 0.9768}","['DATE_TIME', 'PERSON']",[],"['DATE_TIME', 'PERSON']",False,True,False,low_cost_llm,potential_pii_evidence,True,0.9997550249099731,confident_pii,False,True,True,0.046975,46.9747,0.925,0.925,yes,no,no,no,no,no,no,no,yes,no,no,no,True,20260909_112646,sweep1_ambiguous_bert,local,bert,distilbert-base-multilingual-cased-v1,not_applicable,local_model,bert_prefilter,gdpr_pii_detection
SYN-MEDICAL_RECORD-0106,synthetic_medical_record_0106.txt,medical_record,medical_record,de,synthetic_generation,,,synthetic,2026-08-28,2026-08-28,2026-08-28,0,"Medizinische Dokumentation

Patient: Univ.Prof. Hanne-Lore Kraus
Datum: 2025-03-20
Behandler: Betriebsärztlicher Dienst
Ort: IT-Abteilung
Grund: Die Patientin, Univ.Prof. Hanne-Lore Kraus, konsultierte uns wegen anhaltender Rückenschmerzen, die sie während ihrer Arbeit in der IT-Abteilung erlebt hat.
Beurteilung: Bei der Untersuchung wurde eine muskuläre Verspannung im Lendenbereich festgestellt. Die Patientin zeigt keine Anzeichen von ernsthaften orthopädischen Problemen.
Behandlung: Es wurde empfohlen, physiotherapeutische Maßnahmen zu ergreifen, um die Muskulatur zu entspannen und die Beweglichkeit zu verbessern. Zudem erhielt die Patientin Ratschläge zu ergonomischen Anpassungen ihres Arbeitsplatzes.
Nachsorge: Ein Follow-up-Termin wurde für den 15. April 2025 vereinbart, um den Fortschritt der Behandlung und die Wirksamkeit der empfohlenen Maßnahmen zu überprüfen.
Notizen: Die Patientin berichtete von einer hohen Arbeitsbelastung und Stress in den letzten Wochen. Es ist wichtig, auch auf die psychische Gesundheit zu achten und gegebenenfalls Unterstützung anzubieten.",yes,yes,no,no,no,no,no,no,no,yes,no,no,no,PERSON; DATE_TIME,MULTIPLE,2,2,easy,no,none,no,train,yes,openrouter_gpt4o_mini_field,field_llm_v1,no,,,v2,Synthetic document generated for controlled PII training data.,"[{'type': 'PERSON', 'value': 'Hanne-Lore Kraus', 'confidence': 0.85, 'source': 'presidio', 'start': 48, 'end': 64}, {'type': 'PERSON', 'value': 'Hanne-Lore Kraus', 'confidence': 0.85, 'source': 'presidio', 'start': 171, 'end': 187}, {'type': 'DATE_TIME', 'value': '2025-03-20', 'confidence': 0.6, 'source': 'presidio', 'start': 72, 'end': 82}, {'type': 'URL', 'value': 'Univ.Pro', 'confidence': 0.5, 'source': 'presidio', 'start': 37, 'end': 45}, {'type': 'URL', 'value': 'Univ.Pro', 'confidence': 0.5, 'source': 'presidio', 'start': 160, 'end': 168}]","{""PERSON"": 0.9973, ""DATE_TIME"": 0.983}","['DATE_TIME', 'PERSON', 'URL']",[],"['PERSON', 'DATE_TIME', 'URL']",False,True,False,low_cost_llm,potential_pii_evidence,True,0.9997509717941284,confident_pii,False,True,True,0.046975,46.9747,0.925,0.925,yes,no,no,no,no,no,no,no,yes,no,no,no,True,20260909_112646,sweep1_ambiguous_bert,local,bert,distilbert-base-multilingual-cased-v1,not_applicable,local_model,bert_prefilter,gdpr_pii_detection
SYN-MEDICAL_RECORD-0118,synthetic_medical_record_0118.txt,medical_record,medical_record,en,synthetic_generation,,,synthetic,2026-08-28,2026-08-28,2026-08-28,0,"Medical Record

Patient: Patrick Gutierrez
Date: 2025-12-13
Provider: Medical Team
Location: Operations Area
Reason: Patient Patrick Gutierrez presents with persistent headaches and dizziness, reporting symptoms for the past two weeks.
Assessment: Neurological examination reveals no focal deficits. Possible tension-type headaches or migraines are suspected.
Treatment: Recommend over-the-counter analgesics as needed. Advise patient to maintain hydration and consider lifestyle modifications.
Follow Up: Schedule follow-up in two weeks to reassess symptoms and treatment efficacy.
Notes: Patient is advised to keep a headache diary to track frequency and triggers for better management.",yes,yes,no,no,no,no,no,no,no,no,no,no,no,PERSON,PERSON,1,1,easy,no,none,no,train,yes,openrouter_gpt4o_mini_field,field_llm_v1,no,,,v2,Synthetic document generated for controlled PII training data.,"[{'type': 'DATE_TIME', 'value': '2025-12-13', 'confidence': 0.95, 'source': 'presidio', 'start': 49, 'end': 59}, {'type': 'PERSON', 'value': 'Patrick Gutierrez\nDate', 'confidence': 0.85, 'source': 'presidio', 'start': 25, 'end': 47}, {'type': 'PERSON', 'value': 'Patrick Gutierrez', 'confidence': 0.85, 'source': 'presidio', 'start': 125, 'end': 142}, {'type': 'DATE_TIME', 'value': 'the past two weeks', 'confidence': 0.85, 'source': 'presidio', 'start': 216, 'end': 234}]","{""PERSON"": 0.9983, ""DATE_TIME"": 0.9743}","['DATE_TIME', 'PERSON']",[],"['DATE_TIME', 'PERSON']",False,True,False,low_cost_llm,potential_pii_evidence,True,0.9998610019683838,confident_pii,False,True,True,0.046975,46.9747,0.925,0.925,yes,no,no,no,no,no,no,no,yes,no,no,no,True,20260909_112646,sweep1_ambiguous_bert,local,bert,distilbert-base-multilingual-cased-v1,not_applicable,local_model,bert_prefilter,gdpr_pii_detection
SYN-MEDICAL_RECORD-0139,synthetic_medical_record_0139.txt,medical_record,medical_record,de,synthetic_generation,,,synthetic,2026-08-28,2026-08-28,2026-08-28,0,"Medizinische Dokumentation

Patient: Ewald Bender-Schinke
Datum: 2026-12-17
Behandler: Betriebsärztlicher Dienst
Ort: Adolfine-Radisch-Platz 35/61, 39916 Bad Mergentheim
Grund: Ewald Bender-Schinke stellte sich mit Beschwerden im Bereich des oberen Bauchraums vor, die seit zwei Wochen bestehen.
Beurteilung: Klinische Untersuchung ergab eine Druckempfindlichkeit im Epigastrium. Verdacht auf gastrische Beschwerden oder Ulkus.
Behandlung: Empfohlene diätetische Anpassungen und die Verordnung von Antazida zur Linderung der Symptome.
Nachsorge: Kontrolltermin in zwei Wochen zur Neubewertung der Symptome und Anpassung der Therapie, falls erforderlich.
Notizen: Patient wurde über die Bedeutung der Nachsorge und mögliche Warnzeichen informiert. Adresse: Adolfine-Radisch-Platz 35/61, 39916 Bad Mergentheim.",yes,yes,no,no,yes,no,no,no,no,no,no,no,no,PERSON; LOCATION,MULTIPLE,2,2,easy,no,none,no,test,yes,openrouter_gpt4o_mini_field,field_llm_v1,no,,,v2,Synthetic document generated for controlled PII training data.,"[{'type': 'PERSON', 'value': 'Ewald Bender-Schinke', 'confidence': 0.85, 'source': 'presidio', 'start': 37, 'end': 57}, {'type': 'LOCATION', 'value': 'Adolfine-Radisch-Platz', 'confidence': 0.85, 'source': 'presidio', 'start': 118, 'end': 140}, {'type': 'LOCATION', 'value': 'Bad Mergentheim', 'confidence': 0.85, 'source': 'presidio', 'start': 154, 'end': 169}, {'type': 'PERSON', 'value': 'Ewald Bender-Schinke', 'confidence': 0.85, 'source': 'presidio', 'start': 177, 'end': 197}, {'type': 'LOCATION', 'value': 'Epigastrium', 'confidence': 0.85, 'source': 'presidio', 'start': 367, 'end': 378}, {'type': 'LOCATION', 'value': 'Adolfine-Radisch-Platz', 'confidence': 0.85, 'source': 'presidio', 'start': 756, 'end': 778}, {'type': 'LOCATION', 'value': 'Bad Mergentheim', 'confidence': 0.85, 'source': 'presidio', 'start': 792, 'end': 807}, {'type': 'DATE_TIME', 'value': '2026-12-17', 'confidence': 0.6, 'source': 'presidio', 'start': 65, 'end': 75}]","{""PERSON"": 0.9904, ""LOCATION"": 0.9873, ""DATE_TIME"": 0.9452}","['DATE_TIME', 'LOCATION', 'PERSON']",[],"['PERSON', 'LOCATION', 'DATE_TIME']",False,True,True,low_cost_llm,potential_pii_evidence,True,0.9994810223579407,confident_pii,False,True,True,0.046975,46.9747,0.925,0.925,yes,no,no,yes,no,no,no,no,yes,no,no,no,True,20260909_112646,sweep1_ambiguous_bert,local,bert,distilbert-base-multilingual-cased-v1,not_applicable,local_model,bert_prefilter,gdpr_pii_detection
SYN-MEDICAL_RECORD-0145,synthetic_medical_record_0145.txt,medical_record,medical_record,de,synthetic_generation,,,synthetic,2026-08-28,2026-08-28,2026-08-28,0,"Medizinische Dokumentation

Patient: Frau Samira Kostolzin
Datum: 2026-07-11
Behandler: Betriebsärztlicher Dienst
Ort: Betriebsbereich
Grund: Frau Samira Kostolzin wurde aufgrund von anhaltenden Kopfschmerzen und Müdigkeit zur Untersuchung überwiesen.
Beurteilung: Die klinische Untersuchung zeigt keine akuten Befunde. Es gibt Hinweise auf stressbedingte Symptome.
Behandlung: Empfohlene Maßnahmen umfassen regelmäßige Pausen während der Arbeit und die Durchführung von Entspannungsübungen. Eine Überweisung zur Physiotherapie wird angeraten.
Nachsorge: Ein Folgetermin in zwei Wochen zur Neubewertung der Symptome ist erforderlich.
Notizen: Frau Samira Kostolzin wurde über die Bedeutung eines gesunden Lebensstils informiert und erhält Informationsmaterial zu Stressbewältigungsstrategien.",yes,yes,no,no,no,no,no,no,no,no,no,no,no,PERSON,PERSON,1,1,easy,no,none,no,train,yes,openrouter_gpt4o_mini_field,field_llm_v1,no,,,v2,Synthetic document generated for controlled PII training data.,"[{'type': 'PERSON', 'value': 'Samira Kostolzin', 'confidence': 0.85, 'source': 'presidio', 'start': 42, 'end': 58}, {'type': 'PERSON', 'value': 'Samira Kostolzin', 'confidence': 0.85, 'source': 'presidio', 'start': 147, 'end': 163}, {'type': 'PERSON', 'value': 'Samira Kostolzin', 'confidence': 0.85, 'source': 'presidio', 'start': 648, 'end': 664}, {'type': 'DATE_TIME', 'value': '2026-07-11', 'confidence': 0.6, 'source': 'presidio', 'start': 66, 'end': 76}]","{""PERSON"": 0.998, ""DATE_TIME"": 0.9477}","['DATE_TIME', 'PERSON']",[],"['PERSON', 'DATE_TIME']",False,True,True,low_cost_llm,potential_pii_evidence,True,0.9998319745063782,confident_pii,False,True,True,0.046975,46.9747,0.925,0.925,yes,no,no,no,no,no,no,no,yes,no,no,no,True,20260909_112646,sweep1_ambiguous_bert,local,bert,distilbert-base-multilingual-cased-v1,not_applicable,local_model,bert_prefilter,gdpr_pii_detection
SYN-MEDICAL_RECORD-0151,synthetic_medical_record_0151.txt,medical_record,medical_record,de,synthetic_generation,,,synthetic,2026-08-28,2026-08-28,2026-08-28,0,"Medizinische Dokumentation

Patient: Dogan Huhn-Tintzmann
Datum: 2025-08-31
Behandler: Betriebsärztlicher Dienst
Ort: Lagerbereich
Grund: Dogan Huhn-Tintzmann hat sich aufgrund von wiederkehrenden Rückenschmerzen während der Arbeit im Lagerbereich vorgestellt. Die Beschwerden treten insbesondere nach längerem Heben schwerer Lasten auf.
Beurteilung: Bei der Untersuchung zeigten sich Anzeichen von muskulären Verspannungen im unteren Rückenbereich. Die Beweglichkeit ist eingeschränkt, jedoch keine neurologischen Ausfälle feststellbar. Der Zustand wird als arbeitsbedingt eingestuft.
Behandlung: Es wird empfohlen, eine Ergotherapie zur Stärkung der Rückenmuskulatur zu beginnen. Zudem sind regelmäßige Pausen und leichte Dehnübungen während der Arbeit im Lagerbereich ratsam. Eine Anpassung der Arbeitsstation könnte ebenfalls zur Entlastung beitragen.
Nachsorge: Ein Nachuntersuchungstermin wird in zwei Wochen anberaumt, um den Heilungsverlauf zu überprüfen und gegebenenfalls die Therapie anzupassen.
Notizen: Dogan Huhn-Tintzmann sollte darauf achten, schwere Lasten im Lagerbereich möglichst mit Unterstützung von Hilfsmitteln zu heben. Eine Schulung zur richtigen Hebetechnik wird empfohlen.",yes,yes,no,no,no,no,no,no,no,no,no,no,no,PERSON,PERSON,1,1,easy,no,none,no,train,yes,openrouter_gpt4o_mini_field,field_llm_v1,no,,,v2,Synthetic document generated for controlled PII training data.,"[{'type': 'PERSON', 'value': 'Dogan Huhn-Tintzmann', 'confidence': 0.85, 'source': 'presidio', 'start': 37, 'end': 57}, {'type': 'PERSON', 'value': 'Dogan Huhn-Tintzmann', 'confidence': 0.85, 'source': 'presidio', 'start': 138, 'end': 158}, {'type': 'PERSON', 'value': 'Dogan Huhn-Tintzmann', 'confidence': 0.85, 'source': 'presidio', 'start': 1016, 'end': 1036}, {'type': 'DATE_TIME', 'value': '2025-08-31', 'confidence': 0.6, 'source': 'presidio', 'start': 65, 'end': 75}]","{""PERSON"": 0.9977, ""DATE_TIME"": 0.977}","['DATE_TIME', 'PERSON']",[],"['PERSON', 'DATE_TIME']",False,True,False,low_cost_llm,potential_pii_evidence,True,0.999800980091095,confident_pii,False,True,True,0.046975,46.9747,0.925,0.925,yes,no,no,no,no,no,no,no,yes,no,no,no,True,20260909_112646,sweep1_ambiguous_bert,local,bert,distilbert-base-multilingual-cased-v1,not_applicable,local_model,bert_prefilter,gdpr_pii_detection
SYN-MEDICAL_RECORD-0157,synthetic_medical_record_0157.txt,medical_record,medical_record,en,synthetic_generation,,,synthetic,2026-08-28,2026-08-28,2026-08-28,0,"Medical Record

Patient: Steve Duran
Date: 2027-08-14
Provider: Medical Team
Location: Operations Area
Reason: Steve Duran presented with mild abdominal pain and nausea following recent field exercises.
Assessment: The patient appears stable with no signs of acute distress. Vital signs are within normal limits, but localized tenderness was noted in the upper abdomen.
Treatment: Recommended rest and hydration, along with over-the-counter antacids. Monitor symptoms closely.
Follow Up: A follow-up appointment is scheduled for August 21, 2027, to reassess symptoms and ensure recovery.
Notes: USS Graham, FPO AE 81721",yes,yes,no,no,yes,no,no,no,no,no,no,no,no,PERSON; LOCATION,MULTIPLE,2,2,easy,no,none,no,validation,yes,openrouter_gpt4o_mini_field,field_llm_v1,no,,,v2,Synthetic document generated for controlled PII training data.,"[{'type': 'DATE_TIME', 'value': '2027-08-14', 'confidence': 0.95, 'source': 'presidio', 'start': 43, 'end': 53}, {'type': 'PERSON', 'value': 'Steve Duran', 'confidence': 0.85, 'source': 'presidio', 'start': 25, 'end': 36}, {'type': 'PERSON', 'value': 'Steve Duran', 'confidence': 0.85, 'source': 'presidio', 'start': 111, 'end': 122}]","{""PERSON"": 0.9867}","['DATE_TIME', 'PERSON']",[],"['DATE_TIME', 'PERSON']",False,True,False,low_cost_llm,potential_pii_evidence,True,0.9996200203895569,confident_pii,False,True,True,0.046975,46.9747,0.925,0.925,yes,no,no,no,no,no,no,no,no,no,no,no,True,20260909_112646,sweep1_ambiguous_bert,local,bert,distilbert-base-multilingual-cased-v1,not_applicable,local_model,bert_prefilter,gdpr_pii_detection
SYN-MEDICAL_RECORD-0183,synthetic_medical_record_0183.txt,medical_record,medical_record,en,synthetic_generation,,,synthetic,2026-08-28,2026-08-28,2026-08-28,0,"Medical Record

Patient: Patient details not provided
Date: 2026-07-06
Provider: Lauren Johnson
Location: Warehouse Area
Reason: The patient presented with persistent headaches and fatigue.
Assessment: Assessment revealed signs of tension-type headaches possibly exacerbated by stress and sleep deprivation.
Treatment: Recommended a combination of over-the-counter pain relief and stress management techniques, including relaxation exercises.
Follow Up: Patient to return for a follow-up appointment in two weeks to assess progress and adjust treatment if necessary.
Notes: Patient was advised to maintain a headache diary to track frequency and triggers.",yes,yes,no,no,no,no,no,no,no,no,no,no,no,PERSON,PERSON,1,1,easy,no,none,no,train,yes,openrouter_gpt4o_mini_field,field_llm_v1,no,,,v2,Synthetic document generated for controlled PII training data.,"[{'type': 'DATE_TIME', 'value': '2026-07-06', 'confidence': 0.95, 'source': 'presidio', 'start': 60, 'end': 70}, {'type': 'PERSON', 'value': 'Lauren Johnson', 'confidence': 0.85, 'source': 'presidio', 'start': 81, 'end': 95}]","{""PERSON"": 0.9973, ""DATE_TIME"": 0.9768}","['DATE_TIME', 'PERSON']",[],"['DATE_TIME', 'PERSON']",False,True,False,low_cost_llm,potential_pii_evidence,True,0.9997270107269287,confident_pii,False,True,True,0.046975,46.9747,0.925,0.925,yes,no,no,no,no,no,no,no,yes,no,no,no,True,20260909_112646,sweep1_ambiguous_bert,local,bert,distilbert-base-multilingual-cased-v1,not_applicable,local_model,bert_prefilter,gdpr_pii_detection
SYN-MEDICAL_RECORD-0192,synthetic_medical_record_0192.txt,medical_record,medical_record,de,synthetic_generation,,,synthetic,2026-08-28,2026-08-28,2026-08-28,0,"Medizinische Dokumentation

Patient: Eberhard Zänker
Datum: 2027-04-23
Behandler: Medizinische Fachabteilung
Ort: Betriebsbereich
Grund: Patient Eberhard Zänker stellte sich zur Untersuchung aufgrund wiederkehrender Brustschmerzen vor.
Beurteilung: Die Untersuchung ergab keine akuten Anomalien, jedoch sind weitere Tests zur Abklärung erforderlich.
Behandlung: Empfohlene Behandlung umfasst eine Anpassung der Medikation und eine Überweisung zur kardiologischen Nachuntersuchung.
Nachsorge: 2023-11-26
Notizen: Patient wurde über Symptome und den weiteren Verlauf aufgeklärt. Eine zeitnahe Nachsorge ist wichtig.",yes,yes,no,no,no,no,no,no,no,yes,no,no,no,PERSON; DATE_TIME,MULTIPLE,2,2,easy,no,none,no,train,yes,openrouter_gpt4o_mini_field,field_llm_v1,no,,,v2,Synthetic document generated for controlled PII training data.,"[{'type': 'PERSON', 'value': 'Eberhard Zänker', 'confidence': 0.85, 'source': 'presidio', 'start': 37, 'end': 52}, {'type': 'PERSON', 'value': 'Eberhard Zänker', 'confidence': 0.85, 'source': 'presidio', 'start': 145, 'end': 160}, {'type': 'DATE_TIME', 'value': '2027-04-23', 'confidence': 0.6, 'source': 'presidio', 'start': 60, 'end': 70}]","{""PERSON"": 0.9984, ""DATE_TIME"": 0.9753}","['DATE_TIME', 'PERSON']",[],"['PERSON', 'DATE_TIME']",False,True,False,low_cost_llm,potential_pii_evidence,True,0.999871015548706,confident_pii,False,True,True,0.046975,46.9747,0.925,0.925,yes,no,no,no,no,no,no,no,yes,no,no,no,True,20260909_112646,sweep1_ambiguous_bert,local,bert,distilbert-base-multilingual-cased-v1,not_applicable,local_model,bert_prefilter,gdpr_pii_detection
SYN-MEDICAL_RECORD-0197,synthetic_medical_record_0197.txt,medical_record,medical_record,de,synthetic_generation,,,synthetic,2026-08-28,2026-08-28,2026-08-28,0,"Medizinische Dokumentation

Patient: Patienteninformationen zurückgehalten
Datum: 2026-01-22
Behandler: Betriebsärztlicher Dienst
Ort: Hauptstandort
Grund: Patientin kam zur Routineuntersuchung und berichtete über gelegentliche Kopfschmerzen.
Beurteilung: Allgemeiner Gesundheitszustand stabil. Keine akuten Beschwerden festgestellt. Kopfschmerzen könnten stressbedingt sein.
Behandlung: Empfehlung zur Stressbewältigung und regelmäßigen Pausen während der Arbeit. Bei anhaltenden Beschwerden weitere Untersuchungen anregen.
Nachsorge: Ein Follow-up-Termin in drei Monaten zur weiteren Beobachtung der Kopfschmerzen ist empfohlen.
Notizen: Adriana Löffler B.Eng.",yes,yes,no,no,no,no,no,no,no,no,no,no,no,PERSON,PERSON,1,1,easy,no,none,no,train,yes,openrouter_gpt4o_mini_field,field_llm_v1,no,,,v2,Synthetic document generated for controlled PII training data.,"[{'type': 'PERSON', 'value': 'Adriana Löffler', 'confidence': 0.85, 'source': 'presidio', 'start': 640, 'end': 655}]","{""PERSON"": 0.9973}",['PERSON'],[],['PERSON'],False,True,False,low_cost_llm,potential_pii_evidence,True,0.9998419880867004,confident_pii,False,True,True,0.046975,46.9747,0.925,0.925,yes,no,no,no,no,no,no,no,no,no,no,no,True,20260909_112646,sweep1_ambiguous_bert,local,bert,distilbert-base-multilingual-cased-v1,not_applicable,local_model,bert_prefilter,gdpr_pii_detection
SYN-MEDICAL_RECORD-0202,synthetic_medical_record_0202.txt,medical_record,medical_record,en,synthetic_generation,,,synthetic,2026-08-28,2026-08-28,2026-08-28,0,"Medical Record

Patient: Patient details not provided
Date: 2025-11-22
Provider: Occupational Health Service
Location: IT Department
Reason: The patient, Julia Berger, presented for a routine occupational health assessment following a reported increase in workplace stress levels.
Assessment: After a thorough evaluation, it was determined that Julia is experiencing mild anxiety related to work conditions, with no significant physical health issues noted.
Treatment: Recommendations include participation in stress management workshops and regular check-ins with the occupational health team to monitor her progress.
Follow Up: A follow-up appointment is scheduled for December 15, 2025, to review Julia's response to the recommended interventions.
Notes: Julia Berger; 147 Vincent Street Apt. 283, Lake Sandrahaven, UT 33018",yes,yes,no,no,yes,no,no,no,no,no,no,no,no,PERSON; LOCATION,MULTIPLE,2,2,easy,no,none,no,train,yes,openrouter_gpt4o_mini_field,field_llm_v1,no,,,v2,Synthetic document generated for controlled PII training data.,"[{'type': 'DATE_TIME', 'value': '2025-11-22', 'confidence': 0.95, 'source': 'presidio', 'start': 60, 'end': 70}, {'type': 'PERSON', 'value': 'Julia Berger', 'confidence': 0.85, 'source': 'presidio', 'start': 154, 'end': 166}, {'type': 'DATE_TIME', 'value': 'December 15, 2025', 'confidence': 0.85, 'source': 'presidio', 'start': 671, 'end': 688}, {'type': 'PERSON', 'value': 'Julia Berger', 'confidence': 0.85, 'source': 'presidio', 'start': 758, 'end': 770}, {'type': 'PERSON', 'value': 'Vincent Street Apt', 'confidence': 0.85, 'source': 'presidio', 'start': 776, 'end': 794}]","{""PERSON"": 0.9864, ""LOCATION"": 0.9898}","['DATE_TIME', 'PERSON']",[],"['DATE_TIME', 'PERSON']",False,True,False,low_cost_llm,potential_pii_evidence,True,0.9995530247688293,confident_pii,False,True,True,0.046975,46.9747,0.925,0.925,yes,no,no,yes,no,no,no,no,no,no,no,no,True,20260909_112646,sweep1_ambiguous_bert,local,bert,distilbert-base-multilingual-cased-v1,not_applicable,local_model,bert_prefilter,gdpr_pii_detection
SYN-MEDICAL_RECORD-0204,synthetic_medical_record_0204.txt,medical_record,medical_record,en,synthetic_generation,,,synthetic,2026-08-28,2026-08-28,2026-08-28,0,"Medical Record

Patient: Thomas Baker
Date: 2027-04-21
Provider: Occupational Health Service
Location: IT Department
Reason: Thomas Baker presented with complaints of persistent headaches and fatigue, which he believes are linked to his prolonged computer use in the IT Department.
Assessment: Upon evaluation, Thomas Baker exhibited signs of digital eye strain and reported inadequate ergonomic setup at his workstation. Vision tests indicated slight strain, but no underlying conditions were identified.
Treatment: It is recommended that Thomas Baker take regular breaks every hour to reduce eye strain, along with adjustments to his workstation to improve ergonomics. Additionally, he should be encouraged to use blue light-blocking glasses while working.
Follow Up: A follow-up appointment is scheduled in four weeks to reassess Thomas Baker's condition and make any necessary adjustments to his treatment plan based on his recovery and comfort level.
Notes: Thomas Baker has been advised to report any changes in symptoms immediately. Educational materials regarding proper workstation setup and eye care were provided.",yes,yes,no,no,no,no,no,no,no,no,no,no,no,PERSON,PERSON,1,1,easy,no,none,no,train,yes,openrouter_gpt4o_mini_field,field_llm_v1,no,,,v2,Synthetic document generated for controlled PII training data.,"[{'type': 'DATE_TIME', 'value': '2027-04-21', 'confidence': 0.95, 'source': 'presidio', 'start': 44, 'end': 54}, {'type': 'PERSON', 'value': 'Thomas Baker\nDate', 'confidence': 0.85, 'source': 'presidio', 'start': 25, 'end': 42}, {'type': 'PERSON', 'value': 'Thomas Baker', 'confidence': 0.85, 'source': 'presidio', 'start': 125, 'end': 137}, {'type': 'PERSON', 'value': 'Thomas Baker', 'confidence': 0.85, 'source': 'presidio', 'start': 311, 'end': 323}, {'type': 'PERSON', 'value': 'Thomas Baker', 'confidence': 0.85, 'source': 'presidio', 'start': 540, 'end': 552}, {'type': 'DATE_TIME', 'value': 'every hour', 'confidence': 0.85, 'source': 'presidio', 'start': 573, 'end': 583}, {'type': 'DATE_TIME', 'value': 'four weeks', 'confidence': 0.85, 'source': 'presidio', 'start': 810, 'end': 820}, {'type': 'PERSON', 'value': ""Thomas Baker's"", 'confidence': 0.85, 'source': 'presidio', 'start': 833, 'end': 847}, {'type': 'PERSON', 'value': 'Thomas Baker', 'confidence': 0.85, 'source': 'presidio', 'start': 963, 'end': 975}]","{""PERSON"": 0.9933, ""DATE_TIME"": 0.9669}","['DATE_TIME', 'PERSON']",[],"['DATE_TIME', 'PERSON']",False,True,False,low_cost_llm,potential_pii_evidence,True,0.999301016330719,confident_pii,False,True,True,0.046975,46.9747,0.925,0.925,yes,no,no,no,no,no,no,no,yes,no,no,no,True,20260909_112646,sweep1_ambiguous_bert,local,bert,distilbert-base-multilingual-cased-v1,not_applicable,local_model,bert_prefilter,gdpr_pii_detection
SYN-MEDICAL_RECORD-0215,synthetic_medical_record_0215.txt,medical_record,medical_record,de,synthetic_generation,,,synthetic,2026-08-28,2026-08-28,2026-08-28,0,"Medizinische Dokumentation

Patient: Patienteninformationen zurückgehalten
Datum: 2024-01-01
Behandler: Anneke Pohl
Ort: Hauptstandort
Grund: Der Patient stellte sich mit akuten Schmerzen im linken Unterbauch vor, die seit 24 Stunden bestehen.
Beurteilung: Die klinische Untersuchung zeigt druckempfindliche Stellen im linken Unterbauch, Verdacht auf Appendizitis.
Behandlung: Einweisung zur chirurgischen Evaluation und mögliche Appendektomie. Schmerztherapie wurde eingeleitet.
Nachsorge: Kontrolle der Vitalzeichen alle 2 Stunden, postoperative Nachsorge nach der Operation, Termin in einer Woche zur Nachuntersuchung.
Notizen: Patient wird über die Risiken einer Operation aufgeklärt. Zustimmung zur Behandlung wurde eingeholt. Dringlichkeit der Intervention wurde betont.",yes,yes,no,no,no,no,no,no,no,yes,no,no,no,PERSON; DATE_TIME,MULTIPLE,2,2,easy,no,none,no,train,yes,openrouter_gpt4o_mini_field,field_llm_v1,no,,,v2,Synthetic document generated for controlled PII training data.,"[{'type': 'PERSON', 'value': 'Anneke Pohl', 'confidence': 0.85, 'source': 'presidio', 'start': 104, 'end': 115}, {'type': 'DATE_TIME', 'value': '2024-01-01', 'confidence': 0.6, 'source': 'presidio', 'start': 82, 'end': 92}]","{""PERSON"": 0.9977, ""DATE_TIME"": 0.9793}","['DATE_TIME', 'PERSON']",[],"['PERSON', 'DATE_TIME']",False,True,False,low_cost_llm,potential_pii_evidence,True,0.9997680187225342,confident_pii,False,True,True,0.046975,46.9747,0.925,0.925,yes,no,no,no,no,no,no,no,yes,no,no,no,True,20260909_112646,sweep1_ambiguous_bert,local,bert,distilbert-base-multilingual-cased-v1,not_applicable,local_model,bert_prefilter,gdpr_pii_detection
SYN-MEDICAL_RECORD-0222,synthetic_medical_record_0222.txt,medical_record,medical_record,de,synthetic_generation,,,synthetic,2026-08-28,2026-08-28,2026-08-28,0,"Medizinische Dokumentation

Patient: Dr. Volkmar Geißler B.Eng.
Datum: 2025-03-21
Behandler: Medizinische Fachabteilung
Ort: Hauptstandort
Grund: Patient klagt über anhaltende Rückenschmerzen, die seit zwei Wochen bestehen.
Beurteilung: Untersuchung zeigt muskuläre Verspannungen im Lendenbereich. Keine neurologischen Ausfälle festgestellt.
Behandlung: Physiotherapie empfohlen, um die Muskulatur zu entspannen. Einnahme von Schmerzmitteln bei Bedarf.
Nachsorge: 2024-02-16
Notizen: Patient wird gebeten, ein Schmerztagebuch zu führen. Überprüfung der Symptome im nächsten Termin.",yes,yes,no,no,no,no,no,no,no,yes,no,no,no,PERSON; DATE_TIME,MULTIPLE,2,2,easy,no,none,no,test,yes,openrouter_gpt4o_mini_field,field_llm_v1,no,,,v2,Synthetic document generated for controlled PII training data.,"[{'type': 'PERSON', 'value': 'Volkmar Geißler', 'confidence': 0.85, 'source': 'presidio', 'start': 41, 'end': 56}, {'type': 'DATE_TIME', 'value': '2025-03-21', 'confidence': 0.6, 'source': 'presidio', 'start': 71, 'end': 81}]","{""PERSON"": 0.9979, ""DATE_TIME"": 0.9719}","['DATE_TIME', 'PERSON']",[],"['PERSON', 'DATE_TIME']",False,True,True,low_cost_llm,potential_pii_evidence,True,0.9998270273208618,confident_pii,False,True,True,0.046975,46.9747,0.925,0.925,yes,no,no,no,no,no,no,no,yes,no,no,no,True,20260909_112646,sweep1_ambiguous_bert,local,bert,distilbert-base-multilingual-cased-v1,not_applicable,local_model,bert_prefilter,gdpr_pii_detection
SYN-MEDICAL_RECORD-0224,synthetic_medical_record_0224.txt,medical_record,medical_record,en,synthetic_generation,,,synthetic,2026-08-28,2026-08-28,2026-08-28,0,"Medical Record

Patient: Jennifer Anderson
Date: 2024-09-20
Provider: Occupational Health Service
Location: Main Office
Reason: Jennifer Anderson presented with complaints of recurrent wrist pain, particularly after prolonged computer use.
Assessment: Upon examination, there was tenderness over the distal radius and a positive Tinel's sign. Symptoms are consistent with carpal tunnel syndrome.
Treatment: Recommended a splint for wrist support and advised on ergonomic adjustments at her workstation. Prescribed NSAIDs for pain management.
Follow Up: Schedule a follow-up appointment in four weeks to reassess symptoms and effectiveness of treatment.
Notes: Patient educated on the importance of regular breaks and exercises to alleviate wrist strain. Documented current work tasks and potential ergonomic risks.",yes,yes,no,no,no,no,no,no,no,no,no,no,no,PERSON,PERSON,1,1,easy,no,none,no,validation,yes,openrouter_gpt4o_mini_field,field_llm_v1,no,,,v2,Synthetic document generated for controlled PII training data.,"[{'type': 'DATE_TIME', 'value': '2024-09-20', 'confidence': 0.95, 'source': 'presidio', 'start': 49, 'end': 59}, {'type': 'PERSON', 'value': 'Jennifer Anderson\n', 'confidence': 0.85, 'source': 'presidio', 'start': 25, 'end': 43}, {'type': 'PERSON', 'value': 'Jennifer Anderson', 'confidence': 0.85, 'source': 'presidio', 'start': 128, 'end': 145}]","{""PERSON"": 0.9978, ""DATE_TIME"": 0.9739}","['DATE_TIME', 'PERSON']",[],"['DATE_TIME', 'PERSON']",False,True,False,low_cost_llm,potential_pii_evidence,True,0.9997990131378174,confident_pii,False,True,True,0.046975,46.9747,0.925,0.925,yes,no,no,no,no,no,no,no,yes,no,no,no,True,20260909_112646,sweep1_ambiguous_bert,local,bert,distilbert-base-multilingual-cased-v1,not_applicable,local_model,bert_prefilter,gdpr_pii_detection
SYN-MEDICAL_RECORD-0226,synthetic_medical_record_0226.txt,medical_record,medical_record,de,synthetic_generation,,,synthetic,2026-08-28,2026-08-28,2026-08-28,0,"Medizinische Dokumentation

Patient: Siglinde Klotz-Weinhage
Datum: 2024-12-29
Behandler: Medizinische Fachabteilung
Ort: Fanny-Kobelt-Gasse 24, 63196 Bad Mergentheim
Grund: Siglinde Klotz-Weinhage stellte sich mit akuten Atembeschwerden vor.
Beurteilung: Die klinische Untersuchung ergab eine leichte Atemnot und eine erhöhte Atemfrequenz. Auskultation zeigt bilaterale inspiratorische Rasselgeräusche.
Behandlung: Initiale Sauerstofftherapie wurde begonnen. Zusätzlich wurden Bronchodilatatoren verabreicht, um die Atemwege zu erweitern.
Nachsorge: Eine Nachuntersuchung ist in einer Woche vorgesehen, um den Verlauf der Symptome zu überwachen.
Notizen: Patientin wurde über die Bedeutung der Medikation aufgeklärt und erhält Informationen zur Selbstüberwachung der Atembeschwerden.",yes,yes,no,no,yes,no,no,no,no,no,no,no,no,PERSON; LOCATION,MULTIPLE,2,2,easy,no,none,no,train,yes,openrouter_gpt4o_mini_field,field_llm_v1,no,,,v2,Synthetic document generated for controlled PII training data.,"[{'type': 'PERSON', 'value': 'Siglinde Klotz-Weinhage', 'confidence': 0.85, 'source': 'presidio', 'start': 37, 'end': 60}, {'type': 'LOCATION', 'value': 'Bad Mergentheim', 'confidence': 0.85, 'source': 'presidio', 'start': 151, 'end': 166}, {'type': 'PERSON', 'value': 'Siglinde Klotz-Weinhage', 'confidence': 0.85, 'source': 'presidio', 'start': 174, 'end': 197}, {'type': 'DATE_TIME', 'value': '2024-12-29', 'confidence': 0.6, 'source': 'presidio', 'start': 68, 'end': 78}]","{""PERSON"": 0.9879, ""LOCATION"": 0.9907, ""DATE_TIME"": 0.9482}","['DATE_TIME', 'LOCATION', 'PERSON']",[],"['PERSON', 'LOCATION', 'DATE_TIME']",False,True,False,low_cost_llm,potential_pii_evidence,True,0.9989650249481201,confident_pii,False,True,True,0.046975,46.9747,0.925,0.925,yes,no,no,yes,no,no,no,no,yes,no,no,no,True,20260909_112646,sweep1_ambiguous_bert,local,bert,distilbert-base-multilingual-cased-v1,not_applicable,local_model,bert_prefilter,gdpr_pii_detection
SYN-MEDICAL_RECORD-0235,synthetic_medical_record_0235.txt,medical_record,medical_record,en,synthetic_generation,,,synthetic,2026-08-28,2026-08-28,2026-08-28,0,"Medical Record

Patient: Daniel Martinez
Date: 2026-04-24
Provider: Clinical Department
Location: Operations Area
Reason: Patient Daniel Martinez presents with persistent headaches and dizziness, reported over the past week.
Assessment: Neurological examination reveals no focal deficits. Symptoms consistent with tension-type headache. No signs of acute intracranial pathology observed.
Treatment: Recommend over-the-counter analgesics for pain management. Advise hydration and stress-reduction techniques.
Follow Up: Schedule follow-up appointment in two weeks to assess symptom progression and effectiveness of treatment.
Notes: Patient Daniel Martinez advised to keep a headache diary to identify potential triggers. Education provided on lifestyle modifications.",yes,yes,no,no,no,no,no,no,no,yes,no,no,no,PERSON; DATE_TIME,MULTIPLE,2,2,easy,no,none,no,train,yes,openrouter_gpt4o_mini_field,field_llm_v1,no,,,v2,Synthetic document generated for controlled PII training data.,"[{'type': 'DATE_TIME', 'value': '2026-04-24', 'confidence': 0.95, 'source': 'presidio', 'start': 47, 'end': 57}, {'type': 'PERSON', 'value': 'Daniel Martinez', 'confidence': 0.85, 'source': 'presidio', 'start': 25, 'end': 40}, {'type': 'PERSON', 'value': 'Daniel Martinez', 'confidence': 0.85, 'source': 'presidio', 'start': 130, 'end': 145}, {'type': 'DATE_TIME', 'value': 'the past week', 'confidence': 0.85, 'source': 'presidio', 'start': 210, 'end': 223}, {'type': 'DATE_TIME', 'value': 'two weeks', 'confidence': 0.85, 'source': 'presidio', 'start': 553, 'end': 562}, {'type': 'PERSON', 'value': 'Daniel Martinez', 'confidence': 0.85, 'source': 'presidio', 'start': 640, 'end': 655}]","{""PERSON"": 0.9975, ""DATE_TIME"": 0.9789}","['DATE_TIME', 'PERSON']",[],"['DATE_TIME', 'PERSON']",False,True,False,low_cost_llm,potential_pii_evidence,True,0.9997509717941284,confident_pii,False,True,True,0.046975,46.9747,0.925,0.925,yes,no,no,no,no,no,no,no,yes,no,no,no,True,20260909_112646,sweep1_ambiguous_bert,local,bert,distilbert-base-multilingual-cased-v1,not_applicable,local_model,bert_prefilter,gdpr_pii_detection
SYN-MEDICAL_RECORD-0249,synthetic_medical_record_0249.txt,medical_record,medical_record,de,synthetic_generation,,,synthetic,2026-08-28,2026-08-28,2026-08-28,0,"Medizinische Dokumentation

Patient: Dunja Heinz
Datum: 2024-03-06
Behandler: Medizinische Fachabteilung
Ort: Hauptstandort
Grund: Dunja Heinz stellte sich mit starken Kopfschmerzen und Schwindelgefühlen vor.
Beurteilung: Die Untersuchung ergab eine moderate Dehydrierung und Anzeichen einer Migräne. Keine neurologischen Auffälligkeiten.
Behandlung: Empfohlene Therapie umfasst Flüssigkeitszufuhr, Ruhe und die Gabe von Ibuprofen zur Schmerzlinderung.
Nachsorge: Empfohlene Nachuntersuchung in einer Woche zur Beurteilung des Fortschritts und Anpassung der Medikation.
Notizen: Dunja Heinz wurde über die Symptome und mögliche Trigger informiert. Lifestyle-Anpassungen wurden besprochen.",yes,yes,no,no,no,no,no,no,no,yes,no,no,no,PERSON; DATE_TIME,MULTIPLE,2,2,easy,no,none,no,train,yes,openrouter_gpt4o_mini_field,field_llm_v1,no,,,v2,Synthetic document generated for controlled PII training data.,"[{'type': 'PERSON', 'value': 'Dunja Heinz', 'confidence': 0.85, 'source': 'presidio', 'start': 37, 'end': 48}, {'type': 'PERSON', 'value': 'Dunja Heinz', 'confidence': 0.85, 'source': 'presidio', 'start': 131, 'end': 142}, {'type': 'PERSON', 'value': 'Dunja Heinz', 'confidence': 0.85, 'source': 'presidio', 'start': 579, 'end': 590}, {'type': 'DATE_TIME', 'value': '2024-03-06', 'confidence': 0.6, 'source': 'presidio', 'start': 56, 'end': 66}]","{""PERSON"": 0.9979, ""DATE_TIME"": 0.9789}","['DATE_TIME', 'PERSON']",[],"['PERSON', 'DATE_TIME']",False,True,False,low_cost_llm,potential_pii_evidence,True,0.9998019933700562,confident_pii,False,True,True,0.046975,46.9747,0.925,0.925,yes,no,no,no,no,no,no,no,yes,no,no,no,True,20260909_112646,sweep1_ambiguous_bert,local,bert,distilbert-base-multilingual-cased-v1,not_applicable,local_model,bert_prefilter,gdpr_pii_detection
SYN-MEETING_NOTES-0003,synthetic_meeting_notes_0003.txt,meeting_notes,meeting_notes,de,synthetic_generation,,,synthetic,2026-08-28,2026-08-28,2026-08-28,0,"Besprechungsnotizen

Titel: Entscheidungen aus dem Projektteam-Meeting vom 12. März 2027
Datum: 2027-03-12
Ort: Hauptstandort
Teilnehmer: Projektteam
Kontakt: Abteilungskontakt
Agenda: 1. Projektstatus-Update
2. Nächste Schritte für die Implementierung
3. Ressourcenplanung
4. Offene Fragen und Risiken
Diskussion: Das Projektteam hat den aktuellen Stand der Implementierung besprochen und festgestellt, dass wir im Zeitplan liegen. Es gab jedoch Bedenken hinsichtlich der Verfügbarkeit von Ressourcen in den kommenden Wochen. Die Teammitglieder haben Vorschläge zur Optimierung der Arbeitsabläufe gemacht und mögliche Risiken identifiziert, die die nächsten Schritte beeinflussen könnten. Die Diskussion drehte sich auch um die Notwendigkeit zusätzlicher Schulungen für das Team, um die Effizienz zu steigern.
Entscheidungen: Es wurde beschlossen, dass das Team die Ressourcenplanung bis Ende der Woche abschließen muss. Zudem wurde entschieden, dass eine Schulung für alle Mitarbeiter erforderlich ist, um die Implementierung reibungslos zu gestalten.
Aufgaben: 1. Ressourcenplanung bis zum 17. März 2027 abschließen - Verantwortlicher: Max Müller
2. Schulungstermine festlegen und kommunizieren - Verantwortlicher: Anna Schmidt",no,no,no,no,no,no,no,no,no,no,no,no,no,,NONE,0,0,easy,no,none,no,train,yes,openrouter_gpt4o_mini_field,field_llm_v1,no,,,v2,Synthetic document generated for controlled PII training data.,"[{'type': 'LOCATION', 'value': 'Projektteam-Meeting', 'confidence': 0.85, 'source': 'presidio', 'start': 51, 'end': 70}, {'type': 'PERSON', 'value': 'Max Müller', 'confidence': 0.85, 'source': 'presidio', 'start': 1139, 'end': 1149}, {'type': 'PERSON', 'value': 'Anna Schmidt', 'confidence': 0.85, 'source': 'presidio', 'start': 1218, 'end': 1230}, {'type': 'DATE_TIME', 'value': '2027-03-12', 'confidence': 0.6, 'source': 'presidio', 'start': 96, 'end': 106}]",{},"['DATE_TIME', 'LOCATION', 'PERSON']",[],"['LOCATION', 'PERSON', 'DATE_TIME']",False,True,True,low_cost_llm,potential_pii_evidence,True,0.00021100000594742596,confident_non_pii,False,True,True,0.046975,46.9747,0.925,0.925,no,no,no,no,no,no,no,no,no,no,no,no,False,20260909_112646,sweep1_ambiguous_bert,local,bert,distilbert-base-multilingual-cased-v1,not_applicable,local_model,bert_prefilter,gdpr_pii_detection
SYN-MEETING_NOTES-0006,synthetic_meeting_notes_0006.txt,meeting_notes,meeting_notes,en,synthetic_generation,,,synthetic,2026-08-28,2026-08-28,2026-08-28,0,"Meeting Notes

Title: IT Department Weekly Sync
Date: 2027-05-21
Location: IT Department
Participants: Working Group
Contact: Department Contact
Agenda: 1. Project Updates
2. Resource Allocation
3. Upcoming Deadlines
4. Feedback Session
Discussion: We reviewed project statuses:
- Team A is on track with their deliverables.
- Team B needs more resources; they’re behind schedule.
- Discussed potential collaboration between teams for efficiency.
- Shared feedback on the new software tool; some bugs reported.
Decisions: 1. Allocate two additional developers to Team B.
2. Schedule a follow-up meeting to address software tool issues next week.
Action Items: 1. Team leads to provide updated timelines by end of the week.
2. IT support to prioritize bug fixes on the software tool.
3. Next meeting to be scheduled for May 28, 2027.",no,no,no,no,no,no,no,no,no,no,no,no,no,,NONE,0,0,easy,no,none,no,test,yes,openrouter_gpt4o_mini_field,field_llm_v1,no,,,v2,Synthetic document generated for controlled PII training data.,"[{'type': 'DATE_TIME', 'value': '2027-05-21', 'confidence': 0.95, 'source': 'presidio', 'start': 54, 'end': 64}, {'type': 'PERSON', 'value': 'Weekly Sync', 'confidence': 0.85, 'source': 'presidio', 'start': 36, 'end': 47}, {'type': 'PERSON', 'value': 'Team B.\n2', 'confidence': 0.85, 'source': 'presidio', 'start': 563, 'end': 572}, {'type': 'DATE_TIME', 'value': 'next week', 'confidence': 0.85, 'source': 'presidio', 'start': 635, 'end': 644}]",{},"['DATE_TIME', 'PERSON']",[],"['DATE_TIME', 'PERSON']",False,True,True,low_cost_llm,potential_pii_evidence,True,0.0002119999990100041,confident_non_pii,False,True,True,0.046975,46.9747,0.925,0.925,no,no,no,no,no,no,no,no,no,no,no,no,False,20260909_112646,sweep1_ambiguous_bert,local,bert,distilbert-base-multilingual-cased-v1,not_applicable,local_model,bert_prefilter,gdpr_pii_detection
SYN-MEETING_NOTES-0007,synthetic_meeting_notes_0007.txt,meeting_notes,meeting_notes,de,synthetic_generation,,,synthetic,2026-08-28,2026-08-28,2026-08-28,0,"Besprechungsnotizen

Titel: Entscheidungsprotokoll vom 03.07.2025
Datum: 2025-07-03
Ort: Betriebsbereich
Teilnehmer: Projektteam
Kontakt: Zentrale Kontaktstelle
Agenda: Besprechung zur Projektfortschritt und strategischen Entscheidungen
Diskussion: Das Projektteam hat die aktuellen Fortschritte des Projekts diskutiert und mögliche Hindernisse identifiziert. Es wurde festgestellt, dass die Fristen für die nächsten Schritte eingehalten werden können, wenn die Ressourcen entsprechend verteilt werden. Zudem wurde das Feedback der Stakeholder erörtert, das positive Rückmeldungen zur bisherigen Umsetzung beinhaltete. Die Notwendigkeit für regelmäßige Updates wurde hervorgehoben, um die Transparenz innerhalb des Teams zu gewährleisten.
Entscheidungen: Das Projektteam hat beschlossen, die Ressourcen für die nächsten zwei Monate um 15% aufzustocken, um die Effizienz zu steigern. Darüber hinaus wurde entschieden, wöchentliche Statusmeetings einzuführen, um den Fortschritt besser zu verfolgen.
Aufgaben: 1. Verantwortlicher: Max Müller, der die Ressourcenverteilung bis zum 10.07.2025 anpassen wird. 2. Verantwortlicher: Anna Schmidt, die die ersten wöchentlichen Statusmeetings ab dem 15.07.2025 organisieren wird.",no,no,no,no,no,no,no,no,no,no,no,no,no,,NONE,0,0,easy,no,none,no,train,yes,openrouter_gpt4o_mini_field,field_llm_v1,no,,,v2,Synthetic document generated for controlled PII training data.,"[{'type': 'PERSON', 'value': 'Max Müller', 'confidence': 0.85, 'source': 'presidio', 'start': 1029, 'end': 1039}, {'type': 'PERSON', 'value': 'Anna Schmidt', 'confidence': 0.85, 'source': 'presidio', 'start': 1125, 'end': 1137}, {'type': 'DATE_TIME', 'value': '10.07.2025', 'confidence': 0.6, 'source': 'presidio', 'start': 1078, 'end': 1088}, {'type': 'DATE_TIME', 'value': '15.07.2025', 'confidence': 0.6, 'source': 'presidio', 'start': 1190, 'end': 1200}]",{},"['DATE_TIME', 'PERSON']",[],"['PERSON', 'DATE_TIME']",False,True,False,low_cost_llm,potential_pii_evidence,True,0.00022600000374950469,confident_non_pii,False,True,True,0.046975,46.9747,0.925,0.925,no,no,no,no,no,no,no,no,no,no,no,no,False,20260909_112646,sweep1_ambiguous_bert,local,bert,distilbert-base-multilingual-cased-v1,not_applicable,local_model,bert_prefilter,gdpr_pii_detection
SYN-MEETING_NOTES-0010,synthetic_meeting_notes_0010.txt,meeting_notes,meeting_notes,en,synthetic_generation,,,synthetic,2026-08-28,2026-08-28,2026-08-28,0,"Meeting Notes

Title: Decision Log for Operations Meeting
Date: 2026-10-13
Location: Operations Area
Participants: Jeremy Myers
Contact: Central Contact Point
Agenda: Review recent operational challenges, outline key decisions, and assign action items for follow-up.
Discussion: During the meeting, Jeremy Myers facilitated a discussion on the recent operational challenges the team has faced. Key points included the delays in supply chain logistics and the need for improved communication between departments. Ideas were exchanged on potential solutions, but the focus remained on actionable outcomes.
Decisions: It was decided that a dedicated task force will be established to address the supply chain issues. Jeremy Myers will lead this task force, ensuring that all relevant departments are represented.
Action Items: 1. Jeremy Myers will draft a proposal outlining the task force structure by October 20, 2026. 2. Each department is to nominate a representative for the task force by October 15, 2026.",yes,yes,no,no,no,no,no,no,no,no,no,no,no,PERSON,PERSON,1,1,easy,no,none,no,train,yes,openrouter_gpt4o_mini_field,field_llm_v1,no,,,v2,Synthetic document generated for controlled PII training data.,"[{'type': 'DATE_TIME', 'value': '2026-10-13', 'confidence': 0.95, 'source': 'presidio', 'start': 64, 'end': 74}, {'type': 'PERSON', 'value': 'Jeremy Myers', 'confidence': 0.85, 'source': 'presidio', 'start': 115, 'end': 127}, {'type': 'PERSON', 'value': 'Jeremy Myers', 'confidence': 0.85, 'source': 'presidio', 'start': 299, 'end': 311}, {'type': 'PERSON', 'value': 'Jeremy Myers', 'confidence': 0.85, 'source': 'presidio', 'start': 714, 'end': 726}, {'type': 'PERSON', 'value': 'Jeremy Myers', 'confidence': 0.85, 'source': 'presidio', 'start': 827, 'end': 839}, {'type': 'DATE_TIME', 'value': 'October 20, 2026', 'confidence': 0.85, 'source': 'presidio', 'start': 900, 'end': 916}, {'type': 'DATE_TIME', 'value': 'October 15, 2026', 'confidence': 0.85, 'source': 'presidio', 'start': 991, 'end': 1007}]","{""PERSON"": 0.9969, ""DATE_TIME"": 0.9784}","['DATE_TIME', 'PERSON']",[],"['DATE_TIME', 'PERSON']",False,True,True,low_cost_llm,potential_pii_evidence,True,0.9997379779815674,confident_pii,False,True,True,0.046975,46.9747,0.925,0.925,yes,no,no,no,no,no,no,no,yes,no,no,no,True,20260909_112646,sweep1_ambiguous_bert,local,bert,distilbert-base-multilingual-cased-v1,not_applicable,local_model,bert_prefilter,gdpr_pii_detection
SYN-MEETING_NOTES-0016,synthetic_meeting_notes_0016.txt,meeting_notes,meeting_notes,en,synthetic_generation,,,synthetic,2026-08-28,2026-08-28,2026-08-28,0,"Meeting Notes

Title: IT Department Strategy Meeting - October 2024
Date: 2024-10-03
Location: IT Department
Participants: Working Group
Contact: Department Contact
Agenda: 1. Review current IT projects
2. Discuss upcoming technology implementations
3. Allocate resources for Q4 initiatives
4. Address any outstanding issues
Discussion: The meeting opened with a review of current IT projects, highlighting the progress on the cloud migration initiative. Participants noted that while the project is on schedule, additional resources may be necessary to meet the deadline. The group then shifted focus to upcoming technology implementations, specifically the new cybersecurity measures. Concerns were raised regarding potential disruptions during the rollout. An update on the Q4 initiatives was provided, with discussions on how to best allocate available resources. Finally, outstanding issues, including hardware shortages and software licensing delays, were addressed.
Decisions: It was decided to allocate two additional team members to the cloud migration project to ensure timely completion. Furthermore, the group agreed to implement the new cybersecurity measures in a phased approach to minimize disruptions.
Action Items: 1. John Doe to finalize resource allocation for the cloud migration project by October 10, 2024.
2. Sarah Smith to develop a phased rollout plan for the cybersecurity measures by October 15, 2024.
3. The team to follow up on hardware shortages with suppliers by October 7, 2024.",no,no,no,no,no,no,no,no,no,no,no,no,no,,NONE,0,0,easy,no,none,no,validation,yes,openrouter_gpt4o_mini_field,field_llm_v1,no,,,v2,Synthetic document generated for controlled PII training data.,"[{'type': 'PERSON', 'value': 'John Doe', 'confidence': 0.85, 'source': 'presidio', 'start': 1236, 'end': 1244}, {'type': 'DATE_TIME', 'value': 'October 10, 2024', 'confidence': 0.85, 'source': 'presidio', 'start': 1312, 'end': 1328}, {'type': 'PERSON', 'value': 'Sarah Smith', 'confidence': 0.85, 'source': 'presidio', 'start': 1333, 'end': 1344}, {'type': 'DATE_TIME', 'value': 'October 15, 2024', 'confidence': 0.85, 'source': 'presidio', 'start': 1412, 'end': 1428}, {'type': 'DATE_TIME', 'value': 'October 7, 2024', 'confidence': 0.85, 'source': 'presidio', 'start': 1495, 'end': 1510}]",{},"['DATE_TIME', 'PERSON']",[],"['PERSON', 'DATE_TIME']",False,True,True,low_cost_llm,potential_pii_evidence,True,0.0002099999983329326,confident_non_pii,False,True,True,0.046975,46.9747,0.925,0.925,no,no,no,no,no,no,no,no,no,no,no,no,False,20260909_112646,sweep1_ambiguous_bert,local,bert,distilbert-base-multilingual-cased-v1,not_applicable,local_model,bert_prefilter,gdpr_pii_detection
SYN-MEETING_NOTES-0018,synthetic_meeting_notes_0018.txt,meeting_notes,meeting_notes,de,synthetic_generation,,,synthetic,2026-08-28,2026-08-28,2026-08-28,0,"Besprechungsnotizen

Titel: Entscheidungen zur Projektoptimierung
Datum: 2026-05-31
Ort: Betriebsbereich
Teilnehmer: Arbeitsgruppe
Kontakt: Zentrale Kontaktstelle
Agenda: 1. Projektstatusupdate 2. Identifikation von Engpässen 3. Festlegung von Verantwortlichkeiten 4. Nächste Schritte
Diskussion: Die Arbeitsgruppe hat den aktuellen Status des Projekts besprochen und mehrere Engpässe identifiziert, die die Fortschritte behindern. Insbesondere wurden Verzögerungen in der Beschaffung von Materialien und in der Kommunikation zwischen den Teams festgestellt. Es wurde eine offene Diskussion über mögliche Lösungen geführt, um diese Herausforderungen zu bewältigen.
Entscheidungen: Es wurde beschlossen, die Beschaffungsstrategie zu überarbeiten, um Engpässe zu minimieren. Zudem wurde entschieden, wöchentliche Statusmeetings einzuführen, um die Kommunikation zu verbessern.
Aufgaben: 1. Max Müller wird die überarbeitete Beschaffungsstrategie bis zum 15. Juni 2026 vorlegen. 2. Sarah Schmidt wird das erste wöchentliche Statusmeeting am 7. Juni 2026 organisieren und die Agenda dafür festlegen.",no,no,no,no,no,no,no,no,no,no,no,no,no,,NONE,0,0,easy,no,none,no,validation,yes,openrouter_gpt4o_mini_field,field_llm_v1,no,,,v2,Synthetic document generated for controlled PII training data.,"[{'type': 'PERSON', 'value': 'Max Müller', 'confidence': 0.85, 'source': 'presidio', 'start': 888, 'end': 898}, {'type': 'PERSON', 'value': 'Sarah Schmidt', 'confidence': 0.85, 'source': 'presidio', 'start': 979, 'end': 992}]",{},['PERSON'],[],['PERSON'],False,True,False,low_cost_llm,potential_pii_evidence,True,0.00022600000374950469,confident_non_pii,False,True,True,0.046975,46.9747,0.925,0.925,no,no,no,no,no,no,no,no,no,no,no,no,False,20260909_112646,sweep1_ambiguous_bert,local,bert,distilbert-base-multilingual-cased-v1,not_applicable,local_model,bert_prefilter,gdpr_pii_detection
SYN-MEETING_NOTES-0028,synthetic_meeting_notes_0028.txt,meeting_notes,meeting_notes,de,synthetic_generation,,,synthetic,2026-08-28,2026-08-28,2026-08-28,0,"Besprechungsnotizen

Titel: Entscheidungen zur Optimierung der Lagerlogistik
Datum: 2025-03-20
Ort: Lagerbereich
Teilnehmer: Projektteam
Kontakt: Serviceteam
Agenda: 1. Einführung in die aktuellen Herausforderungen
2. Entscheidung über neue Lagerprozesse
3. Zuweisung von Verantwortlichkeiten
4. Festlegung von nächsten Schritten
Diskussion: Im Rahmen des Meetings wurden die aktuellen Herausforderungen in der Lagerlogistik erörtert. Das Projektteam stellte fest, dass die Effizienz der Abläufe in letzter Zeit nachgelassen hat. Es wurden verschiedene Ansätze zur Optimierung der Prozesse diskutiert, jedoch lag der Fokus auf konkreten Entscheidungen und Zuweisungen von Verantwortlichkeiten.
Entscheidungen: Das Projektteam hat beschlossen, die Einführung eines neuen Lagerverwaltungssystems zu priorisieren. Verantwortlichkeiten wurden den Teammitgliedern zugewiesen, um die Implementierung voranzutreiben.
Aufgaben: 1. Max Müller wird die Recherche zu verschiedenen Lagerverwaltungssystemen bis zum 30.03.2025 abschließen.
2. Sarah Schmidt wird einen Vorschlag für die Schulung der Mitarbeiter bis zum 05.04.2025 erstellen.
3. Das Serviceteam wird bis zum 15.04.2025 die notwendige Hardware für das neue System bereitstellen.",no,no,no,no,no,no,no,no,no,no,no,no,no,,NONE,0,0,easy,no,none,no,train,yes,openrouter_gpt4o_mini_field,field_llm_v1,no,,,v2,Synthetic document generated for controlled PII training data.,"[{'type': 'PERSON', 'value': 'Max Müller', 'confidence': 0.85, 'source': 'presidio', 'start': 923, 'end': 933}, {'type': 'PERSON', 'value': 'Sarah Schmidt', 'confidence': 0.85, 'source': 'presidio', 'start': 1030, 'end': 1043}, {'type': 'DATE_TIME', 'value': '30.03.2025', 'confidence': 0.6, 'source': 'presidio', 'start': 1003, 'end': 1013}, {'type': 'DATE_TIME', 'value': '05.04.2025', 'confidence': 0.6, 'source': 'presidio', 'start': 1106, 'end': 1116}, {'type': 'DATE_TIME', 'value': '15.04.2025', 'confidence': 0.6, 'source': 'presidio', 'start': 1160, 'end': 1170}]",{},"['DATE_TIME', 'PERSON']",[],"['PERSON', 'DATE_TIME']",False,True,True,low_cost_llm,potential_pii_evidence,True,0.0002119999990100041,confident_non_pii,False,True,True,0.046975,46.9747,0.925,0.925,no,no,no,no,no,no,no,no,no,no,no,no,False,20260909_112646,sweep1_ambiguous_bert,local,bert,distilbert-base-multilingual-cased-v1,not_applicable,local_model,bert_prefilter,gdpr_pii_detection
SYN-MEETING_NOTES-0032,synthetic_meeting_notes_0032.txt,meeting_notes,meeting_notes,de,synthetic_generation,,,synthetic,2026-08-28,2026-08-28,2026-08-28,0,"Besprechungsnotizen

Titel: Entscheidungsprotokoll der Arbeitsgruppe
Datum: 2024-11-23
Ort: Hauptstandort
Teilnehmer: Arbeitsgruppe
Kontakt: Zentrale Kontaktstelle
Agenda: Besprechung der aktuellen Projekte und Festlegung weiterer Schritte.
Diskussion: Die Arbeitsgruppe hat die Fortschritte der laufenden Projekte besprochen. Besonders wurde das Projekt zur Implementierung des neuen CRM-Systems hervorgehoben. Die Teilnehmer äußerten Bedenken hinsichtlich der Integration mit bestehenden Systemen. Es wurden verschiedene Lösungsansätze diskutiert, um die Herausforderungen zu bewältigen.
Entscheidungen: Die Arbeitsgruppe hat beschlossen, das neue CRM-System bis Ende des nächsten Quartals zu implementieren. Zudem wurde festgelegt, dass regelmäßige Updates zum Fortschritt der Implementierung bereitgestellt werden.
Aufgaben: 1. Max Müller wird die Integration des CRM-Systems mit den bestehenden Systemen prüfen. 2. Sarah Schmidt ist verantwortlich für die Erstellung eines Zeitplans für die Implementierung. 3. Die nächste Besprechung findet am 15. Dezember 2024 statt, um den Fortschritt zu überprüfen.",no,no,no,no,no,no,no,no,no,no,no,no,no,,NONE,0,0,easy,no,none,no,train,yes,openrouter_gpt4o_mini_field,field_llm_v1,no,,,v2,Synthetic document generated for controlled PII training data.,"[{'type': 'PERSON', 'value': 'Max Müller', 'confidence': 0.85, 'source': 'presidio', 'start': 832, 'end': 842}, {'type': 'PERSON', 'value': 'Sarah Schmidt', 'confidence': 0.85, 'source': 'presidio', 'start': 920, 'end': 933}]",{},['PERSON'],[],['PERSON'],False,True,False,low_cost_llm,potential_pii_evidence,True,0.0002209999947808683,confident_non_pii,False,True,True,0.046975,46.9747,0.925,0.925,no,no,no,no,no,no,no,no,no,no,no,no,False,20260909_112646,sweep1_ambiguous_bert,local,bert,distilbert-base-multilingual-cased-v1,not_applicable,local_model,bert_prefilter,gdpr_pii_detection
SYN-MEETING_NOTES-0037,synthetic_meeting_notes_0037.txt,meeting_notes,meeting_notes,de,synthetic_generation,,,synthetic,2026-08-28,2026-08-28,2026-08-28,0,"Besprechungsnotizen

Titel: Entscheidungsprotokoll der Abteilungsvertretungen
Datum: 2026-01-15
Ort: Betriebsbereich
Teilnehmer: Abteilungsvertretungen
Kontakt: Zentrale Kontaktstelle
Agenda: Besprechung zur Klärung wichtiger Entscheidungen und Zuweisung von Verantwortlichkeiten.
Diskussion: In der Sitzung wurden verschiedene Punkte erörtert, darunter die Optimierung der internen Kommunikation und die Implementierung neuer Softwaretools zur Effizienzsteigerung. Es wurde betont, dass die Abteilungsvertretungen aktiv an der Verbesserung der Arbeitsabläufe mitwirken sollten.
Entscheidungen: Die Abteilungsvertretungen haben beschlossen, die regelmäßigen Meetings auf monatlich zu erhöhen, um die Fortschritte besser zu überwachen. Zudem wurde entschieden, Schulungen für das neue Softwaretool bis Ende des ersten Quartals anzubieten.
Aufgaben: 1. Verantwortlichkeiten für die Planung der Schulungen wurden wie folgt zugewiesen: Max Müller übernimmt die Organisation, während Anna Schmidt die Inhalte vorbereitet. 2. Das nächste Meeting findet am 15. Februar 2026 statt.",no,no,no,no,no,no,no,no,no,no,no,no,no,,NONE,0,0,easy,no,none,no,train,yes,openrouter_gpt4o_mini_field,field_llm_v1,no,,,v2,Synthetic document generated for controlled PII training data.,"[{'type': 'LOCATION', 'value': 'Abteilungsvertretungen', 'confidence': 0.85, 'source': 'presidio', 'start': 55, 'end': 77}, {'type': 'PERSON', 'value': 'Max Müller', 'confidence': 0.85, 'source': 'presidio', 'start': 932, 'end': 942}, {'type': 'PERSON', 'value': 'Anna Schmidt', 'confidence': 0.85, 'source': 'presidio', 'start': 979, 'end': 991}, {'type': 'DATE_TIME', 'value': '2026-01-15', 'confidence': 0.6, 'source': 'presidio', 'start': 85, 'end': 95}]",{},"['DATE_TIME', 'LOCATION', 'PERSON']",[],"['LOCATION', 'PERSON', 'DATE_TIME']",False,True,False,low_cost_llm,potential_pii_evidence,True,0.00021100000594742596,confident_non_pii,False,True,True,0.046975,46.9747,0.925,0.925,no,no,no,no,no,no,no,no,no,no,no,no,False,20260909_112646,sweep1_ambiguous_bert,local,bert,distilbert-base-multilingual-cased-v1,not_applicable,local_model,bert_prefilter,gdpr_pii_detection
SYN-MEETING_NOTES-0039,synthetic_meeting_notes_0039.txt,meeting_notes,meeting_notes,de,synthetic_generation,,,synthetic,2026-08-28,2026-08-28,2026-08-28,0,"Besprechungsnotizen

Titel: Protokoll der Projektbesprechung vom 29. August 2025
Datum: 2025-08-29
Ort: Lagerbereich
Teilnehmer: Projektteam
Kontakt: Prof. Gotthilf Kohl
Agenda: 1. Begrüßung und Einführung 2. Statusbericht der aktuellen Projekte 3. Identifikation von Risiken und Herausforderungen 4. Festlegung der nächsten Schritte 5. Sonstiges
Diskussion: Die Sitzung wurde um 10:00 Uhr von Prof. Gotthilf Kohl eröffnet. Es wurde ein Überblick über den aktuellen Stand der Projekte gegeben, wobei die Projektleiter ihre Fortschritte und Herausforderungen präsentierten. Besonders betont wurde das Risiko in Bezug auf die Ressourcenverteilung, das in der darauffolgenden Diskussion eingehend behandelt wurde. Die Teilnehmer äußerten Bedenken hinsichtlich der Fristen und der Verfügbarkeit von Schlüsselressourcen. Zudem wurde über mögliche Lösungen diskutiert, um die Effizienz zu steigern und Engpässe zu vermeiden. Des Weiteren wurde der Vorschlag unterbreitet, regelmäßige Check-ins einzuführen, um den Fortschritt besser überwachen zu können.
Entscheidungen: Es wurde beschlossen, die wöchentlichen Meetings auf Dienstag um 14:00 Uhr festzulegen. Außerdem wurde beschlossen, dass jeder Projektleiter bis zum nächsten Treffen einen detaillierten Bericht über die identifizierten Risiken und deren mögliche Lösungen einreichen soll.
Aufgaben: 1. Prof. Gotthilf Kohl wird die Teilnehmer über die neuen Meetingzeiten informieren. 2. Alle Projektleiter sind verpflichtet, bis zum 5. September 2025 ihre Berichte einzureichen. 3. Ein Plan zur Ressourcenoptimierung wird bis zum nächsten Meeting erstellt und vorgestellt.",yes,yes,no,no,no,no,no,no,no,yes,no,no,no,PERSON; DATE_TIME,MULTIPLE,2,2,easy,no,none,no,train,yes,openrouter_gpt4o_mini_field,field_llm_v1,no,,,v2,Synthetic document generated for controlled PII training data.,"[{'type': 'PERSON', 'value': 'Gotthilf Kohl', 'confidence': 0.85, 'source': 'presidio', 'start': 156, 'end': 169}, {'type': 'PERSON', 'value': 'Gotthilf Kohl', 'confidence': 0.85, 'source': 'presidio', 'start': 400, 'end': 413}, {'type': 'PERSON', 'value': 'Gotthilf Kohl', 'confidence': 0.85, 'source': 'presidio', 'start': 1356, 'end': 1369}, {'type': 'DATE_TIME', 'value': '2025-08-29', 'confidence': 0.6, 'source': 'presidio', 'start': 88, 'end': 98}]","{""PERSON"": 0.9964, ""DATE_TIME"": 0.9742}","['DATE_TIME', 'PERSON']",[],"['PERSON', 'DATE_TIME']",False,True,False,low_cost_llm,potential_pii_evidence,True,0.9996960163116455,confident_pii,False,True,True,0.046975,46.9747,0.925,0.925,yes,no,no,no,no,no,no,no,yes,no,no,no,True,20260909_112646,sweep1_ambiguous_bert,local,bert,distilbert-base-multilingual-cased-v1,not_applicable,local_model,bert_prefilter,gdpr_pii_detection
SYN-MEETING_NOTES-0042,synthetic_meeting_notes_0042.txt,meeting_notes,meeting_notes,en,synthetic_generation,,,synthetic,2026-08-28,2026-08-28,2026-08-28,0,"Meeting Notes

Title: Minutes of the Meeting on Warehouse Operations Review
Date: 2024-11-05
Location: Warehouse Area
Participants: Eric Miller
Contact: Department Contact
Agenda: 1. Review of current warehouse operations
2. Discussion on inventory management
3. Evaluation of staff efficiency
4. Planning for upcoming logistics improvements
Discussion: The meeting commenced with a review of current warehouse operations led by Eric Miller. It was noted that the inventory management system requires an update to improve tracking accuracy. Additionally, staff efficiency was discussed, highlighting the need for further training to enhance productivity. Eric Miller suggested evaluating current logistics processes to identify areas for improvement.
Decisions: It was decided that an assessment of the inventory management system will be conducted by the end of the month. Furthermore, additional training sessions for staff will be scheduled to address efficiency gaps. The proposal for logistics improvements will be drafted for review at the next meeting.
Action Items: 1. Conduct an assessment of the inventory management system by November 30, 2024.
2. Schedule training sessions for warehouse staff before the end of November 2024.
3. Draft a proposal for logistics improvements and present it at the next meeting.",yes,yes,no,no,no,no,no,no,no,yes,no,no,no,PERSON; DATE_TIME,MULTIPLE,2,2,easy,no,none,no,train,yes,openrouter_gpt4o_mini_field,field_llm_v1,no,,,v2,Synthetic document generated for controlled PII training data.,"[{'type': 'DATE_TIME', 'value': '2024-11-05', 'confidence': 0.95, 'source': 'presidio', 'start': 82, 'end': 92}, {'type': 'PERSON', 'value': 'Eric Miller', 'confidence': 0.85, 'source': 'presidio', 'start': 132, 'end': 143}, {'type': 'PERSON', 'value': 'Eric Miller', 'confidence': 0.85, 'source': 'presidio', 'start': 429, 'end': 440}, {'type': 'PERSON', 'value': 'Eric Miller', 'confidence': 0.85, 'source': 'presidio', 'start': 655, 'end': 666}, {'type': 'DATE_TIME', 'value': 'the end of the month', 'confidence': 0.85, 'source': 'presidio', 'start': 852, 'end': 872}]","{""PERSON"": 0.9969, ""DATE_TIME"": 0.9824}","['DATE_TIME', 'PERSON']",[],"['DATE_TIME', 'PERSON']",False,True,True,low_cost_llm,potential_pii_evidence,True,0.9997460246086121,confident_pii,False,True,True,0.046975,46.9747,0.925,0.925,yes,no,no,no,no,no,no,no,yes,no,no,no,True,20260909_112646,sweep1_ambiguous_bert,local,bert,distilbert-base-multilingual-cased-v1,not_applicable,local_model,bert_prefilter,gdpr_pii_detection
SYN-MEETING_NOTES-0043,synthetic_meeting_notes_0043.txt,meeting_notes,meeting_notes,de,synthetic_generation,,,synthetic,2026-08-28,2026-08-28,2026-08-28,0,"Besprechungsnotizen

Titel: Wöchentliche Projektbesprechung
Datum: 2025-11-14
Ort: IT-Abteilung
Teilnehmer: Projektteam
Kontakt: Zentrale Kontaktstelle
Agenda: 1. Statusupdates der einzelnen Teammitglieder
2. Diskussion über Herausforderungen
3. Nächste Schritte und Fristen
Diskussion: Wir haben die aktuellen Fortschritte von jedem Teammitglied besprochen:
- Max: Fortschritt bei der Softwareentwicklung, aber es gibt einige Bugs zu beheben.
- Lisa: Datenanalyse abgeschlossen, aber noch keine Rückmeldung vom Marketing.
- Tom: Bereitet die Präsentation für den nächsten Kundenstamm vor.

Herausforderungen:
- Bugs in der Software, die dringend gelöst werden müssen.
- Verzögerungen bei den Daten von externen Partnern.

Nächste Schritte wurden festgelegt und Fristen diskutiert.
Entscheidungen: Es wurde beschlossen, dass:
- Max die Bugs bis Ende nächster Woche beheben soll.
- Lisa den Marketingkontakt nächste Woche direkt anruft.
- Tom die Präsentation bis zum nächsten Treffen fertigstellt.
Aufgaben: 1. Max: Bugs bis 21.11.2025 beheben
2. Lisa: Marketing kontaktieren bis 19.11.2025
3. Tom: Präsentation vorbereiten bis 21.11.2025",no,no,no,no,no,no,no,no,no,no,no,no,no,,NONE,0,0,easy,no,none,no,train,yes,openrouter_gpt4o_mini_field,field_llm_v1,no,,,v2,Synthetic document generated for controlled PII training data.,"[{'type': 'PERSON', 'value': 'Lisa den Marketingkontakt', 'confidence': 0.85, 'source': 'presidio', 'start': 881, 'end': 906}, {'type': 'DATE_TIME', 'value': '21.11.2025', 'confidence': 0.6, 'source': 'presidio', 'start': 1025, 'end': 1035}, {'type': 'DATE_TIME', 'value': '19.11.2025', 'confidence': 0.6, 'source': 'presidio', 'start': 1080, 'end': 1090}]",{},"['DATE_TIME', 'PERSON']",[],"['PERSON', 'DATE_TIME']",False,True,False,low_cost_llm,potential_pii_evidence,True,0.0002629999944474548,confident_non_pii,False,True,True,0.046975,46.9747,0.925,0.925,no,no,no,no,no,no,no,no,no,no,no,no,False,20260909_112646,sweep1_ambiguous_bert,local,bert,distilbert-base-multilingual-cased-v1,not_applicable,local_model,bert_prefilter,gdpr_pii_detection
SYN-MEETING_NOTES-0046,synthetic_meeting_notes_0046.txt,meeting_notes,meeting_notes,de,synthetic_generation,,,synthetic,2026-08-28,2026-08-28,2026-08-28,0,"Besprechungsnotizen

Titel: Entscheidungsprotokoll zur Systemmigration
Datum: 2027-03-28
Ort: IT-Abteilung
Teilnehmer: Projektteam
Kontakt: Abteilungskontakt
Agenda: 1. Begrüßung und Einführung
2. Statusbericht zur Systemmigration
3. Diskussion über die nächsten Schritte
4. Festlegung von Verantwortlichkeiten
5. Abschluss und nächste Schritte
Diskussion: Das Projektteam hat den aktuellen Status der Systemmigration besprochen. Es wurden Herausforderungen identifiziert, insbesondere in Bezug auf die Datenmigration. Die Meinungen der Teilnehmer wurden gehört und es gab Vorschläge zur Optimierung der Prozesse. Es wurde betont, dass eine enge Zusammenarbeit mit der IT-Abteilung notwendig ist, um die Fristen einzuhalten.
Entscheidungen: Es wurde entschieden, dass die Datenmigration bis zum 15. April 2027 abgeschlossen sein muss. Außerdem wurde beschlossen, dass wöchentliche Status-Updates an das gesamte Projektteam gesendet werden.
Aufgaben: 1. Verantwortlicher: Max Müller - Datenmigration bis 15. April 2027 abschließen.
2. Verantwortlicher: Lisa Schmidt - Wöchentliche Status-Updates erstellen und versenden.
3. Verantwortlicher: Peter Becker - Engen Kontakt zur IT-Abteilung pflegen.",no,no,no,no,no,no,no,no,no,no,no,no,no,,NONE,0,0,easy,no,none,no,validation,yes,openrouter_gpt4o_mini_field,field_llm_v1,no,,,v2,Synthetic document generated for controlled PII training data.,"[{'type': 'LOCATION', 'value': 'Systemmigration', 'confidence': 0.85, 'source': 'presidio', 'start': 55, 'end': 70}, {'type': 'PERSON', 'value': 'Max Müller', 'confidence': 0.85, 'source': 'presidio', 'start': 971, 'end': 981}, {'type': 'PERSON', 'value': 'Lisa Schmidt', 'confidence': 0.85, 'source': 'presidio', 'start': 1052, 'end': 1064}, {'type': 'PERSON', 'value': 'Peter Becker', 'confidence': 0.85, 'source': 'presidio', 'start': 1141, 'end': 1153}, {'type': 'DATE_TIME', 'value': '2027-03-28', 'confidence': 0.6, 'source': 'presidio', 'start': 78, 'end': 88}]",{},"['DATE_TIME', 'LOCATION', 'PERSON']",[],"['LOCATION', 'PERSON', 'DATE_TIME']",False,True,False,low_cost_llm,potential_pii_evidence,True,0.9201269745826721,confident_non_pii,False,True,True,0.046975,46.9747,0.925,0.925,no,no,no,no,no,no,no,no,no,no,no,no,True,20260909_112646,sweep1_ambiguous_bert,local,bert,distilbert-base-multilingual-cased-v1,not_applicable,local_model,bert_prefilter,gdpr_pii_detection
SYN-MEETING_NOTES-0057,synthetic_meeting_notes_0057.txt,meeting_notes,meeting_notes,de,synthetic_generation,,,synthetic,2026-08-28,2026-08-28,2026-08-28,0,"Besprechungsnotizen

Titel: Entscheidungen zur Produktentwicklung
Datum: 2027-05-02
Ort: Betriebsbereich
Teilnehmer: Beata Beer B.A.
Kontakt: Zentrale Kontaktstelle
Agenda: Überprüfung der Fortschritte im Bereich Produktentwicklung und Festlegung der nächsten Schritte.
Diskussion: In der Sitzung wurden die aktuellen Entwicklungen im Bereich der neuen Produktlinie diskutiert. Beata Beer B.A. berichtete über die bisherigen Fortschritte und die Herausforderungen, die im letzten Quartal aufgetreten sind. Es wurde betont, dass die Marktforschung positive Rückmeldungen ergeben hat, jedoch sind einige technische Probleme noch nicht gelöst. Die Teilnehmer erörterten verschiedene Ansätze zur Lösung dieser Probleme und die Notwendigkeit, die Zeitpläne für die Produktveröffentlichung zu überdenken.
Entscheidungen: Es wurde beschlossen, die technischen Probleme bis zum 30. Juni 2027 zu beheben und die Markteinführung auf den 15. September 2027 zu verschieben. Beata Beer B.A. wird die Verantwortung für die Koordination der technischen Teams übernehmen.
Aufgaben: 1. Beata Beer B.A. wird ein Treffen mit den technischen Teams ansetzen, um die Probleme zu besprechen. 2. Die Verantwortlichen der Marktforschung werden eine aktualisierte Analyse der Kundenbedürfnisse bis zum 20. Mai 2027 bereitstellen. 3. Ein Follow-up-Meeting zur Überprüfung des Fortschritts wird für den 5. Juli 2027 geplant.",yes,yes,no,no,no,no,no,no,no,no,no,no,no,PERSON,PERSON,1,1,easy,no,none,no,train,yes,openrouter_gpt4o_mini_field,field_llm_v1,no,,,v2,Synthetic document generated for controlled PII training data.,"[{'type': 'PERSON', 'value': 'Beata Beer', 'confidence': 0.85, 'source': 'presidio', 'start': 117, 'end': 127}, {'type': 'PERSON', 'value': 'Beata Beer', 'confidence': 0.85, 'source': 'presidio', 'start': 378, 'end': 388}, {'type': 'PERSON', 'value': 'Beata Beer', 'confidence': 0.85, 'source': 'presidio', 'start': 962, 'end': 972}, {'type': 'PERSON', 'value': 'Beata Beer', 'confidence': 0.85, 'source': 'presidio', 'start': 1069, 'end': 1079}, {'type': 'DATE_TIME', 'value': '2027-05-02', 'confidence': 0.6, 'source': 'presidio', 'start': 73, 'end': 83}]","{""PERSON"": 0.9975, ""DATE_TIME"": 0.9543}","['DATE_TIME', 'PERSON']",[],"['PERSON', 'DATE_TIME']",False,True,False,low_cost_llm,potential_pii_evidence,True,0.9998019933700562,confident_pii,False,True,True,0.046975,46.9747,0.925,0.925,yes,no,no,no,no,no,no,no,yes,no,no,no,True,20260909_112646,sweep1_ambiguous_bert,local,bert,distilbert-base-multilingual-cased-v1,not_applicable,local_model,bert_prefilter,gdpr_pii_detection
SYN-MEETING_NOTES-0066,synthetic_meeting_notes_0066.txt,meeting_notes,meeting_notes,de,synthetic_generation,,,synthetic,2026-08-28,2026-08-28,2026-08-28,0,"Besprechungsnotizen

Titel: Protokoll der Sitzung am 16. Februar 2027
Datum: 2027-02-16
Ort: Betriebsbereich
Teilnehmer: Prof. Carolin Kallert
Kontakt: Abteilungskontakt
Agenda: 1. Begrüßung und Feststellung der Beschlussfähigkeit 2. Genehmigung des Protokolls der vorherigen Sitzung 3. Bericht über aktuelle Projekte 4. Diskussion über zukünftige Strategien 5. Sonstiges
Diskussion: Die Sitzung wurde um 10:00 Uhr von Prof. Carolin Kallert eröffnet. Nach der Feststellung der Beschlussfähigkeit wurde das Protokoll der vorherigen Sitzung einstimmig genehmigt. Im Anschluss berichtete Prof. Kallert über den aktuellen Stand der Projekte, insbesondere über die Fortschritte im Bereich der Forschung und Entwicklung. Es wurden verschiedene Strategien zur Optimierung der Abläufe diskutiert, wobei die Bedeutung der interdisziplinären Zusammenarbeit hervorgehoben wurde. Zudem wurden verschiedene Vorschläge zur Verbesserung der Kommunikation innerhalb der Abteilung unterbreitet.
Entscheidungen: Es wurde einstimmig beschlossen, die interdisziplinären Arbeitsgruppen zu verstärken und regelmäßige Treffen zur Evaluierung der Projekte einzuführen. Außerdem wurde entschieden, dass die Abteilung über ein neues internes Kommunikationssystem nachdenken sollte, um die Effizienz zu steigern.
Aufgaben: 1. Prof. Carolin Kallert wird die Bildung der interdisziplinären Arbeitsgruppen koordinieren. 2. Ein Vorschlag für ein neues Kommunikationssystem wird bis zum 30. April 2027 ausgearbeitet. 3. Die nächste Sitzung wird für den 15. März 2027 angesetzt.",yes,yes,no,no,no,no,no,no,no,no,no,no,no,PERSON,PERSON,1,1,easy,no,none,no,train,yes,openrouter_gpt4o_mini_field,field_llm_v1,no,,,v2,Synthetic document generated for controlled PII training data.,"[{'type': 'PERSON', 'value': 'Carolin Kallert', 'confidence': 0.85, 'source': 'presidio', 'start': 127, 'end': 142}, {'type': 'PERSON', 'value': 'Carolin Kallert', 'confidence': 0.85, 'source': 'presidio', 'start': 425, 'end': 440}, {'type': 'PERSON', 'value': 'Carolin Kallert', 'confidence': 0.85, 'source': 'presidio', 'start': 1305, 'end': 1320}, {'type': 'DATE_TIME', 'value': '2027-02-16', 'confidence': 0.6, 'source': 'presidio', 'start': 77, 'end': 87}]","{""PERSON"": 0.9967, ""DATE_TIME"": 0.9692}","['DATE_TIME', 'PERSON']",[],"['PERSON', 'DATE_TIME']",False,True,False,low_cost_llm,potential_pii_evidence,True,0.9997209906578064,confident_pii,False,True,True,0.046975,46.9747,0.925,0.925,yes,no,no,no,no,no,no,no,yes,no,no,no,True,20260909_112646,sweep1_ambiguous_bert,local,bert,distilbert-base-multilingual-cased-v1,not_applicable,local_model,bert_prefilter,gdpr_pii_detection
SYN-MEETING_NOTES-0069,synthetic_meeting_notes_0069.txt,meeting_notes,meeting_notes,de,synthetic_generation,,,synthetic,2026-08-28,2026-08-28,2026-08-28,0,"Besprechungsnotizen

Titel: Protokoll der Sitzung der Arbeitsgruppe zur IT-Optimierung
Datum: 2024-09-26
Ort: IT-Abteilung
Teilnehmer: Arbeitsgruppe
Kontakt: Serviceteam
Agenda: 1. Begrüßung und Feststellung der Beschlussfähigkeit
2. Statusbericht zu den aktuellen IT-Projekten
3. Diskussion über neue Softwarelösungen
4. Planung der nächsten Schritte zur Systemintegration
5. Sonstiges
Diskussion: Die Sitzung begann um 10:00 Uhr mit der Begrüßung durch den Vorsitzenden. Es wurde festgestellt, dass die Beschlussfähigkeit gegeben ist. Der Statusbericht zu den aktuellen IT-Projekten zeigte Fortschritte in der Implementierung der neuen Sicherheitsprotokolle. In der Diskussion über neue Softwarelösungen wurden mehrere Optionen vorgestellt, darunter Cloud-basierte Anwendungen und lokale Installationen. Die Teilnehmer waren sich einig, dass eine detaillierte Analyse der Vor- und Nachteile erforderlich ist. Zudem wurde die Notwendigkeit einer verbesserten Kommunikation zwischen den Abteilungen hervorgehoben, um die Systemintegration zu optimieren. Unter Sonstiges wurden verschiedene Herausforderungen angesprochen, die während der letzten Monate aufgetreten sind.
Entscheidungen: Es wurde beschlossen, eine Arbeitsgruppe zu bilden, die sich mit der Analyse der neuen Softwarelösungen beschäftigt. Zudem wurde vereinbart, ein weiteres Treffen in zwei Wochen anzusetzen, um die Fortschritte zu überprüfen und offene Fragen zu klären.
Aufgaben: 1. Bildung einer Arbeitsgruppe zur Analyse der neuen Softwarelösungen, verantwortlich: Max Mustermann.
2. Vorbereitung einer detaillierten Analyse der Vor- und Nachteile der vorgeschlagenen Lösungen, Frist: 10. Oktober 2024.
3. Planung des nächsten Treffens für den 10. Oktober 2024, verantwortlich: Serviceteam.",no,no,no,no,no,no,no,no,no,no,no,no,no,,NONE,0,0,easy,no,none,no,train,yes,openrouter_gpt4o_mini_field,field_llm_v1,no,,,v2,Synthetic document generated for controlled PII training data.,"[{'type': 'PERSON', 'value': 'Max Mustermann', 'confidence': 0.85, 'source': 'presidio', 'start': 1536, 'end': 1550}]",{},['PERSON'],[],['PERSON'],False,True,False,low_cost_llm,potential_pii_evidence,True,0.00021699999342672527,confident_non_pii,False,True,True,0.046975,46.9747,0.925,0.925,no,no,no,no,no,no,no,no,no,no,no,no,False,20260909_112646,sweep1_ambiguous_bert,local,bert,distilbert-base-multilingual-cased-v1,not_applicable,local_model,bert_prefilter,gdpr_pii_detection
SYN-MEETING_NOTES-0071,synthetic_meeting_notes_0071.txt,meeting_notes,meeting_notes,de,synthetic_generation,,,synthetic,2026-08-28,2026-08-28,2026-08-28,0,"Besprechungsnotizen

Titel: Besprechung zur Optimierung der Lagerprozesse
Datum: 2026-03-17
Ort: Lagerbereich
Teilnehmer: Isabel Schlosser
Kontakt: Zentrale Kontaktstelle
Agenda: 1. Statusupdate der aktuellen Lagerabläufe
2. Identifikation von Engpässen
3. Vorschläge zur Prozessverbesserung
4. Nächste Schritte
Diskussion: 2025-04-29
Entscheidungen: Es wurde beschlossen, eine Testphase für das neue Lagerverwaltungssystem einzuführen. Feedback von den Mitarbeitern wird bis zum nächsten Treffen gesammelt.
Aufgaben: 1. Isabel Schlosser bereitet eine Präsentation über das neue System vor.
2. Alle Teilnehmer sollen bis zum nächsten Treffen ihre Ideen zu Verbesserungen einreichen.",yes,yes,no,no,no,no,no,no,no,yes,no,no,no,PERSON; DATE_TIME,MULTIPLE,2,2,easy,no,none,no,validation,yes,openrouter_gpt4o_mini_field,field_llm_v1,no,,,v2,Synthetic document generated for controlled PII training data.,"[{'type': 'PERSON', 'value': 'Isabel Schlosser', 'confidence': 0.85, 'source': 'presidio', 'start': 122, 'end': 138}, {'type': 'PERSON', 'value': 'Isabel Schlosser', 'confidence': 0.85, 'source': 'presidio', 'start': 521, 'end': 537}, {'type': 'DATE_TIME', 'value': '2026-03-17', 'confidence': 0.6, 'source': 'presidio', 'start': 81, 'end': 91}, {'type': 'DATE_TIME', 'value': '2025-04-29', 'confidence': 0.6, 'source': 'presidio', 'start': 324, 'end': 334}]","{""PERSON"": 0.9977, ""DATE_TIME"": 0.973}","['DATE_TIME', 'PERSON']",[],"['PERSON', 'DATE_TIME']",False,True,False,low_cost_llm,potential_pii_evidence,True,0.9998019933700562,confident_pii,False,True,True,0.046975,46.9747,0.925,0.925,yes,no,no,no,no,no,no,no,yes,no,no,no,True,20260909_112646,sweep1_ambiguous_bert,local,bert,distilbert-base-multilingual-cased-v1,not_applicable,local_model,bert_prefilter,gdpr_pii_detection
SYN-MEETING_NOTES-0083,synthetic_meeting_notes_0083.txt,meeting_notes,meeting_notes,en,synthetic_generation,,,synthetic,2026-08-28,2026-08-28,2026-08-28,0,"Meeting Notes

Title: Minutes of the Department Representatives Meeting
Date: 2025-12-03
Location: 07976 Anita Terrace, Saraside, NV 16997
Participants: Department Representatives
Contact: Service Team
Agenda: 1. Review of previous meeting minutes
2. Discussion on current departmental projects
3. Budget allocation for the upcoming quarter
4. Planning for the annual team-building event
5. Open floor for additional topics
Discussion: The meeting commenced at 10:00 AM on 2025-12-03 at 07976 Anita Terrace, Saraside, NV 16997. The minutes from the previous meeting were reviewed and approved unanimously. Department representatives presented updates on their ongoing projects, highlighting both progress and challenges. A detailed discussion regarding budget allocation for the upcoming quarter ensued, with emphasis on optimizing resource distribution. Additionally, the team deliberated on the logistics and themes for the upcoming annual team-building event, agreeing to propose several options in the next meeting. The floor was opened for any further topics, where several representatives suggested ideas for inter-departmental collaboration.
Decisions: 1. The minutes from the previous meeting were approved without amendments.
2. Budget allocations were tentatively approved pending further analysis of departmental needs.
3. A subcommittee was formed to finalize details for the annual team-building event, with a report due at the next meeting.
Action Items: 1. Each department representative is to submit a brief report on their project status by December 15, 2025.
2. The finance team will provide a detailed budget proposal by December 20, 2025.
3. The subcommittee for the team-building event will convene and present options by January 10, 2026.",yes,no,no,no,yes,no,no,no,no,yes,no,no,no,LOCATION; DATE_TIME,MULTIPLE,2,2,easy,no,none,no,train,yes,openrouter_gpt4o_mini_field,field_llm_v1,no,,,v2,Synthetic document generated for controlled PII training data.,"[{'type': 'DATE_TIME', 'value': 'the upcoming quarter\n4', 'confidence': 0.85, 'source': 'presidio', 'start': 320, 'end': 342}, {'type': 'DATE_TIME', 'value': '10:00 AM', 'confidence': 0.85, 'source': 'presidio', 'start': 461, 'end': 469}, {'type': 'DATE_TIME', 'value': '2025-12-03', 'confidence': 0.85, 'source': 'presidio', 'start': 473, 'end': 483}, {'type': 'DATE_TIME', 'value': '07976', 'confidence': 0.85, 'source': 'presidio', 'start': 487, 'end': 492}, {'type': 'PERSON', 'value': 'Anita Terrace', 'confidence': 0.85, 'source': 'presidio', 'start': 493, 'end': 506}]","{""PERSON"": 0.9774, ""LOCATION"": 0.9892, ""DATE_TIME"": 0.9668}","['DATE_TIME', 'PERSON']",[],"['DATE_TIME', 'PERSON']",False,True,False,low_cost_llm,potential_pii_evidence,True,0.9969300031661987,confident_pii,False,True,True,0.046975,46.9747,0.925,0.925,yes,no,no,yes,no,no,no,no,yes,no,no,no,True,20260909_112646,sweep1_ambiguous_bert,local,bert,distilbert-base-multilingual-cased-v1,not_applicable,local_model,bert_prefilter,gdpr_pii_detection
SYN-MEETING_NOTES-0087,synthetic_meeting_notes_0087.txt,meeting_notes,meeting_notes,de,synthetic_generation,,,synthetic,2026-08-28,2026-08-28,2026-08-28,0,"Besprechungsnotizen

Titel: Entscheidungen zur Systemmigration
Datum: 2025-09-10
Ort: IT-Abteilung
Teilnehmer: Projektteam
Kontakt: Abteilungskontakt
Agenda: 1. Status der aktuellen Migration 2. Diskussion über Probleme 3. Festlegung von Verantwortlichkeiten 4. Planung der nächsten Schritte
Diskussion: Das Projektteam hat den aktuellen Status der Systemmigration besprochen. Es wurden einige technische Schwierigkeiten identifiziert, insbesondere in Bezug auf die Datenintegration. Diese Probleme wurden von den Teammitgliedern eingehend erörtert. Es wurde auch darauf hingewiesen, dass die Schulung der Mitarbeiter für die neuen Systeme entscheidend ist. Der Zeitrahmen für die Migration bleibt jedoch unverändert, da die Frist von der Geschäftsführung festgelegt wurde.
Entscheidungen: Die Entscheidung wurde getroffen, zusätzliche Ressourcen für die Datenintegration bereitzustellen. Außerdem wurde beschlossen, ein wöchentliches Update-Meeting einzuführen, um den Fortschritt zu überwachen.
Aufgaben: Max Müller wird die zusätzlichen Ressourcen bis zum 15. September 2025 anfordern. Anna Schmidt ist verantwortlich für die Organisation des ersten Update-Meetings, das am 20. September 2025 stattfinden soll.",no,no,no,no,no,no,no,no,no,no,no,no,no,,NONE,0,0,easy,no,none,no,train,yes,openrouter_gpt4o_mini_field,field_llm_v1,no,,,v2,Synthetic document generated for controlled PII training data.,"[{'type': 'PERSON', 'value': 'Max Müller', 'confidence': 0.85, 'source': 'presidio', 'start': 1007, 'end': 1017}, {'type': 'PERSON', 'value': 'Anna Schmidt', 'confidence': 0.85, 'source': 'presidio', 'start': 1089, 'end': 1101}]",{},['PERSON'],[],['PERSON'],False,True,True,low_cost_llm,potential_pii_evidence,True,0.00021600000036414713,confident_non_pii,False,True,True,0.046975,46.9747,0.925,0.925,no,no,no,no,no,no,no,no,no,no,no,no,False,20260909_112646,sweep1_ambiguous_bert,local,bert,distilbert-base-multilingual-cased-v1,not_applicable,local_model,bert_prefilter,gdpr_pii_detection
SYN-MEETING_NOTES-0100,synthetic_meeting_notes_0100.txt,meeting_notes,meeting_notes,de,synthetic_generation,,,synthetic,2026-08-28,2026-08-28,2026-08-28,0,"Besprechungsnotizen

Titel: Entscheidungen zur IT-Infrastruktur
Datum: 2026-05-03
Ort: IT-Abteilung
Teilnehmer: Arbeitsgruppe
Kontakt: Serviceteam
Agenda: Überprüfung der aktuellen IT-Projekte und Festlegung der nächsten Schritte.
Diskussion: Die Arbeitsgruppe hat die Fortschritte der laufenden Projekte diskutiert, einschließlich der Implementierung neuer Sicherheitsprotokolle und der Aktualisierung der Serverhardware. Es wurde ein Überblick über die Herausforderungen gegeben, mit denen die Teams konfrontiert sind, sowie über die Notwendigkeit, die Benutzerfreundlichkeit der Systeme zu verbessern. Die Teilnehmer haben auch die Wichtigkeit der Einhaltung von Fristen betont und Vorschläge zur Optimierung der Ressourcenverwaltung gemacht.
Entscheidungen: Es wurde beschlossen, die Sicherheitsprotokolle bis Ende des Monats abzuschließen und die Serverhardware bis zum nächsten Quartal zu aktualisieren.
Aufgaben: Die Verantwortlichen für die Sicherheitsprotokolle sind Max Müller und Sarah Schmidt. Sie müssen bis zum 15. Mai einen Fortschrittsbericht vorlegen. Die Hardwareaktualisierung wird von Thomas Becker geleitet, der bis zum 1. Juni einen detaillierten Plan präsentieren soll.",no,no,no,no,no,no,no,no,no,no,no,no,no,,NONE,0,0,easy,no,none,no,train,yes,openrouter_gpt4o_mini_field,field_llm_v1,no,,,v2,Synthetic document generated for controlled PII training data.,"[{'type': 'LOCATION', 'value': 'Sicherheitsprotokolle', 'confidence': 0.85, 'source': 'presidio', 'start': 788, 'end': 809}, {'type': 'PERSON', 'value': 'Max Müller', 'confidence': 0.85, 'source': 'presidio', 'start': 976, 'end': 986}, {'type': 'PERSON', 'value': 'Sarah Schmidt', 'confidence': 0.85, 'source': 'presidio', 'start': 991, 'end': 1004}, {'type': 'PERSON', 'value': 'Thomas Becker', 'confidence': 0.85, 'source': 'presidio', 'start': 1105, 'end': 1118}]",{},"['LOCATION', 'PERSON']",[],"['LOCATION', 'PERSON']",False,True,False,low_cost_llm,potential_pii_evidence,True,0.0002229999954579398,confident_non_pii,False,True,True,0.046975,46.9747,0.925,0.925,no,no,no,no,no,no,no,no,no,no,no,no,False,20260909_112646,sweep1_ambiguous_bert,local,bert,distilbert-base-multilingual-cased-v1,not_applicable,local_model,bert_prefilter,gdpr_pii_detection
SYN-MEETING_NOTES-0104,synthetic_meeting_notes_0104.txt,meeting_notes,meeting_notes,de,synthetic_generation,,,synthetic,2026-08-28,2026-08-28,2026-08-28,0,"Besprechungsnotizen

Titel: Wöchentliche Team-Update
Datum: 2026-02-16
Ort: Betriebsbereich
Teilnehmer: Constanze Speer
Kontakt: Zentrale Kontaktstelle
Agenda: 1. Projektstatus 2. Nächste Schritte 3. Offene Fragen
Diskussion: Wir haben die Fortschritte der letzten Woche besprochen:
- Projekt A läuft gut, aber es gibt Verzögerungen bei der Datenanalyse.
- Projekt B benötigt mehr Ressourcen, um den Zeitplan einzuhalten.
- Offene Fragen zur Integration mit System X wurden geklärt.
Entscheidungen: Es wurde beschlossen, zusätzliche Ressourcen für Projekt B bereitzustellen und eine wöchentliche Überprüfung für die Datenanalyse von Projekt A einzuführen.
Aufgaben: 1. Constanze Speer wird die Ressourcen für Projekt B anfordern.
2. Ein Follow-up-Meeting für Projekt A wird in einer Woche geplant.",yes,yes,no,no,no,no,no,no,no,yes,no,no,no,PERSON; DATE_TIME,MULTIPLE,2,2,easy,no,none,no,train,yes,openrouter_gpt4o_mini_field,field_llm_v1,no,,,v2,Synthetic document generated for controlled PII training data.,"[{'type': 'PERSON', 'value': 'Constanze Speer', 'confidence': 0.85, 'source': 'presidio', 'start': 104, 'end': 119}, {'type': 'PERSON', 'value': 'Constanze Speer', 'confidence': 0.85, 'source': 'presidio', 'start': 669, 'end': 684}, {'type': 'DATE_TIME', 'value': '2026-02-16', 'confidence': 0.6, 'source': 'presidio', 'start': 60, 'end': 70}]","{""PERSON"": 0.9969, ""DATE_TIME"": 0.973}","['DATE_TIME', 'PERSON']",[],"['PERSON', 'DATE_TIME']",False,True,False,low_cost_llm,potential_pii_evidence,True,0.9997509717941284,confident_pii,False,True,True,0.046975,46.9747,0.925,0.925,yes,no,no,no,no,no,no,no,yes,no,no,no,True,20260909_112646,sweep1_ambiguous_bert,local,bert,distilbert-base-multilingual-cased-v1,not_applicable,local_model,bert_prefilter,gdpr_pii_detection
SYN-MEETING_NOTES-0106,synthetic_meeting_notes_0106.txt,meeting_notes,meeting_notes,de,synthetic_generation,,,synthetic,2026-08-28,2026-08-28,2026-08-28,0,"Besprechungsnotizen

Titel: Entscheidungsprotokoll vom Projektteam
Datum: 2026-04-05
Ort: Lagerbereich
Teilnehmer: Projektteam
Kontakt: Zentrale Kontaktstelle
Agenda: Überprüfung der aktuellen Fortschritte und Festlegung von nächsten Schritten.
Diskussion: Das Projektteam hat die bisherigen Fortschritte in den letzten Wochen besprochen. Es wurde festgestellt, dass einige Aufgaben hinter dem Zeitplan liegen. Die Gründe für die Verzögerungen wurden analysiert, und das Team hat Strategien entwickelt, um diese Herausforderungen zu bewältigen. Es gab auch einen Austausch über die Notwendigkeit zusätzlicher Ressourcen für die nächsten Phasen des Projekts.
Entscheidungen: Das Projektteam hat beschlossen, die Fristen für die verzögerten Aufgaben um zwei Wochen zu verlängern. Zudem wurde beschlossen, zusätzliche Schulungen für die Teammitglieder anzubieten, um die Effizienz zu steigern.
Aufgaben: 1. Verantwortlich für die Aktualisierung der Zeitpläne: Max Müller. 2. Organisation der Schulungen: Anna Schmidt bis zum 20. April 2026. 3. Nächstes Treffen zur Überprüfung des Fortschritts: 10. Mai 2026.",no,no,no,no,no,no,no,no,no,no,no,no,no,,NONE,0,0,easy,no,none,no,train,yes,openrouter_gpt4o_mini_field,field_llm_v1,no,,,v2,Synthetic document generated for controlled PII training data.,"[{'type': 'PERSON', 'value': 'Max Müller', 'confidence': 0.85, 'source': 'presidio', 'start': 957, 'end': 967}, {'type': 'PERSON', 'value': 'Anna Schmidt', 'confidence': 0.85, 'source': 'presidio', 'start': 1001, 'end': 1013}]",{},['PERSON'],[],['PERSON'],False,True,False,low_cost_llm,potential_pii_evidence,True,0.00022600000374950469,confident_non_pii,False,True,True,0.046975,46.9747,0.925,0.925,no,no,no,no,no,no,no,no,no,no,no,no,False,20260909_112646,sweep1_ambiguous_bert,local,bert,distilbert-base-multilingual-cased-v1,not_applicable,local_model,bert_prefilter,gdpr_pii_detection
SYN-MEETING_NOTES-0112,synthetic_meeting_notes_0112.txt,meeting_notes,meeting_notes,de,synthetic_generation,,,synthetic,2026-08-28,2026-08-28,2026-08-28,0,"Besprechungsnotizen

Titel: Entscheidungsprotokoll des Projektteams
Datum: 2027-04-01
Ort: Hauptstandort
Teilnehmer: Projektteam
Kontakt: Zentrale Kontaktstelle
Agenda: 1. Statusupdate der aktuellen Projekte 2. Diskussion über Ressourcenplanung 3. Festlegung der nächsten Schritte
Diskussion: Das Projektteam hat die Fortschritte der aktuellen Projekte besprochen. Es wurde festgestellt, dass die Ressourcenplanung optimiert werden muss, um Engpässe zu vermeiden. Zudem wurde die Notwendigkeit betont, klare Verantwortlichkeiten für die nächsten Schritte zu definieren.
Entscheidungen: Das Projektteam hat beschlossen, dass die Ressourcenplanung bis zum 15. April 2027 überarbeitet werden muss. Außerdem wurden die Projektziele für das zweite Quartal 2027 festgelegt.
Aufgaben: 1. Verantwortlicher für die Überarbeitung der Ressourcenplanung: Max Müller 2. Erstellung eines detaillierten Berichts über die Projektziele bis zum 10. April 2027: Lisa Schmidt 3. Nächstes Treffen zur Überprüfung der Fortschritte: 20. April 2027",no,no,no,no,no,no,no,no,no,no,no,no,no,,NONE,0,0,easy,no,none,no,test,yes,openrouter_gpt4o_mini_field,field_llm_v1,no,,,v2,Synthetic document generated for controlled PII training data.,"[{'type': 'PERSON', 'value': 'Max Müller', 'confidence': 0.85, 'source': 'presidio', 'start': 843, 'end': 853}, {'type': 'PERSON', 'value': 'Lisa Schmidt', 'confidence': 0.85, 'source': 'presidio', 'start': 943, 'end': 955}]",{},['PERSON'],[],['PERSON'],False,True,False,low_cost_llm,potential_pii_evidence,True,0.00025599999935366213,confident_non_pii,False,True,True,0.046975,46.9747,0.925,0.925,no,no,no,no,no,no,no,no,no,no,no,no,False,20260909_112646,sweep1_ambiguous_bert,local,bert,distilbert-base-multilingual-cased-v1,not_applicable,local_model,bert_prefilter,gdpr_pii_detection
SYN-MEETING_NOTES-0116,synthetic_meeting_notes_0116.txt,meeting_notes,meeting_notes,en,synthetic_generation,,,synthetic,2026-08-28,2026-08-28,2026-08-28,0,"Meeting Notes

Title: Meeting Notes - Decision Log for Operational Strategies
Date: 2025-11-17
Location: Warehouse Area
Participants: Department Representatives
Contact: Department Contact
Agenda: 1. Review current operational performance
2. Discuss potential improvements
3. Assign responsibilities for action items
Discussion: The team reviewed the latest performance metrics and identified key areas for improvement, including inventory management and fulfillment processes. Suggestions were made for enhancing coordination between departments to streamline operations. Several representatives shared their insights on challenges faced in the warehouse area, emphasizing the need for better communication and resource allocation.
Decisions: It was decided to implement a new inventory tracking system to enhance accuracy and efficiency. Additionally, a cross-department task force will be established to address communication gaps.
Action Items: 1. John Smith will research and propose options for the new inventory tracking system by December 1, 2025.
2. Sarah Johnson will coordinate the formation of the cross-department task force and schedule the first meeting by November 30, 2025.",no,no,no,no,no,no,no,no,no,no,no,no,no,,NONE,0,0,easy,no,none,no,train,yes,openrouter_gpt4o_mini_field,field_llm_v1,no,,,v2,Synthetic document generated for controlled PII training data.,"[{'type': 'PERSON', 'value': 'John Smith', 'confidence': 0.85, 'source': 'presidio', 'start': 952, 'end': 962}, {'type': 'DATE_TIME', 'value': 'December 1, 2025', 'confidence': 0.85, 'source': 'presidio', 'start': 1038, 'end': 1054}, {'type': 'PERSON', 'value': 'Sarah Johnson', 'confidence': 0.85, 'source': 'presidio', 'start': 1059, 'end': 1072}, {'type': 'DATE_TIME', 'value': 'November 30, 2025', 'confidence': 0.85, 'source': 'presidio', 'start': 1172, 'end': 1189}]",{},"['DATE_TIME', 'PERSON']",[],"['PERSON', 'DATE_TIME']",False,True,True,low_cost_llm,potential_pii_evidence,True,0.0002099999983329326,confident_non_pii,False,True,True,0.046975,46.9747,0.925,0.925,no,no,no,no,no,no,no,no,no,no,no,no,False,20260909_112646,sweep1_ambiguous_bert,local,bert,distilbert-base-multilingual-cased-v1,not_applicable,local_model,bert_prefilter,gdpr_pii_detection
SYN-MEETING_NOTES-0118,synthetic_meeting_notes_0118.txt,meeting_notes,meeting_notes,en,synthetic_generation,,,synthetic,2026-08-28,2026-08-28,2026-08-28,0,"Meeting Notes

Title: Decisions from the December 2025 Service Team Meeting
Date: 2025-12-18
Location: Main Office
Participants: Julie Simmons
Contact: Service Team
Agenda: 1. Review of current service initiatives
2. Identification of key decision points
3. Assignment of action items for follow-up
Discussion: During the meeting, Julie Simmons led a review of the ongoing service initiatives. The team discussed the progress made on customer feedback implementation and the impact on service delivery. Key decision points were highlighted, particularly around resources needed for upcoming projects. The importance of timely follow-up on action items was emphasized to ensure continuity and accountability.
Decisions: The team decided to allocate additional resources to the customer feedback project, with Julie Simmons as the owner responsible for overseeing the implementation. It was agreed that a follow-up meeting would be scheduled for January 2026 to assess progress.
Action Items: 1. Julie Simmons will prepare a resource allocation plan by December 30, 2025.
2. Schedule the follow-up meeting for January 2026 to review progress on the customer feedback project.",yes,yes,no,no,no,no,no,no,no,no,no,no,no,PERSON,PERSON,1,1,easy,no,none,no,test,yes,openrouter_gpt4o_mini_field,field_llm_v1,no,,,v2,Synthetic document generated for controlled PII training data.,"[{'type': 'DATE_TIME', 'value': '2025-12-18', 'confidence': 0.95, 'source': 'presidio', 'start': 82, 'end': 92}, {'type': 'DATE_TIME', 'value': 'December', 'confidence': 0.85, 'source': 'presidio', 'start': 41, 'end': 49}, {'type': 'PERSON', 'value': 'Julie Simmons', 'confidence': 0.85, 'source': 'presidio', 'start': 129, 'end': 142}, {'type': 'PERSON', 'value': 'Julie Simmons', 'confidence': 0.85, 'source': 'presidio', 'start': 331, 'end': 344}, {'type': 'PERSON', 'value': 'Julie Simmons', 'confidence': 0.85, 'source': 'presidio', 'start': 808, 'end': 821}, {'type': 'DATE_TIME', 'value': 'January 2026', 'confidence': 0.85, 'source': 'presidio', 'start': 944, 'end': 956}, {'type': 'PERSON', 'value': 'Julie Simmons', 'confidence': 0.85, 'source': 'presidio', 'start': 994, 'end': 1007}, {'type': 'DATE_TIME', 'value': 'December 30, 2025', 'confidence': 0.85, 'source': 'presidio', 'start': 1051, 'end': 1068}, {'type': 'DATE_TIME', 'value': 'January 2026', 'confidence': 0.85, 'source': 'presidio', 'start': 1108, 'end': 1120}]","{""PERSON"": 0.9964, ""DATE_TIME"": 0.979}","['DATE_TIME', 'PERSON']",[],"['DATE_TIME', 'PERSON']",False,True,False,low_cost_llm,potential_pii_evidence,True,0.9996280074119568,confident_pii,False,True,True,0.046975,46.9747,0.925,0.925,yes,no,no,no,no,no,no,no,yes,no,no,no,True,20260909_112646,sweep1_ambiguous_bert,local,bert,distilbert-base-multilingual-cased-v1,not_applicable,local_model,bert_prefilter,gdpr_pii_detection
SYN-MEETING_NOTES-0126,synthetic_meeting_notes_0126.txt,meeting_notes,meeting_notes,de,synthetic_generation,,,synthetic,2026-08-28,2026-08-28,2026-08-28,0,"Besprechungsnotizen

Titel: Entscheidungen aus dem Projektteam-Meeting
Datum: 2025-04-24
Ort: Hauptstandort
Teilnehmer: Projektteam
Kontakt: Abteilungskontakt
Agenda: Besprechung der aktuellen Projektfortschritte, Identifikation von Herausforderungen und Festlegung von nächsten Schritten.
Diskussion: Im Meeting wurden die Fortschritte des Projekts erörtert, insbesondere die Herausforderungen bei der Implementierung neuer Funktionen. Es wurde festgestellt, dass einige Teammitglieder zusätzliche Unterstützung benötigen, um bestimmte Aufgaben fristgerecht abzuschließen. Die Bedeutung einer klaren Kommunikation wurde hervorgehoben, um Missverständnisse zu vermeiden.
Entscheidungen: Es wurde entschieden, dass das Team wöchentliche Statusupdates einführen wird, um den Fortschritt besser zu überwachen. Zudem soll ein zusätzliches Meeting in der nächsten Woche stattfinden, um die spezifischen Herausforderungen zu besprechen.
Aufgaben: 1. Max Müller wird die wöchentlichen Statusupdates organisieren. 2. Sarah Schmidt wird die Agenda für das nächste Meeting vorbereiten. 3. Alle Teammitglieder sollen bis Ende der Woche ihre aktuellen Aufgaben und Herausforderungen an das Projektteam kommunizieren.",no,no,no,no,no,no,no,no,no,no,no,no,no,,NONE,0,0,easy,no,none,no,test,yes,openrouter_gpt4o_mini_field,field_llm_v1,no,,,v2,Synthetic document generated for controlled PII training data.,"[{'type': 'LOCATION', 'value': 'Projektteam-Meeting', 'confidence': 0.85, 'source': 'presidio', 'start': 51, 'end': 70}, {'type': 'PERSON', 'value': 'Max Müller', 'confidence': 0.85, 'source': 'presidio', 'start': 944, 'end': 954}, {'type': 'PERSON', 'value': 'Sarah Schmidt', 'confidence': 0.85, 'source': 'presidio', 'start': 1009, 'end': 1022}, {'type': 'DATE_TIME', 'value': '2025-04-24', 'confidence': 0.6, 'source': 'presidio', 'start': 78, 'end': 88}]",{},"['DATE_TIME', 'LOCATION', 'PERSON']",[],"['LOCATION', 'PERSON', 'DATE_TIME']",False,True,False,low_cost_llm,potential_pii_evidence,True,0.0002099999983329326,confident_non_pii,False,True,True,0.046975,46.9747,0.925,0.925,no,no,no,no,no,no,no,no,no,no,no,no,False,20260909_112646,sweep1_ambiguous_bert,local,bert,distilbert-base-multilingual-cased-v1,not_applicable,local_model,bert_prefilter,gdpr_pii_detection
SYN-MEETING_NOTES-0129,synthetic_meeting_notes_0129.txt,meeting_notes,meeting_notes,de,synthetic_generation,,,synthetic,2026-08-28,2026-08-28,2026-08-28,0,"Besprechungsnotizen

Titel: Entscheidungsprotokoll der Arbeitsgruppe
Datum: 2025-01-01
Ort: Lagerbereich
Teilnehmer: Arbeitsgruppe
Kontakt: Zentrale Kontaktstelle
Agenda: 1. Begrüßung und Einführung 2. Überprüfung der letzten Entscheidungen 3. Aktuelle Themen und Herausforderungen 4. Festlegung von Verantwortlichkeiten 5. Nächste Schritte und Fristen
Diskussion: Die Sitzung begann mit einer kurzen Begrüßung durch den Moderator. Anschließend wurden die letzten Entscheidungen, die in der letzten Sitzung getroffen wurden, überprüft. Die Teilnehmer diskutierten aktuelle Herausforderungen im Lagerbereich, insbesondere in Bezug auf die Lagerverwaltung und die Effizienzsteigerung. Es wurde festgestellt, dass die Einführung eines neuen Lagerverwaltungssystems notwendig ist, um die Abläufe zu optimieren. Die Gruppe erörterte verschiedene Optionen, wobei der Fokus auf der Benutzerfreundlichkeit und den Kosten lag.
Entscheidungen: Die Arbeitsgruppe hat beschlossen, ein neues Lagerverwaltungssystem zu implementieren. Verantwortlich für die Evaluierung der Systeme sind Herr Müller und Frau Schmidt. Die Entscheidung zur Implementierung wird in der nächsten Sitzung finalisiert.
Aufgaben: 1. Herr Müller und Frau Schmidt evaluieren verschiedene Lagerverwaltungssysteme bis zum 15. Januar 2025. 2. Eine Übersicht der Optionen wird in der nächsten Sitzung präsentiert. 3. Alle Teilnehmer sollen bis zum 10. Januar 2025 ihre Vorschläge für weitere Themen einreichen.",no,no,no,no,no,no,no,no,no,no,no,no,no,,NONE,0,0,easy,no,none,no,train,yes,openrouter_gpt4o_mini_field,field_llm_v1,no,,,v2,Synthetic document generated for controlled PII training data.,"[{'type': 'PERSON', 'value': 'Herr Müller', 'confidence': 0.85, 'source': 'presidio', 'start': 1073, 'end': 1084}, {'type': 'PERSON', 'value': 'Frau Schmidt', 'confidence': 0.85, 'source': 'presidio', 'start': 1089, 'end': 1101}, {'type': 'PERSON', 'value': 'Frau Schmidt', 'confidence': 0.85, 'source': 'presidio', 'start': 1211, 'end': 1223}]",{},['PERSON'],[],['PERSON'],False,True,True,low_cost_llm,potential_pii_evidence,True,0.0002640000020619482,confident_non_pii,False,True,True,0.046975,46.9747,0.925,0.925,no,no,no,no,no,no,no,no,no,no,no,no,False,20260909_112646,sweep1_ambiguous_bert,local,bert,distilbert-base-multilingual-cased-v1,not_applicable,local_model,bert_prefilter,gdpr_pii_detection
SYN-MEETING_NOTES-0134,synthetic_meeting_notes_0134.txt,meeting_notes,meeting_notes,en,synthetic_generation,,,synthetic,2026-08-28,2026-08-28,2026-08-28,0,"Meeting Notes

Title: Minutes of the Meeting on Strategic Planning
Date: 2024-12-28
Location: Main Office
Participants: Preston Lawrence
Contact: Central Contact Point
Agenda: 1. Review of Current Strategic Initiatives
2. Discussion on Market Trends
3. Setting Objectives for 2026
4. Action Plan Development
Discussion: 2026-04-01
Decisions: It was unanimously decided that the current strategic initiatives require a thorough review to align with emerging market trends. Objectives for the year 2026 will focus on enhancing customer engagement and expanding market reach. The proposed action plan shall be developed and presented in the next meeting.
Action Items: 1. Preston Lawrence to compile a report on current strategic initiatives by January 15, 2024.
2. Each participant to gather market trend data relevant to their departments by January 30, 2024.
3. Schedule the next meeting for February 10, 2024, to discuss the report and data collected.",yes,yes,no,no,no,no,no,no,no,yes,no,no,no,PERSON; DATE_TIME,MULTIPLE,2,2,easy,no,none,no,train,yes,openrouter_gpt4o_mini_field,field_llm_v1,no,,,v2,Synthetic document generated for controlled PII training data.,"[{'type': 'DATE_TIME', 'value': '2024-12-28', 'confidence': 0.95, 'source': 'presidio', 'start': 73, 'end': 83}, {'type': 'PERSON', 'value': 'Preston Lawrence', 'confidence': 0.85, 'source': 'presidio', 'start': 120, 'end': 136}, {'type': 'DATE_TIME', 'value': '2026\n4', 'confidence': 0.85, 'source': 'presidio', 'start': 276, 'end': 282}, {'type': 'DATE_TIME', 'value': '2026-04-01', 'confidence': 0.85, 'source': 'presidio', 'start': 320, 'end': 330}, {'type': 'DATE_TIME', 'value': 'the year 2026', 'confidence': 0.85, 'source': 'presidio', 'start': 487, 'end': 500}, {'type': 'PERSON', 'value': 'Preston Lawrence', 'confidence': 0.85, 'source': 'presidio', 'start': 669, 'end': 685}, {'type': 'DATE_TIME', 'value': 'January 15, 2024', 'confidence': 0.85, 'source': 'presidio', 'start': 742, 'end': 758}, {'type': 'DATE_TIME', 'value': 'January 30, 2024', 'confidence': 0.85, 'source': 'presidio', 'start': 841, 'end': 857}]","{""PERSON"": 0.9973, ""DATE_TIME"": 0.9824}","['DATE_TIME', 'PERSON']",[],"['DATE_TIME', 'PERSON']",False,True,False,low_cost_llm,potential_pii_evidence,True,0.9997829794883728,confident_pii,False,True,True,0.046975,46.9747,0.925,0.925,yes,no,no,no,no,no,no,no,yes,no,no,no,True,20260909_112646,sweep1_ambiguous_bert,local,bert,distilbert-base-multilingual-cased-v1,not_applicable,local_model,bert_prefilter,gdpr_pii_detection
SYN-MEETING_NOTES-0141,synthetic_meeting_notes_0141.txt,meeting_notes,meeting_notes,en,synthetic_generation,,,synthetic,2026-08-28,2026-08-28,2026-08-28,0,"Meeting Notes

Title: IT Department Strategy Alignment Meeting
Date: 2027-07-29
Location: IT Department
Participants: Department Representatives
Contact: Central Contact Point
Agenda: 1. Review current project statuses
2. Discuss upcoming initiatives
3. Assign ownership for new tasks
Discussion: The meeting commenced with a review of the ongoing projects. Each representative provided updates, highlighting successes and areas needing improvement. There was a thorough discussion on the upcoming initiatives that align with the department's strategic goals, focusing on resource allocation and timeline expectations. The importance of collaboration across teams was emphasized to ensure all initiatives are successfully executed.
Decisions: It was decided to prioritize the development of the new project management tool and to allocate additional resources to the cybersecurity initiative. Additionally, each team will submit a weekly progress report to maintain transparency and accountability.
Action Items: 1. John Smith will lead the development of the project management tool by August 15.
2. Sarah Johnson is tasked with enhancing the cybersecurity initiative and will report back on progress by August 22.
3. All teams are to submit their weekly progress reports starting next week.",no,no,no,no,no,no,no,no,no,no,no,no,no,,NONE,0,0,easy,no,none,no,test,yes,openrouter_gpt4o_mini_field,field_llm_v1,no,,,v2,Synthetic document generated for controlled PII training data.,"[{'type': 'DATE_TIME', 'value': 'weekly', 'confidence': 0.85, 'source': 'presidio', 'start': 931, 'end': 937}, {'type': 'PERSON', 'value': 'John Smith', 'confidence': 0.85, 'source': 'presidio', 'start': 1016, 'end': 1026}, {'type': 'DATE_TIME', 'value': 'August 15', 'confidence': 0.85, 'source': 'presidio', 'start': 1087, 'end': 1096}, {'type': 'PERSON', 'value': 'Sarah Johnson', 'confidence': 0.85, 'source': 'presidio', 'start': 1101, 'end': 1114}, {'type': 'DATE_TIME', 'value': 'August 22', 'confidence': 0.85, 'source': 'presidio', 'start': 1205, 'end': 1214}, {'type': 'DATE_TIME', 'value': 'weekly', 'confidence': 0.85, 'source': 'presidio', 'start': 1249, 'end': 1255}, {'type': 'DATE_TIME', 'value': 'next week', 'confidence': 0.85, 'source': 'presidio', 'start': 1282, 'end': 1291}]",{},"['DATE_TIME', 'PERSON']",[],"['DATE_TIME', 'PERSON']",False,True,False,low_cost_llm,potential_pii_evidence,True,0.00021300000662449747,confident_non_pii,False,True,True,0.046975,46.9747,0.925,0.925,no,no,no,no,no,no,no,no,no,no,no,no,False,20260909_112646,sweep1_ambiguous_bert,local,bert,distilbert-base-multilingual-cased-v1,not_applicable,local_model,bert_prefilter,gdpr_pii_detection
SYN-MEETING_NOTES-0144,synthetic_meeting_notes_0144.txt,meeting_notes,meeting_notes,de,synthetic_generation,,,synthetic,2026-08-28,2026-08-28,2026-08-28,0,"Besprechungsnotizen

Titel: Protokoll der Sitzung der IT-Abteilung vom 23. April 2026
Datum: 2026-04-23
Ort: IT-Abteilung
Teilnehmer: Arbeitsgruppe
Kontakt: Serviceteam
Agenda: 1. Eröffnung und Begrüßung
2. Genehmigung des Protokolls der vorherigen Sitzung
3. Statusbericht zu aktuellen Projekten
4. Diskussion über neue IT-Initiativen
5. Verschiedenes
Diskussion: Die Sitzung wurde um 10:00 Uhr von dem Vorsitzenden eröffnet. Es wurde das Protokoll der vorherigen Sitzung genehmigt. Der Statusbericht zu aktuellen Projekten zeigte Fortschritte in der Implementierung des neuen IT-Systems, jedoch wurden Verzögerungen bei der Schulung der Mitarbeiter festgestellt. In der Diskussion über neue IT-Initiativen wurden verschiedene Vorschläge präsentiert, darunter die Einführung eines neuen Kommunikationstools zur Verbesserung der internen Zusammenarbeit. Die Teilnehmer äußerten sich positiv über die vorgeschlagene Initiative, wobei einige Bedenken hinsichtlich der Integration in bestehende Systeme geäußert wurden.
Entscheidungen: Es wurde beschlossen, die Schulungsmaßnahmen für das neue IT-System zu priorisieren und einen Zeitplan für die Implementierung des neuen Kommunikations-Tools zu erstellen. Zudem wurde vereinbart, die nächsten Schritte zur Lösung der Integrationsprobleme zu klären.
Aufgaben: 1. Erstellung eines aktualisierten Schulungsplans bis zum 30. April 2026 - Verantwortlich: Herr Müller
2. Entwicklung eines Zeitplans für die Implementierung des Kommunikations-Tools bis zum 15. Mai 2026 - Verantwortlich: Frau Schmidt
3. Klärung der Integrationsprobleme mit dem IT-Support-Team bis zum 7. Mai 2026 - Verantwortlich: Herr Becker",no,no,no,no,no,no,no,no,no,no,no,no,no,,NONE,0,0,easy,no,none,no,train,yes,openrouter_gpt4o_mini_field,field_llm_v1,no,,,v2,Synthetic document generated for controlled PII training data.,"[{'type': 'LOCATION', 'value': 'IT-Initiativen', 'confidence': 0.85, 'source': 'presidio', 'start': 321, 'end': 335}, {'type': 'LOCATION', 'value': 'IT-Initiativen', 'confidence': 0.85, 'source': 'presidio', 'start': 693, 'end': 707}, {'type': 'PERSON', 'value': 'Herr Müller', 'confidence': 0.85, 'source': 'presidio', 'start': 1399, 'end': 1410}]",{},"['LOCATION', 'PERSON']",[],"['LOCATION', 'PERSON']",False,True,True,low_cost_llm,potential_pii_evidence,True,0.00022400000307243317,confident_non_pii,False,True,True,0.046975,46.9747,0.925,0.925,no,no,no,no,no,no,no,no,no,no,no,no,False,20260909_112646,sweep1_ambiguous_bert,local,bert,distilbert-base-multilingual-cased-v1,not_applicable,local_model,bert_prefilter,gdpr_pii_detection
SYN-MEETING_NOTES-0149,synthetic_meeting_notes_0149.txt,meeting_notes,meeting_notes,de,synthetic_generation,,,synthetic,2026-08-28,2026-08-28,2026-08-28,0,"Besprechungsnotizen

Titel: Entscheidungsprotokoll des Projektteams
Datum: 2027-05-13
Ort: Hauptstandort
Teilnehmer: Projektteam
Kontakt: Serviceteam
Agenda: 1. Projektfortschritt 2. Ressourcenbedarf 3. Nächste Schritte
Diskussion: Das Projektteam hat den Fortschritt der letzten Woche besprochen. Es wurde festgestellt, dass die Meilensteine größtenteils erreicht wurden, jedoch ein erhöhter Ressourcenbedarf festgestellt wurde. Die Teammitglieder äußerten Bedenken hinsichtlich der Verfügbarkeit von Fachkräften in den kommenden Monaten. Zudem wurde die Notwendigkeit von zusätzlichen Schulungen für die neuen Softwaretools diskutiert. Die nächsten Schritte wurden ebenfalls erörtert, um sicherzustellen, dass der Zeitplan eingehalten wird.
Entscheidungen: Es wurde beschlossen, zusätzliche Ressourcen für das Projekt zu beantragen und Schulungen für das Team zu organisieren.
Aufgaben: 1. Verantwortlicher: Max Müller - Antrag auf zusätzliche Ressourcen bis 20. Mai 2027 einreichen. 2. Verantwortlicher: Sarah Schmidt - Schulungsplan erstellen und bis Ende Mai 2027 vorstellen.",no,no,no,no,no,no,no,no,no,no,no,no,no,,NONE,0,0,easy,no,none,no,train,yes,openrouter_gpt4o_mini_field,field_llm_v1,no,,,v2,Synthetic document generated for controlled PII training data.,"[{'type': 'PERSON', 'value': 'Max Müller', 'confidence': 0.85, 'source': 'presidio', 'start': 910, 'end': 920}, {'type': 'PERSON', 'value': 'Sarah Schmidt', 'confidence': 0.85, 'source': 'presidio', 'start': 1007, 'end': 1020}]",{},['PERSON'],[],['PERSON'],False,True,False,low_cost_llm,potential_pii_evidence,True,0.00021800000104121864,confident_non_pii,False,True,True,0.046975,46.9747,0.925,0.925,no,no,no,no,no,no,no,no,no,no,no,no,False,20260909_112646,sweep1_ambiguous_bert,local,bert,distilbert-base-multilingual-cased-v1,not_applicable,local_model,bert_prefilter,gdpr_pii_detection
SYN-MEETING_NOTES-0154,synthetic_meeting_notes_0154.txt,meeting_notes,meeting_notes,de,synthetic_generation,,,synthetic,2026-08-28,2026-08-28,2026-08-28,0,"Besprechungsnotizen

Titel: Entscheidungsprotokoll des Projektteams
Datum: 2026-01-21
Ort: Hauptstandort
Teilnehmer: Projektteam
Kontakt: Abteilungskontakt
Agenda: 1. Statusupdates der aktuellen Projekte
2. Entscheidungsfindung zu neuen Initiativen
3. Zuweisung von Verantwortlichkeiten
4. Nächste Schritte und Fristen
Diskussion: Das Projektteam hat die aktuellen Statusupdates der laufenden Projekte besprochen. Es wurde festgestellt, dass das Projekt A hinter dem Zeitplan liegt, während Projekt B positive Fortschritte macht. Die Diskussion über neue Initiativen konzentrierte sich auf die Implementierung von Projekt C, wobei Bedenken hinsichtlich der Ressourcen geäußert wurden. Teammitglieder äußerten Vorschläge zur Verbesserung der Kommunikation zwischen den Abteilungen.
Entscheidungen: Das Team hat beschlossen, dass Projekt C in der nächsten Phase priorisiert wird. Die Verantwortlichkeiten für die verschiedenen Aufgaben wurden ebenfalls festgelegt, um die Effizienz zu steigern.
Aufgaben: 1. Max Müller wird die Ressourcen für Projekt C überprüfen und einen Bericht bis zum 15. Februar vorlegen.
2. Anna Schmidt soll ein Follow-up-Meeting für den 25. Januar planen, um den Fortschritt der Projekte zu überprüfen.
3. Alle Teammitglieder müssen ihre Statusberichte bis zum 10. Februar einreichen.",no,no,no,no,no,no,no,no,no,no,no,no,no,,NONE,0,0,easy,no,none,no,train,yes,openrouter_gpt4o_mini_field,field_llm_v1,no,,,v2,Synthetic document generated for controlled PII training data.,"[{'type': 'PERSON', 'value': 'Max Müller', 'confidence': 0.85, 'source': 'presidio', 'start': 1006, 'end': 1016}, {'type': 'PERSON', 'value': 'Anna Schmidt', 'confidence': 0.85, 'source': 'presidio', 'start': 1113, 'end': 1125}]",{},['PERSON'],[],['PERSON'],False,True,False,low_cost_llm,potential_pii_evidence,True,0.00021800000104121864,confident_non_pii,False,True,True,0.046975,46.9747,0.925,0.925,no,no,no,no,no,no,no,no,no,no,no,no,False,20260909_112646,sweep1_ambiguous_bert,local,bert,distilbert-base-multilingual-cased-v1,not_applicable,local_model,bert_prefilter,gdpr_pii_detection
SYN-MEETING_NOTES-0157,synthetic_meeting_notes_0157.txt,meeting_notes,meeting_notes,en,synthetic_generation,,,synthetic,2026-08-28,2026-08-28,2026-08-28,0,"Meeting Notes

Title: IT Department Sync - February 2025
Date: 2025-02-05
Location: IT Department
Participants: Department Representatives
Contact: Department Contact
Agenda: 1. Project updates
2. Resource allocation
3. Upcoming deadlines
4. Team feedback
Discussion: We reviewed ongoing projects:
- Project A is on track, expected completion by end of March.
- Project B is facing some delays due to resource constraints.
- Discussed possible reallocations to support Project B.
- Team expressed need for clearer communication on deadlines.
Decisions: Agreed to prioritize resource allocation for Project B. Also decided to hold weekly check-ins until the deadline.
Action Items: 1. Update resource allocation plan based on today’s decisions.
2. Schedule weekly check-ins for Project B.
3. Circulate updated project timelines to all team members.",no,no,no,no,no,no,no,no,no,no,no,no,no,,NONE,0,0,easy,no,none,no,train,yes,openrouter_gpt4o_mini_field,field_llm_v1,no,,,v2,Synthetic document generated for controlled PII training data.,"[{'type': 'PERSON', 'value': 'Project B.', 'confidence': 0.85, 'source': 'presidio', 'start': 469, 'end': 479}, {'type': 'DATE_TIME', 'value': 'weekly', 'confidence': 0.85, 'source': 'presidio', 'start': 630, 'end': 636}]",{},"['DATE_TIME', 'PERSON']",[],"['PERSON', 'DATE_TIME']",False,True,False,low_cost_llm,potential_pii_evidence,True,0.0002099999983329326,confident_non_pii,False,True,True,0.046975,46.9747,0.925,0.925,no,no,no,no,no,no,no,no,no,no,no,no,False,20260909_112646,sweep1_ambiguous_bert,local,bert,distilbert-base-multilingual-cased-v1,not_applicable,local_model,bert_prefilter,gdpr_pii_detection
SYN-MEETING_NOTES-0158,synthetic_meeting_notes_0158.txt,meeting_notes,meeting_notes,en,synthetic_generation,,,synthetic,2026-08-28,2026-08-28,2026-08-28,0,"Meeting Notes

Title: Project Update Meeting
Date: 2024-05-17
Location: 721 Murphy Summit Suite 943, West Mariaview, PA 09547
Participants: Project Team
Contact: Service Team
Agenda: 1. Review project status
2. Discuss current challenges
3. Plan next steps
Discussion: We reviewed the current status of the project and noted that we are on track for the upcoming milestones. However, there are some challenges regarding resource allocation that need to be addressed:
- Team feedback indicates a need for more support in the design phase.
- Several tasks are falling behind due to unexpected technical issues.
We brainstormed potential solutions, including reallocating resources and adjusting timelines.
Decisions: It was decided to prioritize the design tasks and temporarily shift two team members from development to assist. We will also schedule a follow-up meeting next week to reassess progress.
Action Items: 1. John to reach out to the design team for additional support.
2. Sarah to adjust the project timeline and share with the team.
3. Schedule a follow-up meeting for 2024-05-24 at 721 Murphy Summit Suite 943, West Mariaview, PA 09547.",yes,no,no,no,yes,no,no,no,no,yes,no,no,no,LOCATION; DATE_TIME,MULTIPLE,2,2,easy,no,none,no,train,yes,openrouter_gpt4o_mini_field,field_llm_v1,no,,,v2,Synthetic document generated for controlled PII training data.,"[{'type': 'NRP', 'value': 'West Mariaview', 'confidence': 0.85, 'source': 'presidio', 'start': 101, 'end': 115}, {'type': 'NRP', 'value': 'West Mariaview', 'confidence': 0.85, 'source': 'presidio', 'start': 1124, 'end': 1138}]","{""PERSON"": 0.985, ""LOCATION"": 0.9891, ""DATE_TIME"": 0.9708}",['NRP'],[],['NRP'],False,True,False,low_cost_llm,potential_pii_evidence,True,0.9980940222740173,confident_pii,False,True,True,0.046975,46.9747,0.925,0.925,yes,no,no,yes,no,no,no,no,yes,no,no,no,True,20260909_112646,sweep1_ambiguous_bert,local,bert,distilbert-base-multilingual-cased-v1,not_applicable,local_model,bert_prefilter,gdpr_pii_detection
SYN-MEETING_NOTES-0161,synthetic_meeting_notes_0161.txt,meeting_notes,meeting_notes,en,synthetic_generation,,,synthetic,2026-08-28,2026-08-28,2026-08-28,0,"Meeting Notes

Title: IT Department Weekly Project Review
Date: 2024-10-24
Location: IT Department
Participants: Joshua Jennings
Contact: Service Team
Agenda: 1. Review of current project statuses
2. Discussion of upcoming deadlines
3. Addressing challenges faced by team members
4. Planning for next week's tasks
Discussion: The meeting commenced with Joshua Jennings presenting the current status of ongoing projects within the IT Department. Each project team provided updates, highlighting progress and any obstacles encountered. The team discussed the approaching deadlines for the software deployment scheduled for November 15, 2024, and reviewed the necessary adjustments to meet these timelines. Challenges related to resource allocation and inter-departmental communications were addressed, with team members encouraged to voice any additional concerns.
Decisions: It was decided that a follow-up meeting will be scheduled for November 7, 2024, to ensure all teams are on track for the upcoming software deployment. Additionally, it was agreed that a dedicated channel will be established for real-time updates on project challenges.
Action Items: 1. Joshua Jennings will coordinate the setup of the new communication channel by October 31, 2024.
2. Each project team is to submit a revised timeline for their respective tasks by November 3, 2024.
3. All team members are to prepare a brief summary of their current challenges for discussion at the next meeting.",yes,yes,no,no,no,no,no,no,no,yes,no,no,no,PERSON; DATE_TIME,MULTIPLE,2,2,easy,no,none,no,test,yes,openrouter_gpt4o_mini_field,field_llm_v1,no,,,v2,Synthetic document generated for controlled PII training data.,"[{'type': 'DATE_TIME', 'value': '2024-10-24', 'confidence': 0.95, 'source': 'presidio', 'start': 64, 'end': 74}, {'type': 'PERSON', 'value': 'Joshua Jennings', 'confidence': 0.85, 'source': 'presidio', 'start': 113, 'end': 128}, {'type': 'DATE_TIME', 'value': ""next week's"", 'confidence': 0.85, 'source': 'presidio', 'start': 296, 'end': 307}, {'type': 'PERSON', 'value': 'Joshua Jennings', 'confidence': 0.85, 'source': 'presidio', 'start': 353, 'end': 368}, {'type': 'PERSON', 'value': 'Joshua Jennings', 'confidence': 0.85, 'source': 'presidio', 'start': 1160, 'end': 1175}, {'type': 'DATE_TIME', 'value': 'October 31, 2024', 'confidence': 0.85, 'source': 'presidio', 'start': 1238, 'end': 1254}, {'type': 'DATE_TIME', 'value': 'November 3, 2024', 'confidence': 0.85, 'source': 'presidio', 'start': 1339, 'end': 1355}]","{""PERSON"": 0.9965, ""DATE_TIME"": 0.9815}","['DATE_TIME', 'PERSON']",[],"['DATE_TIME', 'PERSON']",False,True,False,low_cost_llm,potential_pii_evidence,True,0.9996510148048401,confident_pii,False,True,True,0.046975,46.9747,0.925,0.925,yes,no,no,no,no,no,no,no,yes,no,no,no,True,20260909_112646,sweep1_ambiguous_bert,local,bert,distilbert-base-multilingual-cased-v1,not_applicable,local_model,bert_prefilter,gdpr_pii_detection
SYN-MEETING_NOTES-0164,synthetic_meeting_notes_0164.txt,meeting_notes,meeting_notes,en,synthetic_generation,,,synthetic,2026-08-28,2026-08-28,2026-08-28,0,"Meeting Notes

Title: Warehouse Operations Review Meeting
Date: 2025-06-20
Location: Warehouse Area
Participants: Project Team
Contact: Department Contact
Agenda: 1. Review current warehouse operations
2. Discuss inventory management improvements
3. Assign action items for upcoming tasks
Discussion: During the meeting, the team reviewed the performance metrics of the current warehouse operations. It was noted that while productivity has increased, there are still challenges in inventory management that need to be addressed. Several team members provided insights into potential improvements, including better tracking systems and optimized storage solutions. The discussion highlighted the importance of addressing these issues to ensure efficiency and reduce overhead costs.
Decisions: The team decided to implement a new inventory management software solution by the end of Q3 2025. It was also agreed that a follow-up meeting will be scheduled in two weeks to assess progress on the integration.
Action Items: 1. John Doe to research potential inventory management software options by next week.
2. Sarah Smith to prepare a proposal for storage optimization strategies for the next meeting.
3. All team members to gather feedback on current processes and bring suggestions to the next session.",no,no,no,no,no,no,no,no,no,no,no,no,no,,NONE,0,0,easy,no,none,no,train,yes,openrouter_gpt4o_mini_field,field_llm_v1,no,,,v2,Synthetic document generated for controlled PII training data.,"[{'type': 'DATE_TIME', 'value': 'the end of Q3 2025', 'confidence': 0.85, 'source': 'presidio', 'start': 871, 'end': 889}, {'type': 'DATE_TIME', 'value': 'two weeks', 'confidence': 0.85, 'source': 'presidio', 'start': 956, 'end': 965}, {'type': 'PERSON', 'value': 'John Doe', 'confidence': 0.85, 'source': 'presidio', 'start': 1022, 'end': 1030}, {'type': 'DATE_TIME', 'value': 'next week', 'confidence': 0.85, 'source': 'presidio', 'start': 1094, 'end': 1103}, {'type': 'PERSON', 'value': 'Sarah Smith', 'confidence': 0.85, 'source': 'presidio', 'start': 1108, 'end': 1119}]",{},"['DATE_TIME', 'PERSON']",[],"['DATE_TIME', 'PERSON']",False,True,False,low_cost_llm,potential_pii_evidence,True,0.00020399999630171806,confident_non_pii,False,True,True,0.046975,46.9747,0.925,0.925,no,no,no,no,no,no,no,no,no,no,no,no,False,20260909_112646,sweep1_ambiguous_bert,local,bert,distilbert-base-multilingual-cased-v1,not_applicable,local_model,bert_prefilter,gdpr_pii_detection
SYN-MEETING_NOTES-0175,synthetic_meeting_notes_0175.txt,meeting_notes,meeting_notes,en,synthetic_generation,,,synthetic,2026-08-28,2026-08-28,2026-08-28,0,"Meeting Notes

Title: IT Department Working Group Meeting - Decision Log
Date: 2024-11-21
Location: IT Department
Participants: Working Group
Contact: Department Contact
Agenda: 1. Review ongoing projects
2. Discuss resource allocation for upcoming tasks
3. Evaluate recent initiatives and their impact
4. Set priorities for the next quarter
Discussion: The meeting focused on the current status of ongoing projects within the IT Department. Participants provided updates on their respective initiatives, highlighting progress and identifying any roadblocks. The group discussed resource allocation, emphasizing the need for additional support on high-priority tasks. Recent initiatives were evaluated, with feedback gathered on their effectiveness and areas for improvement. The consensus was to streamline processes to enhance team collaboration and efficiency.
Decisions: The Working Group decided to allocate additional resources to the cybersecurity project and prioritize the implementation of the new project management tool. It was agreed that regular check-ins would occur bi-weekly to monitor progress.
Action Items: 1. Allocate additional resources for the cybersecurity project - Owner: John Doe
2. Implement the new project management tool by December 15, 2024 - Owner: Sarah Smith
3. Schedule bi-weekly check-ins to track progress - Owner: Emily Johnson",no,no,no,no,no,no,no,no,no,no,no,no,no,,NONE,0,0,easy,no,none,no,train,yes,openrouter_gpt4o_mini_field,field_llm_v1,no,,,v2,Synthetic document generated for controlled PII training data.,"[{'type': 'DATE_TIME', 'value': 'bi-weekly', 'confidence': 0.85, 'source': 'presidio', 'start': 1082, 'end': 1091}, {'type': 'PERSON', 'value': 'John Doe\n2', 'confidence': 0.85, 'source': 'presidio', 'start': 1199, 'end': 1209}, {'type': 'DATE_TIME', 'value': 'December 15, 2024 - Owner', 'confidence': 0.85, 'source': 'presidio', 'start': 1256, 'end': 1281}, {'type': 'PERSON', 'value': 'Sarah Smith', 'confidence': 0.85, 'source': 'presidio', 'start': 1283, 'end': 1294}, {'type': 'DATE_TIME', 'value': 'Schedule bi-weekly', 'confidence': 0.85, 'source': 'presidio', 'start': 1298, 'end': 1316}, {'type': 'PERSON', 'value': 'Emily Johnson', 'confidence': 0.85, 'source': 'presidio', 'start': 1354, 'end': 1367}]",{},"['DATE_TIME', 'PERSON']",[],"['DATE_TIME', 'PERSON']",False,True,False,low_cost_llm,potential_pii_evidence,True,0.0003809999907389283,confident_non_pii,False,True,True,0.046975,46.9747,0.925,0.925,no,no,no,no,no,no,no,no,no,no,no,no,False,20260909_112646,sweep1_ambiguous_bert,local,bert,distilbert-base-multilingual-cased-v1,not_applicable,local_model,bert_prefilter,gdpr_pii_detection
SYN-MEETING_NOTES-0176,synthetic_meeting_notes_0176.txt,meeting_notes,meeting_notes,en,synthetic_generation,,,synthetic,2026-08-28,2026-08-28,2026-08-28,0,"Meeting Notes

Title: Project Kickoff Meeting Notes
Date: 2024-04-06
Location: 990 Lopez Plains, West Steven, KY 56740
Participants: Project Team
Contact: Central Contact Point
Agenda: 1. Introductions
2. Project Overview
3. Timeline Discussion
4. Roles and Responsibilities
5. Next Steps
Discussion: We kicked things off with quick introductions. Everyone shared their roles briefly. The project overview was well-received, and we discussed the key objectives. A focus was placed on the timeline, with milestones highlighted. We also talked about potential challenges and how to address them. Everyone agreed on the importance of clear roles to avoid overlaps.
Decisions: The team decided to stick to a bi-weekly check-in schedule. We agreed that all updates should be sent to the Central Contact Point for tracking. The first milestone review is set for 2024-04-20.
Action Items: 1. Each participant will send their project outline by 2024-04-10.
2. Schedule the next meeting for 2024-04-20 at 990 Lopez Plains, West Steven, KY 56740.
3. Confirm the project management tool to use by 2024-04-08.",yes,no,no,no,yes,no,no,no,no,yes,no,no,no,LOCATION; DATE_TIME,MULTIPLE,2,2,easy,no,none,no,train,yes,openrouter_gpt4o_mini_field,field_llm_v1,no,,,v2,Synthetic document generated for controlled PII training data.,"[{'type': 'DATE_TIME', 'value': '2024-04-06', 'confidence': 0.95, 'source': 'presidio', 'start': 58, 'end': 68}, {'type': 'PERSON', 'value': 'Lopez Plains', 'confidence': 0.85, 'source': 'presidio', 'start': 83, 'end': 95}, {'type': 'LOCATION', 'value': 'West Steven', 'confidence': 0.85, 'source': 'presidio', 'start': 97, 'end': 108}, {'type': 'DATE_TIME', 'value': '2024-04-20', 'confidence': 0.85, 'source': 'presidio', 'start': 856, 'end': 866}, {'type': 'DATE_TIME', 'value': '2024-04-10', 'confidence': 0.85, 'source': 'presidio', 'start': 937, 'end': 947}, {'type': 'DATE_TIME', 'value': '2024-04-20', 'confidence': 0.85, 'source': 'presidio', 'start': 982, 'end': 992}, {'type': 'PERSON', 'value': 'Lopez Plains', 'confidence': 0.85, 'source': 'presidio', 'start': 1000, 'end': 1012}, {'type': 'LOCATION', 'value': 'West Steven', 'confidence': 0.85, 'source': 'presidio', 'start': 1014, 'end': 1025}, {'type': 'DATE_TIME', 'value': '56740', 'confidence': 0.85, 'source': 'presidio', 'start': 1030, 'end': 1035}, {'type': 'DATE_TIME', 'value': '2024-04-08', 'confidence': 0.85, 'source': 'presidio', 'start': 1086, 'end': 1096}]","{""PERSON"": 0.9874, ""LOCATION"": 0.9863, ""DATE_TIME"": 0.9767}","['DATE_TIME', 'LOCATION', 'PERSON']",[],"['DATE_TIME', 'PERSON', 'LOCATION']",False,True,True,low_cost_llm,potential_pii_evidence,True,0.9983180165290833,confident_pii,False,True,True,0.046975,46.9747,0.925,0.925,yes,no,no,yes,no,no,no,no,yes,no,no,no,True,20260909_112646,sweep1_ambiguous_bert,local,bert,distilbert-base-multilingual-cased-v1,not_applicable,local_model,bert_prefilter,gdpr_pii_detection
SYN-MEETING_NOTES-0179,synthetic_meeting_notes_0179.txt,meeting_notes,meeting_notes,en,synthetic_generation,,,synthetic,2026-08-28,2026-08-28,2026-08-28,0,"Meeting Notes

Title: IT Project Status Review Meeting
Date: 2026-04-21
Location: IT Department
Participants: Working Group
Contact: Central Contact Point
Agenda: 1. Review current project status
2. Discuss upcoming milestones
3. Identify risks and issues
4. Assign action items
Discussion: During the meeting, the team reviewed the progress of ongoing IT projects. It was noted that several projects are on track, while a few are facing potential delays due to resource allocation issues. The team discussed upcoming milestones, specifically focusing on the integration of new software tools. Risks associated with data migration were highlighted, and potential mitigation strategies were explored. The participants provided updates on their respective tasks, ensuring that everyone is aligned with the project goals.
Decisions: The working group decided to prioritize the completion of the software integration by the end of Q2 2026. Additionally, it was agreed that a weekly check-in will be established to monitor progress and address any emerging issues promptly.
Action Items: 1. John Smith will prepare a detailed project timeline by April 28, 2026.
2. Sarah Jones will coordinate with the finance department to secure additional resources by April 30, 2026.
3. Alex Brown will draft a risk management plan and circulate it by May 5, 2026.",no,no,no,no,no,no,no,no,no,no,no,no,no,,NONE,0,0,easy,no,none,no,train,yes,openrouter_gpt4o_mini_field,field_llm_v1,no,,,v2,Synthetic document generated for controlled PII training data.,"[{'type': 'DATE_TIME', 'value': 'the end of', 'confidence': 0.85, 'source': 'presidio', 'start': 916, 'end': 926}, {'type': 'DATE_TIME', 'value': 'weekly', 'confidence': 0.85, 'source': 'presidio', 'start': 971, 'end': 977}, {'type': 'PERSON', 'value': 'John Smith', 'confidence': 0.85, 'source': 'presidio', 'start': 1086, 'end': 1096}, {'type': 'DATE_TIME', 'value': 'April 28, 2026', 'confidence': 0.85, 'source': 'presidio', 'start': 1141, 'end': 1155}, {'type': 'PERSON', 'value': 'Sarah Jones', 'confidence': 0.85, 'source': 'presidio', 'start': 1160, 'end': 1171}, {'type': 'DATE_TIME', 'value': 'April 30, 2026', 'confidence': 0.85, 'source': 'presidio', 'start': 1250, 'end': 1264}, {'type': 'PERSON', 'value': 'Alex Brown', 'confidence': 0.85, 'source': 'presidio', 'start': 1269, 'end': 1279}, {'type': 'DATE_TIME', 'value': 'May 5, 2026', 'confidence': 0.85, 'source': 'presidio', 'start': 1334, 'end': 1345}]",{},"['DATE_TIME', 'PERSON']",[],"['DATE_TIME', 'PERSON']",False,True,True,low_cost_llm,potential_pii_evidence,True,0.00021100000594742596,confident_non_pii,False,True,True,0.046975,46.9747,0.925,0.925,no,no,no,no,no,no,no,no,no,no,no,no,False,20260909_112646,sweep1_ambiguous_bert,local,bert,distilbert-base-multilingual-cased-v1,not_applicable,local_model,bert_prefilter,gdpr_pii_detection
SYN-MEETING_NOTES-0184,synthetic_meeting_notes_0184.txt,meeting_notes,meeting_notes,de,synthetic_generation,,,synthetic,2026-08-28,2026-08-28,2026-08-28,0,"Besprechungsnotizen

Titel: Besprechung zur IT-Infrastruktur
Datum: 2025-03-06
Ort: IT-Abteilung
Teilnehmer: Erkan Eberhardt B.Eng.
Kontakt: Serviceteam
Agenda: 2023-11-22
Diskussion: Wir haben die aktuelle IT-Infrastruktur durchgegangen.
- Server-Upgrades benötigt.
- Netzwerksicherheit prüfen.
- Software-Updates anstehen.
- Feedback zu bestehenden Tools sammeln.
Entscheidungen: Wir haben entschieden, die Server-Upgrades bis Ende des Jahres abzuschließen. Netzwerksicherheit hat Priorität und wird nächste Woche verfolgt.
Aufgaben: Erkan Eberhardt B.Eng. wird das Team bezüglich der Server-Upgrades koordinieren. Das Serviceteam soll eine Umfrage zu den bestehenden Tools vorbereiten.",yes,yes,no,no,no,no,no,no,no,yes,no,no,no,PERSON; DATE_TIME,MULTIPLE,2,2,easy,no,none,no,validation,yes,openrouter_gpt4o_mini_field,field_llm_v1,no,,,v2,Synthetic document generated for controlled PII training data.,"[{'type': 'PERSON', 'value': 'Erkan Eberhardt', 'confidence': 0.85, 'source': 'presidio', 'start': 109, 'end': 124}, {'type': 'PERSON', 'value': 'Erkan Eberhardt', 'confidence': 0.85, 'source': 'presidio', 'start': 536, 'end': 551}, {'type': 'DATE_TIME', 'value': '2025-03-06', 'confidence': 0.6, 'source': 'presidio', 'start': 68, 'end': 78}, {'type': 'DATE_TIME', 'value': '2023-11-22', 'confidence': 0.6, 'source': 'presidio', 'start': 161, 'end': 171}]","{""PERSON"": 0.9973, ""DATE_TIME"": 0.9698}","['DATE_TIME', 'PERSON']",[],"['PERSON', 'DATE_TIME']",False,True,False,low_cost_llm,potential_pii_evidence,True,0.9998059868812561,confident_pii,False,True,True,0.046975,46.9747,0.925,0.925,yes,no,no,no,no,no,no,no,yes,no,no,no,True,20260909_112646,sweep1_ambiguous_bert,local,bert,distilbert-base-multilingual-cased-v1,not_applicable,local_model,bert_prefilter,gdpr_pii_detection
SYN-MEETING_NOTES-0195,synthetic_meeting_notes_0195.txt,meeting_notes,meeting_notes,de,synthetic_generation,,,synthetic,2026-08-28,2026-08-28,2026-08-28,0,"Besprechungsnotizen

Titel: Entscheidungen zum Projektzeitplan
Datum: 2024-12-06
Ort: Hauptstandort
Teilnehmer: Projektteam
Kontakt: Zentrale Kontaktstelle
Agenda: Besprechung über den Fortschritt und die nächsten Schritte im Projekt.
Diskussion: Concetta Davids MBA.
Entscheidungen: Der Projektzeitplan wurde um zwei Wochen verlängert, um zusätzliche Ressourcen einzuplanen. Concetta Davids MBA. wird die Koordination der neuen Ressourcen übernehmen.
Aufgaben: 1. Concetta Davids MBA. wird ein aktualisiertes Zeitplan-Dokument bis zum 10. Dezember 2024 erstellen. 2. Alle Teammitglieder sind aufgefordert, ihre Fortschritte bis zum nächsten Meeting zu berichten.",yes,yes,no,no,no,no,no,no,no,no,no,no,no,PERSON,PERSON,1,1,easy,no,none,no,train,yes,openrouter_gpt4o_mini_field,field_llm_v1,no,,,v2,Synthetic document generated for controlled PII training data.,"[{'type': 'PERSON', 'value': 'Concetta Davids', 'confidence': 0.85, 'source': 'presidio', 'start': 247, 'end': 262}, {'type': 'PERSON', 'value': 'Concetta Davids', 'confidence': 0.85, 'source': 'presidio', 'start': 376, 'end': 391}, {'type': 'PERSON', 'value': 'Concetta Davids', 'confidence': 0.85, 'source': 'presidio', 'start': 465, 'end': 480}, {'type': 'DATE_TIME', 'value': '2024-12-06', 'confidence': 0.6, 'source': 'presidio', 'start': 70, 'end': 80}]","{""PERSON"": 0.9967, ""DATE_TIME"": 0.9645}","['DATE_TIME', 'PERSON']",[],"['PERSON', 'DATE_TIME']",False,True,False,low_cost_llm,potential_pii_evidence,True,0.9997090101242065,confident_pii,False,True,True,0.046975,46.9747,0.925,0.925,yes,no,no,no,no,no,no,no,yes,no,no,no,True,20260909_112646,sweep1_ambiguous_bert,local,bert,distilbert-base-multilingual-cased-v1,not_applicable,local_model,bert_prefilter,gdpr_pii_detection
SYN-MEETING_NOTES-0198,synthetic_meeting_notes_0198.txt,meeting_notes,meeting_notes,de,synthetic_generation,,,synthetic,2026-08-28,2026-08-28,2026-08-28,0,"Besprechungsnotizen

Titel: Protokoll der Sitzung zur Projektfortschrittserörterung
Datum: 2026-09-15
Ort: Lagerbereich
Teilnehmer: Projektteam
Kontakt: Prof. Mijo Ullrich B.A.
Agenda: 1. Begrüßung und Feststellung der Beschlussfähigkeit
2. Aktueller Stand des Projekts
3. Herausforderungen und Lösungen
4. Nächste Schritte und Verantwortlichkeiten
5. Sonstiges
Diskussion: Die Sitzung wurde von Prof. Mijo Ullrich B.A. eröffnet, der die Teilnehmer begrüßte und die Beschlussfähigkeit feststellte. Im Anschluss wurde der aktuelle Stand des Projekts erörtert, wobei die Teammitglieder ihre Fortschritte präsentierten. Es wurden verschiedene Herausforderungen identifiziert, darunter Verzögerungen bei der Materialbeschaffung. Vorschläge zur Lösung dieser Probleme wurden intensiv diskutiert. Zudem wurden die nächsten Schritte festgelegt, um den Zeitplan einzuhalten.
Entscheidungen: Es wurde beschlossen, die Materialbeschaffung durch die Zusammenarbeit mit einem neuen Lieferanten zu optimieren. Des Weiteren wurde festgelegt, dass wöchentliche Teammeetings stattfinden werden, um den Fortschritt kontinuierlich zu überwachen.
Aufgaben: 1. Prof. Mijo Ullrich B.A. wird die Kontaktaufnahme mit dem neuen Lieferanten initiieren.
2. Das Projektteam wird wöchentliche Meetings planen und die Agenda jeweils im Voraus festlegen.
3. Jeder Teammitglied wird bis zur nächsten Sitzung einen Bericht über den aktuellen Status der eigenen Aufgaben vorbereiten.",yes,yes,no,no,no,no,no,no,no,no,no,no,no,PERSON,PERSON,1,1,easy,no,none,no,train,yes,openrouter_gpt4o_mini_field,field_llm_v1,no,,,v2,Synthetic document generated for controlled PII training data.,"[{'type': 'PERSON', 'value': 'Mijo Ullrich', 'confidence': 0.85, 'source': 'presidio', 'start': 159, 'end': 171}, {'type': 'PERSON', 'value': 'Mijo Ullrich', 'confidence': 0.85, 'source': 'presidio', 'start': 402, 'end': 414}, {'type': 'PERSON', 'value': 'Mijo Ullrich', 'confidence': 0.85, 'source': 'presidio', 'start': 1147, 'end': 1159}, {'type': 'DATE_TIME', 'value': '2026-09-15', 'confidence': 0.6, 'source': 'presidio', 'start': 91, 'end': 101}]","{""PERSON"": 0.9962, ""DATE_TIME"": 0.9582}","['DATE_TIME', 'PERSON']",[],"['PERSON', 'DATE_TIME']",False,True,False,low_cost_llm,potential_pii_evidence,True,0.9996939897537231,confident_pii,False,True,True,0.046975,46.9747,0.925,0.925,yes,no,no,no,no,no,no,no,yes,no,no,no,True,20260909_112646,sweep1_ambiguous_bert,local,bert,distilbert-base-multilingual-cased-v1,not_applicable,local_model,bert_prefilter,gdpr_pii_detection
SYN-MEETING_NOTES-0199,synthetic_meeting_notes_0199.txt,meeting_notes,meeting_notes,en,synthetic_generation,,,synthetic,2026-08-28,2026-08-28,2026-08-28,0,"Meeting Notes

Title: Q4 Strategy Alignment Meeting
Date: 2025-11-01
Location: Operations Area
Participants: Department Representatives
Contact: Department Contact
Agenda: 1. Review Q3 performance metrics
2. Discuss strategic initiatives for Q4
3. Assign ownership for key projects
4. Define action items and deadlines
Discussion: During the meeting, participants reviewed the Q3 performance metrics and identified areas for improvement. The discussion included insights from various department representatives on how to better align their efforts with overall company goals. Key strategic initiatives for Q4 were proposed, focusing on enhancing operational efficiency and customer engagement. The group emphasized the importance of clear ownership for each initiative to ensure accountability and progress. Each representative contributed their thoughts on potential challenges and opportunities within their departments.
Decisions: The team decided to prioritize three main initiatives for Q4: 1) Implementation of a new customer feedback system, 2) Streamlining the supply chain processes, and 3) Launching a targeted marketing campaign. It was agreed that each initiative would have a designated owner responsible for its execution.
Action Items: 1. John Doe will lead the implementation of the customer feedback system by December 1, 2025.
2. Sarah Smith is tasked with evaluating and proposing improvements to the supply chain processes by November 15, 2025.
3. Mark Johnson is assigned to develop a detailed plan for the marketing campaign by November 30, 2025.",no,no,no,no,no,no,no,no,no,no,no,no,no,,NONE,0,0,easy,no,none,no,train,yes,openrouter_gpt4o_mini_field,field_llm_v1,no,,,v2,Synthetic document generated for controlled PII training data.,"[{'type': 'PERSON', 'value': 'John Doe', 'confidence': 0.85, 'source': 'presidio', 'start': 1254, 'end': 1262}, {'type': 'DATE_TIME', 'value': 'December 1, 2025', 'confidence': 0.85, 'source': 'presidio', 'start': 1327, 'end': 1343}, {'type': 'PERSON', 'value': 'Sarah Smith', 'confidence': 0.85, 'source': 'presidio', 'start': 1348, 'end': 1359}, {'type': 'DATE_TIME', 'value': 'November 15, 2025', 'confidence': 0.85, 'source': 'presidio', 'start': 1446, 'end': 1463}, {'type': 'PERSON', 'value': 'Mark Johnson', 'confidence': 0.85, 'source': 'presidio', 'start': 1468, 'end': 1480}, {'type': 'DATE_TIME', 'value': 'November 30, 2025', 'confidence': 0.85, 'source': 'presidio', 'start': 1550, 'end': 1567}]",{},"['DATE_TIME', 'PERSON']",[],"['PERSON', 'DATE_TIME']",False,True,False,low_cost_llm,potential_pii_evidence,True,0.0002099999983329326,confident_non_pii,False,True,True,0.046975,46.9747,0.925,0.925,no,no,no,no,no,no,no,no,no,no,no,no,False,20260909_112646,sweep1_ambiguous_bert,local,bert,distilbert-base-multilingual-cased-v1,not_applicable,local_model,bert_prefilter,gdpr_pii_detection
SYN-MEETING_NOTES-0202,synthetic_meeting_notes_0202.txt,meeting_notes,meeting_notes,de,synthetic_generation,,,synthetic,2026-08-28,2026-08-28,2026-08-28,0,"Besprechungsnotizen

Titel: Entscheidungen zur Optimierung des Lagerbetriebs
Datum: 2025-01-18
Ort: Lagerbereich
Teilnehmer: Arbeitsgruppe
Kontakt: Zentrale Kontaktstelle
Agenda: 1. Review der aktuellen Lagerprozesse
2. Identifikation von Verbesserungsmöglichkeiten
3. Festlegung von Verantwortlichkeiten
4. Nächste Schritte und To-Dos
Diskussion: Die Arbeitsgruppe hat die aktuellen Lagerprozesse analysiert und festgestellt, dass die Effizienz in mehreren Bereichen verbessert werden kann. Besondere Aufmerksamkeit wurde auf die Lagerbestandsverwaltung gelegt, da hier häufig Verzögerungen auftreten. Es wurde diskutiert, wie die Einführung eines neuen Softwaretools helfen könnte, die Prozesse zu straffen und die Kommunikation zwischen den Teammitgliedern zu verbessern.
Entscheidungen: Es wurde beschlossen, ein neues Lagerverwaltungssystem zu implementieren, um die Effizienz zu steigern. Zudem wurde festgelegt, dass regelmäßige Schulungen für alle Mitarbeiter im Lager durchgeführt werden müssen, um den Umgang mit dem neuen System zu optimieren.
Aufgaben: 1. Verantwortlicher: Max Müller, Auswahl und Beschaffung des neuen Lagerverwaltungssystems bis zum 15. Februar 2025.
2. Verantwortlicher: Sarah Schmidt, Planung und Durchführung der Schulungen bis Ende März 2025.
3. Verantwortlicher: Thomas Becker, Monitoring der ersten Implementierungsphase und Feedback sammeln bis Ende April 2025.",no,no,no,no,no,no,no,no,no,no,no,no,no,,NONE,0,0,easy,no,none,no,train,yes,openrouter_gpt4o_mini_field,field_llm_v1,no,,,v2,Synthetic document generated for controlled PII training data.,"[{'type': 'PERSON', 'value': 'Max Müller', 'confidence': 0.85, 'source': 'presidio', 'start': 1086, 'end': 1096}, {'type': 'PERSON', 'value': 'Sarah Schmidt', 'confidence': 0.85, 'source': 'presidio', 'start': 1203, 'end': 1216}, {'type': 'PERSON', 'value': 'Thomas Becker', 'confidence': 0.85, 'source': 'presidio', 'start': 1299, 'end': 1312}]",{},['PERSON'],[],['PERSON'],False,True,True,low_cost_llm,potential_pii_evidence,True,0.00022400000307243317,confident_non_pii,False,True,True,0.046975,46.9747,0.925,0.925,no,no,no,no,no,no,no,no,no,no,no,no,False,20260909_112646,sweep1_ambiguous_bert,local,bert,distilbert-base-multilingual-cased-v1,not_applicable,local_model,bert_prefilter,gdpr_pii_detection
SYN-MEETING_NOTES-0203,synthetic_meeting_notes_0203.txt,meeting_notes,meeting_notes,en,synthetic_generation,,,synthetic,2026-08-28,2026-08-28,2026-08-28,0,"Meeting Notes

Title: Warehouse Area Optimization Meeting
Date: 2025-12-25
Location: Warehouse Area
Participants: Working Group
Contact: Service Team
Agenda: 1. Review current warehouse operations
2. Discuss areas for improvement
3. Assign action items for next steps
Discussion: The Working Group reviewed current warehouse operations, highlighting the need for improved inventory tracking. Various suggestions were made to enhance efficiency, but the focus remained on prioritizing actionable steps. The Service Team provided insights on technology upgrades that could assist in streamlining processes.
Decisions: The group decided to implement a new inventory management system by Q1 2026 and to schedule a follow-up meeting in January to assess progress.
Action Items: 1. John Smith to research potential inventory management systems by January 10, 2026.
2. Sarah Johnson to prepare a cost analysis for the proposed systems by January 15, 2026.
3. The Service Team to coordinate training sessions for staff on the new system following selection.",no,no,no,no,no,no,no,no,no,no,no,no,no,,NONE,0,0,easy,no,none,no,validation,yes,openrouter_gpt4o_mini_field,field_llm_v1,no,,,v2,Synthetic document generated for controlled PII training data.,"[{'type': 'DATE_TIME', 'value': 'January', 'confidence': 0.85, 'source': 'presidio', 'start': 731, 'end': 738}, {'type': 'PERSON', 'value': 'John Smith', 'confidence': 0.85, 'source': 'presidio', 'start': 776, 'end': 786}, {'type': 'DATE_TIME', 'value': 'January 10, 2026', 'confidence': 0.85, 'source': 'presidio', 'start': 841, 'end': 857}, {'type': 'PERSON', 'value': 'Sarah Johnson', 'confidence': 0.85, 'source': 'presidio', 'start': 862, 'end': 875}, {'type': 'DATE_TIME', 'value': 'January 15, 2026', 'confidence': 0.85, 'source': 'presidio', 'start': 931, 'end': 947}]",{},"['DATE_TIME', 'PERSON']",[],"['DATE_TIME', 'PERSON']",False,True,False,low_cost_llm,potential_pii_evidence,True,0.00023700000019744039,confident_non_pii,False,True,True,0.046975,46.9747,0.925,0.925,no,no,no,no,no,no,no,no,no,no,no,no,False,20260909_112646,sweep1_ambiguous_bert,local,bert,distilbert-base-multilingual-cased-v1,not_applicable,local_model,bert_prefilter,gdpr_pii_detection
SYN-MEETING_NOTES-0207,synthetic_meeting_notes_0207.txt,meeting_notes,meeting_notes,de,synthetic_generation,,,synthetic,2026-08-28,2026-08-28,2026-08-28,0,"Besprechungsnotizen

Titel: Entscheidungen zur Projektumsetzung
Datum: 2025-11-10
Ort: IT-Abteilung
Teilnehmer: Projektteam
Kontakt: Zentrale Kontaktstelle
Agenda: Besprechung der aktuellen Fortschritte und Festlegung weiterer Schritte.
Diskussion: Im Rahmen der Sitzung hat das Projektteam die bisherigen Fortschritte bei der Umsetzung des Projekts bewertet. Es wurden mehrere Herausforderungen identifiziert, darunter Verzögerungen bei der Softwareentwicklung und benötigte Ressourcen für die nächsten Phasen. Die Teilnehmer haben Vorschläge zur Optimierung der Arbeitsabläufe diskutiert, wobei der Schwerpunkt auf der Verbesserung der Kommunikation zwischen den Abteilungen lag.
Entscheidungen: Es wurde beschlossen, die Frist für die nächsten Meilensteine um zwei Wochen zu verlängern, um den Entwicklungsprozess nicht zu behindern. Zudem wurde ein wöchentlicher Statusbericht eingeführt, um die Fortschritte besser überwachen zu können.
Aufgaben: 1. Max Müller wird die aktualisierten Fristen im Projektplan einpflegen. 2. Sarah Schmidt übernimmt die Verantwortung für die Erstellung des ersten wöchentlichen Statusberichts. 3. Das Team wird ein Follow-up-Meeting in einer Woche ansetzen, um den Fortschritt zu überprüfen.",no,no,no,no,no,no,no,no,no,no,no,no,no,,NONE,0,0,easy,no,none,no,test,yes,openrouter_gpt4o_mini_field,field_llm_v1,no,,,v2,Synthetic document generated for controlled PII training data.,"[{'type': 'PERSON', 'value': 'Max Müller', 'confidence': 0.85, 'source': 'presidio', 'start': 955, 'end': 965}, {'type': 'PERSON', 'value': 'Sarah Schmidt', 'confidence': 0.85, 'source': 'presidio', 'start': 1028, 'end': 1041}]",{},['PERSON'],[],['PERSON'],False,True,False,low_cost_llm,potential_pii_evidence,True,0.0002099999983329326,confident_non_pii,False,True,True,0.046975,46.9747,0.925,0.925,no,no,no,no,no,no,no,no,no,no,no,no,False,20260909_112646,sweep1_ambiguous_bert,local,bert,distilbert-base-multilingual-cased-v1,not_applicable,local_model,bert_prefilter,gdpr_pii_detection
SYN-MEETING_NOTES-0214,synthetic_meeting_notes_0214.txt,meeting_notes,meeting_notes,en,synthetic_generation,,,synthetic,2026-08-28,2026-08-28,2026-08-28,0,"Meeting Notes

Title: Weekly Sync - IT Working Group
Date: 2025-08-23
Location: IT Department
Participants: Working Group
Contact: Department Contact
Agenda: 1. Project updates
2. Resource allocation
3. Upcoming deadlines
4. Q&A
Discussion: Discussed current project statuses:
- Team A is on track with the new software rollout.
- Team B facing some delays due to unexpected bugs.
- Resource allocation needs revisiting, especially for Team B.
- Upcoming deadlines are tight; need to prioritize critical tasks.
- Open floor for questions about any ongoing projects.
Decisions: Agreed to reallocate resources to Team B to help with their delays. Established a follow-up check-in for next week to monitor progress.
Action Items: 1. Team A to prepare a demo for next meeting.
2. Team B to submit a revised timeline by Wednesday.
3. All teams to review resource needs and report back.",no,no,no,no,no,no,no,no,no,no,no,no,no,,NONE,0,0,easy,no,none,no,train,yes,openrouter_gpt4o_mini_field,field_llm_v1,no,,,v2,Synthetic document generated for controlled PII training data.,"[{'type': 'PERSON', 'value': 'Team B.\n-', 'confidence': 0.85, 'source': 'presidio', 'start': 436, 'end': 445}]",{},['PERSON'],[],['PERSON'],False,True,False,low_cost_llm,potential_pii_evidence,True,0.0002099999983329326,confident_non_pii,False,True,True,0.046975,46.9747,0.925,0.925,no,no,no,no,no,no,no,no,no,no,no,no,False,20260909_112646,sweep1_ambiguous_bert,local,bert,distilbert-base-multilingual-cased-v1,not_applicable,local_model,bert_prefilter,gdpr_pii_detection
SYN-MEETING_NOTES-0217,synthetic_meeting_notes_0217.txt,meeting_notes,meeting_notes,de,synthetic_generation,,,synthetic,2026-08-28,2026-08-28,2026-08-28,0,"Besprechungsnotizen

Titel: Entscheidungen zur Optimierung des Lagerbetriebs
Datum: 2024-10-17
Ort: Lagerbereich
Teilnehmer: Arbeitsgruppe
Kontakt: Zentrale Kontaktstelle
Agenda: 1. Begrüßung und Einführung
2. Vorstellung der aktuellen Lagerkennzahlen
3. Diskussion über Optimierungsmöglichkeiten
4. Festlegung von Maßnahmen und Verantwortlichkeiten
5. Abschluss und nächste Schritte
Diskussion: Die Teilnehmer haben die aktuellen Lagerkennzahlen analysiert und verschiedene Optimierungsmöglichkeiten erörtert. Es wurden Herausforderungen im Bereich der Bestandsführung identifiziert, die durch den Einsatz neuer Technologien und verbesserte Prozesse angegangen werden können. Die Wichtigkeit der Schulung des Personals wurde ebenfalls hervorgehoben, um eine reibungslose Implementierung der neuen Systeme zu gewährleisten.
Entscheidungen: Es wurde beschlossen, die Implementierung eines neuen Lagerverwaltungssystems zu priorisieren, um die Effizienz zu steigern. Zudem wurde die Schulung des Lagerpersonals als entscheidend angesehen, um die Akzeptanz der neuen Technologien zu fördern.
Aufgaben: 1. Verantwortlicher: Max Müller – Recherche und Auswahl eines geeigneten Lagerverwaltungssystems bis zum 31.10.2024.
2. Verantwortlicher: Anna Schmidt – Entwicklung eines Schulungsplans für das Lagerpersonal bis zum 15.11.2024.",no,no,no,no,no,no,no,no,no,no,no,no,no,,NONE,0,0,easy,no,none,no,test,yes,openrouter_gpt4o_mini_field,field_llm_v1,no,,,v2,Synthetic document generated for controlled PII training data.,"[{'type': 'LOCATION', 'value': 'Lagerpersonals', 'confidence': 0.85, 'source': 'presidio', 'start': 994, 'end': 1008}, {'type': 'PERSON', 'value': 'Max Müller', 'confidence': 0.85, 'source': 'presidio', 'start': 1120, 'end': 1130}, {'type': 'PERSON', 'value': 'Anna Schmidt', 'confidence': 0.85, 'source': 'presidio', 'start': 1237, 'end': 1249}, {'type': 'LOCATION', 'value': 'Lagerpersonal', 'confidence': 0.85, 'source': 'presidio', 'start': 1293, 'end': 1306}, {'type': 'LOCATION', 'value': '15.11.2024.', 'confidence': 0.85, 'source': 'presidio', 'start': 1315, 'end': 1326}, {'type': 'DATE_TIME', 'value': '31.10.2024', 'confidence': 0.6, 'source': 'presidio', 'start': 1204, 'end': 1214}, {'type': 'DATE_TIME', 'value': '15.11.2024', 'confidence': 0.6, 'source': 'presidio', 'start': 1315, 'end': 1325}]",{},"['DATE_TIME', 'LOCATION', 'PERSON']",[],"['LOCATION', 'PERSON', 'DATE_TIME']",False,True,False,low_cost_llm,potential_pii_evidence,True,0.0003480000013951212,confident_non_pii,False,True,True,0.046975,46.9747,0.925,0.925,no,no,no,no,no,no,no,no,no,no,no,no,False,20260909_112646,sweep1_ambiguous_bert,local,bert,distilbert-base-multilingual-cased-v1,not_applicable,local_model,bert_prefilter,gdpr_pii_detection
SYN-MEETING_NOTES-0218,synthetic_meeting_notes_0218.txt,meeting_notes,meeting_notes,en,synthetic_generation,,,synthetic,2026-08-28,2026-08-28,2026-08-28,0,"Meeting Notes

Title: Decision Log for Project Synergy
Date: 2025-10-26
Location: 969 Henry Ranch, Gregorytown, PA 33635
Participants: Working Group
Contact: Central Contact Point
Agenda: 2026-05-18
Discussion: During the meeting held at 969 Henry Ranch, Gregorytown, PA 33635, the Working Group reviewed the progress of Project Synergy. Key topics included the status of the current project phases, resource allocation, and upcoming deadlines. Challenges in the integration of new technologies were highlighted, prompting discussions on potential solutions and adjustments to timelines.
Decisions: The Working Group decided to extend the timeline for Phase 2 by two weeks to allow for thorough testing of the new technologies. Additionally, it was agreed to allocate additional resources to the development team to expedite the integration process.
Action Items: 1. John Doe will update the project timeline and distribute it to all stakeholders by 2026-05-18. 2. Jane Smith will coordinate with the development team to ensure additional resources are allocated effectively. 3. A follow-up meeting will be scheduled for June 1, 2026, to review progress and address any new challenges.",yes,no,no,no,yes,no,no,no,no,yes,no,no,no,LOCATION; DATE_TIME,MULTIPLE,2,2,easy,no,none,no,train,yes,openrouter_gpt4o_mini_field,field_llm_v1,no,,,v2,Synthetic document generated for controlled PII training data.,"[{'type': 'DATE_TIME', 'value': '2025-10-26', 'confidence': 0.95, 'source': 'presidio', 'start': 61, 'end': 71}, {'type': 'DATE_TIME', 'value': '2026-05-18', 'confidence': 0.95, 'source': 'presidio', 'start': 950, 'end': 960}, {'type': 'PERSON', 'value': 'Henry Ranch', 'confidence': 0.85, 'source': 'presidio', 'start': 86, 'end': 97}, {'type': 'LOCATION', 'value': 'Gregorytown', 'confidence': 0.85, 'source': 'presidio', 'start': 99, 'end': 110}, {'type': 'DATE_TIME', 'value': '2026-05-18', 'confidence': 0.85, 'source': 'presidio', 'start': 188, 'end': 198}, {'type': 'PERSON', 'value': 'Henry Ranch', 'confidence': 0.85, 'source': 'presidio', 'start': 242, 'end': 253}, {'type': 'LOCATION', 'value': 'Gregorytown', 'confidence': 0.85, 'source': 'presidio', 'start': 255, 'end': 266}, {'type': 'DATE_TIME', 'value': 'two weeks', 'confidence': 0.85, 'source': 'presidio', 'start': 663, 'end': 672}, {'type': 'PERSON', 'value': 'John Doe', 'confidence': 0.85, 'source': 'presidio', 'start': 867, 'end': 875}, {'type': 'PERSON', 'value': 'Jane Smith', 'confidence': 0.85, 'source': 'presidio', 'start': 965, 'end': 975}, {'type': 'DATE_TIME', 'value': 'June 1, 2026', 'confidence': 0.85, 'source': 'presidio', 'start': 1121, 'end': 1133}]","{""PERSON"": 0.9847, ""LOCATION"": 0.9898, ""DATE_TIME"": 0.9704}","['DATE_TIME', 'LOCATION', 'PERSON']",[],"['DATE_TIME', 'PERSON', 'LOCATION']",False,True,True,low_cost_llm,potential_pii_evidence,True,0.9979230165481567,confident_pii,False,True,True,0.046975,46.9747,0.925,0.925,yes,no,no,yes,no,no,no,no,yes,no,no,no,True,20260909_112646,sweep1_ambiguous_bert,local,bert,distilbert-base-multilingual-cased-v1,not_applicable,local_model,bert_prefilter,gdpr_pii_detection
SYN-MEETING_NOTES-0221,synthetic_meeting_notes_0221.txt,meeting_notes,meeting_notes,en,synthetic_generation,,,synthetic,2026-08-28,2026-08-28,2026-08-28,0,"Meeting Notes

Title: Q3 Operational Review Meeting
Date: 2026-08-15
Location: Operations Area
Participants: Shannon Davis
Contact: Central Contact Point
Agenda: 1. Review of Q2 Performance Metrics
2. Discussion on Operational Challenges
3. Planning for Q3 Initiatives
Discussion: During the meeting, Shannon Davis led a review of the Q2 performance metrics, highlighting areas where targets were either met or exceeded. Challenges such as supply chain disruptions and staffing shortages were discussed in detail, with participants sharing insights on how to improve efficiency. The focus then shifted to planning for Q3 initiatives, emphasizing the need for better resource allocation and enhanced communication among teams.
Decisions: It was decided that a new resource allocation strategy will be implemented for Q3, with Shannon Davis as the owner of this initiative. Additionally, the team agreed to increase the frequency of performance check-ins to monthly instead of quarterly.
Action Items: 1. Shannon Davis to draft a new resource allocation plan by the end of August. 
2. Schedule monthly performance check-in meetings starting in September. 
3. Compile a list of recommended suppliers to mitigate supply chain issues for discussion in the next meeting.",yes,yes,no,no,no,no,no,no,no,no,no,no,no,PERSON,PERSON,1,1,easy,no,none,no,validation,yes,openrouter_gpt4o_mini_field,field_llm_v1,no,,,v2,Synthetic document generated for controlled PII training data.,"[{'type': 'DATE_TIME', 'value': '2026-08-15', 'confidence': 0.95, 'source': 'presidio', 'start': 58, 'end': 68}, {'type': 'PERSON', 'value': 'Shannon Davis', 'confidence': 0.85, 'source': 'presidio', 'start': 109, 'end': 122}, {'type': 'PERSON', 'value': 'Shannon Davis', 'confidence': 0.85, 'source': 'presidio', 'start': 301, 'end': 314}, {'type': 'PERSON', 'value': 'Shannon Davis', 'confidence': 0.85, 'source': 'presidio', 'start': 825, 'end': 838}, {'type': 'DATE_TIME', 'value': 'monthly', 'confidence': 0.85, 'source': 'presidio', 'start': 956, 'end': 963}, {'type': 'DATE_TIME', 'value': 'quarterly', 'confidence': 0.85, 'source': 'presidio', 'start': 975, 'end': 984}, {'type': 'PERSON', 'value': 'Shannon Davis', 'confidence': 0.85, 'source': 'presidio', 'start': 1003, 'end': 1016}, {'type': 'DATE_TIME', 'value': 'the end of August', 'confidence': 0.85, 'source': 'presidio', 'start': 1060, 'end': 1077}, {'type': 'DATE_TIME', 'value': 'monthly', 'confidence': 0.85, 'source': 'presidio', 'start': 1092, 'end': 1099}, {'type': 'DATE_TIME', 'value': 'September', 'confidence': 0.85, 'source': 'presidio', 'start': 1142, 'end': 1151}]","{""PERSON"": 0.9966, ""DATE_TIME"": 0.9755}","['DATE_TIME', 'PERSON']",[],"['DATE_TIME', 'PERSON']",False,True,False,low_cost_llm,potential_pii_evidence,True,0.999671995639801,confident_pii,False,True,True,0.046975,46.9747,0.925,0.925,yes,no,no,no,no,no,no,no,yes,no,no,no,True,20260909_112646,sweep1_ambiguous_bert,local,bert,distilbert-base-multilingual-cased-v1,not_applicable,local_model,bert_prefilter,gdpr_pii_detection
SYN-MEETING_NOTES-0230,synthetic_meeting_notes_0230.txt,meeting_notes,meeting_notes,en,synthetic_generation,,,synthetic,2026-08-28,2026-08-28,2026-08-28,0,"Meeting Notes

Title: April 2025 Working Group Meeting Notes
Date: 2025-04-13
Location: Warehouse Area
Participants: Working Group
Contact: Central Contact Point
Agenda: 1. Review previous action items
2. Discuss inventory management improvements
3. Evaluate vendor performance
4. Plan next steps for the upcoming project
Discussion: The meeting commenced with a review of the previous action items, focusing on the completion status of each. The group engaged in a detailed discussion about inventory management improvements, highlighting the need for better tracking systems. Additionally, the performance of current vendors was evaluated, with some concerns raised about delivery times. Finally, the team discussed the upcoming project timeline and necessary preparations.
Decisions: The group decided to implement a new inventory tracking system by the end of Q2 2025. It was also agreed to schedule a follow-up meeting with underperforming vendors to address delivery issues.
Action Items: 1. [Owner: John Doe] Research and propose new inventory tracking system options by April 30, 2025.
2. [Owner: Sarah Smith] Arrange a meeting with underperforming vendors for May 5, 2025.
3. [Owner: Mike Johnson] Prepare project timeline for the upcoming project by April 25, 2025.",no,no,no,no,no,no,no,no,no,no,no,no,no,,NONE,0,0,easy,no,none,no,train,yes,openrouter_gpt4o_mini_field,field_llm_v1,no,,,v2,Synthetic document generated for controlled PII training data.,"[{'type': 'DATE_TIME', 'value': 'the end of', 'confidence': 0.85, 'source': 'presidio', 'start': 853, 'end': 863}, {'type': 'PERSON', 'value': 'John Doe] Research', 'confidence': 0.85, 'source': 'presidio', 'start': 1006, 'end': 1024}, {'type': 'DATE_TIME', 'value': 'April 30, 2025', 'confidence': 0.85, 'source': 'presidio', 'start': 1078, 'end': 1092}, {'type': 'PERSON', 'value': 'Sarah Smith', 'confidence': 0.85, 'source': 'presidio', 'start': 1105, 'end': 1116}, {'type': 'DATE_TIME', 'value': 'May 5, 2025', 'confidence': 0.85, 'source': 'presidio', 'start': 1169, 'end': 1180}, {'type': 'PERSON', 'value': 'Mike Johnson', 'confidence': 0.85, 'source': 'presidio', 'start': 1193, 'end': 1205}, {'type': 'DATE_TIME', 'value': 'April 25, 2025', 'confidence': 0.85, 'source': 'presidio', 'start': 1260, 'end': 1274}]",{},"['DATE_TIME', 'PERSON']",[],"['DATE_TIME', 'PERSON']",False,True,True,low_cost_llm,potential_pii_evidence,True,0.00021800000104121864,confident_non_pii,False,True,True,0.046975,46.9747,0.925,0.925,no,no,no,no,no,no,no,no,no,no,no,no,False,20260909_112646,sweep1_ambiguous_bert,local,bert,distilbert-base-multilingual-cased-v1,not_applicable,local_model,bert_prefilter,gdpr_pii_detection
SYN-MEETING_NOTES-0232,synthetic_meeting_notes_0232.txt,meeting_notes,meeting_notes,de,synthetic_generation,,,synthetic,2026-08-28,2026-08-28,2026-08-28,0,"Besprechungsnotizen

Titel: Protokoll der Abteilungsbesprechung vom 15. April 2027
Datum: 2027-04-15
Ort: Lagerbereich
Teilnehmer: Abteilungsvertretungen
Kontakt: Abteilungskontakt
Agenda: 1. Begrüßung und Feststellung der Beschlussfähigkeit
2. Genehmigung des letzten Protokolls
3. Aktuelle Themen im Lagerbereich
4. Maßnahmen zur Effizienzsteigerung
5. Verschiedenes
Diskussion: Die Sitzung wurde um 10:00 Uhr von der Vorsitzenden eröffnet. Nach der Feststellung der Beschlussfähigkeit wurde das Protokoll der letzten Sitzung genehmigt. Im Rahmen des Punktes zu aktuellen Themen im Lagerbereich wurde die Notwendigkeit einer Überprüfung der Lagerbestände angesprochen, um Engpässe zu vermeiden. Des Weiteren wurde diskutiert, wie die Effizienz im Lagerbereich durch optimierte Arbeitsabläufe gesteigert werden kann. Verschiedene Vorschläge zur Implementierung von neuen Softwarelösungen wurden vorgestellt und deren Vor- und Nachteile erörtert.
Entscheidungen: Es wurde beschlossen, eine Arbeitsgruppe zu bilden, die bis zur nächsten Sitzung konkrete Vorschläge zur Effizienzsteigerung im Lagerbereich ausarbeiten soll. Darüber hinaus wurde die Überprüfung der Lagerbestände bis Ende April 2027 als dringlich eingestuft.
Aufgaben: 1. Bildung einer Arbeitsgruppe zur Effizienzsteigerung, verantwortlich: Herr Müller, bis zum 30. April 2027.
2. Durchführung der Lagerbestandsüberprüfung, verantwortlich: Frau Schmidt, bis zum 28. April 2027.",no,no,no,no,no,no,no,no,no,no,no,no,no,,NONE,0,0,easy,no,none,no,test,yes,openrouter_gpt4o_mini_field,field_llm_v1,no,,,v2,Synthetic document generated for controlled PII training data.,"[{'type': 'PERSON', 'value': 'Herr Müller', 'confidence': 0.85, 'source': 'presidio', 'start': 1305, 'end': 1316}, {'type': 'PERSON', 'value': 'Frau Schmidt', 'confidence': 0.85, 'source': 'presidio', 'start': 1404, 'end': 1416}]",{},['PERSON'],[],['PERSON'],False,True,True,low_cost_llm,potential_pii_evidence,True,0.000615999975707382,confident_non_pii,False,True,True,0.046975,46.9747,0.925,0.925,no,no,no,no,no,no,no,no,no,no,no,no,False,20260909_112646,sweep1_ambiguous_bert,local,bert,distilbert-base-multilingual-cased-v1,not_applicable,local_model,bert_prefilter,gdpr_pii_detection
SYN-MEETING_NOTES-0234,synthetic_meeting_notes_0234.txt,meeting_notes,meeting_notes,de,synthetic_generation,,,synthetic,2026-08-28,2026-08-28,2026-08-28,0,"Besprechungsnotizen

Titel: Entscheidungen zur Projektumsetzung 2027
Datum: 2027-01-14
Ort: Betriebsbereich
Teilnehmer: Arbeitsgruppe
Kontakt: Zentrale Kontaktstelle
Agenda: 1. Statusupdate der aktuellen Projekte
2. Diskussion über Ressourcenverteilung
3. Entscheidungen zu neuen Initiativen
4. Festlegung von Verantwortlichkeiten
Diskussion: Die Arbeitsgruppe hat den aktuellen Stand der Projekte besprochen, insbesondere die Fortschritte bei der Einführung neuer Softwarelösungen. Dabei wurde auch die Notwendigkeit einer genaueren Ressourcenplanung hervorgehoben, um Engpässe zu vermeiden. Es wurden verschiedene Vorschläge für neue Initiativen diskutiert, die das Ziel haben, die Effizienz der Betriebsabläufe zu steigern.
Entscheidungen: Es wurde beschlossen, die Priorität auf die Entwicklung der neuen Softwarelösung zu legen. Außerdem wurde entschieden, dass die Ressourcen für das nächste Quartal angepasst werden müssen, um die Projektziele zu erreichen.
Aufgaben: 1. Max Mustermann wird die Ressourcenplanung bis zum 31. Januar 2027 aktualisieren.
2. Die Arbeitsgruppe wird bis zum 15. Februar 2027 Vorschläge für neue Initiativen einreichen.
3. Ein Follow-up Meeting wird für den 28. Februar 2027 angesetzt.",no,no,no,no,no,no,no,no,no,no,no,no,no,,NONE,0,0,easy,no,none,no,validation,yes,openrouter_gpt4o_mini_field,field_llm_v1,no,,,v2,Synthetic document generated for controlled PII training data.,"[{'type': 'PERSON', 'value': 'Max Mustermann', 'confidence': 0.85, 'source': 'presidio', 'start': 978, 'end': 992}]",{},['PERSON'],[],['PERSON'],False,True,False,low_cost_llm,potential_pii_evidence,True,0.00022200000239536166,confident_non_pii,False,True,True,0.046975,46.9747,0.925,0.925,no,no,no,no,no,no,no,no,no,no,no,no,False,20260909_112646,sweep1_ambiguous_bert,local,bert,distilbert-base-multilingual-cased-v1,not_applicable,local_model,bert_prefilter,gdpr_pii_detection
SYN-MEETING_NOTES-0235,synthetic_meeting_notes_0235.txt,meeting_notes,meeting_notes,de,synthetic_generation,,,synthetic,2026-08-28,2026-08-28,2026-08-28,0,"Besprechungsnotizen

Titel: Entscheidungen zur Projektpriorisierung
Datum: 2027-01-03
Ort: Hauptstandort
Teilnehmer: Arbeitsgruppe
Kontakt: Serviceteam
Agenda: Diskussion über die Priorisierung aktueller Projekte und Zuweisung von Verantwortlichkeiten.
Diskussion: Im Laufe der Sitzung wurden verschiedene Projekte besprochen, darunter das Marketingprojekt und die Softwareentwicklung. Die Teilnehmer kamen überein, dass einige Projekte Vorrang haben sollten, um die Effizienz zu steigern. Zudem wurde die Notwendigkeit betont, klare Verantwortlichkeiten festzulegen, um Verzögerungen zu vermeiden.
Entscheidungen: Die folgenden Projekte wurden priorisiert: 1. Marketingprojekt (Owner: Max Müller), 2. Softwareentwicklung (Owner: Anna Schmidt).
Aufgaben: Max Müller wird bis zum 10. Januar einen detaillierten Plan für das Marketingprojekt erstellen. Anna Schmidt wird bis zum 15. Januar ein Update zur Softwareentwicklung bereitstellen.",no,no,no,no,no,no,no,no,no,no,no,no,no,,NONE,0,0,easy,no,none,no,train,yes,openrouter_gpt4o_mini_field,field_llm_v1,no,,,v2,Synthetic document generated for controlled PII training data.,"[{'type': 'PERSON', 'value': 'Max Müller', 'confidence': 0.85, 'source': 'presidio', 'start': 686, 'end': 696}, {'type': 'PERSON', 'value': 'Anna Schmidt', 'confidence': 0.85, 'source': 'presidio', 'start': 730, 'end': 742}, {'type': 'PERSON', 'value': 'Max Müller', 'confidence': 0.85, 'source': 'presidio', 'start': 755, 'end': 765}, {'type': 'PERSON', 'value': 'Anna Schmidt', 'confidence': 0.85, 'source': 'presidio', 'start': 851, 'end': 863}]",{},['PERSON'],[],['PERSON'],False,True,False,low_cost_llm,potential_pii_evidence,True,0.00023299999884329736,confident_non_pii,False,True,True,0.046975,46.9747,0.925,0.925,no,no,no,no,no,no,no,no,no,no,no,no,False,20260909_112646,sweep1_ambiguous_bert,local,bert,distilbert-base-multilingual-cased-v1,not_applicable,local_model,bert_prefilter,gdpr_pii_detection
SYN-MEETING_NOTES-0241,synthetic_meeting_notes_0241.txt,meeting_notes,meeting_notes,en,synthetic_generation,,,synthetic,2026-08-28,2026-08-28,2026-08-28,0,"Meeting Notes

Title: IT Department Weekly Sync
Date: 2027-05-02
Location: IT Department
Participants: Department Representatives
Contact: Department Contact
Agenda: 1. Project Updates
2. Resource Allocation
3. Upcoming Deadlines
4. Team Challenges
Discussion: We kicked off with quick updates on ongoing projects:
- Team A is on track with the new software rollout.
- Team B reported some delays due to resource constraints.
- Discussed upcoming deadlines for the end of the quarter and noted the need for extra support.
- Addressed challenges in communication between teams; suggested using a shared platform for better collaboration.
Decisions: Agreed to reallocate one developer from Team C to assist Team B temporarily. 
Decided to implement a weekly check-in for all teams to enhance communication.
Action Items: 1. Team A to prepare a report on software rollout progress by next meeting.
2. Team B to outline specific resource needs by Friday.
3. Set up a shared platform for team communication by next week.",no,no,no,no,no,no,no,no,no,no,no,no,no,,NONE,0,0,easy,no,none,no,train,yes,openrouter_gpt4o_mini_field,field_llm_v1,no,,,v2,Synthetic document generated for controlled PII training data.,"[{'type': 'DATE_TIME', 'value': '2027-05-02', 'confidence': 0.95, 'source': 'presidio', 'start': 54, 'end': 64}, {'type': 'PERSON', 'value': 'Weekly Sync', 'confidence': 0.85, 'source': 'presidio', 'start': 36, 'end': 47}]",{},"['DATE_TIME', 'PERSON']",[],"['DATE_TIME', 'PERSON']",False,True,False,low_cost_llm,potential_pii_evidence,True,0.00020799999765586108,confident_non_pii,False,True,True,0.046975,46.9747,0.925,0.925,no,no,no,no,no,no,no,no,no,no,no,no,False,20260909_112646,sweep1_ambiguous_bert,local,bert,distilbert-base-multilingual-cased-v1,not_applicable,local_model,bert_prefilter,gdpr_pii_detection
SYN-MEETING_NOTES-0245,synthetic_meeting_notes_0245.txt,meeting_notes,meeting_notes,en,synthetic_generation,,,synthetic,2026-08-28,2026-08-28,2026-08-28,0,"Meeting Notes

Title: Warehouse Operations Review Meeting
Date: 2024-12-12
Location: Warehouse Area
Participants: Robert Hill
Contact: Department Contact
Agenda: 1. Review current inventory levels
2. Discuss upcoming shipments
3. Evaluate staffing needs
4. Plan for the upcoming quarter
Discussion: During the meeting, Robert Hill presented an overview of the current inventory levels, highlighting a significant decrease in stock for high-demand items. The team discussed the implications of upcoming shipments, noting potential delays due to vendor issues. Staffing needs were evaluated, with emphasis on the upcoming holiday season, where increased manpower may be necessary. The discussion also touched upon strategies for improving warehouse efficiency and reducing operational costs as we approach the new quarter.
Decisions: It was decided to increase staffing by 20% during the holiday peak season. Additionally, a follow-up review of vendor performance will be conducted next month to address shipment delays.
Action Items: 1. Robert Hill to coordinate with HR for additional staffing.
2. Schedule a vendor performance review meeting for January.
3. Prepare a detailed report on inventory turnover rates for next meeting.",yes,yes,no,no,no,no,no,no,no,no,no,no,no,PERSON,PERSON,1,1,easy,no,none,no,train,yes,openrouter_gpt4o_mini_field,field_llm_v1,no,,,v2,Synthetic document generated for controlled PII training data.,"[{'type': 'DATE_TIME', 'value': '2024-12-12', 'confidence': 0.95, 'source': 'presidio', 'start': 64, 'end': 74}, {'type': 'PERSON', 'value': 'Robert Hill\nContact', 'confidence': 0.85, 'source': 'presidio', 'start': 114, 'end': 133}, {'type': 'DATE_TIME', 'value': 'the upcoming quarter', 'confidence': 0.85, 'source': 'presidio', 'start': 266, 'end': 286}, {'type': 'PERSON', 'value': 'Robert Hill', 'confidence': 0.85, 'source': 'presidio', 'start': 319, 'end': 330}, {'type': 'DATE_TIME', 'value': 'the holiday peak season', 'confidence': 0.85, 'source': 'presidio', 'start': 882, 'end': 905}, {'type': 'DATE_TIME', 'value': 'next month', 'confidence': 0.85, 'source': 'presidio', 'start': 980, 'end': 990}, {'type': 'PERSON', 'value': 'Robert Hill', 'confidence': 0.85, 'source': 'presidio', 'start': 1036, 'end': 1047}, {'type': 'DATE_TIME', 'value': 'January', 'confidence': 0.85, 'source': 'presidio', 'start': 1147, 'end': 1154}]","{""PERSON"": 0.9954, ""DATE_TIME"": 0.9778}","['DATE_TIME', 'PERSON']",[],"['DATE_TIME', 'PERSON']",False,True,True,low_cost_llm,potential_pii_evidence,True,0.9995620250701904,confident_pii,False,True,True,0.046975,46.9747,0.925,0.925,yes,no,no,no,no,no,no,no,yes,no,no,no,True,20260909_112646,sweep1_ambiguous_bert,local,bert,distilbert-base-multilingual-cased-v1,not_applicable,local_model,bert_prefilter,gdpr_pii_detection
SYN-MEETING_NOTES-0249,synthetic_meeting_notes_0249.txt,meeting_notes,meeting_notes,en,synthetic_generation,,,synthetic,2026-08-28,2026-08-28,2026-08-28,0,"Meeting Notes

Title: Decision Log from Project Team Meeting
Date: 2027-06-07
Location: IT Department
Participants: Project Team
Contact: Department Contact
Agenda: Review project progress, address challenges, and define next steps.
Discussion: The meeting started with an overview of the current project status. Team members shared updates on their respective tasks and highlighted challenges faced. Key points included the need for improved communication between departments and the importance of adhering to the project timeline. The team discussed potential resource allocations to address delays and proposed solutions for upcoming milestones.
Decisions: It was decided that the team will implement bi-weekly check-ins to ensure better alignment on project tasks. Additionally, a dedicated communication channel will be established for quick updates and issue resolution. The team agreed to prioritize task completion by the end of the month.
Action Items: 1. [Owner: John Doe] to set up the bi-weekly check-in schedule by June 10. 2. [Owner: Sarah Smith] to create the dedicated communication channel by June 12. 3. [Owner: Mike Johnson] to compile a report on current resource needs by June 15.",no,no,no,no,no,no,no,no,no,no,no,no,no,,NONE,0,0,easy,no,none,no,validation,yes,openrouter_gpt4o_mini_field,field_llm_v1,no,,,v2,Synthetic document generated for controlled PII training data.,"[{'type': 'DATE_TIME', 'value': 'the end of the month', 'confidence': 0.85, 'source': 'presidio', 'start': 926, 'end': 946}, {'type': 'PERSON', 'value': 'John Doe', 'confidence': 0.85, 'source': 'presidio', 'start': 973, 'end': 981}, {'type': 'DATE_TIME', 'value': 'the bi-weekly', 'confidence': 0.85, 'source': 'presidio', 'start': 993, 'end': 1006}, {'type': 'DATE_TIME', 'value': 'June 10.', 'confidence': 0.85, 'source': 'presidio', 'start': 1028, 'end': 1036}, {'type': 'PERSON', 'value': 'Sarah Smith', 'confidence': 0.85, 'source': 'presidio', 'start': 1048, 'end': 1059}, {'type': 'DATE_TIME', 'value': 'June 12', 'confidence': 0.85, 'source': 'presidio', 'start': 1110, 'end': 1117}, {'type': 'PERSON', 'value': 'Mike Johnson', 'confidence': 0.85, 'source': 'presidio', 'start': 1130, 'end': 1142}, {'type': 'DATE_TIME', 'value': 'June 15', 'confidence': 0.85, 'source': 'presidio', 'start': 1193, 'end': 1200}]",{},"['DATE_TIME', 'PERSON']",[],"['DATE_TIME', 'PERSON']",False,True,True,low_cost_llm,potential_pii_evidence,True,0.000742000003810972,confident_non_pii,False,True,True,0.046975,46.9747,0.925,0.925,no,no,no,no,no,no,no,no,no,no,no,no,False,20260909_112646,sweep1_ambiguous_bert,local,bert,distilbert-base-multilingual-cased-v1,not_applicable,local_model,bert_prefilter,gdpr_pii_detection
SYN-MEETING_NOTES-0250,synthetic_meeting_notes_0250.txt,meeting_notes,meeting_notes,en,synthetic_generation,,,synthetic,2026-08-28,2026-08-28,2026-08-28,0,"Meeting Notes

Title: Weekly Project Sync
Date: 2026-09-27
Location: Operations Area
Participants: Project Team
Contact: Service Team
Agenda: 1. Project updates
2. Roadblocks discussion
3. Next steps planning
Discussion: We reviewed the current status of tasks assigned:
- Task A is on track for completion next week.
- Task B is facing delays due to resource constraints.
- Team discussed potential solutions for Task B.
- Suggestions included reallocating resources and adjusting timelines.
- Highlights from the last sprint were shared, with positive feedback on deliverables.
Decisions: Decided to prioritize resources for Task B to mitigate delays. Agreed on a revised timeline for Task A, pushing the deadline by two days.
Action Items: 1. Service Team to assess resource allocation for Task B by next meeting.
2. Project Team to update timelines in project management tool.
3. Schedule follow-up meeting to review progress on action items.",no,no,no,no,no,no,no,no,no,no,no,no,no,,NONE,0,0,easy,no,none,no,train,yes,openrouter_gpt4o_mini_field,field_llm_v1,no,,,v2,Synthetic document generated for controlled PII training data.,"[{'type': 'DATE_TIME', 'value': 'next week', 'confidence': 0.85, 'source': 'presidio', 'start': 307, 'end': 316}, {'type': 'PERSON', 'value': 'Task B.', 'confidence': 0.85, 'source': 'presidio', 'start': 414, 'end': 421}]",{},"['DATE_TIME', 'PERSON']",[],"['DATE_TIME', 'PERSON']",False,True,False,low_cost_llm,potential_pii_evidence,True,0.00021399999968707561,confident_non_pii,False,True,True,0.046975,46.9747,0.925,0.925,no,no,no,no,no,no,no,no,no,no,no,no,False,20260909_112646,sweep1_ambiguous_bert,local,bert,distilbert-base-multilingual-cased-v1,not_applicable,local_model,bert_prefilter,gdpr_pii_detection
SYN-PASSPORT_RECORD-0043,synthetic_passport_record_0043.txt,identity_record,passport_record,de,synthetic_generation,,,synthetic,2026-08-28,2026-08-28,2026-08-28,0,"Identitätsprüfung

Inhaber: Dorothee Mälzer B.A.
Passnummer: Dokumentennummer nicht angegeben
Nationalität: Angabe zur Nationalität nicht verfügbar
Geburtsdatum: 2024-05-19
Ausstellungsdatum: 2026-08-28
Ablaufdatum: 2036-08-25
Prüfstatus: Ausstehend",yes,yes,no,no,no,no,no,no,no,yes,no,no,no,PERSON; DATE_TIME,MULTIPLE,2,2,easy,no,none,no,train,yes,faker_archetype_v1,template_v1,no,,,v2,Synthetic document generated for controlled PII training data.,"[{'type': 'PERSON', 'value': 'Dorothee Mälzer', 'confidence': 0.85, 'source': 'presidio', 'start': 28, 'end': 43}, {'type': 'DATE_TIME', 'value': '2024-05-19', 'confidence': 0.6, 'source': 'presidio', 'start': 162, 'end': 172}, {'type': 'DATE_TIME', 'value': '2026-08-28', 'confidence': 0.6, 'source': 'presidio', 'start': 192, 'end': 202}, {'type': 'DATE_TIME', 'value': '2036-08-25', 'confidence': 0.6, 'source': 'presidio', 'start': 216, 'end': 226}]","{""PERSON"": 0.9981, ""DATE_TIME"": 0.9794}","['DATE_TIME', 'PERSON']",[],"['PERSON', 'DATE_TIME']",False,True,True,low_cost_llm,potential_pii_evidence,True,0.9998260140419006,confident_pii,False,True,True,0.046975,46.9747,0.925,0.925,yes,no,no,no,no,no,no,no,yes,no,no,no,True,20260909_112646,sweep1_ambiguous_bert,local,bert,distilbert-base-multilingual-cased-v1,not_applicable,local_model,bert_prefilter,gdpr_pii_detection
SYN-PASSPORT_RECORD-0096,synthetic_passport_record_0096.txt,identity_record,passport_record,de,synthetic_generation,,,synthetic,2026-08-28,2026-08-28,2026-08-28,0,"Identitätsprüfung

Inhaber: Franz-Xaver Köhler
Passnummer: Dokumentennummer nicht angegeben
Nationalität: Angabe zur Nationalität nicht verfügbar
Geburtsdatum: 2024-02-18
Ausstellungsdatum: 2026-08-28
Ablaufdatum: 2036-08-25
Prüfstatus: Prüfung erforderlich",yes,yes,no,no,no,no,no,no,no,yes,no,no,no,PERSON; DATE_TIME,MULTIPLE,2,2,easy,no,none,no,train,yes,faker_archetype_v1,template_v1,no,,,v2,Synthetic document generated for controlled PII training data.,"[{'type': 'PERSON', 'value': 'Franz-Xaver Köhler', 'confidence': 0.85, 'source': 'presidio', 'start': 28, 'end': 46}, {'type': 'DATE_TIME', 'value': '2024-02-18', 'confidence': 0.6, 'source': 'presidio', 'start': 160, 'end': 170}, {'type': 'DATE_TIME', 'value': '2026-08-28', 'confidence': 0.6, 'source': 'presidio', 'start': 190, 'end': 200}, {'type': 'DATE_TIME', 'value': '2036-08-25', 'confidence': 0.6, 'source': 'presidio', 'start': 214, 'end': 224}]","{""PERSON"": 0.9983, ""DATE_TIME"": 0.9655}","['DATE_TIME', 'PERSON']",[],"['PERSON', 'DATE_TIME']",False,True,True,low_cost_llm,potential_pii_evidence,True,0.9998639822006226,confident_pii,False,True,True,0.046975,46.9747,0.925,0.925,yes,no,no,no,no,no,no,no,yes,no,no,no,True,20260909_112646,sweep1_ambiguous_bert,local,bert,distilbert-base-multilingual-cased-v1,not_applicable,local_model,bert_prefilter,gdpr_pii_detection
SYN-PASSPORT_RECORD-0118,synthetic_passport_record_0118.txt,identity_record,passport_record,en,synthetic_generation,,,synthetic,2026-08-28,2026-08-28,2026-08-28,0,"Passport Record

Holder: Thomas Garrett
Passport Number: Document number not provided
Nationality: Nationality information unavailable
Date Of Birth: 2025-08-23
Issue Date: 2026-08-28
Expiry Date: 2036-08-25
Verification Status: Verified",yes,yes,no,no,no,no,no,no,no,yes,no,no,no,PERSON; DATE_TIME,MULTIPLE,2,2,easy,no,none,no,train,yes,faker_archetype_v1,template_v1,no,,,v2,Synthetic document generated for controlled PII training data.,"[{'type': 'DATE_TIME', 'value': '2025-08-23', 'confidence': 0.95, 'source': 'presidio', 'start': 150, 'end': 160}, {'type': 'DATE_TIME', 'value': '2026-08-28', 'confidence': 0.95, 'source': 'presidio', 'start': 173, 'end': 183}, {'type': 'DATE_TIME', 'value': '2036-08-25', 'confidence': 0.95, 'source': 'presidio', 'start': 197, 'end': 207}, {'type': 'PERSON', 'value': 'Thomas Garrett\nPassport', 'confidence': 0.85, 'source': 'presidio', 'start': 25, 'end': 48}]","{""PERSON"": 0.9982, ""DATE_TIME"": 0.9843}","['DATE_TIME', 'PERSON']",[],"['DATE_TIME', 'PERSON']",False,True,True,low_cost_llm,potential_pii_evidence,True,0.9998480081558228,confident_pii,False,True,True,0.046975,46.9747,0.925,0.925,yes,no,no,no,no,no,no,no,yes,no,no,no,True,20260909_112646,sweep1_ambiguous_bert,local,bert,distilbert-base-multilingual-cased-v1,not_applicable,local_model,bert_prefilter,gdpr_pii_detection
SYN-PASSPORT_RECORD-0143,synthetic_passport_record_0143.txt,identity_record,passport_record,de,synthetic_generation,,,synthetic,2026-08-28,2026-08-28,2026-08-28,0,"Identitätsprüfung

Inhaber: Xaver Hörle
Passnummer: Dokumentennummer nicht angegeben
Nationalität: Nationalität nicht angegeben
Geburtsdatum: 1963-10-16
Ausstellungsdatum: 2015-05-16
Ablaufdatum: 2025-05-13
Prüfstatus: Prüfung erforderlich",yes,yes,no,no,no,no,no,no,no,yes,no,no,no,PERSON; DATE_TIME,MULTIPLE,2,2,easy,no,none,no,validation,yes,faker_archetype_v1,template_v1,no,,,v2,Synthetic document generated for controlled PII training data.,"[{'type': 'PERSON', 'value': 'Xaver Hörle', 'confidence': 0.85, 'source': 'presidio', 'start': 28, 'end': 39}, {'type': 'DATE_TIME', 'value': '1963-10-16', 'confidence': 0.6, 'source': 'presidio', 'start': 142, 'end': 152}, {'type': 'DATE_TIME', 'value': '2015-05-16', 'confidence': 0.6, 'source': 'presidio', 'start': 172, 'end': 182}, {'type': 'DATE_TIME', 'value': '2025-05-13', 'confidence': 0.6, 'source': 'presidio', 'start': 196, 'end': 206}]","{""PERSON"": 0.9986, ""DATE_TIME"": 0.9646}","['DATE_TIME', 'PERSON']",[],"['PERSON', 'DATE_TIME']",False,True,True,low_cost_llm,potential_pii_evidence,True,0.9998909831047058,confident_pii,False,True,True,0.046975,46.9747,0.925,0.925,yes,no,no,no,no,no,no,no,yes,no,no,no,True,20260909_112646,sweep1_ambiguous_bert,local,bert,distilbert-base-multilingual-cased-v1,not_applicable,local_model,bert_prefilter,gdpr_pii_detection
SYN-PASSPORT_RECORD-0160,synthetic_passport_record_0160.txt,identity_record,passport_record,en,synthetic_generation,,,synthetic,2026-08-28,2026-08-28,2026-08-28,0,"Passport Record

Holder: Michael Ramirez
Passport Number: Document number not provided
Nationality: Nationality not provided
Date Of Birth: 2025-08-08
Issue Date: 2026-08-28
Expiry Date: 2036-08-25
Verification Status: Pending",yes,yes,no,no,no,no,no,no,no,yes,no,no,no,PERSON; DATE_TIME,MULTIPLE,2,2,easy,no,none,no,train,yes,faker_archetype_v1,template_v1,no,,,v2,Synthetic document generated for controlled PII training data.,"[{'type': 'DATE_TIME', 'value': '2025-08-08', 'confidence': 0.95, 'source': 'presidio', 'start': 140, 'end': 150}, {'type': 'DATE_TIME', 'value': '2026-08-28', 'confidence': 0.95, 'source': 'presidio', 'start': 163, 'end': 173}, {'type': 'DATE_TIME', 'value': '2036-08-25', 'confidence': 0.95, 'source': 'presidio', 'start': 187, 'end': 197}, {'type': 'PERSON', 'value': 'Michael Ramirez\nPassport', 'confidence': 0.85, 'source': 'presidio', 'start': 25, 'end': 49}]","{""PERSON"": 0.9985, ""DATE_TIME"": 0.9826}","['DATE_TIME', 'PERSON']",[],"['DATE_TIME', 'PERSON']",False,True,True,low_cost_llm,potential_pii_evidence,True,0.9998800158500671,confident_pii,False,True,True,0.046975,46.9747,0.925,0.925,yes,no,no,no,no,no,no,no,yes,no,no,no,True,20260909_112646,sweep1_ambiguous_bert,local,bert,distilbert-base-multilingual-cased-v1,not_applicable,local_model,bert_prefilter,gdpr_pii_detection
SYN-PASSPORT_RECORD-0181,synthetic_passport_record_0181.txt,identity_record,passport_record,en,synthetic_generation,,,synthetic,2026-08-28,2026-08-28,2026-08-28,0,"Passport Record

Holder: Diane Fox MD
Passport Number: Document number not provided
Nationality: Nationality information unavailable
Date Of Birth: 1991-06-16
Issue Date: 2013-10-28
Expiry Date: 2023-10-26
Verification Status: Review Required",yes,yes,no,no,no,no,no,no,no,yes,no,no,no,PERSON; DATE_TIME,MULTIPLE,2,2,easy,no,none,no,train,yes,faker_archetype_v1,template_v1,no,,,v2,Synthetic document generated for controlled PII training data.,"[{'type': 'DATE_TIME', 'value': '1991-06-16', 'confidence': 0.95, 'source': 'presidio', 'start': 148, 'end': 158}, {'type': 'DATE_TIME', 'value': '2013-10-28', 'confidence': 0.95, 'source': 'presidio', 'start': 171, 'end': 181}, {'type': 'DATE_TIME', 'value': '2023-10-26', 'confidence': 0.95, 'source': 'presidio', 'start': 195, 'end': 205}, {'type': 'PERSON', 'value': 'Diane Fox MD', 'confidence': 0.85, 'source': 'presidio', 'start': 25, 'end': 37}]","{""PERSON"": 0.9984, ""DATE_TIME"": 0.9852}","['DATE_TIME', 'PERSON']",[],"['DATE_TIME', 'PERSON']",False,True,True,low_cost_llm,potential_pii_evidence,True,0.999862015247345,confident_pii,False,True,True,0.046975,46.9747,0.925,0.925,yes,no,no,no,no,no,no,no,yes,no,no,no,True,20260909_112646,sweep1_ambiguous_bert,local,bert,distilbert-base-multilingual-cased-v1,not_applicable,local_model,bert_prefilter,gdpr_pii_detection
SYN-PASSPORT_RECORD-0199,synthetic_passport_record_0199.txt,identity_record,passport_record,de,synthetic_generation,,,synthetic,2026-08-28,2026-08-28,2026-08-28,0,"Identitätsprüfung

Inhaber: Walter Kensy-Schönland
Passnummer: Dokumentennummer nicht verfügbar
Nationalität: Nationalität nicht angegeben
Geburtsdatum: 2024-03-23
Ausstellungsdatum: 2026-08-28
Ablaufdatum: 2036-08-25
Prüfstatus: Ausstehend",yes,yes,no,no,no,no,no,no,no,yes,no,no,no,PERSON; DATE_TIME,MULTIPLE,2,2,easy,no,none,no,test,yes,faker_archetype_v1,template_v1,no,,,v2,Synthetic document generated for controlled PII training data.,"[{'type': 'PERSON', 'value': 'Walter Kensy-Schönland', 'confidence': 0.85, 'source': 'presidio', 'start': 28, 'end': 50}, {'type': 'DATE_TIME', 'value': '2024-03-23', 'confidence': 0.6, 'source': 'presidio', 'start': 153, 'end': 163}, {'type': 'DATE_TIME', 'value': '2026-08-28', 'confidence': 0.6, 'source': 'presidio', 'start': 183, 'end': 193}, {'type': 'DATE_TIME', 'value': '2036-08-25', 'confidence': 0.6, 'source': 'presidio', 'start': 207, 'end': 217}]","{""PERSON"": 0.9982, ""DATE_TIME"": 0.9807}","['DATE_TIME', 'PERSON']",[],"['PERSON', 'DATE_TIME']",False,True,True,low_cost_llm,potential_pii_evidence,True,0.9998499751091003,confident_pii,False,True,True,0.046975,46.9747,0.925,0.925,yes,no,no,no,no,no,no,no,yes,no,no,no,True,20260909_112646,sweep1_ambiguous_bert,local,bert,distilbert-base-multilingual-cased-v1,not_applicable,local_model,bert_prefilter,gdpr_pii_detection
SYN-SUPPLIER_ONBOARDING-0014,synthetic_supplier_onboarding_0014.txt,form,supplier_onboarding,en,synthetic_generation,,,synthetic,2026-08-28,2026-08-28,2026-08-28,0,"Supplier Onboarding

Company: Vendor Organization
Address: Registered office information pending
Contact: Central Contact Point
Tax Id: REF-2845986
Certification: ISO 9001
Risk Level: Medium
Payment Details: Payment terms on file
Reviewer: Compliance Team
Comments: Elizabeth Chase
Approval: Approved
Notes: The supplier's onboarding documents have been reviewed and are compliant with our standards. Their ISO 9001 certification verifies their commitment to quality management. The medium risk level indicates a standard monitoring process will be implemented. All payment details are confirmed and will be maintained in the system for future reference.
Nationality: Portuguese
Identification Number: REF-7897445",yes,yes,no,no,no,no,no,no,yes,no,no,no,no,PERSON; NRP,MULTIPLE,2,2,easy,no,none,no,train,yes,openrouter_gpt4o_mini_field,field_llm_v1,no,,,v2,Synthetic document generated for controlled PII training data.,"[{'type': 'PERSON', 'value': 'Elizabeth Chase', 'confidence': 0.85, 'source': 'presidio', 'start': 266, 'end': 281}, {'type': 'NRP', 'value': 'Portuguese', 'confidence': 0.85, 'source': 'presidio', 'start': 668, 'end': 678}, {'type': 'NRP', 'value': 'Portuguese', 'confidence': 0.9, 'source': 'custom_regex', 'start': 668, 'end': 678}]","{""PERSON"": 0.9966, ""NRP"": 0.9884}","['NRP', 'PERSON']",[],"['PERSON', 'NRP']",False,True,True,low_cost_llm,potential_pii_evidence,True,0.999875009059906,confident_pii,False,True,True,0.046975,46.9747,0.925,0.925,yes,no,no,no,no,no,no,yes,no,no,no,no,True,20260909_112646,sweep1_ambiguous_bert,local,bert,distilbert-base-multilingual-cased-v1,not_applicable,local_model,bert_prefilter,gdpr_pii_detection
SYN-SUPPLIER_ONBOARDING-0069,synthetic_supplier_onboarding_0069.txt,form,supplier_onboarding,en,synthetic_generation,,,synthetic,2026-08-28,2026-08-28,2026-08-28,0,"Supplier Onboarding

Company: Vendor Organization
Address: Registered office information pending
Contact: Service Team
Tax Id: REF-3796859
Certification: Environmental Compliance
Risk Level: High
Payment Details: Standard corporate payment process
Reviewer: Procurement Team
Comments: The supplier's environmental compliance certification needs further verification. Additionally, the high risk level indicates potential issues that require addressing before reconsideration.
Approval: Rejected
Notes: The Procurement Team has reviewed the onboarding application and noted the rejection due to insufficient documentation. The registered office information is still pending, which complicates the approval process.
Nationality: Nationality not provided
Identification Number: REF-4958343",no,no,no,no,no,no,no,no,no,no,no,no,no,,NONE,0,0,easy,no,none,no,train,yes,openrouter_gpt4o_mini_field,field_llm_v1,no,,,v2,Synthetic document generated for controlled PII training data.,"[{'type': 'NRP', 'value': 'REF-4958343', 'confidence': 0.85, 'source': 'presidio', 'start': 775, 'end': 786}]",{},['NRP'],[],['NRP'],False,True,True,low_cost_llm,potential_pii_evidence,True,0.00019999999494757503,confident_non_pii,False,True,True,0.046975,46.9747,0.925,0.925,no,no,no,no,no,no,no,no,no,no,no,no,False,20260909_112646,sweep1_ambiguous_bert,local,bert,distilbert-base-multilingual-cased-v1,not_applicable,local_model,bert_prefilter,gdpr_pii_detection
SYN-SUPPLIER_ONBOARDING-0158,synthetic_supplier_onboarding_0158.txt,form,supplier_onboarding,de,synthetic_generation,,,synthetic,2026-08-28,2026-08-28,2026-08-28,0,"Lieferantenaufnahme

Unternehmen: Anbieterorganisation
Adresse: Geschäftsadresse nicht angegeben
Kontakt: Abteilungskontakt
Steuernummer: REF-9978112
Certification: Supplier Code of Conduct
Risk Level: High
Zahlungsdaten: Zahlungsbedingungen hinterlegt
Prüfer: Jurij Dippel
Kommentare: Die Überprüfung der Einhaltung des Supplier Code of Conduct ist erforderlich, um die hohen Risiken in der Zusammenarbeit mit Anbietern aus dem portugiesischen Raum zu minimieren.
Genehmigung: Pending Review
Notizen: Jurij Dippel wird als verantwortlicher Prüfer für die laufende Bewertung der Compliance und der Zahlungsbedingungen herangezogen. Alle erforderlichen Unterlagen müssen bis zur Genehmigung bereitgestellt werden.
Nationalität: portugiesisch
Ausweisnummer: REF-4462054",yes,yes,no,no,no,no,no,no,yes,no,no,no,no,PERSON; NRP,MULTIPLE,2,2,easy,no,none,no,train,yes,openrouter_gpt4o_mini_field,field_llm_v1,no,,,v2,Synthetic document generated for controlled PII training data.,"[{'type': 'PERSON', 'value': 'Jurij Dippel', 'confidence': 0.85, 'source': 'presidio', 'start': 261, 'end': 273}, {'type': 'PERSON', 'value': 'Jurij Dippel', 'confidence': 0.85, 'source': 'presidio', 'start': 502, 'end': 514}, {'type': 'NRP', 'value': 'portugiesisch', 'confidence': 0.9, 'source': 'custom_regex', 'start': 727, 'end': 740}]","{""PERSON"": 0.9969, ""NRP"": 0.9784}","['NRP', 'PERSON']",[],"['PERSON', 'NRP']",False,True,True,low_cost_llm,potential_pii_evidence,True,0.9998210072517395,confident_pii,False,True,True,0.046975,46.9747,0.925,0.925,yes,no,no,no,no,no,no,yes,no,no,no,no,True,20260909_112646,sweep1_ambiguous_bert,local,bert,distilbert-base-multilingual-cased-v1,not_applicable,local_model,bert_prefilter,gdpr_pii_detection
SYN-SUPPLIER_ONBOARDING-0194,synthetic_supplier_onboarding_0194.txt,form,supplier_onboarding,en,synthetic_generation,,,synthetic,2026-08-28,2026-08-28,2026-08-28,0,"Supplier Onboarding

Company: Supplier Organization
Address: 673 Richard Glen, North Michaelstad, SC 85080
Contact: Central Contact Point
Tax Id: REF-4915814
Certification: Environmental Compliance
Risk Level: Medium
Payment Details: Standard corporate payment process
Reviewer: Procurement Team
Comments: The onboarding process for Supplier Organization has been thorough, with all necessary documentation submitted and verified. Their certification in Environmental Compliance aligns well with our sustainability goals. We expect a smooth collaboration moving forward.
Approval: Approved
Notes: During the review, the Procurement Team noted that the risk level for Supplier Organization remains medium, and further monitoring may be necessary as the partnership develops. Additionally, payment details have been confirmed to follow the standard corporate payment process, ensuring timely transactions.
Nationality: Nationality information unavailable
Identification Number: REF-6666523",no,no,no,no,no,no,no,no,no,no,no,no,no,,NONE,0,0,easy,no,none,no,validation,yes,openrouter_gpt4o_mini_field,field_llm_v1,no,,,v2,Synthetic document generated for controlled PII training data. Relabeled 2026-09-03: standalone LOCATION with no co-occurring identifier does not meet GDPR Art.4(1) identifiability threshold; corrected from positive to negative.,"[{'type': 'PERSON', 'value': 'Richard Glen', 'confidence': 0.85, 'source': 'presidio', 'start': 65, 'end': 77}, {'type': 'LOCATION', 'value': 'North Michaelstad', 'confidence': 0.85, 'source': 'presidio', 'start': 79, 'end': 96}]","{""PERSON"": 0.9906, ""LOCATION"": 0.9889, ""DATE_TIME"": 0.9696}","['LOCATION', 'PERSON']",[],"['PERSON', 'LOCATION']",False,True,True,low_cost_llm,potential_pii_evidence,True,0.9992280006408691,confident_pii,False,True,True,0.046975,46.9747,0.925,0.925,yes,no,no,yes,no,no,no,no,yes,no,no,no,True,20260909_112646,sweep1_ambiguous_bert,local,bert,distilbert-base-multilingual-cased-v1,not_applicable,local_model,bert_prefilter,gdpr_pii_detection
SYN-SUPPLIER_ONBOARDING-0218,synthetic_supplier_onboarding_0218.txt,form,supplier_onboarding,en,synthetic_generation,,,synthetic,2026-08-28,2026-08-28,2026-08-28,0,"Supplier Onboarding

Company: Vendor Organization
Address: 1918 Anita Harbor, South Carol, IA 06507
Contact: Central Contact Point
Tax Id: REF-4414529
Certification: ISO 9001
Risk Level: High
Payment Details: Standard corporate payment process
Reviewer: Supplier Management
Comments: The supplier's compliance with ISO 9001 certification has been verified. Additional monitoring will be required due to the high-risk level associated with this vendor.
Approval: Approved
Notes: Further evaluation of the supplier's financial stability is recommended. Address for correspondence: 1918 Anita Harbor, South Carol, IA 06507.
Nationality: Nationality information unavailable
Identification Number: REF-1126006",no,no,no,no,no,no,no,no,no,no,no,no,no,,NONE,0,0,easy,no,none,no,train,yes,openrouter_gpt4o_mini_field,field_llm_v1,no,,,v2,Synthetic document generated for controlled PII training data. Relabeled 2026-09-03: standalone LOCATION with no co-occurring identifier does not meet GDPR Art.4(1) identifiability threshold; corrected from positive to negative.,"[{'type': 'DATE_TIME', 'value': '1918', 'confidence': 0.85, 'source': 'presidio', 'start': 59, 'end': 63}, {'type': 'PERSON', 'value': 'Anita Harbor', 'confidence': 0.85, 'source': 'presidio', 'start': 64, 'end': 76}, {'type': 'NRP', 'value': 'South Carol', 'confidence': 0.85, 'source': 'presidio', 'start': 78, 'end': 89}, {'type': 'PERSON', 'value': 'IA 06507\nContact:', 'confidence': 0.85, 'source': 'presidio', 'start': 91, 'end': 108}, {'type': 'PERSON', 'value': 'Anita Harbor', 'confidence': 0.85, 'source': 'presidio', 'start': 584, 'end': 596}, {'type': 'NRP', 'value': 'South Carol', 'confidence': 0.85, 'source': 'presidio', 'start': 598, 'end': 609}]",{},"['DATE_TIME', 'NRP', 'PERSON']",[],"['DATE_TIME', 'PERSON', 'NRP']",False,True,True,low_cost_llm,potential_pii_evidence,True,0.009358000010251999,confident_non_pii,False,True,True,0.046975,46.9747,0.925,0.925,no,no,no,no,no,no,no,no,no,no,no,no,False,20260909_112646,sweep1_ambiguous_bert,local,bert,distilbert-base-multilingual-cased-v1,not_applicable,local_model,bert_prefilter,gdpr_pii_detection
SYN-SUPPLIER_ONBOARDING-0227,synthetic_supplier_onboarding_0227.txt,form,supplier_onboarding,de,synthetic_generation,,,synthetic,2026-08-28,2026-08-28,2026-08-28,0,"Lieferantenaufnahme

Unternehmen: Lieferantenorganisation
Adresse: Geschäftsadresse nicht angegeben
Kontakt: Saban Heydrich
Steuernummer: REF-1126006
Certification: Supplier Code of Conduct
Risk Level: Low
Zahlungsdaten: Zahlungsbedingungen hinterlegt
Prüfer: Procurement Team
Kommentare: Die Überprüfung der Lieferantenorganisation verlief reibungslos. Saban Heydrich hat alle erforderlichen Unterlagen eingereicht und die Einhaltung des Supplier Code of Conduct bestätigt. Die Risikobewertung wurde als niedrig eingestuft, was positiv für die zukünftige Zusammenarbeit ist.
Genehmigung: Approved
Notizen: Die Zahlungsbedingungen wurden erfolgreich hinterlegt. Es wird empfohlen, regelmäßig den Kontakt zu Saban Heydrich aufrechtzuerhalten, um mögliche zukünftige Herausforderungen frühzeitig zu erkennen und zu adressieren. Die dänische Herkunft des Unternehmens könnte auch potenzielle Vorteile in der Zusammenarbeit mit skandinavischen Märkten bieten.
Nationalität: dänisch
Ausweisnummer: REF-8610916",yes,yes,no,no,no,no,no,no,yes,no,no,no,no,PERSON; NRP,MULTIPLE,2,2,easy,no,none,no,test,yes,openrouter_gpt4o_mini_field,field_llm_v1,no,,,v2,Synthetic document generated for controlled PII training data.,"[{'type': 'PERSON', 'value': 'Saban Heydrich', 'confidence': 0.85, 'source': 'presidio', 'start': 109, 'end': 123}, {'type': 'PERSON', 'value': 'Saban Heydrich', 'confidence': 0.85, 'source': 'presidio', 'start': 354, 'end': 368}, {'type': 'PERSON', 'value': 'Saban Heydrich', 'confidence': 0.85, 'source': 'presidio', 'start': 707, 'end': 721}, {'type': 'NRP', 'value': 'dänisch', 'confidence': 0.9, 'source': 'custom_regex', 'start': 970, 'end': 977}]","{""PERSON"": 0.9978}","['NRP', 'PERSON']",[],"['PERSON', 'NRP']",False,True,True,low_cost_llm,potential_pii_evidence,True,0.9998310208320618,confident_pii,False,True,True,0.046975,46.9747,0.925,0.925,yes,no,no,no,no,no,no,no,no,no,no,no,True,20260909_112646,sweep1_ambiguous_bert,local,bert,distilbert-base-multilingual-cased-v1,not_applicable,local_model,bert_prefilter,gdpr_pii_detection
SYN-SUPPLIER_ONBOARDING-0240,synthetic_supplier_onboarding_0240.txt,form,supplier_onboarding,en,synthetic_generation,,,synthetic,2026-08-28,2026-08-28,2026-08-28,0,"Supplier Onboarding

Company: Business Partner
Address: Registered office information pending
Contact: Central Contact Point
Tax Id: REF-9164661
Certification: Supplier Code of Conduct
Risk Level: Low
Payment Details: Payment terms on file
Reviewer: Procurement Team
Comments: The submission from Business Partner was reviewed thoroughly, and despite their adherence to the Supplier Code of Conduct, the procurement team found inconsistencies that led to the rejection of their application. Further clarification on their operational capabilities may be required for future consideration.
Approval: Rejected
Notes: During the review process, it was noted that the risk level associated with this supplier is categorized as Low. However, the lack of a provided nationality and incomplete registered office information contributed to the decision. Recommendations for improvement include ensuring all necessary documentation is submitted at the outset to facilitate a smoother onboarding experience.
Nationality: Nationality not provided
Identification Number: REF-5079511",no,no,no,no,no,no,no,no,no,no,no,no,no,,NONE,0,0,easy,no,none,no,train,yes,openrouter_gpt4o_mini_field,field_llm_v1,no,,,v2,Synthetic document generated for controlled PII training data.,"[{'type': 'NRP', 'value': 'REF-5079511', 'confidence': 0.85, 'source': 'presidio', 'start': 1059, 'end': 1070}]",{},['NRP'],[],['NRP'],False,True,True,low_cost_llm,potential_pii_evidence,True,0.00019999999494757503,confident_non_pii,False,True,True,0.046975,46.9747,0.925,0.925,no,no,no,no,no,no,no,no,no,no,no,no,False,20260909_112646,sweep1_ambiguous_bert,local,bert,distilbert-base-multilingual-cased-v1,not_applicable,local_model,bert_prefilter,gdpr_pii_detection
SYN-SUPPLIER_ONBOARDING-0242,synthetic_supplier_onboarding_0242.txt,form,supplier_onboarding,en,synthetic_generation,,,synthetic,2026-08-28,2026-08-28,2026-08-28,0,"Supplier Onboarding

Company: Vendor Organization
Address: Registered office information pending
Contact: Service Team
Tax Id: REF-2419935
Certification: ISO 27001
Risk Level: Low
Payment Details: Standard corporate payment process
Reviewer: Supplier Management
Comments: The supplier onboarding process for Vendor Organization is currently under review. Given the low risk level associated with this vendor, further evaluation of their compliance with our standards is necessary before a final decision can be made. Please ensure that all documentation is thoroughly checked.
Approval: Rejected
Notes: The application submitted by Vendor Organization has been rejected due to insufficient information regarding their nationality and the pending status of their registered office information. It is essential to address these gaps before considering resubmission. Additionally, ensure that the identification number REF-5224246 is included in any follow-up communications.
Nationality: Nationality not provided
Identification Number: REF-5224246",no,no,no,no,no,no,no,no,no,no,no,no,no,,NONE,0,0,easy,no,none,no,train,yes,openrouter_gpt4o_mini_field,field_llm_v1,no,,,v2,Synthetic document generated for controlled PII training data.,"[{'type': 'NRP', 'value': 'REF-5224246', 'confidence': 0.85, 'source': 'presidio', 'start': 1034, 'end': 1045}]",{},['NRP'],[],['NRP'],False,True,True,low_cost_llm,potential_pii_evidence,True,0.0002229999954579398,confident_non_pii,False,True,True,0.046975,46.9747,0.925,0.925,no,no,no,no,no,no,no,no,no,no,no,no,False,20260909_112646,sweep1_ambiguous_bert,local,bert,distilbert-base-multilingual-cased-v1,not_applicable,local_model,bert_prefilter,gdpr_pii_detection
SYN-SUPPLIER_ONBOARDING-0249,synthetic_supplier_onboarding_0249.txt,form,supplier_onboarding,en,synthetic_generation,,,synthetic,2026-08-28,2026-08-28,2026-08-28,0,"Supplier Onboarding

Company: Vendor Organization
Address: Registered office information pending
Contact: Sharon Gomez
Tax Id: REF-5079511
Certification: ISO 9001
Risk Level: High
Payment Details: Payment terms on file
Reviewer: Procurement Team
Comments: The onboarding process for Vendor Organization is currently in progress. We need to ensure that all compliance documents are verified before moving forward. Sharon Gomez has been responsive during the initial discussions, which is promising for future collaboration.
Approval: Pending Review
Notes: The Procurement Team should closely monitor the high-risk status associated with this vendor. Special attention is required on the ISO 9001 certification to confirm its validity. Given that the approval is pending review, timely follow-up with Sharon Gomez will be crucial to expedite the process.
Nationality: Portuguese
Identification Number: REF-7126272",yes,yes,no,no,no,no,no,no,yes,no,no,no,no,PERSON; NRP,MULTIPLE,2,2,easy,no,none,no,train,yes,openrouter_gpt4o_mini_field,field_llm_v1,no,,,v2,Synthetic document generated for controlled PII training data.,"[{'type': 'PERSON', 'value': 'Sharon Gomez', 'confidence': 0.85, 'source': 'presidio', 'start': 106, 'end': 118}, {'type': 'PERSON', 'value': 'Sharon Gomez', 'confidence': 0.85, 'source': 'presidio', 'start': 413, 'end': 425}, {'type': 'PERSON', 'value': 'Sharon Gomez', 'confidence': 0.85, 'source': 'presidio', 'start': 799, 'end': 811}, {'type': 'NRP', 'value': 'Portuguese', 'confidence': 0.85, 'source': 'presidio', 'start': 866, 'end': 876}, {'type': 'NRP', 'value': 'Portuguese', 'confidence': 0.9, 'source': 'custom_regex', 'start': 866, 'end': 876}]","{""PERSON"": 0.9974, ""NRP"": 0.9811}","['NRP', 'PERSON']",[],"['PERSON', 'NRP']",False,True,True,low_cost_llm,potential_pii_evidence,True,0.9998840093612671,confident_pii,False,True,True,0.046975,46.9747,0.925,0.925,yes,no,no,no,no,no,no,yes,no,no,no,no,True,20260909_112646,sweep1_ambiguous_bert,local,bert,distilbert-base-multilingual-cased-v1,not_applicable,local_model,bert_prefilter,gdpr_pii_detection
SYN-TRAINING_EVALUATION-0004,synthetic_training_evaluation_0004.txt,form,training_evaluation,en,synthetic_generation,,,synthetic,2026-08-28,2026-08-28,2026-08-28,0,"Training Evaluation

Participant: Chelsea Walsh
Contact: Department Contact
Course: Project Management Fundamentals
Date: 2025-10-31
Content: Chelsea Walsh provided insightful feedback on the Project Management Fundamentals course, highlighting the clarity of the material. Participants appreciated the practical examples and the interactive nature of the sessions, which enhanced their understanding of key concepts. Overall, the training was deemed effective and engaging.
Trainer: Internal Training Team
Material: Good
Comments: http://www.jackson.org/
Recommendation: To further improve the course, it is recommended to include more case studies and real-world applications. Additionally, offering follow-up sessions could help reinforce the material and support ongoing learning.",yes,yes,no,no,no,no,no,no,no,no,no,yes,no,PERSON; URL,MULTIPLE,2,2,easy,no,none,no,train,yes,openrouter_gpt4o_mini_field,field_llm_v1,no,,,v2,Synthetic document generated for controlled PII training data.,"[{'type': 'DATE_TIME', 'value': '2025-10-31', 'confidence': 0.95, 'source': 'presidio', 'start': 122, 'end': 132}, {'type': 'PERSON', 'value': 'Chelsea Walsh', 'confidence': 0.85, 'source': 'presidio', 'start': 34, 'end': 47}, {'type': 'PERSON', 'value': 'Chelsea Walsh', 'confidence': 0.85, 'source': 'presidio', 'start': 142, 'end': 155}, {'type': 'URL', 'value': 'http://www.jackson.org/', 'confidence': 0.6, 'source': 'presidio', 'start': 532, 'end': 555}, {'type': 'URL', 'value': 'http://www.jackson.org', 'confidence': 0.9, 'source': 'custom_regex', 'start': 532, 'end': 554}]","{""PERSON"": 0.9918, ""URL"": 0.9855}","['DATE_TIME', 'PERSON', 'URL']",[],"['DATE_TIME', 'PERSON', 'URL']",False,True,False,low_cost_llm,potential_pii_evidence,True,0.9984239935874939,confident_pii,False,True,True,0.046975,46.9747,0.925,0.925,yes,no,no,no,no,no,no,no,no,no,yes,no,True,20260909_112646,sweep1_ambiguous_bert,local,bert,distilbert-base-multilingual-cased-v1,not_applicable,local_model,bert_prefilter,gdpr_pii_detection
SYN-TRAINING_EVALUATION-0025,synthetic_training_evaluation_0025.txt,form,training_evaluation,de,synthetic_generation,,,synthetic,2026-08-28,2026-08-28,2026-08-28,0,"Schulungsbewertung

Teilnehmer: Eckard Döhn-Schlosser
Kontakt: Zentrale Kontaktstelle
Kurs: Process Improvement Workshop
Datum: 2026-06-25
Inhalt: Der Prozessverbesserungs-Workshop brachte einige nützliche Erkenntnisse. Die Teilnehmer schätzten die praxisnahen Beispiele, die für unsere spezifischen Herausforderungen relevant waren. Es wurde jedoch angemerkt, dass die Materialien in mehreren Bereichen verbesserungswürdig sind, um eine tiefere Einsicht zu ermöglichen.
Trainer: Internal Training Team
Material: Needs Improvement
Kommentare: http://www.zorbach.com/
Empfehlung: Es wird empfohlen, die Schulungsunterlagen zu überarbeiten und klarere Anleitungen sowie zusätzliche Ressourcen bereitzustellen, um die Teilnehmer besser zu unterstützen.",yes,yes,no,no,no,no,no,no,no,no,no,yes,no,PERSON; URL,MULTIPLE,2,2,easy,no,none,no,train,yes,openrouter_gpt4o_mini_field,field_llm_v1,no,,,v2,Synthetic document generated for controlled PII training data.,"[{'type': 'PERSON', 'value': 'Eckard Döhn-Schlosser', 'confidence': 0.85, 'source': 'presidio', 'start': 32, 'end': 53}, {'type': 'DATE_TIME', 'value': '2026-06-25', 'confidence': 0.6, 'source': 'presidio', 'start': 128, 'end': 138}, {'type': 'URL', 'value': 'http://www.zorbach.com/', 'confidence': 0.6, 'source': 'presidio', 'start': 543, 'end': 566}, {'type': 'URL', 'value': 'http://www.zorbach.com', 'confidence': 0.9, 'source': 'custom_regex', 'start': 543, 'end': 565}]","{""PERSON"": 0.9884, ""URL"": 0.987}","['DATE_TIME', 'PERSON', 'URL']",[],"['PERSON', 'DATE_TIME', 'URL']",False,True,False,low_cost_llm,potential_pii_evidence,True,0.997668981552124,confident_pii,False,True,True,0.046975,46.9747,0.925,0.925,yes,no,no,no,no,no,no,no,no,no,yes,no,True,20260909_112646,sweep1_ambiguous_bert,local,bert,distilbert-base-multilingual-cased-v1,not_applicable,local_model,bert_prefilter,gdpr_pii_detection
SYN-TRAINING_EVALUATION-0026,synthetic_training_evaluation_0026.txt,form,training_evaluation,en,synthetic_generation,,,synthetic,2026-08-28,2026-08-28,2026-08-28,0,"Training Evaluation

Participant: Evaluation respondent
Contact: Central Contact Point
Course: Process Improvement Workshop
Date: 2025-09-26
Content: The Process Improvement Workshop provided valuable insights into optimizing our current workflows. Participants engaged in practical exercises that highlighted areas for immediate improvement, particularly in communication and task delegation. The materials were well-prepared and facilitated effective discussions among team members.
Trainer: External Training Provider
Material: Good
Comments: Elizabeth Smith; 2025-08-23
Recommendation: I recommend scheduling follow-up sessions to reinforce the concepts learned and to track progress on the implemented changes. Additionally, consider incorporating more case studies to illustrate successful process improvements.",yes,yes,no,no,no,no,no,no,no,yes,no,no,no,PERSON; DATE_TIME,MULTIPLE,2,2,easy,no,none,no,train,yes,openrouter_gpt4o_mini_field,field_llm_v1,no,,,v2,Synthetic document generated for controlled PII training data.,"[{'type': 'PERSON', 'value': 'Elizabeth Smith', 'confidence': 0.85, 'source': 'presidio', 'start': 546, 'end': 561}, {'type': 'DATE_TIME', 'value': '2025-08-23', 'confidence': 0.85, 'source': 'presidio', 'start': 563, 'end': 573}]","{""PERSON"": 0.9975, ""DATE_TIME"": 0.979}","['DATE_TIME', 'PERSON']",[],"['PERSON', 'DATE_TIME']",False,True,False,low_cost_llm,potential_pii_evidence,True,0.9998440146446228,confident_pii,False,True,True,0.046975,46.9747,0.925,0.925,yes,no,no,no,no,no,no,no,yes,no,no,no,True,20260909_112646,sweep1_ambiguous_bert,local,bert,distilbert-base-multilingual-cased-v1,not_applicable,local_model,bert_prefilter,gdpr_pii_detection
SYN-TRAINING_EVALUATION-0030,synthetic_training_evaluation_0030.txt,form,training_evaluation,de,synthetic_generation,,,synthetic,2026-08-28,2026-08-28,2026-08-28,0,"Schulungsbewertung

Teilnehmer: Aldo Heuser
Kontakt: Zentrale Kontaktstelle
Kurs: Project Management Fundamentals
Datum: 2027-04-06
Inhalt: Aldo Heuser hat an unserem Kurs ""Project Management Fundamentals"" teilgenommen und zeigte ein gutes Grundverständnis für die grundlegenden Konzepte. Während der Schulung konnte er aktiv an Diskussionen teilnehmen und seine Ideen einbringen. Dennoch gab es einige Bereiche, in denen er mehr Übung benötigt, insbesondere im Bereich der Risikoanalyse und der Projektplanung. Es wäre hilfreich, wenn er sich zusätzliches Material zu diesen Themen anschaut und an praktischen Übungen teilnimmt, um sein Wissen zu vertiefen.
Trainer: Internal Training Team
Material: Needs Improvement
Kommentare: https://franke.com/
Empfehlung: Um die Fähigkeiten im Projektmanagement weiter zu verbessern, empfehle ich, dass Aldo Heuser an einem weiterführenden Workshop teilnimmt, der sich auf fortgeschrittene Techniken konzentriert. Zudem wäre es vorteilhaft, mehr praktische Erfahrungen durch die Teilnahme an Projekten innerhalb des Unternehmens zu sammeln. Dies könnte durch Mentoring oder die Übernahme kleinerer Projekte geschehen.",yes,yes,no,no,no,no,no,no,no,no,no,yes,no,PERSON; URL,MULTIPLE,2,2,easy,no,none,no,train,yes,openrouter_gpt4o_mini_field,field_llm_v1,no,,,v2,Synthetic document generated for controlled PII training data.,"[{'type': 'PERSON', 'value': 'Aldo Heuser', 'confidence': 0.85, 'source': 'presidio', 'start': 32, 'end': 43}, {'type': 'PERSON', 'value': 'Aldo Heuser', 'confidence': 0.85, 'source': 'presidio', 'start': 140, 'end': 151}, {'type': 'PERSON', 'value': 'Aldo Heuser', 'confidence': 0.85, 'source': 'presidio', 'start': 844, 'end': 855}, {'type': 'DATE_TIME', 'value': '2027-04-06', 'confidence': 0.6, 'source': 'presidio', 'start': 121, 'end': 131}, {'type': 'URL', 'value': 'https://franke.com/', 'confidence': 0.6, 'source': 'presidio', 'start': 731, 'end': 750}, {'type': 'URL', 'value': 'https://franke.com', 'confidence': 0.9, 'source': 'custom_regex', 'start': 731, 'end': 749}]","{""PERSON"": 0.9909, ""URL"": 0.9837}","['DATE_TIME', 'PERSON', 'URL']",[],"['PERSON', 'DATE_TIME', 'URL']",False,True,False,low_cost_llm,potential_pii_evidence,True,0.9979760050773621,confident_pii,False,True,True,0.046975,46.9747,0.925,0.925,yes,no,no,no,no,no,no,no,no,no,yes,no,True,20260909_112646,sweep1_ambiguous_bert,local,bert,distilbert-base-multilingual-cased-v1,not_applicable,local_model,bert_prefilter,gdpr_pii_detection
SYN-TRAINING_EVALUATION-0035,synthetic_training_evaluation_0035.txt,form,training_evaluation,de,synthetic_generation,,,synthetic,2026-08-28,2026-08-28,2026-08-28,0,"Schulungsbewertung

Teilnehmer: Teilnehmerangaben nicht angegeben
Kontakt: Serviceteam
Kurs: Leadership Development
Datum: 2025-08-13
Inhalt: Die Führungskräfteentwicklung ist ein entscheidender Schritt für die persönliche und berufliche Weiterentwicklung. In der heutigen schnelllebigen Geschäftswelt ist es wichtig, dass Führungskräfte nicht nur ihre technischen Fähigkeiten, sondern auch ihre zwischenmenschlichen Kompetenzen kontinuierlich verbessern. Dr. Hinrich Holsten hat in diesem Kurs wertvolle Einblicke gegeben, die uns helfen, unsere Führungsqualitäten zu verfeinern und das Team effektiver zu leiten.
Trainer: Dr. Hinrich Holsten
Material: Very Good
Kommentare: https://wulff.de/
Empfehlung: Es wäre vorteilhaft, regelmäßige Feedback-Sitzungen nach Abschluss des Kurses einzuführen, um die Umsetzung der erlernten Fähigkeiten im Arbeitsalltag zu unterstützen. Zudem könnten ergänzende Workshops angeboten werden, um spezifische Herausforderungen im Führungsalltag anzusprechen.",yes,yes,no,no,no,no,no,no,no,no,no,yes,no,PERSON; URL,MULTIPLE,2,2,easy,no,none,no,train,yes,openrouter_gpt4o_mini_field,field_llm_v1,no,,,v2,Synthetic document generated for controlled PII training data.,"[{'type': 'LOCATION', 'value': 'Teilnehmerangaben', 'confidence': 0.85, 'source': 'presidio', 'start': 32, 'end': 49}, {'type': 'PERSON', 'value': 'Hinrich Holsten', 'confidence': 0.85, 'source': 'presidio', 'start': 460, 'end': 475}, {'type': 'PERSON', 'value': 'Hinrich Holsten', 'confidence': 0.85, 'source': 'presidio', 'start': 628, 'end': 643}, {'type': 'DATE_TIME', 'value': '2025-08-13', 'confidence': 0.6, 'source': 'presidio', 'start': 123, 'end': 133}, {'type': 'URL', 'value': 'https://wulff.de/', 'confidence': 0.6, 'source': 'presidio', 'start': 676, 'end': 693}, {'type': 'URL', 'value': 'https://wulff.de', 'confidence': 0.9, 'source': 'custom_regex', 'start': 676, 'end': 692}]","{""PERSON"": 0.9894}","['DATE_TIME', 'LOCATION', 'PERSON', 'URL']",[],"['LOCATION', 'PERSON', 'DATE_TIME', 'URL']",False,True,True,low_cost_llm,potential_pii_evidence,True,0.9979209899902344,confident_pii,False,True,True,0.046975,46.9747,0.925,0.925,yes,no,no,no,no,no,no,no,no,no,no,no,True,20260909_112646,sweep1_ambiguous_bert,local,bert,distilbert-base-multilingual-cased-v1,not_applicable,local_model,bert_prefilter,gdpr_pii_detection
SYN-TRAINING_EVALUATION-0049,synthetic_training_evaluation_0049.txt,form,training_evaluation,en,synthetic_generation,,,synthetic,2026-08-28,2026-08-28,2026-08-28,0,"Training Evaluation

Participant: Evaluation respondent
Contact: Department Contact
Course: Cybersecurity Awareness
Date: 2026-11-28
Content: The Cybersecurity Awareness course facilitated by Chelsea Wilson has been structured to cover essential topics such as phishing, password security, and data privacy. However, the course material currently exhibits a lack of engaging content and interactive elements, which could significantly enhance participant retention and understanding. Additionally, incorporating real-life case studies and practical exercises would provide participants with a more hands-on approach, making the learning experience more impactful. It is recommended to review and update the training modules to address these areas for improvement.
Trainer: Chelsea Wilson
Material: Needs Improvement
Comments: https://www.ball.biz/
Recommendation: To enhance the effectiveness of the training, consider integrating multimedia components such as videos or simulations, as well as periodic assessments to gauge participant understanding. It would also be beneficial to gather feedback from participants after each session to continually refine the course material based on their experiences and suggestions.",yes,yes,no,no,no,no,no,no,no,no,no,yes,no,PERSON; URL,MULTIPLE,2,2,easy,no,none,no,train,yes,openrouter_gpt4o_mini_field,field_llm_v1,no,,,v2,Synthetic document generated for controlled PII training data.,"[{'type': 'DATE_TIME', 'value': '2026-11-28', 'confidence': 0.95, 'source': 'presidio', 'start': 122, 'end': 132}, {'type': 'PERSON', 'value': 'Chelsea Wilson', 'confidence': 0.85, 'source': 'presidio', 'start': 192, 'end': 206}, {'type': 'PERSON', 'value': 'Chelsea Wilson', 'confidence': 0.85, 'source': 'presidio', 'start': 773, 'end': 787}, {'type': 'URL', 'value': 'https://www.ball.bi', 'confidence': 0.6, 'source': 'presidio', 'start': 826, 'end': 845}, {'type': 'URL', 'value': 'https://www.ball.biz', 'confidence': 0.9, 'source': 'custom_regex', 'start': 826, 'end': 846}]","{""PERSON"": 0.9925}","['DATE_TIME', 'PERSON', 'URL']",[],"['DATE_TIME', 'PERSON', 'URL']",False,True,True,low_cost_llm,potential_pii_evidence,True,0.9984549880027771,confident_pii,False,True,True,0.046975,46.9747,0.925,0.925,yes,no,no,no,no,no,no,no,no,no,no,no,True,20260909_112646,sweep1_ambiguous_bert,local,bert,distilbert-base-multilingual-cased-v1,not_applicable,local_model,bert_prefilter,gdpr_pii_detection
SYN-TRAINING_EVALUATION-0059,synthetic_training_evaluation_0059.txt,form,training_evaluation,de,synthetic_generation,,,synthetic,2026-08-28,2026-08-28,2026-08-28,0,"Schulungsbewertung

Teilnehmer: Monique Staude-Schlosser
Kontakt: Zentrale Kontaktstelle
Kurs: Cybersecurity Awareness
Datum: 2027-05-26
Inhalt: Die Schulung zum Thema Cybersecurity Awareness war insgesamt informativ und praxisnah. Monique Staude-Schlosser hat verschiedene Aspekte der Cybersicherheit angesprochen, die in unserem Arbeitsalltag von Bedeutung sind. Besonders hervorzuheben ist die klare Darstellung der Risiken und der präventiven Maßnahmen.
Trainer: Internal Training Team
Material: Satisfactory
Kommentare: Monique Staude-Schlosser hat das Training gut geleitet und alle Teilnehmer aktiv eingebunden. Die verwendeten Materialien waren hilfreich und unterstützten das Verständnis der komplexen Themen.
Empfehlung: Es wäre vorteilhaft, zukünftige Trainings um interaktive Elemente zu erweitern, um die Teilnehmer noch stärker einzubeziehen. Zudem könnten Fallstudien aus der Praxis ergänzt werden, um reale Szenarien zu diskutieren.",yes,yes,no,no,no,no,no,no,no,no,no,no,no,PERSON,PERSON,1,1,easy,no,none,no,train,yes,openrouter_gpt4o_mini_field,field_llm_v1,no,,,v2,Synthetic document generated for controlled PII training data.,"[{'type': 'PERSON', 'value': 'Monique Staude-Schlosser', 'confidence': 0.85, 'source': 'presidio', 'start': 32, 'end': 56}, {'type': 'PERSON', 'value': 'Monique Staude-Schlosser', 'confidence': 0.85, 'source': 'presidio', 'start': 232, 'end': 256}, {'type': 'PERSON', 'value': 'Monique Staude-Schlosser', 'confidence': 0.85, 'source': 'presidio', 'start': 525, 'end': 549}, {'type': 'DATE_TIME', 'value': '2027-05-26', 'confidence': 0.6, 'source': 'presidio', 'start': 126, 'end': 136}]","{""PERSON"": 0.9976, ""DATE_TIME"": 0.9609}","['DATE_TIME', 'PERSON']",[],"['PERSON', 'DATE_TIME']",False,True,False,low_cost_llm,potential_pii_evidence,True,0.9997879862785339,confident_pii,False,True,True,0.046975,46.9747,0.925,0.925,yes,no,no,no,no,no,no,no,yes,no,no,no,True,20260909_112646,sweep1_ambiguous_bert,local,bert,distilbert-base-multilingual-cased-v1,not_applicable,local_model,bert_prefilter,gdpr_pii_detection
SYN-TRAINING_EVALUATION-0064,synthetic_training_evaluation_0064.txt,form,training_evaluation,en,synthetic_generation,,,synthetic,2026-08-28,2026-08-28,2026-08-28,0,"Training Evaluation

Participant: Jacob Burke
Contact: Service Team
Course: Data Protection Essentials
Date: 2025-07-07
Content: The Data Protection Essentials course provided valuable insights into compliance requirements and best practices for handling personal data. Jacob Burke found the materials very engaging and relevant to everyday operations. The interactive elements enhanced understanding and retention of the subject matter. Overall, a beneficial experience for all participants.
Trainer: Internal Training Team
Material: Very Good
Comments: https://www.jordan-brady.com/
Recommendation: It would be helpful to include more case studies in future sessions to illustrate real-world applications of data protection principles.",yes,yes,no,no,no,no,no,no,no,no,no,yes,no,PERSON; URL,MULTIPLE,2,2,easy,no,none,no,test,yes,openrouter_gpt4o_mini_field,field_llm_v1,no,,,v2,Synthetic document generated for controlled PII training data.,"[{'type': 'DATE_TIME', 'value': '2025-07-07', 'confidence': 0.95, 'source': 'presidio', 'start': 109, 'end': 119}, {'type': 'PERSON', 'value': 'Jacob Burke\nContact', 'confidence': 0.85, 'source': 'presidio', 'start': 34, 'end': 53}, {'type': 'PERSON', 'value': 'Jacob Burke', 'confidence': 0.85, 'source': 'presidio', 'start': 270, 'end': 281}, {'type': 'URL', 'value': 'https://www.jordan-brady.com/', 'confidence': 0.6, 'source': 'presidio', 'start': 555, 'end': 584}, {'type': 'URL', 'value': 'https://www.jordan-brady.com', 'confidence': 0.9, 'source': 'custom_regex', 'start': 555, 'end': 583}]","{""PERSON"": 0.9915, ""URL"": 0.9859}","['DATE_TIME', 'PERSON', 'URL']",[],"['DATE_TIME', 'PERSON', 'URL']",False,True,False,low_cost_llm,potential_pii_evidence,True,0.9985960125923157,confident_pii,False,True,True,0.046975,46.9747,0.925,0.925,yes,no,no,no,no,no,no,no,no,no,yes,no,True,20260909_112646,sweep1_ambiguous_bert,local,bert,distilbert-base-multilingual-cased-v1,not_applicable,local_model,bert_prefilter,gdpr_pii_detection
SYN-TRAINING_EVALUATION-0066,synthetic_training_evaluation_0066.txt,form,training_evaluation,en,synthetic_generation,,,synthetic,2026-08-28,2026-08-28,2026-08-28,0,"Training Evaluation

Participant: Victor Johnson
Contact: Service Team
Course: Leadership Development
Date: 2025-04-25
Content: The Leadership Development course facilitated by the Internal Training Team provided a comprehensive overview of essential leadership skills. However, there were areas identified that require further enhancement. The course materials, while informative, lacked interactive elements that could engage participants more effectively. Additionally, the timing of certain modules felt rushed, which may have hindered deeper understanding. To foster a more enriching learning experience, incorporating more case studies and hands-on activities could greatly benefit participants like Victor Johnson, allowing for better application of concepts in real-world scenarios.
Trainer: Internal Training Team
Material: Needs Improvement
Comments: 2024-05-14
Recommendation: For future iterations of the Leadership Development course, it is recommended to revise the course materials to include more interactive components and to extend the duration of key modules. This could involve adding practical exercises and discussions that encourage participant involvement. Engaging external speakers who have successfully implemented leadership strategies in their organizations could also provide valuable insights and real-world relevance for attendees.",yes,yes,no,no,no,no,no,no,no,yes,no,no,no,PERSON; DATE_TIME,MULTIPLE,2,2,easy,no,none,no,train,yes,openrouter_gpt4o_mini_field,field_llm_v1,no,,,v2,Synthetic document generated for controlled PII training data.,"[{'type': 'DATE_TIME', 'value': '2025-04-25', 'confidence': 0.95, 'source': 'presidio', 'start': 108, 'end': 118}, {'type': 'PERSON', 'value': 'Victor Johnson', 'confidence': 0.85, 'source': 'presidio', 'start': 34, 'end': 48}, {'type': 'PERSON', 'value': 'Victor Johnson', 'confidence': 0.85, 'source': 'presidio', 'start': 706, 'end': 720}, {'type': 'DATE_TIME', 'value': '2024-05-14', 'confidence': 0.85, 'source': 'presidio', 'start': 861, 'end': 871}]","{""PERSON"": 0.9971, ""DATE_TIME"": 0.9733}","['DATE_TIME', 'PERSON']",[],"['DATE_TIME', 'PERSON']",False,True,False,low_cost_llm,potential_pii_evidence,True,0.9997339844703674,confident_pii,False,True,True,0.046975,46.9747,0.925,0.925,yes,no,no,no,no,no,no,no,yes,no,no,no,True,20260909_112646,sweep1_ambiguous_bert,local,bert,distilbert-base-multilingual-cased-v1,not_applicable,local_model,bert_prefilter,gdpr_pii_detection
SYN-TRAINING_EVALUATION-0068,synthetic_training_evaluation_0068.txt,form,training_evaluation,de,synthetic_generation,,,synthetic,2026-08-28,2026-08-28,2026-08-28,0,"Schulungsbewertung

Teilnehmer: Maria-Theresia Roskoth B.A.
Kontakt: Abteilungskontakt
Kurs: Data Protection Essentials
Datum: 2025-02-19
Inhalt: Die Schulung zum Thema Datenschutz war informativ und gut strukturiert. Die Inhalte wurden klar vermittelt, und die praktischen Beispiele halfen, die Konzepte besser zu verstehen. Die Interaktion mit den Teilnehmern war positiv und förderte ein aktives Lernen.
Trainer: Internal Training Team
Material: Satisfactory
Kommentare: https://www.margraf.net/
Empfehlung: Es wäre hilfreich, zusätzliche Materialien zur Vertiefung der Themen zur Verfügung zu stellen, um das Verständnis zu fördern und die Anwendung des Gelernten im Arbeitsalltag zu erleichtern.",yes,yes,no,no,no,no,no,no,no,no,no,yes,no,PERSON; URL,MULTIPLE,2,2,easy,no,none,no,validation,yes,openrouter_gpt4o_mini_field,field_llm_v1,no,,,v2,Synthetic document generated for controlled PII training data.,"[{'type': 'PERSON', 'value': 'Maria-Theresia Roskoth', 'confidence': 0.85, 'source': 'presidio', 'start': 32, 'end': 54}, {'type': 'DATE_TIME', 'value': '2025-02-19', 'confidence': 0.6, 'source': 'presidio', 'start': 127, 'end': 137}, {'type': 'URL', 'value': 'https://www.margraf.net/', 'confidence': 0.6, 'source': 'presidio', 'start': 474, 'end': 498}, {'type': 'URL', 'value': 'https://www.margraf.net', 'confidence': 0.9, 'source': 'custom_regex', 'start': 474, 'end': 497}]","{""PERSON"": 0.99, ""URL"": 0.986}","['DATE_TIME', 'PERSON', 'URL']",[],"['PERSON', 'DATE_TIME', 'URL']",False,True,False,low_cost_llm,potential_pii_evidence,True,0.9983599781990051,confident_pii,False,True,True,0.046975,46.9747,0.925,0.925,yes,no,no,no,no,no,no,no,no,no,yes,no,True,20260909_112646,sweep1_ambiguous_bert,local,bert,distilbert-base-multilingual-cased-v1,not_applicable,local_model,bert_prefilter,gdpr_pii_detection
SYN-TRAINING_EVALUATION-0075,synthetic_training_evaluation_0075.txt,form,training_evaluation,en,synthetic_generation,,,synthetic,2026-08-28,2026-08-28,2026-08-28,0,"Training Evaluation

Participant: Timothy Wilson
Contact: Service Team
Course: Project Management Fundamentals
Date: 2024-10-16
Content: Timothy Wilson displayed a solid understanding of the key principles of project management during the course. His engagement in discussions and activities reflected a commitment to enhancing his skills. However, there is an opportunity for further development in risk management strategies. By focusing on identifying potential project risks earlier and developing mitigation plans, Timothy can enhance his effectiveness as a project manager. Overall, his performance was commendable, and with targeted practice in these areas, he can significantly improve his project management capabilities.
Trainer: Learning and Development
Material: Good
Comments: http://www.montoya.net/
Recommendation: To strengthen his project management skills, I recommend that Timothy participate in additional training focused on risk assessment and stakeholder management. Engaging in real-world case studies and simulations can also provide practical experience that will be beneficial. Additionally, seeking mentorship from experienced project managers could offer valuable insights and guidance.",yes,yes,no,no,no,no,no,no,no,no,no,yes,no,PERSON; URL,MULTIPLE,2,2,easy,no,none,no,validation,yes,openrouter_gpt4o_mini_field,field_llm_v1,no,,,v2,Synthetic document generated for controlled PII training data.,"[{'type': 'DATE_TIME', 'value': '2024-10-16', 'confidence': 0.95, 'source': 'presidio', 'start': 117, 'end': 127}, {'type': 'PERSON', 'value': 'Timothy Wilson\n', 'confidence': 0.85, 'source': 'presidio', 'start': 34, 'end': 49}, {'type': 'PERSON', 'value': 'Timothy Wilson', 'confidence': 0.85, 'source': 'presidio', 'start': 137, 'end': 151}, {'type': 'URL', 'value': 'http://www.montoya.net/', 'confidence': 0.6, 'source': 'presidio', 'start': 790, 'end': 813}, {'type': 'URL', 'value': 'http://www.montoya.net', 'confidence': 0.9, 'source': 'custom_regex', 'start': 790, 'end': 812}]","{""PERSON"": 0.9924, ""URL"": 0.9846}","['DATE_TIME', 'PERSON', 'URL']",[],"['DATE_TIME', 'PERSON', 'URL']",False,True,False,low_cost_llm,potential_pii_evidence,True,0.9984989762306213,confident_pii,False,True,True,0.046975,46.9747,0.925,0.925,yes,no,no,no,no,no,no,no,no,no,yes,no,True,20260909_112646,sweep1_ambiguous_bert,local,bert,distilbert-base-multilingual-cased-v1,not_applicable,local_model,bert_prefilter,gdpr_pii_detection
SYN-TRAINING_EVALUATION-0082,synthetic_training_evaluation_0082.txt,form,training_evaluation,de,synthetic_generation,,,synthetic,2026-08-28,2026-08-28,2026-08-28,0,"Schulungsbewertung

Teilnehmer: Zofia Hartmann
Kontakt: Zentrale Kontaktstelle
Kurs: Project Management Fundamentals
Datum: 2026-07-27
Inhalt: Die Schulung zum Projektmanagement-Grundlagen war informativ und gut strukturiert. Zofia Hartmann hat die vermittelten Inhalte als praxisnah empfunden, insbesondere die Gruppenarbeiten haben den Lernprozess gefördert. Die Verwendung von realen Fallstudien war besonders hilfreich, um die Theorie in der Praxis anzuwenden.
Trainer: External Training Provider
Material: Satisfactory
Kommentare: https://www.benthin.com/
Empfehlung: Für zukünftige Schulungen könnte die Einbeziehung weiterer interaktiver Elemente, wie Workshops oder Rollenspiele, die Teilnehmerengagement und den Lernerfolg weiter steigern.",yes,yes,no,no,no,no,no,no,no,no,no,yes,no,PERSON; URL,MULTIPLE,2,2,easy,no,none,no,test,yes,openrouter_gpt4o_mini_field,field_llm_v1,no,,,v2,Synthetic document generated for controlled PII training data.,"[{'type': 'PERSON', 'value': 'Zofia Hartmann', 'confidence': 0.85, 'source': 'presidio', 'start': 32, 'end': 46}, {'type': 'LOCATION', 'value': 'Projektmanagement-Grundlagen', 'confidence': 0.85, 'source': 'presidio', 'start': 160, 'end': 188}, {'type': 'DATE_TIME', 'value': '2026-07-27', 'confidence': 0.6, 'source': 'presidio', 'start': 124, 'end': 134}, {'type': 'URL', 'value': 'https://www.benthin.com/', 'confidence': 0.6, 'source': 'presidio', 'start': 536, 'end': 560}, {'type': 'URL', 'value': 'https://www.benthin.com', 'confidence': 0.9, 'source': 'custom_regex', 'start': 536, 'end': 559}]","{""PERSON"": 0.9914, ""URL"": 0.9868}","['DATE_TIME', 'LOCATION', 'PERSON', 'URL']",[],"['PERSON', 'LOCATION', 'DATE_TIME', 'URL']",False,True,False,low_cost_llm,potential_pii_evidence,True,0.9982420206069946,confident_pii,False,True,True,0.046975,46.9747,0.925,0.925,yes,no,no,no,no,no,no,no,no,no,yes,no,True,20260909_112646,sweep1_ambiguous_bert,local,bert,distilbert-base-multilingual-cased-v1,not_applicable,local_model,bert_prefilter,gdpr_pii_detection
SYN-TRAINING_EVALUATION-0084,synthetic_training_evaluation_0084.txt,form,training_evaluation,de,synthetic_generation,,,synthetic,2026-08-28,2026-08-28,2026-08-28,0,"Schulungsbewertung

Teilnehmer: Bewertungsteilnehmende Person
Kontakt: Zentrale Kontaktstelle
Kurs: Project Management Fundamentals
Datum: 2026-07-16
Inhalt: Im Rahmen des Kurses ""Project Management Fundamentals"" unter der Leitung von Nikolai Trubin B.Sc. wurden verschiedene Aspekte des Projektmanagements behandelt. Die Bewertungsteilnehmende Person hat durchweg ein gutes Verständnis der theoretischen Grundlagen gezeigt, jedoch gibt es einige Bereiche, in denen die praktische Anwendung verbessert werden könnte. Insbesondere sollten die Teilnehmer mehr praktische Übungen zur Anwendung von Tools und Techniken in realen Projektszenarien erhalten, um ihr Wissen zu festigen und zu vertiefen.
Trainer: Nikolai Trubin B.Sc.
Material: Needs Improvement
Kommentare: http://lachmann.com/
Empfehlung: Es wird empfohlen, in zukünftigen Kursen verstärkt auf interaktive Fallstudien und Gruppenarbeiten zu setzen. Dies könnte helfen, das Verständnis für die praktischen Aspekte des Projektmanagements zu erweitern. Darüber hinaus wäre es vorteilhaft, wenn die Materialien regelmäßiger aktualisiert werden, um den neuesten Entwicklungen im Bereich Projektmanagement gerecht zu werden.",yes,yes,no,no,no,no,no,no,no,no,no,yes,no,PERSON; URL,MULTIPLE,2,2,easy,no,none,no,train,yes,openrouter_gpt4o_mini_field,field_llm_v1,no,,,v2,Synthetic document generated for controlled PII training data.,"[{'type': 'PERSON', 'value': 'Nikolai Trubin', 'confidence': 0.85, 'source': 'presidio', 'start': 235, 'end': 249}, {'type': 'PERSON', 'value': 'Nikolai Trubin', 'confidence': 0.85, 'source': 'presidio', 'start': 705, 'end': 719}, {'type': 'DATE_TIME', 'value': '2026-07-16', 'confidence': 0.6, 'source': 'presidio', 'start': 139, 'end': 149}, {'type': 'URL', 'value': 'http://lachmann.com/', 'confidence': 0.6, 'source': 'presidio', 'start': 766, 'end': 786}, {'type': 'URL', 'value': 'B.Sc', 'confidence': 0.5, 'source': 'presidio', 'start': 250, 'end': 254}, {'type': 'URL', 'value': 'B.Sc', 'confidence': 0.5, 'source': 'presidio', 'start': 720, 'end': 724}, {'type': 'URL', 'value': 'http://lachmann.com', 'confidence': 0.9, 'source': 'custom_regex', 'start': 766, 'end': 785}]","{""PERSON"": 0.9892, ""URL"": 0.9864}","['DATE_TIME', 'PERSON', 'URL']",[],"['PERSON', 'DATE_TIME', 'URL']",False,True,False,low_cost_llm,potential_pii_evidence,True,0.9979519844055176,confident_pii,False,True,True,0.046975,46.9747,0.925,0.925,yes,no,no,no,no,no,no,no,no,no,yes,no,True,20260909_112646,sweep1_ambiguous_bert,local,bert,distilbert-base-multilingual-cased-v1,not_applicable,local_model,bert_prefilter,gdpr_pii_detection
SYN-TRAINING_EVALUATION-0095,synthetic_training_evaluation_0095.txt,form,training_evaluation,en,synthetic_generation,,,synthetic,2026-08-28,2026-08-28,2026-08-28,0,"Training Evaluation

Participant: Participant details not provided
Contact: Central Contact Point
Course: Leadership Development
Date: 2024-02-18
Content: The Leadership Development course delivered by the External Training Provider on 2024-02-18 was well-structured and engaging. Participants expressed appreciation for the interactive elements and real-world applications of the concepts discussed. The materials provided were comprehensive and supported the learning objectives effectively. However, there is room for improvement in the pacing of the sessions, as some participants felt that certain topics were rushed. Incorporating more time for discussion and Q&A could enhance the overall experience and understanding of the material.
Trainer: External Training Provider
Material: Good
Comments: Jennifer Owens
Recommendation: To improve future sessions, consider extending the duration of the course to allow for deeper exploration of each topic, particularly in areas where participants showed strong interest. Additionally, integrating more case studies relevant to the participants' industries could further enrich the learning experience.",yes,yes,no,no,no,no,no,no,no,yes,no,no,no,PERSON; DATE_TIME,MULTIPLE,2,2,easy,no,none,no,test,yes,openrouter_gpt4o_mini_field,field_llm_v1,no,,,v2,Synthetic document generated for controlled PII training data.,"[{'type': 'PERSON', 'value': 'Jennifer Owens', 'confidence': 0.85, 'source': 'presidio', 'start': 803, 'end': 817}]","{""PERSON"": 0.9968, ""DATE_TIME"": 0.9709}",['PERSON'],[],['PERSON'],False,True,False,low_cost_llm,potential_pii_evidence,True,0.9997199773788452,confident_pii,False,True,True,0.046975,46.9747,0.925,0.925,yes,no,no,no,no,no,no,no,yes,no,no,no,True,20260909_112646,sweep1_ambiguous_bert,local,bert,distilbert-base-multilingual-cased-v1,not_applicable,local_model,bert_prefilter,gdpr_pii_detection
SYN-TRAINING_EVALUATION-0097,synthetic_training_evaluation_0097.txt,form,training_evaluation,en,synthetic_generation,,,synthetic,2026-08-28,2026-08-28,2026-08-28,0,"Training Evaluation

Participant: Michael Rogers
Contact: Department Contact
Course: Cybersecurity Awareness
Date: 2026-06-22
Content: Michael Rogers displayed a strong understanding of the core concepts in the Cybersecurity Awareness course. His engagement during discussions and practical exercises was commendable, contributing positively to the learning environment.
Trainer: Internal Training Team
Material: Good
Comments: Participants appreciated Michael's willingness to ask questions and clarify doubts. His insights into potential cybersecurity risks were particularly valuable, enhancing the overall discourse in the training sessions.
Recommendation: It is recommended that Michael Rogers continue to engage in advanced cybersecurity training to further develop his skills and knowledge. Additional workshops focusing on emerging threats and mitigation strategies would be beneficial.",yes,yes,no,no,no,no,no,no,no,no,no,no,no,PERSON,PERSON,1,1,easy,no,none,no,train,yes,openrouter_gpt4o_mini_field,field_llm_v1,no,,,v2,Synthetic document generated for controlled PII training data.,"[{'type': 'DATE_TIME', 'value': '2026-06-22', 'confidence': 0.95, 'source': 'presidio', 'start': 115, 'end': 125}, {'type': 'PERSON', 'value': 'Michael Rogers\n', 'confidence': 0.85, 'source': 'presidio', 'start': 34, 'end': 49}, {'type': 'PERSON', 'value': 'Michael Rogers', 'confidence': 0.85, 'source': 'presidio', 'start': 135, 'end': 149}, {'type': 'PERSON', 'value': 'Michael Rogers', 'confidence': 0.85, 'source': 'presidio', 'start': 685, 'end': 699}]","{""PERSON"": 0.9968, ""DATE_TIME"": 0.9726}","['DATE_TIME', 'PERSON']",[],"['DATE_TIME', 'PERSON']",False,True,False,low_cost_llm,potential_pii_evidence,True,0.9997239708900452,confident_pii,False,True,True,0.046975,46.9747,0.925,0.925,yes,no,no,no,no,no,no,no,yes,no,no,no,True,20260909_112646,sweep1_ambiguous_bert,local,bert,distilbert-base-multilingual-cased-v1,not_applicable,local_model,bert_prefilter,gdpr_pii_detection
SYN-TRAINING_EVALUATION-0098,synthetic_training_evaluation_0098.txt,form,training_evaluation,de,synthetic_generation,,,synthetic,2026-08-28,2026-08-28,2026-08-28,0,"Schulungsbewertung

Teilnehmer: Grzegorz Eigenwillig
Kontakt: Serviceteam
Kurs: Process Improvement Workshop
Datum: 2026-02-26
Inhalt: Die Schulung war informativ, jedoch fehlte es an praktischen Beispielen, die die Theorie veranschaulichen. Zusätzlich wäre eine interaktive Diskussion wünschenswert gewesen, um die Teilnehmer stärker einzubeziehen. Insgesamt war die Struktur der Inhalte klar, aber es gibt Raum für Verbesserungen in der Umsetzung.
Trainer: Internal Training Team
Material: Needs Improvement
Kommentare: http://kuhl.de/
Empfehlung: Es wird empfohlen, mehr praktische Übungen einzuführen und die Teilnehmer aktiver einzubinden. Eine Überarbeitung der Materialien wäre ebenfalls hilfreich, um die Relevanz der Themen zu erhöhen.",yes,yes,no,no,no,no,no,no,no,no,no,yes,no,PERSON; URL,MULTIPLE,2,2,easy,no,none,no,train,yes,openrouter_gpt4o_mini_field,field_llm_v1,no,,,v2,Synthetic document generated for controlled PII training data.,"[{'type': 'PERSON', 'value': 'Grzegorz Eigenwillig', 'confidence': 0.85, 'source': 'presidio', 'start': 32, 'end': 52}, {'type': 'DATE_TIME', 'value': '2026-02-26', 'confidence': 0.6, 'source': 'presidio', 'start': 116, 'end': 126}, {'type': 'URL', 'value': 'http://kuhl.de/', 'confidence': 0.6, 'source': 'presidio', 'start': 522, 'end': 537}, {'type': 'URL', 'value': 'http://kuhl.de', 'confidence': 0.9, 'source': 'custom_regex', 'start': 522, 'end': 536}]","{""PERSON"": 0.9883, ""URL"": 0.9849}","['DATE_TIME', 'PERSON', 'URL']",[],"['PERSON', 'DATE_TIME', 'URL']",False,True,False,low_cost_llm,potential_pii_evidence,True,0.9978010058403015,confident_pii,False,True,True,0.046975,46.9747,0.925,0.925,yes,no,no,no,no,no,no,no,no,no,yes,no,True,20260909_112646,sweep1_ambiguous_bert,local,bert,distilbert-base-multilingual-cased-v1,not_applicable,local_model,bert_prefilter,gdpr_pii_detection
SYN-TRAINING_EVALUATION-0099,synthetic_training_evaluation_0099.txt,form,training_evaluation,de,synthetic_generation,,,synthetic,2026-08-28,2026-08-28,2026-08-28,0,"Schulungsbewertung

Teilnehmer: Margarete Zorbach
Kontakt: Zentrale Kontaktstelle
Kurs: Process Improvement Workshop
Datum: 2025-01-02
Inhalt: Die Teilnehmerin Margarete Zorbach äußerte, dass die Inhalte des Workshops zur Prozessverbesserung in Teilen hilfreich waren, jedoch eine stärkere Praxisorientierung vermisst wurde. Insbesondere fehlten konkrete Beispiele aus der Anwendung, die den Teilnehmern helfen könnten, die Theorie besser in die Praxis umzusetzen.
Trainer: External Training Provider
Material: Needs Improvement
Kommentare: https://thanel.de/
Empfehlung: Es wird empfohlen, zukünftige Workshops mit mehr interaktiven Elementen zu gestalten und reale Fallstudien einzubinden, um die Diskussion zu fördern und die Lernziele effektiver zu erreichen.",yes,yes,no,no,no,no,no,no,no,no,no,yes,no,PERSON; URL,MULTIPLE,2,2,easy,no,none,no,train,yes,openrouter_gpt4o_mini_field,field_llm_v1,no,,,v2,Synthetic document generated for controlled PII training data.,"[{'type': 'PERSON', 'value': 'Margarete Zorbach', 'confidence': 0.85, 'source': 'presidio', 'start': 32, 'end': 49}, {'type': 'PERSON', 'value': 'Margarete Zorbach', 'confidence': 0.85, 'source': 'presidio', 'start': 160, 'end': 177}, {'type': 'DATE_TIME', 'value': '2025-01-02', 'confidence': 0.6, 'source': 'presidio', 'start': 124, 'end': 134}, {'type': 'URL', 'value': 'https://thanel.de/', 'confidence': 0.6, 'source': 'presidio', 'start': 541, 'end': 559}, {'type': 'URL', 'value': 'https://thanel.de', 'confidence': 0.9, 'source': 'custom_regex', 'start': 541, 'end': 558}]","{""PERSON"": 0.9888, ""URL"": 0.9866}","['DATE_TIME', 'PERSON', 'URL']",[],"['PERSON', 'DATE_TIME', 'URL']",False,True,False,low_cost_llm,potential_pii_evidence,True,0.9978049993515015,confident_pii,False,True,True,0.046975,46.9747,0.925,0.925,yes,no,no,no,no,no,no,no,no,no,yes,no,True,20260909_112646,sweep1_ambiguous_bert,local,bert,distilbert-base-multilingual-cased-v1,not_applicable,local_model,bert_prefilter,gdpr_pii_detection
SYN-TRAINING_EVALUATION-0103,synthetic_training_evaluation_0103.txt,form,training_evaluation,en,synthetic_generation,,,synthetic,2026-08-28,2026-08-28,2026-08-28,0,"Training Evaluation

Participant: Gregory Daniels
Contact: Central Contact Point
Course: Leadership Development
Date: 2025-01-01
Content: The Leadership Development course provided valuable insights into effective team management and strategic decision-making. The interactive sessions facilitated engaging discussions, which enhanced our learning experience.
Trainer: Internal Training Team
Material: Satisfactory
Comments: Gregory Daniels expressed that the course was well-structured and the materials were satisfactory. He appreciated the emphasis on real-world scenarios that allowed participants to apply theoretical concepts.
Recommendation: It is recommended that future sessions incorporate more case studies to further enrich the learning experience for participants like Gregory Daniels.",yes,yes,no,no,no,no,no,no,no,no,no,no,no,PERSON,PERSON,1,1,easy,no,none,no,train,yes,openrouter_gpt4o_mini_field,field_llm_v1,no,,,v2,Synthetic document generated for controlled PII training data.,"[{'type': 'DATE_TIME', 'value': '2025-01-01', 'confidence': 0.95, 'source': 'presidio', 'start': 118, 'end': 128}, {'type': 'PERSON', 'value': 'Gregory Daniels', 'confidence': 0.85, 'source': 'presidio', 'start': 34, 'end': 49}, {'type': 'PERSON', 'value': 'Gregory Daniels', 'confidence': 0.85, 'source': 'presidio', 'start': 425, 'end': 440}, {'type': 'PERSON', 'value': 'Gregory Daniels', 'confidence': 0.85, 'source': 'presidio', 'start': 782, 'end': 797}]","{""PERSON"": 0.9976, ""DATE_TIME"": 0.9681}","['DATE_TIME', 'PERSON']",[],"['DATE_TIME', 'PERSON']",False,True,False,low_cost_llm,potential_pii_evidence,True,0.999783992767334,confident_pii,False,True,True,0.046975,46.9747,0.925,0.925,yes,no,no,no,no,no,no,no,yes,no,no,no,True,20260909_112646,sweep1_ambiguous_bert,local,bert,distilbert-base-multilingual-cased-v1,not_applicable,local_model,bert_prefilter,gdpr_pii_detection
SYN-TRAINING_EVALUATION-0109,synthetic_training_evaluation_0109.txt,form,training_evaluation,en,synthetic_generation,,,synthetic,2026-08-28,2026-08-28,2026-08-28,0,"Training Evaluation

Participant: Mark Wilson
Contact: Department Contact
Course: Project Management Fundamentals
Date: 2026-01-27
Content: The Project Management Fundamentals course delivered by Learning and Development was highly informative and well-structured. Mark Wilson gained valuable insights into effective project planning and resource allocation. The practical exercises enhanced understanding and application of theoretical concepts.
Trainer: Learning and Development
Material: Good
Comments: https://www.parks.net/
Recommendation: Consider incorporating more case studies to illustrate real-world applications of project management principles, which could further enrich the learning experience.",yes,yes,no,no,no,no,no,no,no,no,no,yes,no,PERSON; URL,MULTIPLE,2,2,easy,no,none,no,train,yes,openrouter_gpt4o_mini_field,field_llm_v1,no,,,v2,Synthetic document generated for controlled PII training data.,"[{'type': 'DATE_TIME', 'value': '2026-01-27', 'confidence': 0.95, 'source': 'presidio', 'start': 120, 'end': 130}, {'type': 'PERSON', 'value': 'Mark Wilson', 'confidence': 0.85, 'source': 'presidio', 'start': 34, 'end': 45}, {'type': 'PERSON', 'value': 'Mark Wilson', 'confidence': 0.85, 'source': 'presidio', 'start': 265, 'end': 276}, {'type': 'URL', 'value': 'https://www.parks.net/', 'confidence': 0.6, 'source': 'presidio', 'start': 506, 'end': 528}, {'type': 'URL', 'value': 'https://www.parks.net', 'confidence': 0.9, 'source': 'custom_regex', 'start': 506, 'end': 527}]","{""PERSON"": 0.9903, ""URL"": 0.9844}","['DATE_TIME', 'PERSON', 'URL']",[],"['DATE_TIME', 'PERSON', 'URL']",False,True,False,low_cost_llm,potential_pii_evidence,True,0.9980810284614563,confident_pii,False,True,True,0.046975,46.9747,0.925,0.925,yes,no,no,no,no,no,no,no,no,no,yes,no,True,20260909_112646,sweep1_ambiguous_bert,local,bert,distilbert-base-multilingual-cased-v1,not_applicable,local_model,bert_prefilter,gdpr_pii_detection
SYN-TRAINING_EVALUATION-0110,synthetic_training_evaluation_0110.txt,form,training_evaluation,de,synthetic_generation,,,synthetic,2026-08-28,2026-08-28,2026-08-28,0,"Schulungsbewertung

Teilnehmer: Artur Niemeier
Kontakt: Abteilungskontakt
Kurs: Leadership Development
Datum: 2026-12-28
Inhalt: Die Führungskompetenzen wurden in dieser Sitzung teilweise gut vermittelt, jedoch fehlte es an praktischen Übungen, um das Gelernte anzuwenden. Weitere interaktive Elemente könnten die Teilnehmer stärker einbeziehen und das Verständnis vertiefen.
Trainer: Internal Training Team
Material: Needs Improvement
Kommentare: https://schleich.org/
Empfehlung: Es wäre hilfreich, zukünftige Schulungen mit mehr Fallstudien und Rollenspielen anzureichern, um die Theorie praxisnah zu verknüpfen.",yes,yes,no,no,no,no,no,no,no,no,no,yes,no,PERSON; URL,MULTIPLE,2,2,easy,no,none,no,validation,yes,openrouter_gpt4o_mini_field,field_llm_v1,no,,,v2,Synthetic document generated for controlled PII training data.,"[{'type': 'PERSON', 'value': 'Artur Niemeier', 'confidence': 0.85, 'source': 'presidio', 'start': 32, 'end': 46}, {'type': 'LOCATION', 'value': 'https://schleich.org', 'confidence': 0.85, 'source': 'presidio', 'start': 448, 'end': 468}, {'type': 'DATE_TIME', 'value': '2026-12-28', 'confidence': 0.6, 'source': 'presidio', 'start': 110, 'end': 120}, {'type': 'URL', 'value': 'https://schleich.org/', 'confidence': 0.6, 'source': 'presidio', 'start': 448, 'end': 469}, {'type': 'URL', 'value': 'https://schleich.org', 'confidence': 0.9, 'source': 'custom_regex', 'start': 448, 'end': 468}]","{""PERSON"": 0.9904, ""URL"": 0.987}","['DATE_TIME', 'LOCATION', 'PERSON', 'URL']",[],"['PERSON', 'LOCATION', 'DATE_TIME', 'URL']",False,True,False,low_cost_llm,potential_pii_evidence,True,0.9984089732170105,confident_pii,False,True,True,0.046975,46.9747,0.925,0.925,yes,no,no,no,no,no,no,no,no,no,yes,no,True,20260909_112646,sweep1_ambiguous_bert,local,bert,distilbert-base-multilingual-cased-v1,not_applicable,local_model,bert_prefilter,gdpr_pii_detection
SYN-TRAINING_EVALUATION-0125,synthetic_training_evaluation_0125.txt,form,training_evaluation,en,synthetic_generation,,,synthetic,2026-08-28,2026-08-28,2026-08-28,0,"Training Evaluation

Participant: Thomas James
Contact: Department Contact
Course: Data Protection Essentials
Date: 2026-07-01
Content: The training course on Data Protection Essentials provided by Learning and Development was highly informative and well-structured. Thomas James engaged with the material effectively, demonstrating a solid understanding of the core principles of data protection regulations and best practices. The interactive elements of the course allowed for practical application of the concepts discussed, which enhanced the learning experience. It is recommended that Thomas continues to explore advanced topics in data protection to deepen his knowledge further and stay updated with the latest regulatory changes.
Trainer: Learning and Development
Material: Very Good
Comments: https://villa-smith.com/
Recommendation: To further improve his expertise, Thomas should consider additional training sessions focused on specific areas of data protection, such as GDPR compliance and risk assessment strategies. Engaging in peer discussions or forums could also provide valuable insights and foster a deeper understanding of real-world applications.",yes,yes,no,no,no,no,no,no,no,no,no,yes,no,PERSON; URL,MULTIPLE,2,2,easy,no,none,no,train,yes,openrouter_gpt4o_mini_field,field_llm_v1,no,,,v2,Synthetic document generated for controlled PII training data.,"[{'type': 'DATE_TIME', 'value': '2026-07-01', 'confidence': 0.95, 'source': 'presidio', 'start': 116, 'end': 126}, {'type': 'PERSON', 'value': 'Thomas James\nContact', 'confidence': 0.85, 'source': 'presidio', 'start': 34, 'end': 54}, {'type': 'PERSON', 'value': 'Thomas James', 'confidence': 0.85, 'source': 'presidio', 'start': 267, 'end': 279}, {'type': 'URL', 'value': 'https://villa-smith.com/', 'confidence': 0.6, 'source': 'presidio', 'start': 804, 'end': 828}, {'type': 'URL', 'value': 'https://villa-smith.com', 'confidence': 0.9, 'source': 'custom_regex', 'start': 804, 'end': 827}]","{""PERSON"": 0.9927, ""URL"": 0.9843}","['DATE_TIME', 'PERSON', 'URL']",[],"['DATE_TIME', 'PERSON', 'URL']",False,True,False,low_cost_llm,potential_pii_evidence,True,0.9986259937286377,confident_pii,False,True,True,0.046975,46.9747,0.925,0.925,yes,no,no,no,no,no,no,no,no,no,yes,no,True,20260909_112646,sweep1_ambiguous_bert,local,bert,distilbert-base-multilingual-cased-v1,not_applicable,local_model,bert_prefilter,gdpr_pii_detection
SYN-TRAINING_EVALUATION-0128,synthetic_training_evaluation_0128.txt,form,training_evaluation,en,synthetic_generation,,,synthetic,2026-08-28,2026-08-28,2026-08-28,0,"Training Evaluation

Participant: Brandy James
Contact: Central Contact Point
Course: Cybersecurity Awareness
Date: 2024-10-24
Content: The Cybersecurity Awareness course provided by the External Training Provider was informative and effectively covered essential topics. The materials presented were engaging and relevant to current cybersecurity threats.
Trainer: External Training Provider
Material: Satisfactory
Comments: Brandy James expressed satisfaction with the delivery of the course. The interactive elements helped reinforce the learning objectives, making it easier to grasp complex concepts.
Recommendation: To enhance future training sessions, it is recommended to include more case studies that involve real-world scenarios. This could further improve participant engagement and practical understanding.",yes,yes,no,no,no,no,no,no,no,yes,no,no,no,PERSON; DATE_TIME,MULTIPLE,2,2,easy,no,none,no,validation,yes,openrouter_gpt4o_mini_field,field_llm_v1,no,,,v2,Synthetic document generated for controlled PII training data.,"[{'type': 'DATE_TIME', 'value': '2024-10-24', 'confidence': 0.95, 'source': 'presidio', 'start': 116, 'end': 126}, {'type': 'PERSON', 'value': 'Brandy James\nContact:', 'confidence': 0.85, 'source': 'presidio', 'start': 34, 'end': 55}, {'type': 'PERSON', 'value': 'Brandy James', 'confidence': 0.85, 'source': 'presidio', 'start': 426, 'end': 438}]","{""PERSON"": 0.9975, ""DATE_TIME"": 0.9747}","['DATE_TIME', 'PERSON']",[],"['DATE_TIME', 'PERSON']",False,True,False,low_cost_llm,potential_pii_evidence,True,0.9997820258140564,confident_pii,False,True,True,0.046975,46.9747,0.925,0.925,yes,no,no,no,no,no,no,no,yes,no,no,no,True,20260909_112646,sweep1_ambiguous_bert,local,bert,distilbert-base-multilingual-cased-v1,not_applicable,local_model,bert_prefilter,gdpr_pii_detection
SYN-TRAINING_EVALUATION-0135,synthetic_training_evaluation_0135.txt,form,training_evaluation,en,synthetic_generation,,,synthetic,2026-08-28,2026-08-28,2026-08-28,0,"Training Evaluation

Participant: Heather Harris
Contact: Service Team
Course: Process Improvement Workshop
Date: 2026-08-06
Content: Heather Harris demonstrated a solid understanding of the key concepts presented during the Process Improvement Workshop. Her active participation in discussions helped clarify complex topics and showcased her ability to engage with the material effectively. Throughout the workshop, Heather asked insightful questions that contributed to group learning and facilitated deeper discussions among peers. Overall, her performance was commendable, and she exhibited a strong grasp of process improvement techniques.
Trainer: Learning and Development
Material: Very Good
Comments: In reviewing Heather Harris's contributions during the workshop, it is clear that she possesses a strong analytical mindset. Her ability to articulate her thoughts and encourage dialogue among her colleagues stands out. However, there is room for improvement in applying the learned concepts to real-world scenarios. Encouraging Heather to develop practical case studies or apply the techniques to her current projects could enhance her understanding and implementation of process improvements.
Recommendation: To further build on her strengths, I recommend that Heather Harris engages in follow-up sessions focused on practical application of the strategies discussed in the workshop. Additionally, pairing her with a mentor who has experience in process improvement could provide her with valuable insights and guidance. Participating in cross-functional team projects may also offer her opportunities to apply her skills in diverse contexts, fostering both personal and professional growth.",yes,yes,no,no,no,no,no,no,no,no,no,no,no,PERSON,PERSON,1,1,easy,no,none,no,train,yes,openrouter_gpt4o_mini_field,field_llm_v1,no,,,v2,Synthetic document generated for controlled PII training data.,"[{'type': 'DATE_TIME', 'value': '2026-08-06', 'confidence': 0.95, 'source': 'presidio', 'start': 114, 'end': 124}, {'type': 'PERSON', 'value': 'Heather Harris\nContact: Service Team', 'confidence': 0.85, 'source': 'presidio', 'start': 34, 'end': 70}, {'type': 'PERSON', 'value': 'Heather Harris', 'confidence': 0.85, 'source': 'presidio', 'start': 134, 'end': 148}, {'type': 'PERSON', 'value': ""Heather Harris's"", 'confidence': 0.85, 'source': 'presidio', 'start': 722, 'end': 738}, {'type': 'PERSON', 'value': 'Heather Harris', 'confidence': 0.85, 'source': 'presidio', 'start': 1272, 'end': 1286}]","{""PERSON"": 0.9978, ""DATE_TIME"": 0.972}","['DATE_TIME', 'PERSON']",[],"['DATE_TIME', 'PERSON']",False,True,False,low_cost_llm,potential_pii_evidence,True,0.9997990131378174,confident_pii,False,True,True,0.046975,46.9747,0.925,0.925,yes,no,no,no,no,no,no,no,yes,no,no,no,True,20260909_112646,sweep1_ambiguous_bert,local,bert,distilbert-base-multilingual-cased-v1,not_applicable,local_model,bert_prefilter,gdpr_pii_detection
SYN-TRAINING_EVALUATION-0147,synthetic_training_evaluation_0147.txt,form,training_evaluation,de,synthetic_generation,,,synthetic,2026-08-28,2026-08-28,2026-08-28,0,"Schulungsbewertung

Teilnehmer: Bewertungsteilnehmende Person
Kontakt: Abteilungskontakt
Kurs: Leadership Development
Datum: 2026-01-22
Inhalt: Die Schulung hat wertvolle Ansätze zur Verbesserung der Führungsfähigkeiten vermittelt. Besonders die interaktiven Elemente haben zur aktiven Teilnahme angeregt. Dennoch sollten einige Themen vertieft werden, um einen umfassenderen Überblick zu gewährleisten.
Trainer: External Training Provider
Material: Needs Improvement
Kommentare: Annelies Schüler
Empfehlung: Ich empfehle, in zukünftigen Schulungen zusätzliche Materialien bereitzustellen, die die behandelten Themen vertiefen. Eine ausführliche Nachbereitung könnte ebenfalls hilfreich sein.",yes,yes,no,no,no,no,no,no,no,yes,no,no,no,PERSON; DATE_TIME,MULTIPLE,2,2,easy,no,none,no,train,yes,openrouter_gpt4o_mini_field,field_llm_v1,no,,,v2,Synthetic document generated for controlled PII training data.,"[{'type': 'PERSON', 'value': 'Annelies Schüler', 'confidence': 0.85, 'source': 'presidio', 'start': 480, 'end': 496}]","{""PERSON"": 0.9974, ""DATE_TIME"": 0.9801}",['PERSON'],[],['PERSON'],False,True,False,low_cost_llm,potential_pii_evidence,True,0.9997739791870117,confident_pii,False,True,True,0.046975,46.9747,0.925,0.925,yes,no,no,no,no,no,no,no,yes,no,no,no,True,20260909_112646,sweep1_ambiguous_bert,local,bert,distilbert-base-multilingual-cased-v1,not_applicable,local_model,bert_prefilter,gdpr_pii_detection
SYN-TRAINING_EVALUATION-0157,synthetic_training_evaluation_0157.txt,form,training_evaluation,en,synthetic_generation,,,synthetic,2026-08-28,2026-08-28,2026-08-28,0,"Training Evaluation

Participant: Matthew Howell
Contact: Department Contact
Course: Leadership Development
Date: 2025-02-18
Content: The Leadership Development course provided valuable insights into effective team management and decision-making. However, the pacing felt rushed, especially in the latter half of the session. More interactive elements could enhance participant engagement and retention.
Trainer: Internal Training Team
Material: Needs Improvement
Comments: Matthew Howell expressed that while the course covered essential topics, there was a lack of depth in certain areas. He noted that case studies could be beneficial in illustrating practical applications of the concepts discussed.
Recommendation: To improve future sessions, consider extending the duration of the course or incorporating breakout sessions. Additionally, integrating more real-world scenarios and group discussions could significantly enhance the learning experience.",yes,yes,no,no,no,no,no,no,no,no,no,no,no,PERSON,PERSON,1,1,easy,no,none,no,train,yes,openrouter_gpt4o_mini_field,field_llm_v1,no,,,v2,Synthetic document generated for controlled PII training data.,"[{'type': 'DATE_TIME', 'value': '2025-02-18', 'confidence': 0.95, 'source': 'presidio', 'start': 114, 'end': 124}, {'type': 'PERSON', 'value': 'Matthew Howell\nContact', 'confidence': 0.85, 'source': 'presidio', 'start': 34, 'end': 56}, {'type': 'PERSON', 'value': 'Matthew Howell', 'confidence': 0.85, 'source': 'presidio', 'start': 474, 'end': 488}]","{""PERSON"": 0.9978, ""DATE_TIME"": 0.9714}","['DATE_TIME', 'PERSON']",[],"['DATE_TIME', 'PERSON']",False,True,False,low_cost_llm,potential_pii_evidence,True,0.9998279809951782,confident_pii,False,True,True,0.046975,46.9747,0.925,0.925,yes,no,no,no,no,no,no,no,yes,no,no,no,True,20260909_112646,sweep1_ambiguous_bert,local,bert,distilbert-base-multilingual-cased-v1,not_applicable,local_model,bert_prefilter,gdpr_pii_detection
SYN-TRAINING_EVALUATION-0174,synthetic_training_evaluation_0174.txt,form,training_evaluation,de,synthetic_generation,,,synthetic,2026-08-28,2026-08-28,2026-08-28,0,"Schulungsbewertung

Teilnehmer: Bewertungsteilnehmende Person
Kontakt: Serviceteam
Kurs: Project Management Fundamentals
Datum: 2025-04-23
Inhalt: Die Schulung von Dolores Gierschner-Hecker war informativ, aber die Materialien könnten klarer strukturiert sein. Einige Konzepte wurden nicht ausreichend vertieft, was zu Unsicherheiten bei den Teilnehmenden führte.
Trainer: Dolores Gierschner-Hecker
Material: Needs Improvement
Kommentare: http://gutknecht.de/
Empfehlung: Es wäre hilfreich, zusätzliche Beispiele und praktische Übungen anzubieten, um das Verständnis zu fördern und die Teilnehmenden aktiver einzubeziehen.",yes,yes,no,no,no,no,no,no,no,no,no,yes,no,PERSON; URL,MULTIPLE,2,2,easy,no,none,no,test,yes,openrouter_gpt4o_mini_field,field_llm_v1,no,,,v2,Synthetic document generated for controlled PII training data.,"[{'type': 'PERSON', 'value': 'Dolores Gierschner-Hecker', 'confidence': 0.85, 'source': 'presidio', 'start': 164, 'end': 189}, {'type': 'PERSON', 'value': 'Dolores Gierschner-Hecker', 'confidence': 0.85, 'source': 'presidio', 'start': 373, 'end': 398}, {'type': 'DATE_TIME', 'value': '2025-04-23', 'confidence': 0.6, 'source': 'presidio', 'start': 128, 'end': 138}, {'type': 'URL', 'value': 'http://gutknecht.de/', 'confidence': 0.6, 'source': 'presidio', 'start': 439, 'end': 459}, {'type': 'URL', 'value': 'http://gutknecht.de', 'confidence': 0.9, 'source': 'custom_regex', 'start': 439, 'end': 458}]","{""PERSON"": 0.9898, ""URL"": 0.9864}","['DATE_TIME', 'PERSON', 'URL']",[],"['PERSON', 'DATE_TIME', 'URL']",False,True,False,low_cost_llm,potential_pii_evidence,True,0.9980599880218506,confident_pii,False,True,True,0.046975,46.9747,0.925,0.925,yes,no,no,no,no,no,no,no,no,no,yes,no,True,20260909_112646,sweep1_ambiguous_bert,local,bert,distilbert-base-multilingual-cased-v1,not_applicable,local_model,bert_prefilter,gdpr_pii_detection
SYN-TRAINING_EVALUATION-0185,synthetic_training_evaluation_0185.txt,form,training_evaluation,de,synthetic_generation,,,synthetic,2026-08-28,2026-08-28,2026-08-28,0,"Schulungsbewertung

Teilnehmer: Herr Juan Mangold B.Sc.
Kontakt: Zentrale Kontaktstelle
Kurs: Process Improvement Workshop
Datum: 2026-05-17
Inhalt: Herr Juan Mangold B.Sc. äußerte, dass die Schulungsinhalte in einigen Bereichen nicht ausreichend auf die praktischen Anwendungen eingehen. Besonders der Abschnitt zu Prozessoptimierungen könnte konkretere Beispiele und Übungen beinhalten, um die Theorie besser zu veranschaulichen.
Trainer: Internal Training Team
Material: Needs Improvement
Kommentare: http://www.beer.net/
Empfehlung: Es wird empfohlen, die Schulungsmaterialien zu überarbeiten, um praxisnahe Fallstudien und interaktive Elemente einzuführen. Dies könnte die Teilnehmerbindung erhöhen und die Lernziele effektiver erreichen.",yes,yes,no,no,no,no,no,no,no,no,no,yes,no,PERSON; URL,MULTIPLE,2,2,easy,no,none,no,test,yes,openrouter_gpt4o_mini_field,field_llm_v1,no,,,v2,Synthetic document generated for controlled PII training data.,"[{'type': 'PERSON', 'value': 'Juan Mangold', 'confidence': 0.85, 'source': 'presidio', 'start': 37, 'end': 49}, {'type': 'PERSON', 'value': 'Juan Mangold', 'confidence': 0.85, 'source': 'presidio', 'start': 154, 'end': 166}, {'type': 'DATE_TIME', 'value': '2026-05-17', 'confidence': 0.6, 'source': 'presidio', 'start': 130, 'end': 140}, {'type': 'URL', 'value': 'http://www.beer.net/', 'confidence': 0.6, 'source': 'presidio', 'start': 504, 'end': 524}, {'type': 'URL', 'value': 'B.Sc', 'confidence': 0.5, 'source': 'presidio', 'start': 50, 'end': 54}, {'type': 'URL', 'value': 'B.Sc', 'confidence': 0.5, 'source': 'presidio', 'start': 167, 'end': 171}, {'type': 'URL', 'value': 'http://www.beer.net', 'confidence': 0.9, 'source': 'custom_regex', 'start': 504, 'end': 523}]","{""PERSON"": 0.992, ""URL"": 0.9838}","['DATE_TIME', 'PERSON', 'URL']",[],"['PERSON', 'DATE_TIME', 'URL']",False,True,True,low_cost_llm,potential_pii_evidence,True,0.9986159801483154,confident_pii,False,True,True,0.046975,46.9747,0.925,0.925,yes,no,no,no,no,no,no,no,no,no,yes,no,True,20260909_112646,sweep1_ambiguous_bert,local,bert,distilbert-base-multilingual-cased-v1,not_applicable,local_model,bert_prefilter,gdpr_pii_detection
SYN-TRAINING_EVALUATION-0196,synthetic_training_evaluation_0196.txt,form,training_evaluation,de,synthetic_generation,,,synthetic,2026-08-28,2026-08-28,2026-08-28,0,"Schulungsbewertung

Teilnehmer: Reingard Kabus
Kontakt: Serviceteam
Kurs: Project Management Fundamentals
Datum: 2024-09-19
Inhalt: Im Kurs ""Project Management Fundamentals"" hat Reingard Kabus bemerkenswerte Fortschritte gemacht. Sie hat ein gutes Verständnis für grundlegende Projektmanagement-Methoden gezeigt und aktiv an Diskussionen teilgenommen. Ihr Engagement und ihre Fähigkeit, komplexe Themen zu analysieren, sind besonders hervorzuheben. Eine vertiefte Auseinandersetzung mit spezifischen Projektmanagement-Tools könnte ihr jedoch helfen, die erlernten Konzepte noch besser anzuwenden und in realen Szenarien umzusetzen.
Trainer: Learning and Development
Material: Very Good
Kommentare: http://steckel.com/
Empfehlung: Ich empfehle, dass Reingard nach Abschluss des Kurses an weiterführenden Schulungen teilnimmt, die sich auf agile Methoden konzentrieren. Dies würde ihr helfen, ihre Kenntnisse zu erweitern und sich auf künftige Herausforderungen im Projektmanagement vorzubereiten. Darüber hinaus könnte eine Teilnahme an praktischen Workshops ihre Fähigkeiten in der Anwendung der Theorie in der Praxis verbessern.",yes,yes,no,no,no,no,no,no,no,no,no,yes,no,PERSON; URL,MULTIPLE,2,2,easy,no,none,no,train,yes,openrouter_gpt4o_mini_field,field_llm_v1,no,,,v2,Synthetic document generated for controlled PII training data.,"[{'type': 'PERSON', 'value': 'Reingard Kabus', 'confidence': 0.85, 'source': 'presidio', 'start': 32, 'end': 46}, {'type': 'PERSON', 'value': 'Reingard Kabus', 'confidence': 0.85, 'source': 'presidio', 'start': 178, 'end': 192}, {'type': 'LOCATION', 'value': 'Projektmanagement-Tools', 'confidence': 0.85, 'source': 'presidio', 'start': 500, 'end': 523}, {'type': 'DATE_TIME', 'value': '2024-09-19', 'confidence': 0.6, 'source': 'presidio', 'start': 113, 'end': 123}, {'type': 'URL', 'value': 'http://steckel.com/', 'confidence': 0.6, 'source': 'presidio', 'start': 698, 'end': 717}, {'type': 'URL', 'value': 'http://steckel.com', 'confidence': 0.9, 'source': 'custom_regex', 'start': 698, 'end': 716}]","{""PERSON"": 0.9926, ""URL"": 0.9837}","['DATE_TIME', 'LOCATION', 'PERSON', 'URL']",[],"['PERSON', 'LOCATION', 'DATE_TIME', 'URL']",False,True,False,low_cost_llm,potential_pii_evidence,True,0.9983599781990051,confident_pii,False,True,True,0.046975,46.9747,0.925,0.925,yes,no,no,no,no,no,no,no,no,no,yes,no,True,20260909_112646,sweep1_ambiguous_bert,local,bert,distilbert-base-multilingual-cased-v1,not_applicable,local_model,bert_prefilter,gdpr_pii_detection
SYN-TRAINING_EVALUATION-0199,synthetic_training_evaluation_0199.txt,form,training_evaluation,de,synthetic_generation,,,synthetic,2026-08-28,2026-08-28,2026-08-28,0,"Schulungsbewertung

Teilnehmer: Patrick Bender
Kontakt: Zentrale Kontaktstelle
Kurs: Cybersecurity Awareness
Datum: 2024-12-07
Inhalt: Die Schulung zum Thema Cybersecurity Awareness war informativ, jedoch fehlte es an interaktiven Elementen, die das Engagement der Teilnehmer fördern könnten. Patrick Bender empfahl, mehr Fallstudien und praktische Übungen einzuführen, um das Verständnis zu vertiefen.
Trainer: Learning and Development
Material: Needs Improvement
Kommentare: http://www.suessebier.de/
Empfehlung: Es wird empfohlen, die Schulungsmaterialien zu überarbeiten und interaktive Module hinzuzufügen, um die Lernmotivation der Teilnehmer zu steigern.",yes,yes,no,no,no,no,no,no,no,no,no,yes,no,PERSON; URL,MULTIPLE,2,2,easy,no,none,no,validation,yes,openrouter_gpt4o_mini_field,field_llm_v1,no,,,v2,Synthetic document generated for controlled PII training data.,"[{'type': 'PERSON', 'value': 'Patrick Bender', 'confidence': 0.85, 'source': 'presidio', 'start': 32, 'end': 46}, {'type': 'PERSON', 'value': 'Patrick Bender', 'confidence': 0.85, 'source': 'presidio', 'start': 293, 'end': 307}, {'type': 'DATE_TIME', 'value': '2024-12-07', 'confidence': 0.6, 'source': 'presidio', 'start': 116, 'end': 126}, {'type': 'URL', 'value': 'http://www.suessebier.de/', 'confidence': 0.6, 'source': 'presidio', 'start': 477, 'end': 502}, {'type': 'URL', 'value': 'http://www.suessebier.de', 'confidence': 0.9, 'source': 'custom_regex', 'start': 477, 'end': 501}]","{""PERSON"": 0.9893, ""URL"": 0.9859}","['DATE_TIME', 'PERSON', 'URL']",[],"['PERSON', 'DATE_TIME', 'URL']",False,True,False,low_cost_llm,potential_pii_evidence,True,0.9980850219726562,confident_pii,False,True,True,0.046975,46.9747,0.925,0.925,yes,no,no,no,no,no,no,no,no,no,yes,no,True,20260909_112646,sweep1_ambiguous_bert,local,bert,distilbert-base-multilingual-cased-v1,not_applicable,local_model,bert_prefilter,gdpr_pii_detection
SYN-TRAINING_EVALUATION-0200,synthetic_training_evaluation_0200.txt,form,training_evaluation,en,synthetic_generation,,,synthetic,2026-08-28,2026-08-28,2026-08-28,0,"Training Evaluation

Participant: Susan Rodriguez
Contact: Service Team
Course: Data Protection Essentials
Date: 2026-11-05
Content: The training session on Data Protection Essentials, led by the Learning and Development team, provided valuable insights into current data protection regulations and best practices. Participants, including Susan Rodriguez, expressed appreciation for the comprehensive nature of the materials presented. The interactive components of the course facilitated a deeper understanding of the subject matter, allowing attendees to engage with real-world scenarios. However, it was noted that some of the case studies could be more aligned with the specific challenges faced within our organization to enhance relevance and application in daily operations.
Trainer: Learning and Development
Material: Good
Comments: 2025-07-20
Recommendation: To improve future training sessions, it is recommended that the Learning and Development team incorporate more tailored case studies that reflect the specific data protection challenges and scenarios relevant to our organization. Additionally, providing supplementary resources for further reading may help reinforce the concepts covered in the training.",yes,yes,no,no,no,no,no,no,no,yes,no,no,no,PERSON; DATE_TIME,MULTIPLE,2,2,easy,no,none,no,train,yes,openrouter_gpt4o_mini_field,field_llm_v1,no,,,v2,Synthetic document generated for controlled PII training data.,"[{'type': 'DATE_TIME', 'value': '2026-11-05', 'confidence': 0.95, 'source': 'presidio', 'start': 113, 'end': 123}, {'type': 'PERSON', 'value': 'Susan Rodriguez\nContact: Service Team', 'confidence': 0.85, 'source': 'presidio', 'start': 34, 'end': 71}, {'type': 'PERSON', 'value': 'Susan Rodriguez', 'confidence': 0.85, 'source': 'presidio', 'start': 339, 'end': 354}]","{""PERSON"": 0.9977, ""DATE_TIME"": 0.9769}","['DATE_TIME', 'PERSON']",[],"['DATE_TIME', 'PERSON']",False,True,False,low_cost_llm,potential_pii_evidence,True,0.9997699856758118,confident_pii,False,True,True,0.046975,46.9747,0.925,0.925,yes,no,no,no,no,no,no,no,yes,no,no,no,True,20260909_112646,sweep1_ambiguous_bert,local,bert,distilbert-base-multilingual-cased-v1,not_applicable,local_model,bert_prefilter,gdpr_pii_detection
SYN-TRAINING_EVALUATION-0207,synthetic_training_evaluation_0207.txt,form,training_evaluation,de,synthetic_generation,,,synthetic,2026-08-28,2026-08-28,2026-08-28,0,"Schulungsbewertung

Teilnehmer: Bewertungsteilnehmende Person
Kontakt: Zentrale Kontaktstelle
Kurs: Data Protection Essentials
Datum: 2026-10-06
Inhalt: Die Schulung zu den Grundlagen des Datenschutzes, die am 6. Oktober 2026 unter der Leitung von Nicolai Dehmel B.Eng. stattfand, war insgesamt informativ und gut strukturiert. Die Teilnehmer zeigten ein hohes Maß an Engagement, was sich in der aktiven Teilnahme an den Diskussionen widerspiegelte. Besonders positiv hervorzuheben ist die klare Kommunikation der rechtlichen Rahmenbedingungen sowie die praktischen Beispiele, die zur Veranschaulichung der Themen genutzt wurden. Ein Verbesserungsvorschlag wäre, mehr interaktive Elemente einzuführen, um das Wissen der Teilnehmer noch stärker anzuwenden und zu vertiefen. Darüber hinaus könnten spezifische Fallstudien aus der Branche integriert werden, um die Relevanz der Inhalte zu erhöhen.
Trainer: Nicolai Dehmel B.Eng.
Material: Satisfactory
Kommentare: https://weiss.de/
Empfehlung: Es wird empfohlen, zukünftige Schulungen um interaktive Workshops zu erweitern, in denen die Teilnehmer in Gruppenarbeit spezifische Datenschutzszenarien bearbeiten können. Dies würde nicht nur das Verständnis vertiefen, sondern auch den Austausch unter den Teilnehmern fördern. Zudem könnte eine Nachbesprechung der praktischen Übungen in Form von Feedback-Runden etabliert werden, um die Lernerfahrungen zu optimieren.",yes,yes,no,no,no,no,no,no,no,no,no,yes,no,PERSON; URL,MULTIPLE,2,2,easy,no,none,no,test,yes,openrouter_gpt4o_mini_field,field_llm_v1,no,,,v2,Synthetic document generated for controlled PII training data.,"[{'type': 'PERSON', 'value': 'Nicolai Dehmel', 'confidence': 0.85, 'source': 'presidio', 'start': 248, 'end': 262}, {'type': 'PERSON', 'value': 'Nicolai Dehmel', 'confidence': 0.85, 'source': 'presidio', 'start': 904, 'end': 918}, {'type': 'DATE_TIME', 'value': '2026-10-06', 'confidence': 0.6, 'source': 'presidio', 'start': 134, 'end': 144}, {'type': 'URL', 'value': 'https://weiss.de/', 'confidence': 0.6, 'source': 'presidio', 'start': 961, 'end': 978}, {'type': 'URL', 'value': 'https://weiss.de', 'confidence': 0.9, 'source': 'custom_regex', 'start': 961, 'end': 977}]","{""PERSON"": 0.9901}","['DATE_TIME', 'PERSON', 'URL']",[],"['PERSON', 'DATE_TIME', 'URL']",False,True,False,low_cost_llm,potential_pii_evidence,True,0.9978579878807068,confident_pii,False,True,True,0.046975,46.9747,0.925,0.925,yes,no,no,no,no,no,no,no,no,no,no,no,True,20260909_112646,sweep1_ambiguous_bert,local,bert,distilbert-base-multilingual-cased-v1,not_applicable,local_model,bert_prefilter,gdpr_pii_detection
SYN-TRAINING_EVALUATION-0214,synthetic_training_evaluation_0214.txt,form,training_evaluation,de,synthetic_generation,,,synthetic,2026-08-28,2026-08-28,2026-08-28,0,"Schulungsbewertung

Teilnehmer: Teilnehmerangaben nicht angegeben
Kontakt: Abteilungskontakt
Kurs: Project Management Fundamentals
Datum: 2025-09-16
Inhalt: Die Schulung ""Project Management Fundamentals"", die am 16. September 2025 unter der Leitung von Herrn Aribert Gorlitz stattfand, hat sich als äußerst informativ und praxisnah erwiesen. Die Teilnehmer konnten wertvolle Einblicke in die Grundlagen des Projektmanagements gewinnen, die direkt in ihrem beruflichen Alltag angewendet werden können. Die behandelten Themen umfassten unter anderem die Planung, Durchführung und Kontrolle von Projekten, sowie die Bedeutung der Kommunikation im Team. Insgesamt wurde das Material als sehr gut bewertet und trug maßgeblich zum Lernerfolg der Teilnehmer bei.
Trainer: Herr Aribert Gorlitz
Material: Very Good
Kommentare: Die Rückmeldungen der Teilnehmer zu der Schulung waren durchweg positiv. Viele hoben hervor, dass Herr Aribert Gorlitz die Inhalte verständlich und anschaulich präsentierte. Besonders geschätzt wurden die interaktiven Elemente, die die Teilnehmer dazu anregten, ihr Wissen aktiv einzubringen. Einige Teilnehmer äußerten jedoch den Wunsch nach mehr Praxisbeispielen aus realen Projekten, um die theoretischen Konzepte besser nachvollziehen zu können.
Empfehlung: Um die Qualität zukünftiger Schulungen zu steigern, könnte Herr Aribert Gorlitz in die nächsten Sessions verstärkt praktische Fallstudien einbeziehen. Dies würde den Teilnehmern helfen, die erlernten Konzepte in realen Szenarien zu erleben und besser zu verinnerlichen. Zudem wäre es sinnvoll, eine kurze Umfrage am Ende der Schulung durchzuführen, um gezielt auf die Wünsche der Teilnehmer eingehen zu können.",yes,yes,no,no,no,no,no,no,no,yes,no,no,no,PERSON; DATE_TIME,MULTIPLE,2,2,easy,no,none,no,train,yes,openrouter_gpt4o_mini_field,field_llm_v1,no,,,v2,Synthetic document generated for controlled PII training data.,"[{'type': 'LOCATION', 'value': 'Teilnehmerangaben', 'confidence': 0.85, 'source': 'presidio', 'start': 32, 'end': 49}, {'type': 'PERSON', 'value': 'Aribert Gorlitz', 'confidence': 0.85, 'source': 'presidio', 'start': 259, 'end': 274}, {'type': 'PERSON', 'value': 'Aribert Gorlitz', 'confidence': 0.85, 'source': 'presidio', 'start': 770, 'end': 785}, {'type': 'PERSON', 'value': 'Aribert Gorlitz', 'confidence': 0.85, 'source': 'presidio', 'start': 921, 'end': 936}, {'type': 'PERSON', 'value': 'Aribert Gorlitz', 'confidence': 0.85, 'source': 'presidio', 'start': 1344, 'end': 1359}, {'type': 'DATE_TIME', 'value': '2025-09-16', 'confidence': 0.6, 'source': 'presidio', 'start': 138, 'end': 148}]","{""PERSON"": 0.9972, ""DATE_TIME"": 0.9763}","['DATE_TIME', 'LOCATION', 'PERSON']",[],"['LOCATION', 'PERSON', 'DATE_TIME']",False,True,True,low_cost_llm,potential_pii_evidence,True,0.999767005443573,confident_pii,False,True,True,0.046975,46.9747,0.925,0.925,yes,no,no,no,no,no,no,no,yes,no,no,no,True,20260909_112646,sweep1_ambiguous_bert,local,bert,distilbert-base-multilingual-cased-v1,not_applicable,local_model,bert_prefilter,gdpr_pii_detection
SYN-TRAINING_EVALUATION-0222,synthetic_training_evaluation_0222.txt,form,training_evaluation,de,synthetic_generation,,,synthetic,2026-08-28,2026-08-28,2026-08-28,0,"Schulungsbewertung

Teilnehmer: Raik Ruppersberger
Kontakt: Serviceteam
Kurs: Process Improvement Workshop
Datum: 2026-10-25
Inhalt: Die Teilnahme von Raik Ruppersberger am Workshop zur Prozessverbesserung war durchweg positiv. Er zeigte ein hohes Maß an Engagement und hat aktiv an den Diskussionen teilgenommen. Besonders hervorzuheben ist seine Fähigkeit, konstruktives Feedback zu geben und Ideen zur Optimierung der Arbeitsabläufe einzubringen. Um den Lernerfolg zu maximieren, könnte Raik jedoch noch mehr Zeit in die praktische Anwendung der erlernten Methoden investieren, um diese in den kommenden Projekten zu integrieren.
Trainer: Internal Training Team
Material: Good
Kommentare: https://schaefer.de/
Empfehlung: Es wird empfohlen, Raik Ruppersberger zusätzliche Ressourcen zur Verfügung zu stellen, um die Umsetzung der Prozessverbesserungen in der Praxis zu unterstützen. Ein Follow-up-Meeting könnte ebenfalls hilfreich sein, um den Fortschritt zu evaluieren und weitere Schritte festzulegen.",yes,yes,no,no,no,no,no,no,no,no,no,yes,no,PERSON; URL,MULTIPLE,2,2,easy,no,none,no,train,yes,openrouter_gpt4o_mini_field,field_llm_v1,no,,,v2,Synthetic document generated for controlled PII training data.,"[{'type': 'PERSON', 'value': 'Raik Ruppersberger', 'confidence': 0.85, 'source': 'presidio', 'start': 32, 'end': 50}, {'type': 'PERSON', 'value': 'Raik Ruppersberger', 'confidence': 0.85, 'source': 'presidio', 'start': 151, 'end': 169}, {'type': 'PERSON', 'value': 'Raik Ruppersberger', 'confidence': 0.85, 'source': 'presidio', 'start': 744, 'end': 762}, {'type': 'DATE_TIME', 'value': '2026-10-25', 'confidence': 0.6, 'source': 'presidio', 'start': 114, 'end': 124}, {'type': 'URL', 'value': 'https://schaefer.de/', 'confidence': 0.6, 'source': 'presidio', 'start': 692, 'end': 712}, {'type': 'URL', 'value': 'https://schaefer.de', 'confidence': 0.9, 'source': 'custom_regex', 'start': 692, 'end': 711}]","{""PERSON"": 0.9878, ""URL"": 0.9848}","['DATE_TIME', 'PERSON', 'URL']",[],"['PERSON', 'DATE_TIME', 'URL']",False,True,False,low_cost_llm,potential_pii_evidence,True,0.9972670078277588,confident_pii,False,True,True,0.046975,46.9747,0.925,0.925,yes,no,no,no,no,no,no,no,no,no,yes,no,True,20260909_112646,sweep1_ambiguous_bert,local,bert,distilbert-base-multilingual-cased-v1,not_applicable,local_model,bert_prefilter,gdpr_pii_detection
SYN-TRAINING_EVALUATION-0223,synthetic_training_evaluation_0223.txt,form,training_evaluation,en,synthetic_generation,,,synthetic,2026-08-28,2026-08-28,2026-08-28,0,"Training Evaluation

Participant: Richard Clark
Contact: Central Contact Point
Course: Process Improvement Workshop
Date: 2025-02-01
Content: The Process Improvement Workshop led by the Internal Training Team on February 1, 2025, provided valuable insights into operational efficiencies. Richard Clark actively participated, contributing thoughtful questions that enhanced group discussions. However, the workshop material could benefit from more real-world examples to better illustrate the concepts being taught and engage the participants effectively. Furthermore, incorporating interactive elements such as breakout sessions could foster a more hands-on learning environment.
Trainer: Internal Training Team
Material: Needs Improvement
Comments: Richard Clark demonstrated a solid understanding of the workshop topics and was eager to share his perspectives. His engagement level was commendable, as he consistently prompted further exploration of the material presented. Nevertheless, some attendees expressed that the content was too theoretical and lacked practical application, which is critical for a workshop focused on process improvement. Addressing this feedback could significantly enhance participant satisfaction and learning outcomes.
Recommendation: To improve future sessions, it is recommended that the Internal Training Team revise the existing material for the Process Improvement Workshop. Incorporating case studies relevant to the participants' industries would provide practical context and enhance comprehension. Additionally, implementing more interactive activities, such as group exercises or role-playing scenarios, could facilitate better retention of the concepts discussed and promote a collaborative learning atmosphere.",yes,yes,no,no,no,no,no,no,no,no,no,no,no,PERSON,PERSON,1,1,easy,no,none,no,test,yes,openrouter_gpt4o_mini_field,field_llm_v1,no,,,v2,Synthetic document generated for controlled PII training data.,"[{'type': 'DATE_TIME', 'value': '2025-02-01', 'confidence': 0.95, 'source': 'presidio', 'start': 122, 'end': 132}, {'type': 'PERSON', 'value': 'Richard Clark', 'confidence': 0.85, 'source': 'presidio', 'start': 34, 'end': 47}, {'type': 'DATE_TIME', 'value': 'February 1, 2025', 'confidence': 0.85, 'source': 'presidio', 'start': 212, 'end': 228}, {'type': 'PERSON', 'value': 'Richard Clark', 'confidence': 0.85, 'source': 'presidio', 'start': 288, 'end': 301}, {'type': 'PERSON', 'value': 'Richard Clark', 'confidence': 0.85, 'source': 'presidio', 'start': 750, 'end': 763}]","{""PERSON"": 0.9967, ""DATE_TIME"": 0.9802}","['DATE_TIME', 'PERSON']",[],"['DATE_TIME', 'PERSON']",False,True,False,low_cost_llm,potential_pii_evidence,True,0.9997310042381287,confident_pii,False,True,True,0.046975,46.9747,0.925,0.925,yes,no,no,no,no,no,no,no,yes,no,no,no,True,20260909_112646,sweep1_ambiguous_bert,local,bert,distilbert-base-multilingual-cased-v1,not_applicable,local_model,bert_prefilter,gdpr_pii_detection
SYN-TRAINING_EVALUATION-0235,synthetic_training_evaluation_0235.txt,form,training_evaluation,en,synthetic_generation,,,synthetic,2026-08-28,2026-08-28,2026-08-28,0,"Training Evaluation

Participant: Participant details not provided
Contact: Service Team
Course: Project Management Fundamentals
Date: 2025-07-22
Content: The Project Management Fundamentals course delivered by the Internal Training Team on July 22, 2025, provided participants with a solid foundation in essential project management principles. The material was well-structured and covered critical topics such as project planning, risk management, and stakeholder engagement. Participants engaged actively in discussions, sharing insights and experiences that enriched the learning environment. However, there were moments when the pace of the training could have been adjusted to allow for deeper exploration of complex topics, particularly during the sections on risk assessment strategies. Overall, the course effectively met its objectives and left participants equipped with practical tools to apply in their projects.
Trainer: Internal Training Team
Material: Good
Comments: Heather Wiley
Recommendation: To enhance future sessions, consider incorporating more interactive elements such as group exercises or case studies that align with real-world scenarios. Additionally, extending the duration of the training by an hour could provide more time for in-depth discussions, particularly on advanced topics. Lastly, soliciting feedback from participants at the end of each section could help identify areas needing further clarification in real-time.",yes,yes,no,no,no,no,no,no,no,no,no,no,no,PERSON,PERSON,1,1,easy,no,none,no,train,yes,openrouter_gpt4o_mini_field,field_llm_v1,no,,,v2,Synthetic document generated for controlled PII training data.,"[{'type': 'PERSON', 'value': 'Heather Wiley', 'confidence': 0.85, 'source': 'presidio', 'start': 983, 'end': 996}]","{""PERSON"": 0.997, ""DATE_TIME"": 0.9683}",['PERSON'],[],['PERSON'],False,True,False,low_cost_llm,potential_pii_evidence,True,0.9997299909591675,confident_pii,False,True,True,0.046975,46.9747,0.925,0.925,yes,no,no,no,no,no,no,no,yes,no,no,no,True,20260909_112646,sweep1_ambiguous_bert,local,bert,distilbert-base-multilingual-cased-v1,not_applicable,local_model,bert_prefilter,gdpr_pii_detection
SYN-TRAINING_EVALUATION-0238,synthetic_training_evaluation_0238.txt,form,training_evaluation,de,synthetic_generation,,,synthetic,2026-08-28,2026-08-28,2026-08-28,0,"Schulungsbewertung

Teilnehmer: Jasmina Rust
Kontakt: Zentrale Kontaktstelle
Kurs: Data Protection Essentials
Datum: 2025-01-16
Inhalt: Jasmina Rust hat an dem Kurs ""Data Protection Essentials"" teilgenommen und wertvolle Einblicke in die Grundlagen des Datenschutzes gewonnen. Insbesondere die praktischen Beispiele haben das Verständnis für die relevanten Gesetze und Vorschriften erleichtert. Es wäre hilfreich, wenn zukünftige Kurse mehr interaktive Elemente und Fallstudien integrieren könnten, um die Teilnehmer noch stärker einzubeziehen.
Trainer: Internal Training Team
Material: Needs Improvement
Kommentare: https://www.walter.de/
Empfehlung: Es wird empfohlen, den Kursinhalt weiter zu optimieren, indem spezifische Fallstudien aus der Praxis hinzugefügt werden. Außerdem könnte eine vertiefte Diskussion über aktuelle Datenschutzentwicklungen den Teilnehmern helfen, das Gelernte besser anzuwenden.",yes,yes,no,no,no,no,no,no,no,no,no,yes,no,PERSON; URL,MULTIPLE,2,2,easy,no,none,no,validation,yes,openrouter_gpt4o_mini_field,field_llm_v1,no,,,v2,Synthetic document generated for controlled PII training data.,"[{'type': 'PERSON', 'value': 'Jasmina Rust', 'confidence': 0.85, 'source': 'presidio', 'start': 32, 'end': 44}, {'type': 'PERSON', 'value': 'Jasmina Rust', 'confidence': 0.85, 'source': 'presidio', 'start': 136, 'end': 148}, {'type': 'DATE_TIME', 'value': '2025-01-16', 'confidence': 0.6, 'source': 'presidio', 'start': 117, 'end': 127}, {'type': 'URL', 'value': 'https://www.walter.de/', 'confidence': 0.6, 'source': 'presidio', 'start': 617, 'end': 639}, {'type': 'URL', 'value': 'https://www.walter.de', 'confidence': 0.9, 'source': 'custom_regex', 'start': 617, 'end': 638}]","{""PERSON"": 0.9889, ""URL"": 0.9836}","['DATE_TIME', 'PERSON', 'URL']",[],"['PERSON', 'DATE_TIME', 'URL']",False,True,False,low_cost_llm,potential_pii_evidence,True,0.9973520040512085,confident_pii,False,True,True,0.046975,46.9747,0.925,0.925,yes,no,no,no,no,no,no,no,no,no,yes,no,True,20260909_112646,sweep1_ambiguous_bert,local,bert,distilbert-base-multilingual-cased-v1,not_applicable,local_model,bert_prefilter,gdpr_pii_detection
SYN-TRAINING_EVALUATION-0246,synthetic_training_evaluation_0246.txt,form,training_evaluation,en,synthetic_generation,,,synthetic,2026-08-28,2026-08-28,2026-08-28,0,"Training Evaluation

Participant: Bob Anderson
Contact: Department Contact
Course: Project Management Fundamentals
Date: 2025-07-27
Content: Bob Anderson expressed a strong understanding of the course material in Project Management Fundamentals. He actively participated in discussions and demonstrated practical application of concepts.
Trainer: Learning and Development
Material: Satisfactory
Comments: Bob Anderson provided insightful feedback during the training sessions. His engagement with peers contributed positively to the learning environment.
Recommendation: It is recommended that Bob Anderson consider enrolling in advanced project management courses to further enhance his skills and knowledge.",yes,yes,no,no,no,no,no,no,no,no,no,no,no,PERSON,PERSON,1,1,easy,no,none,no,validation,yes,openrouter_gpt4o_mini_field,field_llm_v1,no,,,v2,Synthetic document generated for controlled PII training data.,"[{'type': 'DATE_TIME', 'value': '2025-07-27', 'confidence': 0.95, 'source': 'presidio', 'start': 121, 'end': 131}, {'type': 'PERSON', 'value': 'Bob Anderson\nContact', 'confidence': 0.85, 'source': 'presidio', 'start': 34, 'end': 54}, {'type': 'PERSON', 'value': 'Bob Anderson', 'confidence': 0.85, 'source': 'presidio', 'start': 141, 'end': 153}, {'type': 'PERSON', 'value': 'Bob Anderson', 'confidence': 0.85, 'source': 'presidio', 'start': 405, 'end': 417}, {'type': 'PERSON', 'value': 'Bob Anderson', 'confidence': 0.85, 'source': 'presidio', 'start': 594, 'end': 606}]","{""PERSON"": 0.9967, ""DATE_TIME"": 0.9711}","['DATE_TIME', 'PERSON']",[],"['DATE_TIME', 'PERSON']",False,True,False,low_cost_llm,potential_pii_evidence,True,0.9997069835662842,confident_pii,False,True,True,0.046975,46.9747,0.925,0.925,yes,no,no,no,no,no,no,no,yes,no,no,no,True,20260909_112646,sweep1_ambiguous_bert,local,bert,distilbert-base-multilingual-cased-v1,not_applicable,local_model,bert_prefilter,gdpr_pii_detection
