document_id,file_name,document_type,scenario_type,language,source_system,responsible_owner,owner_email,data_source,file_created_date,last_modified_date,dataset_created_at,file_size_mb,full_text,contains_personal_data,PERSON_yes_no,EMAIL_ADDRESS_yes_no,PHONE_NUMBER_yes_no,LOCATION_yes_no,IBAN_CODE_yes_no,CREDIT_CARD_yes_no,PASSPORT_yes_no,NRP_yes_no,DATE_TIME_yes_no,IP_ADDRESS_yes_no,URL_yes_no,MEDICAL_LICENSE_yes_no,personal_data_categories,primary_pii_type,category_count,pii_count,difficulty,edge_case,challenge_category,retention_period_exceeded_3y,recommended_split,synthetic,synthetic_generator,generation_prompt_version,human_reviewed,review_status,review_notes,dataset_version,labeling_notes,entities,per_type_conf,detected_categories,strong_pii_categories,potential_pii_categories,detected_pii,detected_any_pii,has_person_hint,route,routing_reason,needs_llm_review,run_id,strategy,provider,model_family,model_name,prompt_version,prediction_source,predicted_pii
SYN-CONTRACT-0015,synthetic_contract_0015.txt,contract,contract,en,synthetic_generation,,,synthetic,2026-08-28,2026-08-28,2026-08-28,0,"Contract

Parties: Service Provider and Client Organization
Effective Date: 2026-01-03
Subject: This contract outlines the agreement between the Service Provider and Client Organization regarding the provision of services, effective as of the date specified herein. Both parties acknowledge the importance of this contract as a foundation for their ongoing business relationship.
Terms: The terms of this agreement include all conditions related to the services rendered by the Service Provider to the Client Organization. Payment details are outlined in the Payment terms on file, which both parties agree to follow diligently to ensure timely compensation for services executed under this contract.
Contact: Service Team
Signature: Authorized signature
Termination: This agreement may be terminated by either party with a written notice, provided that the notice period complies with the terms previously established. The effective date of termination shall be determined in accordance with the mutual understanding of both parties, ensuring that all obligations up to the effective date remain fulfilled.
Payment Details: Payment terms on file",no,no,no,no,no,no,no,no,no,no,no,no,no,,NONE,0,0,easy,no,none,no,test,yes,openrouter_gpt4o_mini_field,field_llm_v1,no,,,v2,Synthetic document generated for controlled PII training data.,[],{},[],[],[],False,False,True,local_non_pii,no_meaningful_signal,False,20260909_112021,rule_based,local,rules,regex_presidio_fusion_v1,not_applicable,rules,False
SYN-CONTRACT-0020,synthetic_contract_0020.txt,contract,contract,en,synthetic_generation,,,synthetic,2026-08-28,2026-08-28,2026-08-28,0,"Contract

Parties: Contracting Organizations
Effective Date: 2025-11-10
Subject: This contract outlines the mutual agreements between the Contracting Organizations regarding the provision of services, specifying the roles and responsibilities of each party involved.
Terms: The terms of this agreement shall remain in effect from the effective_date of 2025-11-10 until completion of the obligations outlined herein. Payment terms on file shall be adhered to by both parties to ensure timely processing.
Contact: Central Contact Point
Signature: Signature pending
Termination: This contract may be terminated by either party with a written notice, provided that such notice is delivered at least thirty (30) days prior to the intended termination date. Upon termination, all pending obligations must be fulfilled unless otherwise agreed.
Payment Details: Payment terms on file",no,no,no,no,no,no,no,no,no,no,no,no,no,,NONE,0,0,easy,no,none,no,test,yes,openrouter_gpt4o_mini_field,field_llm_v1,no,,,v2,Synthetic document generated for controlled PII training data.,[],{},[],[],[],False,False,True,local_non_pii,no_meaningful_signal,False,20260909_112021,rule_based,local,rules,regex_presidio_fusion_v1,not_applicable,rules,False
SYN-CONTRACT-0022,synthetic_contract_0022.txt,contract,contract,en,synthetic_generation,,,synthetic,2026-08-28,2026-08-28,2026-08-28,0,"Contract

Parties: Contracting Organizations
Effective Date: 2025-10-20
Subject: This contract governs the terms and conditions under which the parties, Contracting Organizations, agree to collaborate on specified projects, ensuring mutual benefit and compliance with applicable regulations.
Terms: The parties agree to adhere to the payment terms on file and to fulfill all obligations as outlined in this agreement. Any changes to the scope of work or payment terms must be documented and signed by both parties.
Contact: Department Contact
Signature: Authorized signature
Termination: This agreement may be terminated by either party upon providing thirty (30) days written notice to the other party. Termination shall not relieve either party from obligations incurred prior to the effective date of termination.
Payment Details: Payment terms on file",no,no,no,no,no,no,no,no,no,no,no,no,no,,NONE,0,0,easy,no,none,no,test,yes,openrouter_gpt4o_mini_field,field_llm_v1,no,,,v2,Synthetic document generated for controlled PII training data.,[],{},[],[],[],False,False,True,local_non_pii,no_meaningful_signal,False,20260909_112021,rule_based,local,rules,regex_presidio_fusion_v1,not_applicable,rules,False
SYN-CONTRACT-0024,synthetic_contract_0024.txt,contract,contract,en,synthetic_generation,,,synthetic,2026-08-28,2026-08-28,2026-08-28,0,"Contract

Parties: Service Provider and Client Organization
Effective Date: 2027-01-14
Subject: Amendment to the existing agreement between the Service Provider and the Client Organization to update specific terms and conditions regarding the scope of services provided.
Terms: The parties agree to modify the terms related to service delivery timelines, which shall now commence on the effective date of 2027-01-14. Additionally, the payment terms on file shall remain unchanged, ensuring that all financial obligations are met as previously stipulated.
Contact: Service Team
Signature: Authorized signature
Termination: This amendment shall remain in effect until terminated by either party, with at least thirty (30) days written notice provided to the other party. The termination provisions of the original agreement shall apply.
Payment Details: Payment terms on file",no,no,no,no,no,no,no,no,no,no,no,no,no,,NONE,0,0,easy,no,none,no,test,yes,openrouter_gpt4o_mini_field,field_llm_v1,no,,,v2,Synthetic document generated for controlled PII training data.,[],{},[],[],[],False,False,True,local_non_pii,no_meaningful_signal,False,20260909_112021,rule_based,local,rules,regex_presidio_fusion_v1,not_applicable,rules,False
SYN-CONTRACT-0027,synthetic_contract_0027.txt,contract,contract,en,synthetic_generation,,,synthetic,2026-08-28,2026-08-28,2026-08-28,0,"Contract

Parties: Contracting Organizations
Effective Date: 2026-01-12
Subject: This contract outlines the mutual obligations and responsibilities between the parties involved, ensuring clarity in the execution of services agreed upon by the Contracting Organizations.
Terms: The terms of this agreement, including the rights and obligations of both parties, will be effective as of the effective_date of 2026-01-12. Payment details, including specific payment terms on file, must be adhered to throughout the duration of this contract.
Contact: Central Contact Point
Signature: Authorized signature
Termination: Termination of this agreement may occur under specific conditions, as outlined herein. Should either party fail to comply with the terms set forth, such action may lead to termination, ensuring that both Contracting Organizations maintain accountability and integrity in the execution of this contract.
Payment Details: Payment terms on file",no,no,no,no,no,no,no,no,no,no,no,no,no,,NONE,0,0,easy,no,none,no,test,yes,openrouter_gpt4o_mini_field,field_llm_v1,no,,,v2,Synthetic document generated for controlled PII training data.,[],{},[],[],[],False,False,True,local_non_pii,no_meaningful_signal,False,20260909_112021,rule_based,local,rules,regex_presidio_fusion_v1,not_applicable,rules,False
SYN-CONTRACT-0030,synthetic_contract_0030.txt,contract,contract,de,synthetic_generation,,,synthetic,2026-08-28,2026-08-28,2026-08-28,0,"Vertrag

Vertragsparteien: Christl Holzapfel
Gültig ab: 2026-03-28
Betreff: Dieser Vertrag wird zwischen Christl Holzapfel und dem Zentrale Kontaktstelle abgeschlossen, um die Bedingungen der Zusammenarbeit festzulegen.
Bedingungen: Die Zahlungsmodalitäten für die in diesem Vertrag genannten Dienstleistungen umfassen die Überweisung auf das Konto DE67421964529753355506, gemäß den vereinbarten Fristen und Bedingungen.
Kontakt: Zentrale Kontaktstelle
Unterschrift: Unterschrift ausstehend
Kündigung: Dieser Vertrag kann von beiden Parteien mit einer Frist von drei Monaten zum Ende eines Kalenderjahres gekündigt werden, sofern die Kündigung schriftlich erfolgt.
Zahlungsdaten: DE67421964529753355506",yes,yes,no,no,no,yes,no,no,no,no,no,no,no,PERSON; IBAN_CODE,MULTIPLE,2,2,easy,no,none,no,test,yes,openrouter_gpt4o_mini_field,field_llm_v1,no,,,v2,Synthetic document generated for controlled PII training data.,"[{'type': 'IBAN_CODE', 'value': 'DE67421964529753355506', 'confidence': 1.0, 'source': 'presidio', 'start': 349, 'end': 371}, {'type': 'IBAN_CODE', 'value': 'DE67421964529753355506', 'confidence': 1.0, 'source': 'presidio', 'start': 680, 'end': 702}, {'type': 'PERSON', 'value': 'Christl Holzapfel', 'confidence': 0.85, 'source': 'presidio', 'start': 27, 'end': 44}, {'type': 'PERSON', 'value': 'Christl Holzapfel', 'confidence': 0.85, 'source': 'presidio', 'start': 105, 'end': 122}, {'type': 'DATE_TIME', 'value': '2026-03-28', 'confidence': 0.6, 'source': 'presidio', 'start': 56, 'end': 66}, {'type': 'IBAN_CODE', 'value': 'DE67421964529753355506', 'confidence': 0.9, 'source': 'custom_regex', 'start': 349, 'end': 371}, {'type': 'IBAN_CODE', 'value': 'DE67421964529753355506', 'confidence': 0.9, 'source': 'custom_regex', 'start': 680, 'end': 702}]","{'IBAN_CODE': 1.0, 'PERSON': 0.85, 'DATE_TIME': 0.6}","['DATE_TIME', 'IBAN_CODE', 'PERSON']",['IBAN_CODE'],"['PERSON', 'DATE_TIME']",True,True,True,local_pii,strong_pii_detected,False,20260909_112021,rule_based,local,rules,regex_presidio_fusion_v1,not_applicable,rules,True
SYN-CONTRACT-0033,synthetic_contract_0033.txt,contract,contract,de,synthetic_generation,,,synthetic,2026-08-28,2026-08-28,2026-08-28,0,"Vertrag

Vertragsparteien: Vertragsparteien
Gültig ab: 2026-08-16
Betreff: Änderung des bestehenden Vertrages zwischen den Vertragsparteien bezüglich der Lieferbedingungen und der Produktqualität.
Bedingungen: Die Parteien vereinbaren, dass die Zahlungsbedingungen hinterlegt in dieser Vereinbarung nunmehr auf einen Zahlungszeitraum von 30 Tagen nach Rechnungsstellung geändert werden. Des Weiteren werden die Lieferbedingungen so angepasst, dass die Lieferzeiten auf maximal 7 Werktage nach Bestelleingang verkürzt werden.
Kontakt: Abteilungskontakt
Unterschrift: Autorisierte Unterschrift
Kündigung: Diese Änderungsvereinbarung kann von jeder Partei mit einer Frist von 30 Tagen schriftlich gekündigt werden, sofern die andere Partei gegen die Bedingungen dieser Vereinbarung verstößt und diesen Verstoß nicht innerhalb der genannten Frist behebt.
Zahlungsdaten: Zahlungsbedingungen hinterlegt",no,no,no,no,no,no,no,no,no,no,no,no,no,,NONE,0,0,easy,no,none,no,test,yes,openrouter_gpt4o_mini_field,field_llm_v1,no,,,v2,Synthetic document generated for controlled PII training data.,[],{},[],[],[],False,False,True,local_non_pii,no_meaningful_signal,False,20260909_112021,rule_based,local,rules,regex_presidio_fusion_v1,not_applicable,rules,False
SYN-CONTRACT-0034,synthetic_contract_0034.txt,contract,contract,de,synthetic_generation,,,synthetic,2026-08-28,2026-08-28,2026-08-28,0,"Vertrag

Vertragsparteien: Vertragsparteien
Gültig ab: 2025-06-28
Betreff: Der vorliegende Vertrag regelt die Zusammenarbeit zwischen den Vertragsparteien in Bezug auf die Bereitstellung von Dienstleistungen und Produkten, die gemäß den vereinbarten Spezifikationen und Zeitrahmen erbracht werden.
Bedingungen: Die Vertragsparteien stimmen zu, dass die Zahlungsbedingungen hinterlegt sind und die Leistungen innerhalb der festgelegten Fristen erbracht werden müssen. Alle zusätzlichen Kosten, die nicht im ursprünglichen Vertrag enthalten sind, bedürfen der vorherigen schriftlichen Genehmigung der Vertragsparteien.
Kontakt: Zentrale Kontaktstelle
Unterschrift: Unterschrift ausstehend
Kündigung: Der Vertrag kann von beiden Vertragsparteien mit einer Frist von 30 Tagen schriftlich gekündigt werden. Bei schwerwiegenden Vertragsverletzungen, die nicht innerhalb einer angemessenen Frist behoben werden, kann der Vertrag fristlos beendet werden.
Zahlungsdaten: Zahlungsbedingungen hinterlegt",no,no,no,no,no,no,no,no,no,no,no,no,no,,NONE,0,0,easy,no,none,no,test,yes,openrouter_gpt4o_mini_field,field_llm_v1,no,,,v2,Synthetic document generated for controlled PII training data.,[],{},[],[],[],False,False,True,local_non_pii,no_meaningful_signal,False,20260909_112021,rule_based,local,rules,regex_presidio_fusion_v1,not_applicable,rules,False
SYN-CONTRACT-0036,synthetic_contract_0036.txt,contract,contract,en,synthetic_generation,,,synthetic,2026-08-28,2026-08-28,2026-08-28,0,"Contract

Parties: Contracting Organizations
Effective Date: 2025-04-21
Subject: This contract governs the terms of collaboration between the parties for the provision of services as outlined herein.
Terms: The parties agree to adhere to the payment details on file and complete deliverables by the specified deadlines. All services will be performed in accordance with industry standards and best practices.
Contact: Central Contact Point
Signature: Heather Adams
Termination: This agreement may be terminated by either party upon thirty (30) days written notice to the other party. Upon termination, all obligations shall cease, except for payment obligations incurred prior to the termination date of 2025-04-21.
Payment Details: Payment terms on file",yes,yes,no,no,no,no,no,no,no,yes,no,no,no,PERSON; DATE_TIME,MULTIPLE,2,2,easy,no,none,no,test,yes,openrouter_gpt4o_mini_field,field_llm_v1,no,,,v2,Synthetic document generated for controlled PII training data.,"[{'type': 'PERSON', 'value': 'Heather Adams\nTermination', 'confidence': 0.85, 'source': 'presidio', 'start': 451, 'end': 476}, {'type': 'DATE_TIME', 'value': '30) days', 'confidence': 0.85, 'source': 'presidio', 'start': 540, 'end': 548}]","{'PERSON': 0.85, 'DATE_TIME': 0.85}","['DATE_TIME', 'PERSON']",[],"['PERSON', 'DATE_TIME']",False,True,True,low_cost_llm,potential_pii_evidence,True,20260909_112021,rule_based,local,rules,regex_presidio_fusion_v1,not_applicable,rules,False
SYN-CONTRACT-0053,synthetic_contract_0053.txt,contract,contract,de,synthetic_generation,,,synthetic,2026-08-28,2026-08-28,2026-08-28,0,"Vertrag

Vertragsparteien: Vertragsparteien
Gültig ab: 2027-06-18
Betreff: Dieser Vertrag regelt die Zusammenarbeit zwischen den Vertragsparteien im Hinblick auf die Bereitstellung von Dienstleistungen, die im Anhang A detailliert beschrieben sind.
Bedingungen: Die Parteien vereinbaren, dass die Leistungen gemäß den festgelegten Zeitplänen und Standards erbracht werden. Zahlungen erfolgen gemäß dem standardmäßigen geschäftlichen Zahlungsprozess, wie im Abschnitt B beschrieben.
Kontakt: Serviceteam
Unterschrift: Autorisierte Unterschrift
Kündigung: Der Vertrag kann von jeder Partei mit einer Frist von 30 Tagen schriftlich gekündigt werden. Im Falle einer wesentlichen Verletzung der Vertragsbedingungen ist eine fristlose Kündigung möglich.
Zahlungsdaten: Standardmäßiger geschäftlicher Zahlungsprozess",no,no,no,no,no,no,no,no,no,no,no,no,no,,NONE,0,0,easy,no,none,no,test,yes,openrouter_gpt4o_mini_field,field_llm_v1,no,,,v2,Synthetic document generated for controlled PII training data.,[],{},[],[],[],False,False,True,local_non_pii,no_meaningful_signal,False,20260909_112021,rule_based,local,rules,regex_presidio_fusion_v1,not_applicable,rules,False
SYN-CONTRACT-0054,synthetic_contract_0054.txt,contract,contract,de,synthetic_generation,,,synthetic,2026-08-28,2026-08-28,2026-08-28,0,"Vertrag

Vertragsparteien: Dienstleister und Kundenorganisation
Gültig ab: 2025-09-15
Betreff: Gegenstand dieser Vereinbarung ist die Erbringung von Dienstleistungen durch den Dienstleister für die Kundenorganisation im Rahmen der vereinbarten Leistungsbeschreibung.
Bedingungen: Die Vertragslaufzeit beginnt am 15. September 2025 und endet nach Erfüllung der vereinbarten Leistungen. Die Zahlungsbedingungen sind in den Zahlungsbedingungen hinterlegt.
Kontakt: Abteilungskontakt
Unterschrift: Autorisierte Unterschrift
Kündigung: Beide Parteien können diesen Vertrag mit einer Frist von 30 Tagen schriftlich kündigen. Eine fristlose Kündigung ist möglich, wenn schwerwiegende Vertragsverletzungen vorliegen.
Zahlungsdaten: Zahlungsbedingungen hinterlegt",no,no,no,no,no,no,no,no,no,no,no,no,no,,NONE,0,0,easy,no,none,no,test,yes,openrouter_gpt4o_mini_field,field_llm_v1,no,,,v2,Synthetic document generated for controlled PII training data.,[],{},[],[],[],False,False,True,local_non_pii,no_meaningful_signal,False,20260909_112021,rule_based,local,rules,regex_presidio_fusion_v1,not_applicable,rules,False
SYN-CONTRACT-0063,synthetic_contract_0063.txt,contract,contract,de,synthetic_generation,,,synthetic,2026-08-28,2026-08-28,2026-08-28,0,"Vertrag

Vertragsparteien: Vertragsparteien
Gültig ab: 2025-02-13
Betreff: Dieser Vertrag regelt die Bedingungen der Zusammenarbeit zwischen den Vertragsparteien, einschließlich der Rechte und Pflichten im Hinblick auf die vereinbarten Leistungen und Lieferungen.
Bedingungen: Die Vertragsparteien haben sich auf die folgenden Bedingungen geeinigt: Die Leistungen werden gemäß dem vereinbarten Zeitrahmen erbracht, und die Zahlungen erfolgen gemäß dem standardmäßigen geschäftlichen Zahlungsprozess, wie in diesem Vertrag festgelegt.
Kontakt: Zentrale Kontaktstelle
Unterschrift: Unterschrift ausstehend
Kündigung: Der Vertrag kann von jeder Partei unter Einhaltung einer Frist von 30 Tagen schriftlich gekündigt werden. Eine sofortige Kündigung ist möglich, wenn eine der Vertragsparteien wesentliche Vertragsbedingungen verletzt.
Zahlungsdaten: Standardmäßiger geschäftlicher Zahlungsprozess",no,no,no,no,no,no,no,no,no,no,no,no,no,,NONE,0,0,easy,no,none,no,test,yes,openrouter_gpt4o_mini_field,field_llm_v1,no,,,v2,Synthetic document generated for controlled PII training data.,[],{},[],[],[],False,False,True,local_non_pii,no_meaningful_signal,False,20260909_112021,rule_based,local,rules,regex_presidio_fusion_v1,not_applicable,rules,False
SYN-CONTRACT-0072,synthetic_contract_0072.txt,contract,contract,de,synthetic_generation,,,synthetic,2026-08-28,2026-08-28,2026-08-28,0,"Vertrag

Vertragsparteien: Hillerstr. 12/42, 89972 Gotha
Gültig ab: 2026-02-02
Betreff: Vertrag über die Erbringung von Dienstleistungen zwischen Erhardt Bauer und dem Auftraggeber, Hillerstr. 12/42, 89972 Gotha.
Bedingungen: Die Vertragsparteien vereinbaren die Erbringung von Dienstleistungen gemäß den festgelegten Spezifikationen und Zeitrahmen. Die Zahlung erfolgt gemäß den hinterlegten Zahlungsbedingungen.
Kontakt: Erhardt Bauer
Unterschrift: Unterschrift ausstehend
Kündigung: Der Vertrag kann von jeder Partei mit einer Frist von 30 Tagen schriftlich gekündigt werden. Bei schwerwiegenden Vertragsverletzungen ist eine fristlose Kündigung möglich.
Zahlungsdaten: Zahlungsbedingungen hinterlegt",yes,yes,no,no,yes,no,no,no,no,no,no,no,no,PERSON; LOCATION,MULTIPLE,2,2,easy,no,none,no,test,yes,openrouter_gpt4o_mini_field,field_llm_v1,no,,,v2,Synthetic document generated for controlled PII training data.,"[{'type': 'LOCATION', 'value': 'Gotha', 'confidence': 0.85, 'source': 'presidio', 'start': 51, 'end': 56}, {'type': 'PERSON', 'value': 'Erhardt Bauer', 'confidence': 0.85, 'source': 'presidio', 'start': 146, 'end': 159}, {'type': 'LOCATION', 'value': 'Gotha', 'confidence': 0.85, 'source': 'presidio', 'start': 206, 'end': 211}, {'type': 'PERSON', 'value': 'Erhardt Bauer', 'confidence': 0.85, 'source': 'presidio', 'start': 423, 'end': 436}, {'type': 'DATE_TIME', 'value': '2026-02-02', 'confidence': 0.6, 'source': 'presidio', 'start': 68, 'end': 78}]","{'LOCATION': 0.85, 'PERSON': 0.85, 'DATE_TIME': 0.6}","['DATE_TIME', 'LOCATION', 'PERSON']",[],"['LOCATION', 'PERSON', 'DATE_TIME']",False,True,True,low_cost_llm,potential_pii_evidence,True,20260909_112021,rule_based,local,rules,regex_presidio_fusion_v1,not_applicable,rules,False
SYN-CONTRACT-0073,synthetic_contract_0073.txt,contract,contract,de,synthetic_generation,,,synthetic,2026-08-28,2026-08-28,2026-08-28,0,"Vertrag

Vertragsparteien: Dienstleister und Kundenorganisation
Gültig ab: 2027-05-22
Betreff: Dieser Vertrag wird zwischen dem Dienstleister und der Kundenorganisation geschlossen und regelt die Bereitstellung von Dienstleistungen gemäß den vereinbarten Spezifikationen.
Bedingungen: Die Zahlungsmodalitäten erfolgen gemäß dem standardmäßigen geschäftlichen Zahlungsprozess. Die Parteien verpflichten sich, alle während der Vertragslaufzeit anfallenden Leistungen und Zahlungen gemäß den festgelegten Fristen zu erfüllen.
Kontakt: Serviceteam
Unterschrift: Unterschrift ausstehend
Kündigung: Der Vertrag kann von beiden Parteien unter Einhaltung einer Frist von 30 Tagen schriftlich gekündigt werden. Im Falle einer wesentlichen Vertragsverletzung ist eine sofortige Kündigung möglich.
Zahlungsdaten: Standardmäßiger geschäftlicher Zahlungsprozess",no,no,no,no,no,no,no,no,no,no,no,no,no,,NONE,0,0,easy,no,none,no,test,yes,openrouter_gpt4o_mini_field,field_llm_v1,no,,,v2,Synthetic document generated for controlled PII training data.,[],{},[],[],[],False,False,True,local_non_pii,no_meaningful_signal,False,20260909_112021,rule_based,local,rules,regex_presidio_fusion_v1,not_applicable,rules,False
SYN-CONTRACT-0083,synthetic_contract_0083.txt,contract,contract,de,synthetic_generation,,,synthetic,2026-08-28,2026-08-28,2026-08-28,0,"Vertrag

Vertragsparteien: Vertragsparteien
Gültig ab: 2026-08-13
Betreff: Dieser Vertrag regelt die Bedingungen für die Bereitstellung von Dienstleistungen zwischen den Vertragsparteien.
Bedingungen: Die Vertragsparteien vereinbaren eine Laufzeit von zwei Jahren ab dem effektiven Datum, mit der Option auf Verlängerung unter den gleichen Bedingungen. Die Zahlungsbedingungen hinterlegt sind als monatliche Zahlungen in Höhe von 1000 Euro festgelegt.
Kontakt: Zentrale Kontaktstelle
Unterschrift: Unterschrift ausstehend
Kündigung: Der Vertrag kann von jeder Partei mit einer Frist von drei Monaten zum Ende der Laufzeit schriftlich gekündigt werden. Bei schwerwiegenden Vertragsverletzungen ist eine fristlose Kündigung möglich.
Zahlungsdaten: Zahlungsbedingungen hinterlegt",no,no,no,no,no,no,no,no,no,no,no,no,no,,NONE,0,0,easy,no,none,no,test,yes,openrouter_gpt4o_mini_field,field_llm_v1,no,,,v2,Synthetic document generated for controlled PII training data.,[],{},[],[],[],False,False,True,local_non_pii,no_meaningful_signal,False,20260909_112021,rule_based,local,rules,regex_presidio_fusion_v1,not_applicable,rules,False
SYN-CONTRACT-0088,synthetic_contract_0088.txt,contract,contract,en,synthetic_generation,,,synthetic,2026-08-28,2026-08-28,2026-08-28,0,"Contract

Parties: Service Provider and Client Organization
Effective Date: 2025-03-17
Subject: Amendment to the Agreement between Service Provider and Client Organization regarding the scope of services and deliverables.
Terms: This amendment modifies the existing agreement effective March 17, 2025. The Service Provider shall expand the scope of work to include additional consulting services as outlined in Exhibit A attached hereto. All other terms and conditions of the original agreement shall remain in full force and effect unless specifically modified by this amendment.
Contact: Central Contact Point
Signature: Signature pending
Termination: This amendment shall remain in effect until terminated by either party upon providing thirty (30) days written notice to the other party. In the event of termination, the Client Organization shall pay for all services rendered up to the effective date of termination, in accordance with the payment details outlined in the original agreement.
Payment Details: Standard corporate payment process",no,no,no,no,no,no,no,no,no,no,no,no,no,,NONE,0,0,easy,no,none,no,test,yes,openrouter_gpt4o_mini_field,field_llm_v1,no,,,v2,Synthetic document generated for controlled PII training data.,[],{},[],[],[],False,False,True,local_non_pii,no_meaningful_signal,False,20260909_112021,rule_based,local,rules,regex_presidio_fusion_v1,not_applicable,rules,False
SYN-CONTRACT-0105,synthetic_contract_0105.txt,contract,contract,en,synthetic_generation,,,synthetic,2026-08-28,2026-08-28,2026-08-28,0,"Contract

Parties: Service Provider and Client Organization
Effective Date: 2026-02-12
Subject: This agreement outlines the terms and conditions under which the Service Provider will deliver specified services to the Client Organization, effective as of the effective date.
Terms: The Service Provider agrees to provide services as detailed in the service specification document, with all obligations commencing on the effective date. Payment terms are outlined in the payment_details section, and all services must meet the quality standards established by the Client Organization.
Contact: Service Team
Signature: Signature pending
Termination: This agreement may be terminated by either party upon thirty (30) days written notice to the other party. Termination is effective as of the date specified in the notice, provided that all outstanding obligations as of that date are fulfilled.
Payment Details: Payment terms on file",no,no,no,no,no,no,no,no,no,no,no,no,no,,NONE,0,0,easy,no,none,no,test,yes,openrouter_gpt4o_mini_field,field_llm_v1,no,,,v2,Synthetic document generated for controlled PII training data.,[],{},[],[],[],False,False,True,local_non_pii,no_meaningful_signal,False,20260909_112021,rule_based,local,rules,regex_presidio_fusion_v1,not_applicable,rules,False
SYN-CONTRACT-0118,synthetic_contract_0118.txt,contract,contract,de,synthetic_generation,,,synthetic,2026-08-28,2026-08-28,2026-08-28,0,"Vertrag

Vertragsparteien: Vertragsparteien
Gültig ab: 2024-12-08
Betreff: Änderung des bestehenden Vertrags über die Lieferung von Dienstleistungen zwischen den Vertragsparteien.
Bedingungen: Die folgenden Änderungen treten mit dem Wirksamkeitsdatum, dem 8. Dezember 2024, in Kraft: 1. Die Zahlungsbedingungen hinterlegt werden aktualisiert, um eine monatliche Abrechnung anstelle einer vierteljährlichen Abrechnung vorzusehen. 2. Die Laufzeit des Vertrages wird um weitere zwei Jahre verlängert, sofern keine der Parteien im Voraus schriftlich kündigt.
Kontakt: Zentrale Kontaktstelle
Unterschrift: Autorisierte Unterschrift
Kündigung: Die Kündigungsmodalitäten bleiben unverändert, jedoch muss jede Partei nun eine Kündigungsfrist von 90 Tagen einhalten, um eine vorzeitige Beendigung des Vertrags zu initiieren.
Zahlungsdaten: Zahlungsbedingungen hinterlegt",no,no,no,no,no,no,no,no,no,no,no,no,no,,NONE,0,0,easy,no,none,no,test,yes,openrouter_gpt4o_mini_field,field_llm_v1,no,,,v2,Synthetic document generated for controlled PII training data.,[],{},[],[],[],False,False,True,local_non_pii,no_meaningful_signal,False,20260909_112021,rule_based,local,rules,regex_presidio_fusion_v1,not_applicable,rules,False
SYN-CONTRACT-0134,synthetic_contract_0134.txt,contract,contract,en,synthetic_generation,,,synthetic,2026-08-28,2026-08-28,2026-08-28,0,"Contract

Parties: Service Provider and Client Organization
Effective Date: 2024-10-11
Subject: Amendment to the existing agreement between the Service Provider and Client Organization regarding the scope of services and deliverables.
Terms: This amendment modifies the original agreement to include additional services as detailed in Schedule A of this document. All other terms and conditions of the original agreement shall remain in full force and effect, except as modified herein.
Contact: Department Contact
Signature: Authorized signature
Termination: This amendment shall remain in effect until terminated by either party with a written notice of thirty (30) days. Such termination shall not affect any obligations incurred prior to the effective date of termination.
Payment Details: Standard corporate payment process",no,no,no,no,no,no,no,no,no,no,no,no,no,,NONE,0,0,easy,no,none,no,test,yes,openrouter_gpt4o_mini_field,field_llm_v1,no,,,v2,Synthetic document generated for controlled PII training data.,[],{},[],[],[],False,False,True,local_non_pii,no_meaningful_signal,False,20260909_112021,rule_based,local,rules,regex_presidio_fusion_v1,not_applicable,rules,False
SYN-CONTRACT-0140,synthetic_contract_0140.txt,contract,contract,en,synthetic_generation,,,synthetic,2026-08-28,2026-08-28,2026-08-28,0,"Contract

Parties: Contracting Organizations
Effective Date: 2025-12-30
Subject: Amendment to the existing agreement between the Contracting Organizations, intended to clarify the terms and conditions regarding the scope of services and deliverables outlined in the original contract.
Terms: The terms of the amendment include a revision of the scope of services, which now incorporates additional deliverables as specified in Exhibit A. Furthermore, the timelines for delivery are adjusted, establishing new completion dates as detailed in Exhibit B. All other terms and conditions from the original agreement remain in effect unless explicitly modified herein.
Contact: Department Contact
Signature: Authorized signature
Termination: This amendment shall remain in effect until terminated by either party with a written notice of 30 days. In the event of termination, all obligations incurred up to the termination date must be fulfilled by the respective parties.
Payment Details: Payment terms on file",no,no,no,no,no,no,no,no,no,no,no,no,no,,NONE,0,0,easy,no,none,no,test,yes,openrouter_gpt4o_mini_field,field_llm_v1,no,,,v2,Synthetic document generated for controlled PII training data.,[],{},[],[],[],False,False,True,local_non_pii,no_meaningful_signal,False,20260909_112021,rule_based,local,rules,regex_presidio_fusion_v1,not_applicable,rules,False
SYN-CONTRACT-0141,synthetic_contract_0141.txt,contract,contract,en,synthetic_generation,,,synthetic,2026-08-28,2026-08-28,2026-08-28,0,"Contract

Parties: Service Provider and Client Organization
Effective Date: 2027-01-06
Subject: This contract outlines the terms and conditions under which the Service Provider will deliver specified services to the Client Organization.
Terms: The Service Provider agrees to provide services as described in the project scope, effective from the date specified herein. Payment will be processed according to the Standard corporate payment process upon completion of deliverables.
Contact: Department Contact
Signature: Signature pending
Termination: This agreement may be terminated by either party with written notice of thirty (30) days. Upon termination, all obligations shall cease except for those that expressly survive termination.
Payment Details: Standard corporate payment process",no,no,no,no,no,no,no,no,no,no,no,no,no,,NONE,0,0,easy,no,none,no,test,yes,openrouter_gpt4o_mini_field,field_llm_v1,no,,,v2,Synthetic document generated for controlled PII training data.,[],{},[],[],[],False,False,True,local_non_pii,no_meaningful_signal,False,20260909_112021,rule_based,local,rules,regex_presidio_fusion_v1,not_applicable,rules,False
SYN-CONTRACT-0156,synthetic_contract_0156.txt,contract,contract,en,synthetic_generation,,,synthetic,2026-08-28,2026-08-28,2026-08-28,0,"Contract

Parties: Contracting Organizations
Effective Date: 2025-10-02
Subject: This Contract is established between the Contracting Organizations, detailing the obligations and rights of each party involved.
Terms: The terms of this agreement shall commence on the effective date of 2025-10-02 and shall remain in effect until all obligations are fulfilled. Payment terms on file will govern the financial transactions between the parties.
Contact: Department Contact
Signature: Signature pending
Termination: This Contract may be terminated by either party upon providing written notice of at least thirty (30) days. Upon termination, all pending obligations shall be settled according to the terms previously established.
Payment Details: Payment terms on file",no,no,no,no,no,no,no,no,no,no,no,no,no,,NONE,0,0,easy,no,none,no,test,yes,openrouter_gpt4o_mini_field,field_llm_v1,no,,,v2,Synthetic document generated for controlled PII training data.,[],{},[],[],[],False,False,True,local_non_pii,no_meaningful_signal,False,20260909_112021,rule_based,local,rules,regex_presidio_fusion_v1,not_applicable,rules,False
SYN-CONTRACT-0158,synthetic_contract_0158.txt,contract,contract,de,synthetic_generation,,,synthetic,2026-08-28,2026-08-28,2026-08-28,0,"Vertrag

Vertragsparteien: Lea Gehringer
Gültig ab: 2027-02-22
Betreff: Dieser Vertrag wird zwischen Lea Gehringer und dem Serviceteam geschlossen, um die Rahmenbedingungen für die Bereitstellung von Dienstleistungen festzulegen.
Bedingungen: Die vereinbarten Bedingungen umfassen eine Laufzeit ab dem effektiven Datum 2027-02-22, wobei die Zahlungen über die Bankverbindung DE46772975131541329695 abgewickelt werden. Der Vertrag sieht regelmäßige Überprüfungen und Anpassungen der Leistungen vor.
Kontakt: Serviceteam
Unterschrift: Autorisierte Unterschrift
Kündigung: Der Vertrag kann von beiden Parteien mit einer Frist von 30 Tagen schriftlich gekündigt werden. Bei gravierenden Vertragsverletzungen kann eine sofortige Kündigung erfolgen.
Zahlungsdaten: DE46772975131541329695",yes,yes,no,no,no,yes,no,no,no,no,no,no,no,PERSON; IBAN_CODE,MULTIPLE,2,2,easy,no,none,no,test,yes,openrouter_gpt4o_mini_field,field_llm_v1,no,,,v2,Synthetic document generated for controlled PII training data.,"[{'type': 'IBAN_CODE', 'value': 'DE46772975131541329695', 'confidence': 1.0, 'source': 'presidio', 'start': 375, 'end': 397}, {'type': 'MEDICAL_LICENSE', 'value': 'DE4677297', 'confidence': 1.0, 'source': 'presidio', 'start': 375, 'end': 384}, {'type': 'IBAN_CODE', 'value': 'DE46772975131541329695', 'confidence': 1.0, 'source': 'presidio', 'start': 759, 'end': 781}, {'type': 'MEDICAL_LICENSE', 'value': 'DE4677297', 'confidence': 1.0, 'source': 'presidio', 'start': 759, 'end': 768}, {'type': 'PERSON', 'value': 'Lea Gehringer', 'confidence': 0.85, 'source': 'presidio', 'start': 27, 'end': 40}, {'type': 'PERSON', 'value': 'Lea Gehringer', 'confidence': 0.85, 'source': 'presidio', 'start': 101, 'end': 114}, {'type': 'DATE_TIME', 'value': '2027-02-22', 'confidence': 0.6, 'source': 'presidio', 'start': 52, 'end': 62}, {'type': 'IBAN_CODE', 'value': 'DE46772975131541329695', 'confidence': 0.9, 'source': 'custom_regex', 'start': 375, 'end': 397}, {'type': 'IBAN_CODE', 'value': 'DE46772975131541329695', 'confidence': 0.9, 'source': 'custom_regex', 'start': 759, 'end': 781}]","{'IBAN_CODE': 1.0, 'MEDICAL_LICENSE': 1.0, 'PERSON': 0.85, 'DATE_TIME': 0.6}","['DATE_TIME', 'IBAN_CODE', 'MEDICAL_LICENSE', 'PERSON']","['IBAN_CODE', 'MEDICAL_LICENSE']","['PERSON', 'DATE_TIME']",True,True,True,local_pii,strong_pii_detected,False,20260909_112021,rule_based,local,rules,regex_presidio_fusion_v1,not_applicable,rules,True
SYN-CONTRACT-0163,synthetic_contract_0163.txt,contract,contract,en,synthetic_generation,,,synthetic,2026-08-28,2026-08-28,2026-08-28,0,"Contract

Parties: Contracting Organizations
Effective Date: 2025-09-14
Subject: This contract outlines the agreement between the Contracting Organizations regarding the provision of services as specified herein.
Terms: The parties agree to the payment details as per the Payment terms on file. Services shall be delivered in accordance with the specified timeline and quality standards.
Contact: Service Team
Signature: Authorized signature
Termination: This contract may be terminated by either party with a written notice of thirty (30) days prior to the intended termination date.
Payment Details: Payment terms on file",no,no,no,no,no,no,no,no,no,no,no,no,no,,NONE,0,0,easy,no,none,no,test,yes,openrouter_gpt4o_mini_field,field_llm_v1,no,,,v2,Synthetic document generated for controlled PII training data.,[],{},[],[],[],False,False,True,local_non_pii,no_meaningful_signal,False,20260909_112021,rule_based,local,rules,regex_presidio_fusion_v1,not_applicable,rules,False
SYN-CONTRACT-0165,synthetic_contract_0165.txt,contract,contract,de,synthetic_generation,,,synthetic,2026-08-28,2026-08-28,2026-08-28,0,"Vertrag

Vertragsparteien: Vertragsparteien
Gültig ab: 2025-05-12
Betreff: Die Parteien vereinbaren hiermit die Bedingungen für die Erbringung von Dienstleistungen gemäß den im Vertrag festgelegten Spezifikationen.
Bedingungen: Die Vertragsparteien verpflichten sich, alle vereinbarten Leistungen bis zum 12. Mai 2025 zu erbringen. Alle Zahlungen erfolgen gemäß dem standardmäßigen geschäftlichen Zahlungsprozess.
Kontakt: Zentrale Kontaktstelle
Unterschrift: Autorisierte Unterschrift
Kündigung: Dieser Vertrag kann von jeder Vertragspartei mit einer Frist von 30 Tagen schriftlich gekündigt werden. Eine fristlose Kündigung ist bei schwerwiegenden Vertragsverletzungen möglich.
Zahlungsdaten: Standardmäßiger geschäftlicher Zahlungsprozess",no,no,no,no,no,no,no,no,no,no,no,no,no,,NONE,0,0,easy,no,none,no,test,yes,openrouter_gpt4o_mini_field,field_llm_v1,no,,,v2,Synthetic document generated for controlled PII training data.,[],{},[],[],[],False,False,True,local_non_pii,no_meaningful_signal,False,20260909_112021,rule_based,local,rules,regex_presidio_fusion_v1,not_applicable,rules,False
SYN-CONTRACT-0168,synthetic_contract_0168.txt,contract,contract,en,synthetic_generation,,,synthetic,2026-08-28,2026-08-28,2026-08-28,0,"Contract

Parties: Contracting Organizations
Effective Date: 2026-09-01
Subject: Amendment to the existing agreement between the Contracting Organizations, effective as of September 1, 2026, to update the scope of services provided.
Terms: The terms of the original agreement are hereby amended to include additional services as outlined in Schedule A of this amendment. The payment details remain unchanged and continue to follow the Standard corporate payment process.
Contact: Service Team
Signature: Signature pending
Termination: This amendment shall remain in effect until terminated by either party, providing a written notice of termination is given at least 30 days prior to the intended termination date.
Payment Details: Standard corporate payment process",no,no,no,no,no,no,no,no,no,no,no,no,no,,NONE,0,0,easy,no,none,no,test,yes,openrouter_gpt4o_mini_field,field_llm_v1,no,,,v2,Synthetic document generated for controlled PII training data.,[],{},[],[],[],False,False,True,local_non_pii,no_meaningful_signal,False,20260909_112021,rule_based,local,rules,regex_presidio_fusion_v1,not_applicable,rules,False
SYN-CONTRACT-0170,synthetic_contract_0170.txt,contract,contract,de,synthetic_generation,,,synthetic,2026-08-28,2026-08-28,2026-08-28,0,"Vertrag

Vertragsparteien: Vertragsparteien
Gültig ab: 2027-05-24
Betreff: Vertrag über die Bereitstellung von Dienstleistungen zwischen den Vertragsparteien.
Bedingungen: Die Parteien verpflichten sich zur Erbringung der vereinbarten Leistungen gemäß den festgelegten Zahlungsbedingungen, die in den Zahlungsbedingungen hinterlegt sind.
Kontakt: Serviceteam
Unterschrift: Unterschrift ausstehend
Kündigung: Der Vertrag kann von beiden Parteien mit einer Frist von 30 Tagen schriftlich gekündigt werden.
Zahlungsdaten: Zahlungsbedingungen hinterlegt",no,no,no,no,no,no,no,no,no,no,no,no,no,,NONE,0,0,easy,no,none,no,test,yes,openrouter_gpt4o_mini_field,field_llm_v1,no,,,v2,Synthetic document generated for controlled PII training data.,[],{},[],[],[],False,False,True,local_non_pii,no_meaningful_signal,False,20260909_112021,rule_based,local,rules,regex_presidio_fusion_v1,not_applicable,rules,False
SYN-CONTRACT-0176,synthetic_contract_0176.txt,contract,contract,de,synthetic_generation,,,synthetic,2026-08-28,2026-08-28,2026-08-28,0,"Vertrag

Vertragsparteien: Dienstleister und Kundenorganisation
Gültig ab: 2025-02-24
Betreff: Diese Vereinbarung betrifft die Bereitstellung von Dienstleistungen durch den Dienstleister an die Kundenorganisation gemäß den im Vertrag festgelegten Bedingungen.
Bedingungen: Die Bedingungen dieser Vereinbarung beinhalten die Erbringung der Dienstleistungen durch den Dienstleister, die Einhaltung von Qualitätsstandards und die Verpflichtung zur rechtzeitigen Zahlung gemäß dem standardmäßigen geschäftlichen Zahlungsprozess.
Kontakt: Abteilungskontakt
Unterschrift: Autorisierte Unterschrift
Kündigung: Die Vereinbarung kann von beiden Parteien jederzeit mit einer Frist von 30 Tagen schriftlich gekündigt werden, wobei die Kündigung die Einhaltung aller bisherigen Verpflichtungen bis zum Wirksamwerden der Kündigung nicht berührt.
Zahlungsdaten: Standardmäßiger geschäftlicher Zahlungsprozess",no,no,no,no,no,no,no,no,no,no,no,no,no,,NONE,0,0,easy,no,none,no,test,yes,openrouter_gpt4o_mini_field,field_llm_v1,no,,,v2,Synthetic document generated for controlled PII training data.,[],{},[],[],[],False,False,True,local_non_pii,no_meaningful_signal,False,20260909_112021,rule_based,local,rules,regex_presidio_fusion_v1,not_applicable,rules,False
SYN-CONTRACT-0193,synthetic_contract_0193.txt,contract,contract,en,synthetic_generation,,,synthetic,2026-08-28,2026-08-28,2026-08-28,0,"Contract

Parties: Contracting Organizations
Effective Date: 2024-12-20
Subject: Amendment to the agreement dated December 20, 2023, between the parties regarding the adjustments to the scope of services provided under the original contract.
Terms: This amendment modifies the existing payment terms on file to accommodate a revised pricing structure, effective immediately upon signing. The parties agree to incorporate additional deliverables as outlined in Exhibit A attached hereto, which details the specific changes to service levels and associated costs.
Contact: Department Contact
Signature: Authorized signature
Termination: This amendment may be terminated by either party with a written notice of thirty (30) days prior to the intended termination date. All other terms and conditions of the original agreement shall remain in full force and effect, except as expressly modified herein.
Payment Details: Payment terms on file",no,no,no,no,no,no,no,no,no,no,no,no,no,,NONE,0,0,easy,no,none,no,test,yes,openrouter_gpt4o_mini_field,field_llm_v1,no,,,v2,Synthetic document generated for controlled PII training data.,[],{},[],[],[],False,False,True,local_non_pii,no_meaningful_signal,False,20260909_112021,rule_based,local,rules,regex_presidio_fusion_v1,not_applicable,rules,False
SYN-CONTRACT-0197,synthetic_contract_0197.txt,contract,contract,de,synthetic_generation,,,synthetic,2026-08-28,2026-08-28,2026-08-28,0,"Vertrag

Vertragsparteien: Wilhelm Börner
Gültig ab: 2026-11-07
Betreff: Vertragsgegenstand ist die Bereitstellung von Dienstleistungen durch Wilhelm Börner gemäß den nachfolgenden Bestimmungen.
Bedingungen: Die Vertragslaufzeit beginnt am 07. November 2026 und endet mit der vollständigen Erfüllung der vertraglichen Pflichten. Die Zahlung erfolgt auf das Konto DE72126154684929309929.
Kontakt: Serviceteam
Unterschrift: Autorisierte Unterschrift
Kündigung: Der Vertrag kann von beiden Parteien mit einer Frist von 30 Tagen schriftlich gekündigt werden. Eine fristlose Kündigung ist aus wichtigem Grund zulässig.
Zahlungsdaten: DE72126154684929309929",yes,yes,no,no,no,yes,no,no,no,no,no,no,no,PERSON; IBAN_CODE,MULTIPLE,2,2,easy,no,none,no,test,yes,openrouter_gpt4o_mini_field,field_llm_v1,no,,,v2,Synthetic document generated for controlled PII training data.,"[{'type': 'IBAN_CODE', 'value': 'DE72126154684929309929', 'confidence': 1.0, 'source': 'presidio', 'start': 363, 'end': 385}, {'type': 'IBAN_CODE', 'value': 'DE72126154684929309929', 'confidence': 1.0, 'source': 'presidio', 'start': 629, 'end': 651}, {'type': 'PERSON', 'value': 'Wilhelm Börner', 'confidence': 0.85, 'source': 'presidio', 'start': 27, 'end': 41}, {'type': 'PERSON', 'value': 'Wilhelm Börner', 'confidence': 0.85, 'source': 'presidio', 'start': 142, 'end': 156}, {'type': 'LOCATION', 'value': 'DE72126154684929309929.', 'confidence': 0.85, 'source': 'presidio', 'start': 363, 'end': 386}, {'type': 'DATE_TIME', 'value': '2026-11-07', 'confidence': 0.6, 'source': 'presidio', 'start': 53, 'end': 63}, {'type': 'IBAN_CODE', 'value': 'DE72126154684929309929', 'confidence': 0.9, 'source': 'custom_regex', 'start': 363, 'end': 385}, {'type': 'IBAN_CODE', 'value': 'DE72126154684929309929', 'confidence': 0.9, 'source': 'custom_regex', 'start': 629, 'end': 651}]","{'IBAN_CODE': 1.0, 'PERSON': 0.85, 'LOCATION': 0.85, 'DATE_TIME': 0.6}","['DATE_TIME', 'IBAN_CODE', 'LOCATION', 'PERSON']",['IBAN_CODE'],"['PERSON', 'LOCATION', 'DATE_TIME']",True,True,True,local_pii,strong_pii_detected,False,20260909_112021,rule_based,local,rules,regex_presidio_fusion_v1,not_applicable,rules,True
SYN-CONTRACT-0199,synthetic_contract_0199.txt,contract,contract,en,synthetic_generation,,,synthetic,2026-08-28,2026-08-28,2026-08-28,0,"Contract

Parties: Brian Smith
Effective Date: 2027-05-02
Subject: Amendment to the existing agreement between the parties regarding the terms of service provided by Brian Smith.
Terms: This amendment updates the payment terms and outlines the obligations of both parties. The payment details on file remain unchanged, while the delivery schedule will be modified to reflect a new timeline as agreed upon by both parties. The effective date of this amendment is set for May 2, 2027.
Contact: peterlong@example.net
Signature: Authorized signature
Termination: Either party may terminate this amendment with a written notice of 30 days. Such termination will not affect any rights or obligations accrued prior to the termination date.
Payment Details: Payment terms on file",yes,yes,yes,no,no,no,no,no,no,no,no,no,no,PERSON; EMAIL_ADDRESS,MULTIPLE,2,2,easy,no,none,no,test,yes,openrouter_gpt4o_mini_field,field_llm_v1,no,,,v2,Synthetic document generated for controlled PII training data.,"[{'type': 'EMAIL_ADDRESS', 'value': 'peterlong@example.net', 'confidence': 1.0, 'source': 'presidio', 'start': 492, 'end': 513}, {'type': 'DATE_TIME', 'value': '2027-05-02', 'confidence': 0.95, 'source': 'presidio', 'start': 47, 'end': 57}, {'type': 'PERSON', 'value': 'Brian Smith', 'confidence': 0.85, 'source': 'presidio', 'start': 19, 'end': 30}, {'type': 'PERSON', 'value': 'Brian Smith', 'confidence': 0.85, 'source': 'presidio', 'start': 166, 'end': 177}, {'type': 'URL', 'value': 'example.net', 'confidence': 0.5, 'source': 'presidio', 'start': 502, 'end': 513}, {'type': 'EMAIL_ADDRESS', 'value': 'peterlong@example.net', 'confidence': 0.9, 'source': 'custom_regex', 'start': 492, 'end': 513}]","{'EMAIL_ADDRESS': 1.0, 'DATE_TIME': 0.95, 'PERSON': 0.85, 'URL': 0.5}","['DATE_TIME', 'EMAIL_ADDRESS', 'PERSON', 'URL']",['EMAIL_ADDRESS'],"['DATE_TIME', 'PERSON', 'URL']",True,True,True,local_pii,strong_pii_detected,False,20260909_112021,rule_based,local,rules,regex_presidio_fusion_v1,not_applicable,rules,True
SYN-CONTRACT-0207,synthetic_contract_0207.txt,contract,contract,de,synthetic_generation,,,synthetic,2026-08-28,2026-08-28,2026-08-28,0,"Vertrag

Vertragsparteien: Frau Lisette Eberth B.A.
Gültig ab: 2027-04-07
Betreff: Dieser Vertrag regelt die Vereinbarung zwischen Frau Lisette Eberth B.A. und der Abteilungskontakt hinsichtlich der bereitgestellten Dienstleistungen und Produkte.
Bedingungen: Die Bedingungen dieses Vertrages umfassen eine Zahlung von 10.000 EUR, die auf das Konto DE15871477731950539542 zu überweisen ist, innerhalb von 30 Tagen nach Vertragsunterzeichnung.
Kontakt: Abteilungskontakt
Unterschrift: Unterschrift ausstehend
Kündigung: Der Vertrag kann von beiden Parteien mit einer Frist von 30 Tagen schriftlich gekündigt werden, wobei alle ausstehenden Zahlungen bis zum Vertragsende erfüllt werden müssen.
Zahlungsdaten: DE15871477731950539542",yes,yes,no,no,no,yes,no,no,no,no,no,no,no,PERSON; IBAN_CODE,MULTIPLE,2,2,easy,no,none,no,test,yes,openrouter_gpt4o_mini_field,field_llm_v1,no,,,v2,Synthetic document generated for controlled PII training data.,"[{'type': 'IBAN_CODE', 'value': 'DE15871477731950539542', 'confidence': 1.0, 'source': 'presidio', 'start': 349, 'end': 371}, {'type': 'IBAN_CODE', 'value': 'DE15871477731950539542', 'confidence': 1.0, 'source': 'presidio', 'start': 708, 'end': 730}, {'type': 'PERSON', 'value': 'Lisette Eberth', 'confidence': 0.85, 'source': 'presidio', 'start': 32, 'end': 46}, {'type': 'PERSON', 'value': 'Lisette Eberth', 'confidence': 0.85, 'source': 'presidio', 'start': 136, 'end': 150}, {'type': 'DATE_TIME', 'value': '2027-04-07', 'confidence': 0.6, 'source': 'presidio', 'start': 63, 'end': 73}, {'type': 'IBAN_CODE', 'value': 'DE15871477731950539542', 'confidence': 0.9, 'source': 'custom_regex', 'start': 349, 'end': 371}, {'type': 'IBAN_CODE', 'value': 'DE15871477731950539542', 'confidence': 0.9, 'source': 'custom_regex', 'start': 708, 'end': 730}]","{'IBAN_CODE': 1.0, 'PERSON': 0.85, 'DATE_TIME': 0.6}","['DATE_TIME', 'IBAN_CODE', 'PERSON']",['IBAN_CODE'],"['PERSON', 'DATE_TIME']",True,True,True,local_pii,strong_pii_detected,False,20260909_112021,rule_based,local,rules,regex_presidio_fusion_v1,not_applicable,rules,True
SYN-CONTRACT-0217,synthetic_contract_0217.txt,contract,contract,de,synthetic_generation,,,synthetic,2026-08-28,2026-08-28,2026-08-28,0,"Vertrag

Vertragsparteien: Dienstleister und Kundenorganisation
Gültig ab: 2027-01-03
Betreff: Dieser Vertrag regelt die Zusammenarbeit zwischen dem Dienstleister und der Kundenorganisation bezüglich der Bereitstellung von Dienstleistungen, die ab dem effektiven Datum, dem 3. Januar 2027, in Kraft treten.
Bedingungen: Die Parteien verpflichten sich, alle im Vertrag festgelegten Bedingungen zu erfüllen, einschließlich der Zahlung gemäß den Zahlung_details, die den standardmäßigen geschäftlichen Zahlungsprozess umfassen. Änderungen der Bedingungen bedürfen der schriftlichen Zustimmung beider Parteien.
Kontakt: Zentrale Kontaktstelle
Unterschrift: Unterschrift ausstehend
Kündigung: Der Vertrag kann von beiden Parteien unter Einhaltung einer Kündigungsfrist von 30 Tagen schriftlich gekündigt werden. Eine sofortige Kündigung ist möglich, wenn wesentliche Vertragsbedingungen nicht eingehalten werden.
Zahlungsdaten: Standardmäßiger geschäftlicher Zahlungsprozess",no,no,no,no,no,no,no,no,no,no,no,no,no,,NONE,0,0,easy,no,none,no,test,yes,openrouter_gpt4o_mini_field,field_llm_v1,no,,,v2,Synthetic document generated for controlled PII training data.,[],{},[],[],[],False,False,True,local_non_pii,no_meaningful_signal,False,20260909_112021,rule_based,local,rules,regex_presidio_fusion_v1,not_applicable,rules,False
SYN-CONTRACT-0221,synthetic_contract_0221.txt,contract,contract,en,synthetic_generation,,,synthetic,2026-08-28,2026-08-28,2026-08-28,0,"Contract

Parties: Contracting Organizations
Effective Date: 2026-08-17
Subject: This contract is entered into by and between the Contracting Organizations, collectively referred to as 'the Parties', for the purpose of delineating the responsibilities and expectations of each party in relation to the services outlined herein.
Terms: The Parties agree to adhere to the terms set forth in this agreement, which includes provisions for deliverables, timelines, and quality standards, effective from the effective_date of 2026-08-17. The payment_details shall follow the Standard corporate payment process as agreed upon by both Parties.
Contact: Central Contact Point
Signature: Authorized signature
Termination: This agreement may be terminated by either Party with a written notice of thirty (30) days. Termination shall not relieve either Party of its obligations incurred prior to the effective termination date.
Payment Details: Standard corporate payment process",no,no,no,no,no,no,no,no,no,no,no,no,no,,NONE,0,0,easy,no,none,no,test,yes,openrouter_gpt4o_mini_field,field_llm_v1,no,,,v2,Synthetic document generated for controlled PII training data.,[],{},[],[],[],False,False,True,local_non_pii,no_meaningful_signal,False,20260909_112021,rule_based,local,rules,regex_presidio_fusion_v1,not_applicable,rules,False
SYN-CONTRACT-0223,synthetic_contract_0223.txt,contract,contract,en,synthetic_generation,,,synthetic,2026-08-28,2026-08-28,2026-08-28,0,"Contract

Parties: Contracting Organizations
Effective Date: 2026-08-31
Subject: This amendment pertains to the existing agreement between the parties regarding the procurement of services, specifically addressing the adjustments to the scope and pricing outlined in the original contract dated prior to this amendment.
Terms: The terms of the original agreement shall be modified as follows: 1. The scope of services will be expanded to include additional deliverables as described in Exhibit A attached hereto. 2. The payment details shall now reflect a revised pricing structure, with an increase of 10% on the service fees, effective from the effective date of this amendment. 3. All other terms and conditions of the original agreement shall remain in full force and effect unless specifically amended herein.
Contact: Central Contact Point
Signature: Signature pending
Termination: This amendment may be terminated by either party upon 30 days written notice, should the other party fail to comply with any material terms of this amendment or the original agreement. Termination shall not relieve the parties of their obligations incurred prior to the date of termination.
Payment Details: Standard corporate payment process",no,no,no,no,no,no,no,no,no,no,no,no,no,,NONE,0,0,easy,no,none,no,test,yes,openrouter_gpt4o_mini_field,field_llm_v1,no,,,v2,Synthetic document generated for controlled PII training data.,[],{},[],[],[],False,False,True,local_non_pii,no_meaningful_signal,False,20260909_112021,rule_based,local,rules,regex_presidio_fusion_v1,not_applicable,rules,False
SYN-CONTRACT-0240,synthetic_contract_0240.txt,contract,contract,de,synthetic_generation,,,synthetic,2026-08-28,2026-08-28,2026-08-28,0,"Vertrag

Vertragsparteien: Vertragsparteien
Gültig ab: 2024-11-20
Betreff: Änderung des bestehenden Vertrags über die Bereitstellung von Dienstleistungen zwischen den Vertragsparteien, um die Bedingungen für die Lieferung und Zahlungsmodalitäten zu aktualisieren.
Bedingungen: Die Parteien haben sich darauf geeinigt, dass die Zahlungsdetails ab dem 20. November 2024 gemäß dem Standardmäßigen geschäftlichen Zahlungsprozess angepasst werden. Des Weiteren wird festgelegt, dass die Lieferfristen für die vereinbarten Dienstleistungen um 15 Tage verlängert werden, um die Effizienz zu steigern und den Bedürfnissen der Parteien besser gerecht zu werden.
Kontakt: Abteilungskontakt
Unterschrift: Unterschrift ausstehend
Kündigung: Diese Änderungsvereinbarung tritt am 20. November 2024 in Kraft und bleibt bis zur Beendigung des ursprünglichen Vertrages oder durch schriftliche Mitteilung einer der Parteien an die andere gemäß den im ursprünglichen Vertrag festgelegten Kündigungsbedingungen in Kraft.
Zahlungsdaten: Standardmäßiger geschäftlicher Zahlungsprozess",no,no,no,no,no,no,no,no,no,no,no,no,no,,NONE,0,0,easy,no,none,no,test,yes,openrouter_gpt4o_mini_field,field_llm_v1,no,,,v2,Synthetic document generated for controlled PII training data.,[],{},[],[],[],False,False,True,local_non_pii,no_meaningful_signal,False,20260909_112021,rule_based,local,rules,regex_presidio_fusion_v1,not_applicable,rules,False
SYN-CONTRACT-0249,synthetic_contract_0249.txt,contract,contract,en,synthetic_generation,,,synthetic,2026-08-28,2026-08-28,2026-08-28,0,"Contract

Parties: Service Provider and Client Organization
Effective Date: 2027-05-10
Subject: Agreement for the provision of services by the Service Provider to the Client Organization, effective as of the date specified herein.
Terms: The Service Provider shall deliver services as outlined in the statement of work, adhering to the agreed timelines and quality standards. Payment details, including the payment terms on file, shall be honored upon satisfactory completion of services.
Contact: Department Contact
Signature: Authorized signature
Termination: This agreement may be terminated by either party with a written notice of thirty (30) days. Termination is permissible if either party fails to remedy a breach of contract within the notice period.
Payment Details: Payment terms on file",no,no,no,no,no,no,no,no,no,no,no,no,no,,NONE,0,0,easy,no,none,no,test,yes,openrouter_gpt4o_mini_field,field_llm_v1,no,,,v2,Synthetic document generated for controlled PII training data.,[],{},[],[],[],False,False,True,local_non_pii,no_meaningful_signal,False,20260909_112021,rule_based,local,rules,regex_presidio_fusion_v1,not_applicable,rules,False
SYN-CUSTOMER_SUPPORT-0007,synthetic_customer_support_0007.txt,support_ticket,customer_support,en,synthetic_generation,,,synthetic,2026-08-28,2026-08-28,2026-08-28,0,"Customer Support

Ticket Id: REF-5337187
Subject: Issue with Account Access on Customer Portal
Customer: Customer Organization
Contact: Service Team
Description: The customer is experiencing difficulties accessing their account on the Customer Organization portal. They have reported that their login credentials are not being accepted, and they are unable to reset their password using the provided link. This issue has been ongoing for the past two days, and it is impacting their ability to manage their services.
Agent: Customer Support Team
Status: Pending
Resolution: The Customer Support Team has initiated a password reset for the customer and has confirmed that the new credentials will be sent to their registered email address. Additionally, we will follow up with the customer in 24 hours to ensure they can access their account successfully.",no,no,no,no,no,no,no,no,no,no,no,no,no,,NONE,0,0,easy,no,none,no,test,yes,openrouter_gpt4o_mini_field,field_llm_v1,no,,,v2,Synthetic document generated for controlled PII training data.,[],{},[],[],[],False,False,True,local_non_pii,no_meaningful_signal,False,20260909_112021,rule_based,local,rules,regex_presidio_fusion_v1,not_applicable,rules,False
SYN-CUSTOMER_SUPPORT-0008,synthetic_customer_support_0008.txt,support_ticket,customer_support,de,synthetic_generation,,,synthetic,2026-08-28,2026-08-28,2026-08-28,0,"Kundensupport

Ticketnummer: REF-9176898
Betreff: Anfrage zur technischen Unterstützung für unsere Software
Kunde: Kundenorganisation
Kontakt: Serviceteam
Beschreibung: Sehr geehrtes Serviceteam, wir haben ein Problem mit der aktuellen Version unserer Software. Bei der Nutzung treten häufig unerwartete Abstürze auf, was die Produktivität unseres Teams beeinträchtigt. Wir benötigen dringend Unterstützung, um dieses Problem zu beheben. Vielen Dank im Voraus für Ihre Hilfe.
Bearbeiter: Support-Fachbereich
Status: In Progress
Lösung: Das Problem wurde identifiziert und eine Lösung wird derzeit implementiert. Wir haben ein Update für die Software vorbereitet, das die Stabilität verbessern sollte. Bitte prüfen Sie die Änderungen und bestätigen Sie, ob das Problem weiterhin besteht. Vielen Dank für Ihre Geduld.",no,no,no,no,no,no,no,no,no,no,no,no,no,,NONE,0,0,easy,no,none,no,test,yes,openrouter_gpt4o_mini_field,field_llm_v1,no,,,v2,Synthetic document generated for controlled PII training data.,"[{'type': 'LOCATION', 'value': 'Support-Fachbereich', 'confidence': 0.85, 'source': 'presidio', 'start': 488, 'end': 507}]",{'LOCATION': 0.85},['LOCATION'],[],[],False,False,False,local_non_pii,no_meaningful_signal,False,20260909_112021,rule_based,local,rules,regex_presidio_fusion_v1,not_applicable,rules,False
SYN-CUSTOMER_SUPPORT-0009,synthetic_customer_support_0009.txt,support_ticket,customer_support,en,synthetic_generation,,,synthetic,2026-08-28,2026-08-28,2026-08-28,0,"Customer Support

Ticket Id: REF-6196016
Subject: Issue with Account Access on Customer Portal
Customer: Customer Organization
Contact: Department Contact
Description: The customer is currently experiencing difficulties accessing their account on the Customer Organization portal. They have reported that after entering their credentials, they receive an error message indicating that their account is locked. It is important to resolve this issue promptly to ensure the customer can utilize the services they need.
Agent: Customer Support Team
Status: In Progress
Resolution: The Customer Support Team is currently investigating the account access issue. Preliminary checks suggest that the account may have been temporarily locked due to multiple failed login attempts. A reset link has been sent to the customer's registered email to allow them to regain access. The support agent will follow up to confirm that the issue has been resolved.",no,no,no,no,no,no,no,no,no,no,no,no,no,,NONE,0,0,easy,no,none,no,test,yes,openrouter_gpt4o_mini_field,field_llm_v1,no,,,v2,Synthetic document generated for controlled PII training data.,[],{},[],[],[],False,False,False,local_non_pii,no_meaningful_signal,False,20260909_112021,rule_based,local,rules,regex_presidio_fusion_v1,not_applicable,rules,False
SYN-CUSTOMER_SUPPORT-0011,synthetic_customer_support_0011.txt,support_ticket,customer_support,en,synthetic_generation,,,synthetic,2026-08-28,2026-08-28,2026-08-28,0,"Customer Support

Ticket Id: REF-8106947
Subject: Escalation of Customer Support Ticket REF-8106947
Customer: Customer Organization
Contact: Department Contact
Description: This note serves to document the escalation of ticket REF-8106947 concerning a critical issue reported by Customer Organization. The impact of this issue has been significant, affecting multiple users within the organization and leading to operational disruptions. The Customer Support Team initiated a thorough investigation to identify the root cause and potential solutions. The investigation revealed underlying system errors that contributed to the problem.
Agent: Customer Support Team
Status: Closed
Resolution: As a resolution to ticket REF-8106947, the Customer Support Team has implemented necessary system updates and fixes. All affected users have been notified, and monitoring will continue for the next week to ensure stability. Further follow-up is scheduled with the Department Contact to confirm that the issues have been fully resolved and to discuss any additional support that may be needed.",no,no,no,no,no,no,no,no,no,no,no,no,no,,NONE,0,0,easy,no,none,no,test,yes,openrouter_gpt4o_mini_field,field_llm_v1,no,,,v2,Synthetic document generated for controlled PII training data.,[],{},[],[],[],False,False,False,local_non_pii,no_meaningful_signal,False,20260909_112021,rule_based,local,rules,regex_presidio_fusion_v1,not_applicable,rules,False
SYN-CUSTOMER_SUPPORT-0016,synthetic_customer_support_0016.txt,support_ticket,customer_support,en,synthetic_generation,,,synthetic,2026-08-28,2026-08-28,2026-08-28,0,"Customer Support

Ticket Id: REF-4724740
Subject: Issue with Login Credentials
Customer: Customer Organization
Contact: Service Team
Description: The customer is experiencing difficulties logging into their account on the Customer Organization portal. They have tried resetting their password multiple times but have not received the reset email. This issue is preventing them from accessing their support tickets and account information.
Agent: Customer Support Team
Status: Open
Resolution: The support team has escalated the issue to the IT department for further investigation. A follow-up email will be sent to the customer once the issue is resolved. In the meantime, a temporary password will be generated and shared with the customer to allow access to their account.",no,no,no,no,no,no,no,no,no,no,no,no,no,,NONE,0,0,easy,no,none,no,test,yes,openrouter_gpt4o_mini_field,field_llm_v1,no,,,v2,Synthetic document generated for controlled PII training data.,[],{},[],[],[],False,False,False,local_non_pii,no_meaningful_signal,False,20260909_112021,rule_based,local,rules,regex_presidio_fusion_v1,not_applicable,rules,False
SYN-CUSTOMER_SUPPORT-0020,synthetic_customer_support_0020.txt,support_ticket,customer_support,de,synthetic_generation,,,synthetic,2026-08-28,2026-08-28,2026-08-28,0,"Kundensupport

Ticketnummer: REF-1923491
Betreff: Dringende Eskalation aufgrund wiederholter Systemausfälle
Kunde: Geschäftskunde
Kontakt: Abteilungskontakt
Beschreibung: Am 15. Oktober 2023 kam es erneut zu erheblichen Systemausfällen, die unseren Geschäftskunden in der Abteilung Abteilungskontakt große Schwierigkeiten bereiteten. Trotz mehrerer vorheriger Interventionen durch das Service Desk-Team konnte das Problem nicht dauerhaft behoben werden, was zu einer signifikanten Beeinträchtigung der Kundenkommunikation führte. Die technische Analyse hat ergeben, dass die Ursache komplexer Natur ist und eine tiefere Untersuchung erfordert, um die zugrunde liegenden Probleme zu identifizieren und zu beheben.
Bearbeiter: Service Desk
Status: Completed
Lösung: Das Ticket REF-1923491 wurde erfolgreich abgeschlossen, nachdem die Eskalation an die technische Abteilung erfolgt ist. Es wurde eine umfassende Problemanalyse durchgeführt, um sicherzustellen, dass ähnliche Vorfälle in Zukunft vermieden werden. Der nächste Schritt besteht darin, die betroffenen Systeme zu überwachen und die gewonnenen Erkenntnisse in die Systemoptimierung einfließen zu lassen, um die Stabilität und Zuverlässigkeit der Dienste zu gewährleisten.",no,no,no,no,no,no,no,no,no,no,no,no,no,,NONE,0,0,easy,no,none,no,test,yes,openrouter_gpt4o_mini_field,field_llm_v1,no,,,v2,Synthetic document generated for controlled PII training data.,[],{},[],[],[],False,False,False,local_non_pii,no_meaningful_signal,False,20260909_112021,rule_based,local,rules,regex_presidio_fusion_v1,not_applicable,rules,False
SYN-CUSTOMER_SUPPORT-0029,synthetic_customer_support_0029.txt,support_ticket,customer_support,en,synthetic_generation,,,synthetic,2026-08-28,2026-08-28,2026-08-28,0,"Customer Support

Ticket Id: REF-5012716
Subject: Inquiry Regarding Invoice Discrepancy
Customer: Business Client
Contact: 460.208.0070
Description: The customer, identified as a Business Client, has reported a discrepancy in their latest invoice. They have noticed that the charges do not align with the agreed terms outlined in their contract. To assist, we need to review invoice number INV-1234567, dated September 15, 2023, and address the concern promptly. For further communication, the customer can be reached at 460.208.0070.
Agent: Customer Support Team
Status: Pending
Resolution: After reviewing the invoice and consulting with the billing department, the discrepancy was confirmed to be an error in the billing system. A corrected invoice has been issued to the customer, and they have been informed about the update. The customer has acknowledged the resolution and thanked the support team for their prompt assistance.",yes,no,no,yes,no,no,no,no,no,no,no,no,no,PHONE_NUMBER,PHONE_NUMBER,1,1,easy,no,none,no,test,yes,openrouter_gpt4o_mini_field,field_llm_v1,no,,,v2,Synthetic document generated for controlled PII training data.,"[{'type': 'PHONE_NUMBER', 'value': '460.208.0070', 'confidence': 0.9, 'source': 'custom_regex', 'start': 123, 'end': 135}, {'type': 'PHONE_NUMBER', 'value': '460.208.0070', 'confidence': 0.9, 'source': 'custom_regex', 'start': 521, 'end': 533}]",{'PHONE_NUMBER': 0.9},['PHONE_NUMBER'],['PHONE_NUMBER'],[],True,True,True,local_pii,strong_pii_detected,False,20260909_112021,rule_based,local,rules,regex_presidio_fusion_v1,not_applicable,rules,True
SYN-CUSTOMER_SUPPORT-0031,synthetic_customer_support_0031.txt,support_ticket,customer_support,en,synthetic_generation,,,synthetic,2026-08-28,2026-08-28,2026-08-28,0,"Customer Support

Ticket Id: REF-3053644
Subject: Issue with Account Login - Ticket REF-3053644
Customer: Barbara Hansen
Contact: megan62@example.net
Description: Dear Support Team,

I am experiencing difficulties logging into my account. Every time I try to access my profile, I receive an error message stating that my username or password is incorrect. I have double-checked my credentials, but the issue persists. My email address associated with the account is megan62@example.net. 

Please assist me in resolving this matter as soon as possible, as I need to access my account for urgent tasks.

Thank you,
Barbara Hansen
Agent: Support Specialist
Status: Completed
Resolution: The login issue has been successfully resolved. I reset the password for Barbara Hansen and provided instructions on how to access the account using the new password. The ticket is now marked as completed.",yes,yes,yes,no,no,no,no,no,no,no,no,no,no,PERSON; EMAIL_ADDRESS,MULTIPLE,2,2,easy,no,none,no,test,yes,openrouter_gpt4o_mini_field,field_llm_v1,no,,,v2,Synthetic document generated for controlled PII training data.,"[{'type': 'EMAIL_ADDRESS', 'value': 'megan62@example.net', 'confidence': 1.0, 'source': 'presidio', 'start': 130, 'end': 149}, {'type': 'EMAIL_ADDRESS', 'value': 'megan62@example.net', 'confidence': 1.0, 'source': 'presidio', 'start': 466, 'end': 485}, {'type': 'PERSON', 'value': 'Barbara Hansen\nContact', 'confidence': 0.85, 'source': 'presidio', 'start': 106, 'end': 128}, {'type': 'PERSON', 'value': 'Barbara Hansen', 'confidence': 0.85, 'source': 'presidio', 'start': 613, 'end': 627}, {'type': 'PERSON', 'value': 'Barbara Hansen', 'confidence': 0.85, 'source': 'presidio', 'start': 757, 'end': 771}, {'type': 'URL', 'value': 'example.net', 'confidence': 0.5, 'source': 'presidio', 'start': 138, 'end': 149}, {'type': 'URL', 'value': 'example.net', 'confidence': 0.5, 'source': 'presidio', 'start': 474, 'end': 485}, {'type': 'EMAIL_ADDRESS', 'value': 'megan62@example.net', 'confidence': 0.9, 'source': 'custom_regex', 'start': 130, 'end': 149}, {'type': 'EMAIL_ADDRESS', 'value': 'megan62@example.net', 'confidence': 0.9, 'source': 'custom_regex', 'start': 466, 'end': 485}]","{'EMAIL_ADDRESS': 1.0, 'PERSON': 0.85, 'URL': 0.5}","['EMAIL_ADDRESS', 'PERSON', 'URL']",['EMAIL_ADDRESS'],"['PERSON', 'URL']",True,True,True,local_pii,strong_pii_detected,False,20260909_112021,rule_based,local,rules,regex_presidio_fusion_v1,not_applicable,rules,True
SYN-CUSTOMER_SUPPORT-0050,synthetic_customer_support_0050.txt,support_ticket,customer_support,en,synthetic_generation,,,synthetic,2026-08-28,2026-08-28,2026-08-28,0,"Customer Support

Ticket Id: REF-3739655
Subject: Request for Assistance with Account Access Issues
Customer: Business Client
Contact: Department Contact
Description: Dear Support Team, I am writing to report an issue we are experiencing with accessing our account. It seems that our login credentials are not being accepted, and we are unable to access critical information. This issue has persisted for the last few hours, and it is affecting our operations. Please let me know how we can resolve this as soon as possible. Thank you!
Agent: Support Specialist
Status: Completed
Resolution: The issue was resolved by resetting the account password as requested. The customer was notified of the changes, and they successfully regained access to their account. The ticket is now marked as completed.",no,no,no,no,no,no,no,no,no,no,no,no,no,,NONE,0,0,easy,no,none,no,test,yes,openrouter_gpt4o_mini_field,field_llm_v1,no,,,v2,Synthetic document generated for controlled PII training data.,[],{},[],[],[],False,False,False,local_non_pii,no_meaningful_signal,False,20260909_112021,rule_based,local,rules,regex_presidio_fusion_v1,not_applicable,rules,False
SYN-CUSTOMER_SUPPORT-0068,synthetic_customer_support_0068.txt,support_ticket,customer_support,de,synthetic_generation,,,synthetic,2026-08-28,2026-08-28,2026-08-28,0,"Kundensupport

Ticketnummer: REF-5889731
Betreff: Eskalation des Tickets REF-5889731 aufgrund wiederholter Netzwerkprobleme
Kunde: Geschäftskunde
Kontakt: Zentrale Kontaktstelle
Beschreibung: 198.202.156.131
Bearbeiter: Service Desk
Status: Pending
Lösung: Um die wiederkehrenden Probleme mit der IP-Adresse 198.202.156.131 zu beheben, wird eine tiefgehende Analyse der Netzwerkprotokolle durchgeführt. Unser Technikerteam hat bereits erste Diagnosen eingeleitet. Die nächste Maßnahme besteht darin, die betroffenen Systemkonfigurationen zu überprüfen und gegebenenfalls Anpassungen vorzunehmen. Ein Update wird innerhalb der nächsten 48 Stunden bereitgestellt.",yes,no,no,no,no,no,no,no,no,no,yes,no,no,IP_ADDRESS,IP_ADDRESS,1,1,easy,no,none,no,test,yes,openrouter_gpt4o_mini_field,field_llm_v1,no,,,v2,Synthetic document generated for controlled PII training data.,"[{'type': 'IP_ADDRESS', 'value': '198.202.156.131', 'confidence': 0.95, 'source': 'presidio', 'start': 308, 'end': 323}, {'type': 'IP_ADDRESS', 'value': '198.202.156.131', 'confidence': 0.6, 'source': 'presidio', 'start': 192, 'end': 207}]",{'IP_ADDRESS': 0.95},['IP_ADDRESS'],['IP_ADDRESS'],[],True,True,True,local_pii,strong_pii_detected,False,20260909_112021,rule_based,local,rules,regex_presidio_fusion_v1,not_applicable,rules,True
SYN-CUSTOMER_SUPPORT-0073,synthetic_customer_support_0073.txt,support_ticket,customer_support,en,synthetic_generation,,,synthetic,2026-08-28,2026-08-28,2026-08-28,0,"Customer Support

Ticket Id: REF-7417302
Subject: Assistance Required for Software Access Issues
Customer: Customer Organization
Contact: Department Contact
Description: Dear Service Desk, I am experiencing difficulties accessing the software necessary for my daily tasks. Despite multiple attempts to log in, I keep receiving an error message indicating that my credentials are incorrect. This issue has hindered my productivity and I would appreciate any guidance you can provide to resolve it. Thank you for your assistance.
Agent: Service Desk
Status: Completed
Resolution: The issue was resolved by resetting the user's password and confirming that the correct login credentials were provided. The customer has successfully accessed the software after the resolution was implemented.",no,no,no,no,no,no,no,no,no,no,no,no,no,,NONE,0,0,easy,no,none,no,test,yes,openrouter_gpt4o_mini_field,field_llm_v1,no,,,v2,Synthetic document generated for controlled PII training data.,[],{},[],[],[],False,False,False,local_non_pii,no_meaningful_signal,False,20260909_112021,rule_based,local,rules,regex_presidio_fusion_v1,not_applicable,rules,False
SYN-CUSTOMER_SUPPORT-0076,synthetic_customer_support_0076.txt,support_ticket,customer_support,en,synthetic_generation,,,synthetic,2026-08-28,2026-08-28,2026-08-28,0,"Customer Support

Ticket Id: REF-2746492
Subject: Assistance Required for Billing Inquiry
Customer: Business Client
Contact: Service Team
Description: Dear Service Team, I am reaching out regarding a billing issue that we have encountered with our latest invoice. We believe there may have been an error in the charges applied. The ticket ID for this inquiry is REF-2746492. I would appreciate your prompt assistance in resolving this matter as it is affecting our account management.
Agent: Service Desk
Status: Closed
Resolution: The billing issue has been reviewed and confirmed to be an error in the invoice calculations. A corrected invoice has been issued to the Business Client, and a follow-up has been scheduled to ensure that all charges are accurate moving forward. The ticket is now marked as closed.",no,no,no,no,no,no,no,no,no,no,no,no,no,,NONE,0,0,easy,no,none,no,test,yes,openrouter_gpt4o_mini_field,field_llm_v1,no,,,v2,Synthetic document generated for controlled PII training data.,"[{'type': 'NRP', 'value': 'REF-2746492', 'confidence': 0.85, 'source': 'presidio', 'start': 29, 'end': 40}]",{'NRP': 0.85},['NRP'],[],['NRP'],False,True,False,low_cost_llm,potential_pii_evidence,True,20260909_112021,rule_based,local,rules,regex_presidio_fusion_v1,not_applicable,rules,False
SYN-CUSTOMER_SUPPORT-0077,synthetic_customer_support_0077.txt,support_ticket,customer_support,en,synthetic_generation,,,synthetic,2026-08-28,2026-08-28,2026-08-28,0,"Customer Support

Ticket Id: REF-9615838
Subject: Escalation of Customer Support Case REF-9615838
Customer: Customer Organization
Contact: Service Team
Description: This note addresses the escalation of the support ticket REF-9615838, raised by Customer Organization. The issue, which involved significant disruption to their operations, required immediate attention due to its high impact on customer satisfaction. The Service Team was alerted to the escalation after initial troubleshooting failed to resolve the underlying problem. An investigation into the root cause was launched, focusing on system compatibility and service availability.
Agent: Service Desk
Status: Completed
Resolution: Following a thorough investigation, the Service Desk implemented a solution that involved a patch update to the affected systems. Customer Organization was informed of the resolution and provided with detailed instructions for the update. The ticket has now been marked as completed, and a follow-up call will be scheduled to ensure the customer's satisfaction with the resolution.",no,no,no,no,no,no,no,no,no,no,no,no,no,,NONE,0,0,easy,no,none,no,test,yes,openrouter_gpt4o_mini_field,field_llm_v1,no,,,v2,Synthetic document generated for controlled PII training data.,[],{},[],[],[],False,False,False,local_non_pii,no_meaningful_signal,False,20260909_112021,rule_based,local,rules,regex_presidio_fusion_v1,not_applicable,rules,False
SYN-CUSTOMER_SUPPORT-0079,synthetic_customer_support_0079.txt,support_ticket,customer_support,en,synthetic_generation,,,synthetic,2026-08-28,2026-08-28,2026-08-28,0,"Customer Support

Ticket Id: REF-8832600
Subject: Request for Assistance with Account Access Issue
Customer: Business Client
Contact: Central Contact Point
Description: The customer is experiencing difficulties accessing their business account on the support portal. They have attempted to reset their password multiple times but have not received the reset email. The issue was reported to the Central Contact Point, and they are seeking urgent assistance to resolve this matter.
Agent: Customer Support Team
Status: Pending
Resolution: The Customer Support Team will investigate the issue with the password reset functionality and ensure that the customer receives the necessary assistance to regain access to their account. An email notification will be sent to the customer once the issue is resolved.",no,no,no,no,no,no,no,no,no,no,no,no,no,,NONE,0,0,easy,no,none,no,test,yes,openrouter_gpt4o_mini_field,field_llm_v1,no,,,v2,Synthetic document generated for controlled PII training data.,[],{},[],[],[],False,False,False,local_non_pii,no_meaningful_signal,False,20260909_112021,rule_based,local,rules,regex_presidio_fusion_v1,not_applicable,rules,False
SYN-CUSTOMER_SUPPORT-0083,synthetic_customer_support_0083.txt,support_ticket,customer_support,de,synthetic_generation,,,synthetic,2026-08-28,2026-08-28,2026-08-28,0,"Kundensupport

Ticketnummer: REF-8441643
Betreff: Dringende Eskalation erforderlich: Ticket REF-8441643
Kunde: Kundenorganisation
Kontakt: Serviceteam
Beschreibung: Das Anliegen des Kunden, Kundenorganisation, erfordert sofortige Aufmerksamkeit. Der aktuelle Status des Tickets REF-8441643 ist 'Open', was auf eine unzureichende Bearbeitung hinweist. Das Serviceteam hat bereits mehrere Kontaktversuche unternommen, jedoch ohne Erfolg. Es ist wichtig, die Auswirkungen auf die Kundenzufriedenheit und die langfristige Beziehung zu berücksichtigen, da Verzögerungen in der Bearbeitung negative Folgen haben könnten. Eine umfassende Untersuchung des Problems ist erforderlich, um die Ursachen zu identifizieren und effektive Lösungen zu finden.
Bearbeiter: Service Desk
Status: Open
Lösung: Umgehend sollte eine Eskalation an die entsprechende Fachabteilung erfolgen, um das Ticket REF-8441643 prioritär zu behandeln. Ein Follow-up-Gespräch mit dem Kunden sollte innerhalb der nächsten 24 Stunden stattfinden, um den aktuellen Stand der Bearbeitung zu kommunizieren und weitere Schritte zu besprechen. Zudem ist es wichtig, alle Maßnahmen zu dokumentieren, um Transparenz zu gewährleisten und mögliche wiederkehrende Probleme zu vermeiden.",no,no,no,no,no,no,no,no,no,no,no,no,no,,NONE,0,0,easy,no,none,no,test,yes,openrouter_gpt4o_mini_field,field_llm_v1,no,,,v2,Synthetic document generated for controlled PII training data.,"[{'type': 'LOCATION', 'value': 'Follow-up-Gespräch', 'confidence': 0.85, 'source': 'presidio', 'start': 920, 'end': 938}]",{'LOCATION': 0.85},['LOCATION'],[],[],False,False,False,local_non_pii,no_meaningful_signal,False,20260909_112021,rule_based,local,rules,regex_presidio_fusion_v1,not_applicable,rules,False
SYN-CUSTOMER_SUPPORT-0085,synthetic_customer_support_0085.txt,support_ticket,customer_support,de,synthetic_generation,,,synthetic,2026-08-28,2026-08-28,2026-08-28,0,"Kundensupport

Ticketnummer: REF-7200788
Betreff: Dringende Eskalation erforderlich für Ticket REF-7200788
Kunde: Kundenorganisation
Kontakt: Zentrale Kontaktstelle
Beschreibung: Das Ticket REF-7200788 wurde aufgrund der erhöhten Dringlichkeit und der Auswirkungen auf die Kundenorganisation zur Eskalation weitergeleitet. Die Zentrale Kontaktstelle hat wiederholt Schwierigkeiten mit unserem Produkt gemeldet, was zu einer signifikanten Beeinträchtigung der Betriebsabläufe führt. Es ist wichtig, dass wir umgehend eine gründliche Untersuchung einleiten, um die zugrunde liegenden Probleme zu identifizieren und zu beheben. Der Service Desk wurde informiert und erwartet eine zügige Rückmeldung.
Bearbeiter: Service Desk
Status: Open
Lösung: Die Untersuchung des Tickets REF-7200788 wird priorisiert, und das Team wird innerhalb der nächsten 48 Stunden einen detaillierten Bericht vorlegen. Zudem wurden Maßnahmen ergriffen, um die Kundenorganisation über den Fortschritt zu informieren. Eine Nachverfolgung ist für den nächsten Arbeitstag geplant, um sicherzustellen, dass alle erforderlichen Schritte zur Behebung des Problems unternommen werden.",no,no,no,no,no,no,no,no,no,no,no,no,no,,NONE,0,0,easy,no,none,no,test,yes,openrouter_gpt4o_mini_field,field_llm_v1,no,,,v2,Synthetic document generated for controlled PII training data.,[],{},[],[],[],False,False,False,local_non_pii,no_meaningful_signal,False,20260909_112021,rule_based,local,rules,regex_presidio_fusion_v1,not_applicable,rules,False
SYN-CUSTOMER_SUPPORT-0094,synthetic_customer_support_0094.txt,support_ticket,customer_support,de,synthetic_generation,,,synthetic,2026-08-28,2026-08-28,2026-08-28,0,"Kundensupport

Ticketnummer: REF-6275894
Betreff: Probleme mit der Bestellung REF-6275894
Kunde: Kundenorganisation
Kontakt: Serviceteam
Beschreibung: Sehr geehrtes Serviceteam, ich habe am 15. Oktober 2023 eine Bestellung aufgegeben, die unter der Referenznummer REF-6275894 geführt wird. Leider habe ich bisher keine Bestätigung erhalten und bin besorgt, dass es ein Problem mit der Auftragsbearbeitung geben könnte. Könnten Sie mir bitte den aktuellen Status meiner Bestellung mitteilen?
Bearbeiter: Service Desk
Status: Closed
Lösung: Wir haben Ihre Anfrage bezüglich der Bestellung REF-6275894 überprüft und festgestellt, dass es aufgrund eines technischen Fehlers zu Verzögerungen bei der Bestellbestätigung gekommen ist. Wir entschuldigen uns für die Unannehmlichkeiten und haben Ihre Bestellung nun erfolgreich bearbeitet. Sie sollten in Kürze eine Bestätigung per E-Mail erhalten.",no,no,no,no,no,no,no,no,no,no,no,no,no,,NONE,0,0,easy,no,none,no,test,yes,openrouter_gpt4o_mini_field,field_llm_v1,no,,,v2,Synthetic document generated for controlled PII training data.,[],{},[],[],[],False,False,False,local_non_pii,no_meaningful_signal,False,20260909_112021,rule_based,local,rules,regex_presidio_fusion_v1,not_applicable,rules,False
SYN-CUSTOMER_SUPPORT-0097,synthetic_customer_support_0097.txt,support_ticket,customer_support,en,synthetic_generation,,,synthetic,2026-08-28,2026-08-28,2026-08-28,0,"Customer Support

Ticket Id: REF-8518658
Subject: Request for Assistance with Recent Order Issue
Customer: Business Client
Contact: Central Contact Point
Description: Dear Customer Support Team, I am reaching out regarding a recent order we placed under ticket ID REF-8518658. We encountered an issue with the delivery timeline that was promised at the time of purchase. The order was supposed to arrive by last Friday, but we have yet to receive it. Could you please provide an update on the status of our order? Thank you for your assistance.
Agent: Customer Support Team
Status: Closed
Resolution: The issue has been resolved by contacting the shipping department, which confirmed that the order was delayed due to unforeseen circumstances. We have since expedited the shipping, and the order is scheduled to arrive by the end of this week. The customer has been notified of the new delivery date.",no,no,no,no,no,no,no,no,no,no,no,no,no,,NONE,0,0,easy,no,none,no,test,yes,openrouter_gpt4o_mini_field,field_llm_v1,no,,,v2,Synthetic document generated for controlled PII training data.,[],{},[],[],[],False,False,False,local_non_pii,no_meaningful_signal,False,20260909_112021,rule_based,local,rules,regex_presidio_fusion_v1,not_applicable,rules,False
SYN-CUSTOMER_SUPPORT-0107,synthetic_customer_support_0107.txt,support_ticket,customer_support,en,synthetic_generation,,,synthetic,2026-08-28,2026-08-28,2026-08-28,0,"Customer Support

Ticket Id: REF-6090345
Subject: Assistance Needed with French Language Support
Customer: Customer Organization
Contact: Department Contact
Description: French
Agent: Elizabeth Chaney
Status: Completed
Resolution: We have successfully addressed your concerns regarding the French language support. If you require further assistance, please feel free to reach out to Elizabeth Chaney.",yes,yes,no,no,no,no,no,no,yes,no,no,no,no,PERSON; NRP,MULTIPLE,2,2,easy,no,none,no,test,yes,openrouter_gpt4o_mini_field,field_llm_v1,no,,,v2,Synthetic document generated for controlled PII training data.,"[{'type': 'NRP', 'value': 'French', 'confidence': 0.85, 'source': 'presidio', 'start': 170, 'end': 176}, {'type': 'PERSON', 'value': 'Elizabeth Chaney', 'confidence': 0.85, 'source': 'presidio', 'start': 184, 'end': 200}, {'type': 'PERSON', 'value': 'Elizabeth Chaney', 'confidence': 0.85, 'source': 'presidio', 'start': 383, 'end': 399}, {'type': 'NRP', 'value': 'French', 'confidence': 0.9, 'source': 'custom_regex', 'start': 73, 'end': 79}, {'type': 'NRP', 'value': 'French', 'confidence': 0.9, 'source': 'custom_regex', 'start': 170, 'end': 176}, {'type': 'NRP', 'value': 'French', 'confidence': 0.9, 'source': 'custom_regex', 'start': 290, 'end': 296}]","{'NRP': 1.0, 'PERSON': 0.85}","['NRP', 'PERSON']",[],"['NRP', 'PERSON']",False,True,False,low_cost_llm,potential_pii_evidence,True,20260909_112021,rule_based,local,rules,regex_presidio_fusion_v1,not_applicable,rules,False
SYN-CUSTOMER_SUPPORT-0123,synthetic_customer_support_0123.txt,support_ticket,customer_support,en,synthetic_generation,,,synthetic,2026-08-28,2026-08-28,2026-08-28,0,"Customer Support

Ticket Id: REF-9418120
Subject: Issue with Ticket Submission Confirmation
Customer: Customer Organization
Contact: Department Contact
Description: The customer has reported that they did not receive a confirmation email after submitting a support ticket through the portal. They are concerned about whether their request was successfully logged in the system. The ticket ID is REF-9418120, and the contact for this issue is Department Contact from Customer Organization.
Agent: Customer Support Team
Status: Completed
Resolution: The issue was identified as a temporary glitch in the email notification system. A fix has been applied, and the customer has been informed that they will now receive confirmation emails for future submissions. Additionally, a confirmation for the current ticket, REF-9418120, has been sent to the customer.",no,no,no,no,no,no,no,no,no,no,no,no,no,,NONE,0,0,easy,no,none,no,test,yes,openrouter_gpt4o_mini_field,field_llm_v1,no,,,v2,Synthetic document generated for controlled PII training data.,[],{},[],[],[],False,False,False,local_non_pii,no_meaningful_signal,False,20260909_112021,rule_based,local,rules,regex_presidio_fusion_v1,not_applicable,rules,False
SYN-CUSTOMER_SUPPORT-0124,synthetic_customer_support_0124.txt,support_ticket,customer_support,de,synthetic_generation,,,synthetic,2026-08-28,2026-08-28,2026-08-28,0,"Kundensupport

Ticketnummer: REF-3498421
Betreff: Probleme bei der Nutzung des Kundenportals
Kunde: Geschäftskunde
Kontakt: Zentrale Kontaktstelle
Beschreibung: Der Kunde hat Schwierigkeiten beim Zugriff auf sein Konto im Kundenportal. Er berichtet, dass er sich nicht anmelden kann und eine Fehlermeldung erhält, die besagt, dass seine Anmeldedaten ungültig sind. Der Kunde benötigt Unterstützung, um wieder Zugang zu seinem Konto zu erhalten.
Bearbeiter: Support-Fachbereich
Status: Open
Lösung: Das Problem wurde identifiziert und behoben, indem das Passwort zurückgesetzt wurde. Der Kunde wurde darüber informiert, wie er sein Passwort ändern kann und erhielt eine Bestätigung über die Wiederherstellung des Zugriffs auf sein Konto. Der Fall wird nun als gelöst betrachtet.",no,no,no,no,no,no,no,no,no,no,no,no,no,,NONE,0,0,easy,no,none,no,test,yes,openrouter_gpt4o_mini_field,field_llm_v1,no,,,v2,Synthetic document generated for controlled PII training data.,[],{},[],[],[],False,False,False,local_non_pii,no_meaningful_signal,False,20260909_112021,rule_based,local,rules,regex_presidio_fusion_v1,not_applicable,rules,False
SYN-CUSTOMER_SUPPORT-0126,synthetic_customer_support_0126.txt,support_ticket,customer_support,de,synthetic_generation,,,synthetic,2026-08-28,2026-08-28,2026-08-28,0,"Kundensupport

Ticketnummer: REF-1950967
Betreff: Anfrage zur Nutzung des Kundenportals
Kunde: Geschäftskunde
Kontakt: Serviceteam
Beschreibung: Information nicht verfügbar
Bearbeiter: Support-Fachbereich
Status: Closed
Lösung: Das Problem wurde behoben. Der Zugang zum Kundenportal ist nun wieder vollständig verfügbar. Für weitere Informationen stehen wir Ihnen jederzeit zur Verfügung.",no,no,no,no,no,no,no,no,no,no,no,no,no,,NONE,0,0,easy,no,none,no,test,yes,openrouter_gpt4o_mini_field,field_llm_v1,no,,,v2,Synthetic document generated for controlled PII training data. Relabeled 2026-09-03: standalone URL with no co-occurring identifier does not meet GDPR Art.4(1) identifiability threshold; corrected from positive to negative.,[],{},[],[],[],False,False,False,local_non_pii,no_meaningful_signal,False,20260909_112021,rule_based,local,rules,regex_presidio_fusion_v1,not_applicable,rules,False
SYN-CUSTOMER_SUPPORT-0127,synthetic_customer_support_0127.txt,support_ticket,customer_support,en,synthetic_generation,,,synthetic,2026-08-28,2026-08-28,2026-08-28,0,"Customer Support

Ticket Id: REF-9573538
Subject: Escalation of ticket REF-9573538 regarding unresolved customer issue
Customer: Customer Organization
Contact: Department Contact
Description: The current status of ticket REF-9573538 remains 'Pending' as the issue reported by Customer Organization has not yet been resolved. The Department Contact has expressed concern over the prolonged delay, as the issue is impacting their operations. An investigation was initiated by the Service Desk to assess the situation and gather all relevant information to expedite resolution. The implications of this delay could potentially lead to a decrease in customer satisfaction, necessitating swift action.
Agent: Service Desk
Status: Pending
Resolution: Next steps involve escalating the issue to the technical team for a deeper analysis. The Service Desk will follow up with the Department Contact within 24 hours to provide updates on the progress and ensure that all necessary resources are allocated to resolve the matter efficiently. A comprehensive review of the case will be conducted to prevent future occurrences.",no,no,no,no,no,no,no,no,no,no,no,no,no,,NONE,0,0,easy,no,none,no,test,yes,openrouter_gpt4o_mini_field,field_llm_v1,no,,,v2,Synthetic document generated for controlled PII training data.,[],{},[],[],[],False,False,False,local_non_pii,no_meaningful_signal,False,20260909_112021,rule_based,local,rules,regex_presidio_fusion_v1,not_applicable,rules,False
SYN-CUSTOMER_SUPPORT-0146,synthetic_customer_support_0146.txt,support_ticket,customer_support,de,synthetic_generation,,,synthetic,2026-08-28,2026-08-28,2026-08-28,0,"Kundensupport

Ticketnummer: REF-5243717
Betreff: Anfrage zur Unterstützung bei der Softwarekonfiguration
Kunde: Geschäftskunde
Kontakt: Abteilungskontakt
Beschreibung: Sehr geehrtes Support-Team, ich benötige Unterstützung bei der Konfiguration unserer neuen Softwarelösung. Wir haben einige Probleme mit der Einrichtung und würden gerne wissen, wie wir diese beheben können. Bitte lassen Sie uns wissen, welche Informationen Sie benötigen, um uns besser helfen zu können. Vielen Dank im Voraus für Ihre Unterstützung.
Bearbeiter: Service Desk
Status: Pending
Lösung: Der Kunde wurde über die notwendigen Schritte zur Softwarekonfiguration informiert. Ein follow-up Termin wurde für nächste Woche angesetzt, um den Fortschritt zu überprüfen und weitere Unterstützung zu leisten, falls erforderlich.",no,no,no,no,no,no,no,no,no,no,no,no,no,,NONE,0,0,easy,no,none,no,test,yes,openrouter_gpt4o_mini_field,field_llm_v1,no,,,v2,Synthetic document generated for controlled PII training data.,[],{},[],[],[],False,False,False,local_non_pii,no_meaningful_signal,False,20260909_112021,rule_based,local,rules,regex_presidio_fusion_v1,not_applicable,rules,False
SYN-CUSTOMER_SUPPORT-0149,synthetic_customer_support_0149.txt,support_ticket,customer_support,en,synthetic_generation,,,synthetic,2026-08-28,2026-08-28,2026-08-28,0,"Customer Support

Ticket Id: REF-4398381
Subject: Issue with Invoice Discrepancy
Customer: Business Client
Contact: Central Contact Point
Description: The client has reported an invoice discrepancy related to their recent service usage. The invoice number REF-4398381 does not match the agreed-upon rates and includes charges that were not previously discussed. The Central Contact Point has been contacted for clarification, and further investigation is required to resolve the issue. The client is expecting a prompt response regarding the adjustments.
Agent: Support Specialist
Status: Completed
Resolution: After reviewing the invoice and the service agreement, it was determined that an error occurred during the billing process. The incorrect charges were removed, and a revised invoice has been issued to the client. The matter has been communicated to the Central Contact Point, and the client has confirmed their satisfaction with the resolution.",no,no,no,no,no,no,no,no,no,no,no,no,no,,NONE,0,0,easy,no,none,no,test,yes,openrouter_gpt4o_mini_field,field_llm_v1,no,,,v2,Synthetic document generated for controlled PII training data.,[],{},[],[],[],False,False,False,local_non_pii,no_meaningful_signal,False,20260909_112021,rule_based,local,rules,regex_presidio_fusion_v1,not_applicable,rules,False
SYN-CUSTOMER_SUPPORT-0153,synthetic_customer_support_0153.txt,support_ticket,customer_support,de,synthetic_generation,,,synthetic,2026-08-28,2026-08-28,2026-08-28,0,"Kundensupport

Ticketnummer: REF-8527304
Betreff: Unterstützung bei der Kontowiederherstellung erforderlich
Kunde: Kundenorganisation
Kontakt: Abteilungskontakt
Beschreibung: Sehr geehrtes Service Desk-Team, ich habe Schwierigkeiten, auf mein Kundenkonto zuzugreifen. Ich habe mein Passwort zurückgesetzt, aber ich erhalte weiterhin eine Fehlermeldung, dass die Anmeldedaten ungültig sind. Könnten Sie mir bitte helfen, wieder Zugriff zu erhalten? Vielen Dank im Voraus! Mit freundlichen Grüßen, Abteilungskontakt
Bearbeiter: Service Desk
Status: Closed
Lösung: Das Problem wurde erfolgreich gelöst, indem das Kundenkonto von unserem Team zurückgesetzt wurde. Der Kunde wurde informiert und kann nun wieder auf sein Konto zugreifen. Der Status des Tickets wurde auf 'Closed' gesetzt.",no,no,no,no,no,no,no,no,no,no,no,no,no,,NONE,0,0,easy,no,none,no,test,yes,openrouter_gpt4o_mini_field,field_llm_v1,no,,,v2,Synthetic document generated for controlled PII training data.,[],{},[],[],[],False,False,False,local_non_pii,no_meaningful_signal,False,20260909_112021,rule_based,local,rules,regex_presidio_fusion_v1,not_applicable,rules,False
SYN-CUSTOMER_SUPPORT-0158,synthetic_customer_support_0158.txt,support_ticket,customer_support,en,synthetic_generation,,,synthetic,2026-08-28,2026-08-28,2026-08-28,0,"Customer Support

Ticket Id: REF-4912893
Subject: Escalation of Support Ticket REF-4912893 Due to Extended Resolution Time
Customer: Business Client
Contact: Department Contact
Description: The issue reported by the Business Client under ticket REF-4912893 has been under investigation for an extended period, causing significant delays in service. The Department Contact expressed concern about the impact this has on their operations, and it was deemed necessary to escalate the matter to ensure timely resolution. The Service Desk has gathered all relevant data and feedback from the client to facilitate a thorough review of the situation.
Agent: Service Desk
Status: Completed
Resolution: Following the escalation of ticket REF-4912893, the Service Desk has implemented a revised action plan that includes a dedicated task force for immediate resolution. The team will conduct a comprehensive analysis of the issue, which is expected to be completed within the next 48 hours. Regular updates will be provided to the Business Client to keep them informed throughout the process.",no,no,no,no,no,no,no,no,no,no,no,no,no,,NONE,0,0,easy,no,none,no,test,yes,openrouter_gpt4o_mini_field,field_llm_v1,no,,,v2,Synthetic document generated for controlled PII training data.,[],{},[],[],[],False,False,False,local_non_pii,no_meaningful_signal,False,20260909_112021,rule_based,local,rules,regex_presidio_fusion_v1,not_applicable,rules,False
SYN-CUSTOMER_SUPPORT-0164,synthetic_customer_support_0164.txt,support_ticket,customer_support,de,synthetic_generation,,,synthetic,2026-08-28,2026-08-28,2026-08-28,0,"Kundensupport

Ticketnummer: REF-8079951
Betreff: Anfrage zur Rückerstattung einer fehlerhaften Bestellung
Kunde: Kundenorganisation
Kontakt: Serviceteam
Beschreibung: Der Kunde hat eine fehlerhafte Bestellung erhalten und bittet um eine Rückerstattung. Die Bestellung wurde am 15. Oktober 2023 aufgegeben und sollte ein Produkt enthalten, das nicht der beschriebenen Ware entsprach. Der Kunde hat bereits die notwendigen Informationen über die Bestellung bereitgestellt und wartet auf eine Lösung.
Bearbeiter: Kundensupport-Team
Status: Closed
Lösung: Das Serviceteam hat die Anfrage überprüft und die Rückerstattung der Bestellung genehmigt. Der Betrag wird innerhalb von 5 Werktagen auf das Konto des Kunden zurücküberwiesen. Der Kunde wurde über den Status der Rückerstattung informiert und die Ticket-ID REF-8079951 wurde als abgeschlossen markiert.",no,no,no,no,no,no,no,no,no,no,no,no,no,,NONE,0,0,easy,no,none,no,test,yes,openrouter_gpt4o_mini_field,field_llm_v1,no,,,v2,Synthetic document generated for controlled PII training data.,[],{},[],[],[],False,False,False,local_non_pii,no_meaningful_signal,False,20260909_112021,rule_based,local,rules,regex_presidio_fusion_v1,not_applicable,rules,False
SYN-CUSTOMER_SUPPORT-0179,synthetic_customer_support_0179.txt,support_ticket,customer_support,en,synthetic_generation,,,synthetic,2026-08-28,2026-08-28,2026-08-28,0,"Customer Support

Ticket Id: REF-2858436
Subject: Escalation of Ticket REF-2858436 Due to Critical Service Impact
Customer: Customer Organization
Contact: Service Team
Description: This escalation note addresses the urgent nature of ticket REF-2858436, which has been escalated due to significant service impact experienced by Customer Organization. The Service Team was alerted to multiple service disruptions that affected core operations. An initial investigation indicated that the issue might be related to system overload, leading to decreased performance and customer dissatisfaction. Further analysis is required to pinpoint the root cause and implement a lasting solution.
Agent: Support Specialist
Status: Closed
Resolution: The investigation into ticket REF-2858436 concluded with the identification of a temporary system overload as the primary cause of the disruptions. The Support Specialist has coordinated with the technical team to optimize system performance, and preventative measures have been put in place to mitigate future occurrences. The ticket has been marked as Closed, with the Service Team ensuring ongoing monitoring of the system's stability.",no,no,no,no,no,no,no,no,no,no,no,no,no,,NONE,0,0,easy,no,none,no,test,yes,openrouter_gpt4o_mini_field,field_llm_v1,no,,,v2,Synthetic document generated for controlled PII training data.,[],{},[],[],[],False,False,False,local_non_pii,no_meaningful_signal,False,20260909_112021,rule_based,local,rules,regex_presidio_fusion_v1,not_applicable,rules,False
SYN-CUSTOMER_SUPPORT-0182,synthetic_customer_support_0182.txt,support_ticket,customer_support,en,synthetic_generation,,,synthetic,2026-08-28,2026-08-28,2026-08-28,0,"Customer Support

Ticket Id: REF-9207819
Subject: Assistance Required with Service Desk Ticket REF-9207819
Customer: Customer Organization
Contact: Central Contact Point
Description: Dear Service Desk, I am reaching out regarding ticket REF-9207819 submitted by Customer Organization. We have encountered an issue that requires immediate attention. Specifically, we need clarification on the status and any updates that may be available. Your prompt response would be greatly appreciated.
Agent: Service Desk
Status: Pending
Resolution: The issue raised in ticket REF-9207819 has been reviewed, and we are currently gathering the necessary information to provide a comprehensive response. We will update Customer Organization within the next 24 hours.",no,no,no,no,no,no,no,no,no,no,no,no,no,,NONE,0,0,easy,no,none,no,test,yes,openrouter_gpt4o_mini_field,field_llm_v1,no,,,v2,Synthetic document generated for controlled PII training data.,[],{},[],[],[],False,False,False,local_non_pii,no_meaningful_signal,False,20260909_112021,rule_based,local,rules,regex_presidio_fusion_v1,not_applicable,rules,False
SYN-CUSTOMER_SUPPORT-0186,synthetic_customer_support_0186.txt,support_ticket,customer_support,de,synthetic_generation,,,synthetic,2026-08-28,2026-08-28,2026-08-28,0,"Kundensupport

Ticketnummer: REF-4865376
Betreff: Anfrage zur Rückerstattung einer fehlerhaften Bestellung
Kunde: Kundenorganisation
Kontakt: Abteilungskontakt
Beschreibung: Der Kunde hat ein Problem mit einer Bestellung (Bestellnummer: 123456) gemeldet, die defekte Ware enthält. Er bittet um eine Rückerstattung und möchte wissen, wie der Prozess abläuft. Zudem fragt er nach der Rücksendadresse und ob er die Ware zurückschicken muss.
Bearbeiter: Kundensupport-Team
Status: Pending
Lösung: Wir haben dem Kunden die Rücksendadresse zur Verfügung gestellt und ihn darüber informiert, dass er die defekte Ware zurücksenden muss. Die Rückerstattung wird bearbeitet, sobald die Rücksendung eingegangen ist. Der Fall bleibt im Status Pending, bis wir die Ware erhalten.",no,no,no,no,no,no,no,no,no,no,no,no,no,,NONE,0,0,easy,no,none,no,test,yes,openrouter_gpt4o_mini_field,field_llm_v1,no,,,v2,Synthetic document generated for controlled PII training data.,[],{},[],[],[],False,False,False,local_non_pii,no_meaningful_signal,False,20260909_112021,rule_based,local,rules,regex_presidio_fusion_v1,not_applicable,rules,False
SYN-CUSTOMER_SUPPORT-0190,synthetic_customer_support_0190.txt,support_ticket,customer_support,de,synthetic_generation,,,synthetic,2026-08-28,2026-08-28,2026-08-28,0,"Kundensupport

Ticketnummer: REF-3957384
Betreff: Anfrage zur Rechnungsstellung für den Monat Oktober 2023
Kunde: Kundenorganisation
Kontakt: Zentrale Kontaktstelle
Beschreibung: Sehr geehrtes Support-Team, ich benötige Unterstützung bei der Überprüfung meiner letzten Rechnung, die am 15. Oktober 2023 erstellt wurde. Es scheint eine Diskrepanz in den berechneten Beträgen zu geben, die ich gerne klären würde. Bitte lassen Sie mich wissen, welche Informationen Sie benötigen, um dieses Problem zu lösen.
Bearbeiter: Service Desk
Status: In Progress
Lösung: Das Problem wurde erkannt und die Rechnung wird derzeit überprüft. Ein Mitarbeiter des Service Desk wird sich bis spätestens 30. Oktober 2023 bei Ihnen melden, um die Angelegenheit zu klären.",no,no,no,no,no,no,no,no,no,no,no,no,no,,NONE,0,0,easy,no,none,no,test,yes,openrouter_gpt4o_mini_field,field_llm_v1,no,,,v2,Synthetic document generated for controlled PII training data.,[],{},[],[],[],False,False,True,local_non_pii,no_meaningful_signal,False,20260909_112021,rule_based,local,rules,regex_presidio_fusion_v1,not_applicable,rules,False
SYN-CUSTOMER_SUPPORT-0195,synthetic_customer_support_0195.txt,support_ticket,customer_support,de,synthetic_generation,,,synthetic,2026-08-28,2026-08-28,2026-08-28,0,"Kundensupport

Ticketnummer: REF-4812245
Betreff: Dringende Eskalation: Unterstützung bei dänisch
Kunde: Univ.Prof. Manuel Mühle B.A.
Kontakt: Serviceteam
Beschreibung: dänisch
Bearbeiter: Kundensupport-Team
Status: In Progress
Lösung: Das Kundensupport-Team hat die Angelegenheit priorisiert und arbeitet an einer Lösung. Ein Follow-up-Termin wurde für den 15. November 2023 angesetzt, um die Fortschritte zu überprüfen. Es wurde festgestellt, dass zusätzliche Ressourcen benötigt werden, um die Anliegen von Univ.Prof. Manuel Mühle B.A. effizient zu bearbeiten.",yes,yes,no,no,no,no,no,no,yes,no,no,no,no,PERSON; NRP,MULTIPLE,2,2,easy,no,none,no,test,yes,openrouter_gpt4o_mini_field,field_llm_v1,no,,,v2,Synthetic document generated for controlled PII training data.,"[{'type': 'PERSON', 'value': 'Manuel Mühle', 'confidence': 0.85, 'source': 'presidio', 'start': 116, 'end': 128}, {'type': 'PERSON', 'value': 'Manuel Mühle', 'confidence': 0.85, 'source': 'presidio', 'start': 521, 'end': 533}, {'type': 'URL', 'value': 'Univ.Pro', 'confidence': 0.5, 'source': 'presidio', 'start': 105, 'end': 113}, {'type': 'URL', 'value': 'Univ.Pro', 'confidence': 0.5, 'source': 'presidio', 'start': 510, 'end': 518}, {'type': 'NRP', 'value': 'dänisch', 'confidence': 0.9, 'source': 'custom_regex', 'start': 90, 'end': 97}, {'type': 'NRP', 'value': 'dänisch', 'confidence': 0.9, 'source': 'custom_regex', 'start': 169, 'end': 176}]","{'PERSON': 0.85, 'URL': 0.5, 'NRP': 0.9}","['NRP', 'PERSON', 'URL']",[],"['PERSON', 'URL', 'NRP']",False,True,False,low_cost_llm,potential_pii_evidence,True,20260909_112021,rule_based,local,rules,regex_presidio_fusion_v1,not_applicable,rules,False
SYN-CUSTOMER_SUPPORT-0204,synthetic_customer_support_0204.txt,support_ticket,customer_support,de,synthetic_generation,,,synthetic,2026-08-28,2026-08-28,2026-08-28,0,"Kundensupport

Ticketnummer: REF-6590911
Betreff: Dringende Eskalation: Unzureichende Reaktion auf Kundenanliegen
Kunde: Geschäftskunde
Kontakt: Abteilungskontakt
Beschreibung: Im Rahmen der Bearbeitung des Tickets REF-6590911 wurde festgestellt, dass die Reaktionszeit auf das Anliegen des Geschäftskunden nicht den vereinbarten SLAs entspricht. Der Abteilungskontakt hat mehrfach nach dem Status des Problems gefragt, ohne eine zufriedenstellende Antwort zu erhalten. Diese Verzögerung hat zu einem signifikanten Rückgang der Kundenzufriedenheit geführt und könnte potenziell negative Auswirkungen auf die Geschäftsbeziehung haben.
Bearbeiter: Support-Fachbereich
Status: Closed
Lösung: Nach eingehender Untersuchung wurde das Problem an den Support-Fachbereich eskaliert. Es wurde sichergestellt, dass alle relevanten Informationen und Dokumentationen zum Ticket REF-6590911 bereitgestellt wurden. Der nächste Schritt besteht darin, eine detaillierte Analyse der Ursachen der Verzögerung durchzuführen und innerhalb der nächsten 48 Stunden einen Aktionsplan zu erstellen, um die Situation zu verbessern.",no,no,no,no,no,no,no,no,no,no,no,no,no,,NONE,0,0,easy,no,none,no,test,yes,openrouter_gpt4o_mini_field,field_llm_v1,no,,,v2,Synthetic document generated for controlled PII training data.,"[{'type': 'LOCATION', 'value': 'Support-Fachbereich', 'confidence': 0.85, 'source': 'presidio', 'start': 646, 'end': 665}, {'type': 'LOCATION', 'value': 'Support-Fachbereich', 'confidence': 0.85, 'source': 'presidio', 'start': 744, 'end': 763}]",{'LOCATION': 0.85},['LOCATION'],[],[],False,False,False,local_non_pii,no_meaningful_signal,False,20260909_112021,rule_based,local,rules,regex_presidio_fusion_v1,not_applicable,rules,False
SYN-CUSTOMER_SUPPORT-0220,synthetic_customer_support_0220.txt,support_ticket,customer_support,de,synthetic_generation,,,synthetic,2026-08-28,2026-08-28,2026-08-28,0,"Kundensupport

Ticketnummer: REF-7711944
Betreff: Anfrage zur portugiesischsprachigen Unterstützung
Kunde: Viola Bolander-Dobes
Kontakt: Serviceteam
Beschreibung: portugiesisch
Bearbeiter: Support-Fachbereich
Status: Closed
Lösung: Wir haben Ihre Anfrage bezüglich der Unterstützung in portugiesisch erfolgreich bearbeitet. Bitte zögern Sie nicht, sich bei weiteren Fragen an unser Serviceteam zu wenden.",yes,yes,no,no,no,no,no,no,yes,no,no,no,no,PERSON; NRP,MULTIPLE,2,2,easy,no,none,no,test,yes,openrouter_gpt4o_mini_field,field_llm_v1,no,,,v2,Synthetic document generated for controlled PII training data.,"[{'type': 'PERSON', 'value': 'Viola Bolander-Dobes', 'confidence': 0.85, 'source': 'presidio', 'start': 107, 'end': 127}, {'type': 'LOCATION', 'value': 'Support-Fachbereich', 'confidence': 0.85, 'source': 'presidio', 'start': 189, 'end': 208}, {'type': 'NRP', 'value': 'portugiesisch', 'confidence': 0.9, 'source': 'custom_regex', 'start': 163, 'end': 176}, {'type': 'NRP', 'value': 'portugiesisch', 'confidence': 0.9, 'source': 'custom_regex', 'start': 286, 'end': 299}]","{'PERSON': 0.85, 'LOCATION': 0.85, 'NRP': 0.9}","['LOCATION', 'NRP', 'PERSON']",[],"['PERSON', 'LOCATION', 'NRP']",False,True,False,low_cost_llm,potential_pii_evidence,True,20260909_112021,rule_based,local,rules,regex_presidio_fusion_v1,not_applicable,rules,False
SYN-CUSTOMER_SUPPORT-0235,synthetic_customer_support_0235.txt,support_ticket,customer_support,de,synthetic_generation,,,synthetic,2026-08-28,2026-08-28,2026-08-28,0,"Kundensupport

Ticketnummer: REF-5720415
Betreff: Probleme mit der Passwortzurücksetzung
Kunde: Kundenorganisation
Kontakt: Zentrale Kontaktstelle
Beschreibung: Ein Kunde hat Schwierigkeiten bei der Zurücksetzung seines Passworts. Er erhält ständig eine Fehlermeldung, die besagt, dass der Link abgelaufen ist. Der Kunde benötigt dringend Zugriff auf sein Konto, um seine Anfragen zu bearbeiten.
Bearbeiter: Kundensupport-Team
Status: Completed
Lösung: Das Problem wurde durch die Überprüfung der Passwortzurücksetzungslinks gelöst. Der Kunde wurde informiert, dass der Link innerhalb von 15 Minuten abläuft, und wir haben einen neuen Link zur Verfügung gestellt, der erfolgreich verwendet werden konnte.",no,no,no,no,no,no,no,no,no,no,no,no,no,,NONE,0,0,easy,no,none,no,test,yes,openrouter_gpt4o_mini_field,field_llm_v1,no,,,v2,Synthetic document generated for controlled PII training data.,[],{},[],[],[],False,False,False,local_non_pii,no_meaningful_signal,False,20260909_112021,rule_based,local,rules,regex_presidio_fusion_v1,not_applicable,rules,False
SYN-CUSTOMER_SUPPORT-0247,synthetic_customer_support_0247.txt,support_ticket,customer_support,de,synthetic_generation,,,synthetic,2026-08-28,2026-08-28,2026-08-28,0,"Kundensupport

Ticketnummer: REF-8914912
Betreff: Anfrage zu österreichischsprachiger Unterstützung
Kunde: Ing. Hildegunde Nette MBA.
Kontakt: Serviceteam
Beschreibung: österreichisch
Bearbeiter: Service Desk
Status: In Progress
Lösung: Vielen Dank für Ihre Anfrage, Frau Ing. Hildegunde Nette MBA. Wir haben Ihr Anliegen zur österreichischen Unterstützung erhalten und arbeiten daran, Ihnen so schnell wie möglich zu helfen. Unser Serviceteam wird sich in Kürze mit weiteren Informationen bei Ihnen melden.",yes,yes,no,no,no,no,no,no,yes,no,no,no,no,PERSON; NRP,MULTIPLE,2,2,easy,no,none,no,test,yes,openrouter_gpt4o_mini_field,field_llm_v1,no,,,v2,Synthetic document generated for controlled PII training data.,"[{'type': 'NRP', 'value': 'österreichisch', 'confidence': 0.9, 'source': 'custom_regex', 'start': 169, 'end': 183}]",{'NRP': 0.9},['NRP'],[],['NRP'],False,True,True,low_cost_llm,potential_pii_evidence,True,20260909_112021,rule_based,local,rules,regex_presidio_fusion_v1,not_applicable,rules,False
SYN-EMPLOYEE_RECORD-0006,synthetic_employee_record_0006.txt,hr_record,employee_record,en,synthetic_generation,,,synthetic,2026-08-28,2026-08-28,2026-08-28,0,"Employee Record

Employee: Brian Cunningham
Department: Administration
Role: Administrator
Employee Id: REF-1383222
Manager: Team Lead
Start Date: 2024-11-17
Address: Business address not provided
Nationality: Nationality not provided
Contact: Department Contact
Notes: Brian Cunningham has demonstrated strong organizational skills in his role as an Administrator. He is adept at managing departmental tasks and supporting the Team Lead effectively. Further training may enhance his capabilities in project management.
License Number: REF-5326515
Identification Number: REF-9330494",yes,yes,no,no,no,no,no,no,no,no,no,no,no,PERSON,PERSON,1,1,easy,no,none,no,test,yes,openrouter_gpt4o_mini_field,field_llm_v1,no,,,v2,Synthetic document generated for controlled PII training data.,"[{'type': 'DATE_TIME', 'value': '2024-11-17', 'confidence': 0.95, 'source': 'presidio', 'start': 147, 'end': 157}, {'type': 'PERSON', 'value': 'Brian Cunningham\nDepartment', 'confidence': 0.85, 'source': 'presidio', 'start': 27, 'end': 54}, {'type': 'PERSON', 'value': 'Brian Cunningham', 'confidence': 0.85, 'source': 'presidio', 'start': 270, 'end': 286}]","{'DATE_TIME': 0.95, 'PERSON': 0.85}","['DATE_TIME', 'PERSON']",[],"['DATE_TIME', 'PERSON']",False,True,True,low_cost_llm,potential_pii_evidence,True,20260909_112021,rule_based,local,rules,regex_presidio_fusion_v1,not_applicable,rules,False
SYN-EMPLOYEE_RECORD-0019,synthetic_employee_record_0019.txt,hr_record,employee_record,en,synthetic_generation,,,synthetic,2026-08-28,2026-08-28,2026-08-28,0,"Employee Record

Employee: Andrew Long
Department: Operations
Role: Coordinator
Employee Id: REF-1616959
Manager: Department Manager
Start Date: 2026-01-07
Address: Business address not provided
Nationality: Nationality information unavailable
Contact: Central Contact Point
Notes: Andrew Long, identified by the identification number P11851960, has demonstrated consistent performance in his role as Coordinator within the Operations department. His contributions have been instrumental in streamlining processes and improving team efficiency. Continued monitoring of his progress and support for his professional development will be beneficial for both Andrew and the team.
License Number: REF-7764986
Identification Number: P11851960",yes,yes,no,no,no,no,no,yes,no,no,no,no,no,PERSON; PASSPORT,MULTIPLE,2,2,easy,no,none,no,test,yes,openrouter_gpt4o_mini_field,field_llm_v1,no,,,v2,Synthetic document generated for controlled PII training data.,"[{'type': 'DATE_TIME', 'value': '2026-01-07', 'confidence': 0.95, 'source': 'presidio', 'start': 145, 'end': 155}, {'type': 'PERSON', 'value': 'Andrew Long\nDepartment', 'confidence': 0.85, 'source': 'presidio', 'start': 27, 'end': 49}, {'type': 'PERSON', 'value': 'Andrew Long', 'confidence': 0.85, 'source': 'presidio', 'start': 282, 'end': 293}, {'type': 'PASSPORT', 'value': 'P11851960', 'confidence': 0.9, 'source': 'custom_regex', 'start': 335, 'end': 344}, {'type': 'PASSPORT', 'value': 'P11851960', 'confidence': 0.9, 'source': 'custom_regex', 'start': 727, 'end': 736}]","{'DATE_TIME': 0.95, 'PERSON': 0.85, 'PASSPORT': 0.9}","['DATE_TIME', 'PASSPORT', 'PERSON']",['PASSPORT'],"['DATE_TIME', 'PERSON']",True,True,True,local_pii,strong_pii_detected,False,20260909_112021,rule_based,local,rules,regex_presidio_fusion_v1,not_applicable,rules,True
SYN-EMPLOYEE_RECORD-0020,synthetic_employee_record_0020.txt,hr_record,employee_record,en,synthetic_generation,,,synthetic,2026-08-28,2026-08-28,2026-08-28,0,"Employee Record

Employee: Employee details not provided
Department: IT
Role: Specialist
Employee Id: REF-4324364
Manager: Team Lead
Start Date: 2024-10-16
Address: Registered office information pending
Nationality: Nationality not provided
Contact: Department Contact
Notes: Employee REF-4324364 is scheduled to start on 2024-10-16. Further details regarding registered office information and nationality are pending. Manager is designated as Team Lead. License number REF-1649446 and identification number REF-4568871 are noted for compliance.
License Number: REF-1649446
Identification Number: REF-4568871",no,no,no,no,no,no,no,no,no,no,no,no,no,,NONE,0,0,easy,no,none,no,test,yes,openrouter_gpt4o_mini_field,field_llm_v1,no,,,v2,Synthetic document generated for controlled PII training data.,"[{'type': 'PHONE_NUMBER', 'value': '1649446', 'confidence': 0.75, 'source': 'presidio', 'start': 474, 'end': 481}, {'type': 'PHONE_NUMBER', 'value': '1649446', 'confidence': 0.75, 'source': 'presidio', 'start': 566, 'end': 573}]",{'PHONE_NUMBER': 0.75},['PHONE_NUMBER'],['PHONE_NUMBER'],[],True,True,True,local_pii,strong_pii_detected,False,20260909_112021,rule_based,local,rules,regex_presidio_fusion_v1,not_applicable,rules,True
SYN-EMPLOYEE_RECORD-0026,synthetic_employee_record_0026.txt,hr_record,employee_record,en,synthetic_generation,,,synthetic,2026-08-28,2026-08-28,2026-08-28,0,"Employee Record

Employee: Manuel Webb
Department: Finance
Role: Analyst
Employee Id: REF-7764986
Manager: Responsible Manager
Start Date: 2026-04-11
Address: Registered office information pending
Nationality: Nationality information unavailable
Contact: irichards@example.net; 710-518-9880
Notes: Manuel Webb has been an integral part of the Finance department since starting on April 11, 2026. As an Analyst, he has consistently demonstrated strong analytical skills and attention to detail. For any inquiries, he can be reached at irichards@example.net or via phone at 710-518-9880.
License Number: REF-5387466
Identification Number: REF-9317344",yes,yes,yes,yes,no,no,no,no,no,no,no,no,no,PERSON; EMAIL_ADDRESS; PHONE_NUMBER,MULTIPLE,3,3,easy,no,none,no,test,yes,openrouter_gpt4o_mini_field,field_llm_v1,no,,,v2,Synthetic document generated for controlled PII training data.,"[{'type': 'EMAIL_ADDRESS', 'value': 'irichards@example.net', 'confidence': 1.0, 'source': 'presidio', 'start': 255, 'end': 276}, {'type': 'EMAIL_ADDRESS', 'value': 'irichards@example.net', 'confidence': 1.0, 'source': 'presidio', 'start': 534, 'end': 555}, {'type': 'DATE_TIME', 'value': '2026-04-11', 'confidence': 0.95, 'source': 'presidio', 'start': 139, 'end': 149}, {'type': 'PERSON', 'value': 'Manuel Webb\nDepartment', 'confidence': 0.85, 'source': 'presidio', 'start': 27, 'end': 49}, {'type': 'PERSON', 'value': 'Manuel Webb', 'confidence': 0.85, 'source': 'presidio', 'start': 298, 'end': 309}, {'type': 'DATE_TIME', 'value': 'April 11, 2026', 'confidence': 0.85, 'source': 'presidio', 'start': 380, 'end': 394}, {'type': 'PHONE_NUMBER', 'value': '710-518-9880', 'confidence': 0.75, 'source': 'presidio', 'start': 572, 'end': 584}, {'type': 'URL', 'value': 'example.net', 'confidence': 0.5, 'source': 'presidio', 'start': 265, 'end': 276}, {'type': 'URL', 'value': 'example.net', 'confidence': 0.5, 'source': 'presidio', 'start': 544, 'end': 555}, {'type': 'EMAIL_ADDRESS', 'value': 'irichards@example.net', 'confidence': 0.9, 'source': 'custom_regex', 'start': 255, 'end': 276}, {'type': 'EMAIL_ADDRESS', 'value': 'irichards@example.net', 'confidence': 0.9, 'source': 'custom_regex', 'start': 534, 'end': 555}, {'type': 'PHONE_NUMBER', 'value': '710-518-9880', 'confidence': 0.9, 'source': 'custom_regex', 'start': 278, 'end': 290}, {'type': 'PHONE_NUMBER', 'value': '710-518-9880', 'confidence': 0.9, 'source': 'custom_regex', 'start': 572, 'end': 584}]","{'EMAIL_ADDRESS': 1.0, 'DATE_TIME': 0.95, 'PERSON': 0.85, 'PHONE_NUMBER': 1.0, 'URL': 0.5}","['DATE_TIME', 'EMAIL_ADDRESS', 'PERSON', 'PHONE_NUMBER', 'URL']","['EMAIL_ADDRESS', 'PHONE_NUMBER']","['DATE_TIME', 'PERSON', 'URL']",True,True,True,local_pii,strong_pii_detected,False,20260909_112021,rule_based,local,rules,regex_presidio_fusion_v1,not_applicable,rules,True
SYN-EMPLOYEE_RECORD-0038,synthetic_employee_record_0038.txt,hr_record,employee_record,en,synthetic_generation,,,synthetic,2026-08-28,2026-08-28,2026-08-28,0,"Employee Record

Employee: Peter Jennings
Department: Procurement
Role: Manager
Employee Id: REF-3638769
Manager: Department Manager
Start Date: 2024-09-15
Address: Business address not provided
Nationality: Nationality not provided
Contact: 532.601.4783x090
Notes: For any inquiries or updates regarding procurement operations, please contact Peter Jennings at alvaradojason@example.net or reach him via phone at 532.601.4783x090.
License Number: REF-9847379
Identification Number: REF-4282840",yes,yes,yes,yes,no,no,no,no,no,no,no,no,no,PERSON; EMAIL_ADDRESS; PHONE_NUMBER,MULTIPLE,3,3,easy,no,none,no,test,yes,openrouter_gpt4o_mini_field,field_llm_v1,no,,,v2,Synthetic document generated for controlled PII training data.,"[{'type': 'EMAIL_ADDRESS', 'value': 'alvaradojason@example.net', 'confidence': 1.0, 'source': 'presidio', 'start': 362, 'end': 387}, {'type': 'DATE_TIME', 'value': '2024-09-15', 'confidence': 0.95, 'source': 'presidio', 'start': 145, 'end': 155}, {'type': 'PERSON', 'value': 'Peter Jennings', 'confidence': 0.85, 'source': 'presidio', 'start': 27, 'end': 41}, {'type': 'PERSON', 'value': 'Peter Jennings', 'confidence': 0.85, 'source': 'presidio', 'start': 344, 'end': 358}, {'type': 'PHONE_NUMBER', 'value': '532.601.4783x090', 'confidence': 0.75, 'source': 'presidio', 'start': 414, 'end': 430}, {'type': 'URL', 'value': 'example.net', 'confidence': 0.5, 'source': 'presidio', 'start': 376, 'end': 387}, {'type': 'EMAIL_ADDRESS', 'value': 'alvaradojason@example.net', 'confidence': 0.9, 'source': 'custom_regex', 'start': 362, 'end': 387}, {'type': 'PHONE_NUMBER', 'value': '532.601.4783x090', 'confidence': 0.9, 'source': 'custom_regex', 'start': 242, 'end': 258}, {'type': 'PHONE_NUMBER', 'value': '532.601.4783x090', 'confidence': 0.9, 'source': 'custom_regex', 'start': 414, 'end': 430}]","{'EMAIL_ADDRESS': 1.0, 'DATE_TIME': 0.95, 'PERSON': 0.85, 'PHONE_NUMBER': 1.0, 'URL': 0.5}","['DATE_TIME', 'EMAIL_ADDRESS', 'PERSON', 'PHONE_NUMBER', 'URL']","['EMAIL_ADDRESS', 'PHONE_NUMBER']","['DATE_TIME', 'PERSON', 'URL']",True,True,True,local_pii,strong_pii_detected,False,20260909_112021,rule_based,local,rules,regex_presidio_fusion_v1,not_applicable,rules,True
SYN-EMPLOYEE_RECORD-0039,synthetic_employee_record_0039.txt,hr_record,employee_record,de,synthetic_generation,,,synthetic,2026-08-28,2026-08-28,2026-08-28,0,"Mitarbeiterakte

Mitarbeiter: Abteilungseinreichung
Abteilung: Procurement
Rolle: Analyst
Mitarbeiternummer: REF-3074940
Vorgesetzter: Abteilungsleitung
Eintrittsdatum: 2025-01-05
Adresse: Geschäftsadresse nicht angegeben
Nationalität: Nationalität nicht angegeben
Kontakt: Serviceteam
Notizen: Der Mitarbeiter in der Abteilung Procurement wird als Analyst tätig sein. Beginn der Anstellung ist der 5. Januar 2025. Es gibt derzeit keine weiteren Informationen zur Geschäftsadresse oder zur Nationalität. Die Kommunikation erfolgt über das Serviceteam. Die Lizenznummer lautet REF-4282840 und die Identifikationsnummer ist REF-6013261.
Lizenznummer: REF-4282840
Ausweisnummer: REF-6013261",no,no,no,no,no,no,no,no,no,no,no,no,no,,NONE,0,0,easy,no,none,no,test,yes,openrouter_gpt4o_mini_field,field_llm_v1,no,,,v2,Synthetic document generated for controlled PII training data.,[],{},[],[],[],False,False,True,local_non_pii,no_meaningful_signal,False,20260909_112021,rule_based,local,rules,regex_presidio_fusion_v1,not_applicable,rules,False
SYN-EMPLOYEE_RECORD-0054,synthetic_employee_record_0054.txt,hr_record,employee_record,en,synthetic_generation,,,synthetic,2026-08-28,2026-08-28,2026-08-28,0,"Employee Record

Employee: Department submission
Department: Finance
Role: Specialist
Employee Id: REF-8262405
Manager: Responsible Manager
Start Date: 2025-06-13
Address: Business address not provided
Nationality: Nationality not provided
Contact: Central Contact Point
Notes: Employee REF-8262405 has been assigned to the Finance department as a Specialist starting on 2025-06-13. Currently, the business address and nationality are not provided. For any inquiries, please contact the Central Contact Point. The employee holds a license number REF-3223226 and an identification number REF-7799377. The Responsible Manager oversees their role.
License Number: REF-3223226
Identification Number: REF-7799377",no,no,no,no,no,no,no,no,no,no,no,no,no,,NONE,0,0,easy,no,none,no,test,yes,openrouter_gpt4o_mini_field,field_llm_v1,no,,,v2,Synthetic document generated for controlled PII training data.,[],{},[],[],[],False,False,True,local_non_pii,no_meaningful_signal,False,20260909_112021,rule_based,local,rules,regex_presidio_fusion_v1,not_applicable,rules,False
SYN-EMPLOYEE_RECORD-0066,synthetic_employee_record_0066.txt,hr_record,employee_record,de,synthetic_generation,,,synthetic,2026-08-28,2026-08-28,2026-08-28,0,"Mitarbeiterakte

Mitarbeiter: Abteilungseinreichung
Abteilung: Procurement
Rolle: Analyst
Mitarbeiternummer: REF-4616256
Vorgesetzter: Abteilungsleitung
Eintrittsdatum: 2026-10-23
Adresse: Geschäftsadresse nicht angegeben
Nationalität: Angabe zur Nationalität nicht verfügbar
Kontakt: Zentrale Kontaktstelle
Notizen: Der Mitarbeiter in der Abteilung Procurement, REF-4616256, wird als Analyst tätig sein und direkt der Abteilungsleitung unterstellt. Das Beschäftigungsverhältnis beginnt am 23. Oktober 2026. Weitere Angaben zur Geschäftsadresse und Nationalität sind derzeit nicht verfügbar. Die zentrale Kontaktstelle wird für alle kommunikativen Belange zuständig sein. Der Mitarbeiter verfügt über die Lizenznummer REF-9702714 und die Identifikationsnummer REF-6699058.
Lizenznummer: REF-9702714
Ausweisnummer: REF-6699058",no,no,no,no,no,no,no,no,no,no,no,no,no,,NONE,0,0,easy,no,none,no,test,yes,openrouter_gpt4o_mini_field,field_llm_v1,no,,,v2,Synthetic document generated for controlled PII training data.,[],{},[],[],[],False,False,True,local_non_pii,no_meaningful_signal,False,20260909_112021,rule_based,local,rules,regex_presidio_fusion_v1,not_applicable,rules,False
SYN-EMPLOYEE_RECORD-0075,synthetic_employee_record_0075.txt,hr_record,employee_record,de,synthetic_generation,,,synthetic,2026-08-28,2026-08-28,2026-08-28,0,"Mitarbeiterakte

Mitarbeiter: Mitarbeiterangaben nicht angegeben
Abteilung: Administration
Rolle: Coordinator
Mitarbeiternummer: REF-3227091
Vorgesetzter: Herr Anastasios Jäntsch B.Eng.
Eintrittsdatum: 2025-09-25
Adresse: Angaben zum Geschäftssitz ausstehend
Nationalität: Angabe zur Nationalität nicht verfügbar
Kontakt: Zentrale Kontaktstelle
Notizen: Der Mitarbeiter, REF-3227091, wird als Coordinator in der Abteilung Administration tätig sein. Er berichtet an Herrn Anastasios Jäntsch B.Eng. Die Approbationsnummer 3970983 ist für seine Rolle relevant. Das Startdatum ist der 25. September 2025. Weitere Angaben, wie Nationalität und Geschäftssitz, stehen noch aus.
Lizenznummer: Approbationsnummer 3970983
Ausweisnummer: REF-9391223",yes,yes,no,no,no,no,no,no,no,no,no,no,yes,PERSON; MEDICAL_LICENSE,MULTIPLE,2,2,easy,no,none,no,test,yes,openrouter_gpt4o_mini_field,field_llm_v1,no,,,v2,Synthetic document generated for controlled PII training data.,"[{'type': 'PERSON', 'value': 'Anastasios Jäntsch B.Eng', 'confidence': 0.85, 'source': 'presidio', 'start': 160, 'end': 184}, {'type': 'LOCATION', 'value': 'Approbationsnummer 3970983', 'confidence': 0.85, 'source': 'presidio', 'start': 501, 'end': 527}, {'type': 'LOCATION', 'value': 'Approbationsnummer', 'confidence': 0.85, 'source': 'presidio', 'start': 685, 'end': 703}, {'type': 'DATE_TIME', 'value': '2025-09-25', 'confidence': 0.6, 'source': 'presidio', 'start': 202, 'end': 212}, {'type': 'MEDICAL_LICENSE', 'value': 'Approbationsnummer', 'confidence': 0.9, 'source': 'custom_regex', 'start': 501, 'end': 519}, {'type': 'MEDICAL_LICENSE', 'value': 'Approbationsnummer', 'confidence': 0.9, 'source': 'custom_regex', 'start': 685, 'end': 703}]","{'PERSON': 0.85, 'LOCATION': 0.85, 'DATE_TIME': 0.6, 'MEDICAL_LICENSE': 0.9}","['DATE_TIME', 'LOCATION', 'MEDICAL_LICENSE', 'PERSON']",['MEDICAL_LICENSE'],"['PERSON', 'LOCATION', 'DATE_TIME']",True,True,True,local_pii,strong_pii_detected,False,20260909_112021,rule_based,local,rules,regex_presidio_fusion_v1,not_applicable,rules,True
SYN-EMPLOYEE_RECORD-0076,synthetic_employee_record_0076.txt,hr_record,employee_record,de,synthetic_generation,,,synthetic,2026-08-28,2026-08-28,2026-08-28,0,"Mitarbeiterakte

Mitarbeiter: Prof. Diether Säuberlich
Abteilung: IT
Rolle: Analyst
Mitarbeiternummer: REF-3674368
Vorgesetzter: Teamleitung
Eintrittsdatum: 2026-01-02
Adresse: Angaben zum Geschäftssitz ausstehend
Nationalität: Angabe zur Nationalität nicht verfügbar
Kontakt: Abteilungskontakt
Notizen: Prof. Diether Säuberlich, Identifikationsnummer P86698986, ist ein erfahrener Analyst in der IT-Abteilung. Er hat am 2. Januar 2026 seine Tätigkeit aufgenommen und berichtet an die Teamleitung. Weitere Informationen zum Geschäftssitz sowie zur Nationalität stehen noch aus.
Lizenznummer: REF-9391223
Ausweisnummer: P86698986",yes,yes,no,no,no,no,no,yes,no,no,no,no,no,PERSON; PASSPORT,MULTIPLE,2,2,easy,no,none,no,test,yes,openrouter_gpt4o_mini_field,field_llm_v1,no,,,v2,Synthetic document generated for controlled PII training data.,"[{'type': 'PERSON', 'value': 'Diether Säuberlich', 'confidence': 0.85, 'source': 'presidio', 'start': 36, 'end': 54}, {'type': 'PERSON', 'value': 'Diether Säuberlich', 'confidence': 0.85, 'source': 'presidio', 'start': 310, 'end': 328}, {'type': 'DATE_TIME', 'value': '2026-01-02', 'confidence': 0.6, 'source': 'presidio', 'start': 157, 'end': 167}, {'type': 'PASSPORT', 'value': 'P86698986', 'confidence': 0.9, 'source': 'custom_regex', 'start': 352, 'end': 361}, {'type': 'PASSPORT', 'value': 'P86698986', 'confidence': 0.9, 'source': 'custom_regex', 'start': 619, 'end': 628}]","{'PERSON': 0.85, 'DATE_TIME': 0.6, 'PASSPORT': 0.9}","['DATE_TIME', 'PASSPORT', 'PERSON']",['PASSPORT'],"['PERSON', 'DATE_TIME']",True,True,True,local_pii,strong_pii_detected,False,20260909_112021,rule_based,local,rules,regex_presidio_fusion_v1,not_applicable,rules,True
SYN-EMPLOYEE_RECORD-0078,synthetic_employee_record_0078.txt,hr_record,employee_record,en,synthetic_generation,,,synthetic,2026-08-28,2026-08-28,2026-08-28,0,"Employee Record

Employee: Internal submission
Department: Operations
Role: Coordinator
Employee Id: REF-8554486
Manager: Team Lead
Start Date: 2026-10-10
Address: Business address not provided
Nationality: Nationality not provided
Contact: Central Contact Point
Notes: Employee REF-8554486 has demonstrated strong organizational skills and attention to detail. Recommended for potential leadership training. Performance reviews indicate a positive trajectory in operational efficiency since start date 2026-10-10.
License Number: REF-7063808
Identification Number: REF-3014634",no,no,no,no,no,no,no,no,no,no,no,no,no,,NONE,0,0,easy,no,none,no,test,yes,openrouter_gpt4o_mini_field,field_llm_v1,no,,,v2,Synthetic document generated for controlled PII training data.,[],{},[],[],[],False,False,True,local_non_pii,no_meaningful_signal,False,20260909_112021,rule_based,local,rules,regex_presidio_fusion_v1,not_applicable,rules,False
SYN-EMPLOYEE_RECORD-0081,synthetic_employee_record_0081.txt,hr_record,employee_record,en,synthetic_generation,,,synthetic,2026-08-28,2026-08-28,2026-08-28,0,"Employee Record

Employee: Department submission
Department: IT
Role: Manager
Employee Id: REF-2918653
Manager: Responsible Manager
Start Date: 2026-02-26
Address: Business address not provided
Nationality: Nationality information unavailable
Contact: Central Contact Point
Notes: Employee holds the position of Manager in the IT department, starting on 2026-02-26. The address is not provided, and nationality information is unavailable. For any inquiries, please contact the Central Contact Point. License number is REF-9133170, and identification number is REF-4951369.
License Number: REF-9133170
Identification Number: REF-4951369",no,no,no,no,no,no,no,no,no,no,no,no,no,,NONE,0,0,easy,no,none,no,test,yes,openrouter_gpt4o_mini_field,field_llm_v1,no,,,v2,Synthetic document generated for controlled PII training data.,[],{},[],[],[],False,False,True,local_non_pii,no_meaningful_signal,False,20260909_112021,rule_based,local,rules,regex_presidio_fusion_v1,not_applicable,rules,False
SYN-EMPLOYEE_RECORD-0083,synthetic_employee_record_0083.txt,hr_record,employee_record,de,synthetic_generation,,,synthetic,2026-08-28,2026-08-28,2026-08-28,0,"Mitarbeiterakte

Mitarbeiter: Interne Einreichung
Abteilung: Finance
Rolle: Administrator
Mitarbeiternummer: REF-9391223
Vorgesetzter: Abteilungsleitung
Eintrittsdatum: 2027-01-03
Adresse: Geschäftsadresse nicht angegeben
Nationalität: Nationalität nicht angegeben
Kontakt: Zentrale Kontaktstelle
Notizen: Bitte beachten Sie, dass diese interne Einreichung für den Finanzbereich von großer Bedeutung ist. Die Position des Administrators erfordert eine sorgfältige Verwaltung und Überwachung der finanziellen Abläufe. Der Mitarbeiter ist ab dem 3. Januar 2027 im Unternehmen tätig und wird direkt der Abteilungsleitung unterstellt. Es ist wichtig, dass alle erforderlichen Dokumente zeitgerecht eingereicht werden, um einen reibungslosen Ablauf zu gewährleisten. Die Geschäftsadresse ist derzeit nicht angegeben, und die Nationalität des Mitarbeiters ist ebenfalls nicht vermerkt. Für Rückfragen steht die zentrale Kontaktstelle zur Verfügung.
Lizenznummer: REF-1942820
Ausweisnummer: REF-2582356",no,no,no,no,no,no,no,no,no,no,no,no,no,,NONE,0,0,easy,no,none,no,test,yes,openrouter_gpt4o_mini_field,field_llm_v1,no,,,v2,Synthetic document generated for controlled PII training data.,[],{},[],[],[],False,False,True,local_non_pii,no_meaningful_signal,False,20260909_112021,rule_based,local,rules,regex_presidio_fusion_v1,not_applicable,rules,False
SYN-EMPLOYEE_RECORD-0085,synthetic_employee_record_0085.txt,hr_record,employee_record,de,synthetic_generation,,,synthetic,2026-08-28,2026-08-28,2026-08-28,0,"Mitarbeiterakte

Mitarbeiter: Interne Einreichung
Abteilung: Administration
Rolle: Specialist
Mitarbeiternummer: REF-7063808
Vorgesetzter: Verantwortliche Führungskraft
Eintrittsdatum: 2027-03-05
Adresse: Angaben zum Geschäftssitz ausstehend
Nationalität: Nationalität nicht angegeben
Kontakt: Abteilungskontakt
Notizen: Der Mitarbeiter ist für die Einreichung interner Dokumente verantwortlich. Es sind noch weitere Informationen zum Geschäftssitz und zur Nationalität ausstehend. Die verantwortliche Führungskraft hat bereits erste Gespräche zur Einarbeitung geführt.
Lizenznummer: REF-1295097
Ausweisnummer: REF-8200305",no,no,no,no,no,no,no,no,no,no,no,no,no,,NONE,0,0,easy,no,none,no,test,yes,openrouter_gpt4o_mini_field,field_llm_v1,no,,,v2,Synthetic document generated for controlled PII training data.,[],{},[],[],[],False,False,True,local_non_pii,no_meaningful_signal,False,20260909_112021,rule_based,local,rules,regex_presidio_fusion_v1,not_applicable,rules,False
SYN-EMPLOYEE_RECORD-0088,synthetic_employee_record_0088.txt,hr_record,employee_record,en,synthetic_generation,,,synthetic,2026-08-28,2026-08-28,2026-08-28,0,"Employee Record

Employee: Internal submission
Department: Finance
Role: Administrator
Employee Id: REF-9133170
Manager: Department Manager
Start Date: 2024-10-27
Address: Business address not provided
Nationality: Nationality not provided
Contact: Service Team
Notes: Employee REF-9133170, in the Finance department, has successfully completed onboarding requirements as of the start date 2024-10-27. Ongoing training sessions are scheduled with the Service Team to ensure compliance and efficiency in administrative tasks. Manager is to review performance after the initial 90 days.
License Number: REF-8986478
Identification Number: REF-1323123",no,no,no,no,no,no,no,no,no,no,no,no,no,,NONE,0,0,easy,no,none,no,test,yes,openrouter_gpt4o_mini_field,field_llm_v1,no,,,v2,Synthetic document generated for controlled PII training data.,[],{},[],[],[],False,False,True,local_non_pii,no_meaningful_signal,False,20260909_112021,rule_based,local,rules,regex_presidio_fusion_v1,not_applicable,rules,False
SYN-EMPLOYEE_RECORD-0089,synthetic_employee_record_0089.txt,hr_record,employee_record,en,synthetic_generation,,,synthetic,2026-08-28,2026-08-28,2026-08-28,0,"Employee Record

Employee: Internal submission
Department: Administration
Role: Manager
Employee Id: REF-4951369
Manager: Department Manager
Start Date: 2024-12-08
Address: Business address not provided
Nationality: Nationality information unavailable
Contact: Department Contact
Notes: The employee, identified by employee_id REF-4951369, is set to commence their role as Manager in the Administration department on 2024-12-08. It is important to note that the business address is not provided, and the nationality information is currently unavailable. The employee will report to the Department Manager and can be reached through the designated Department Contact. Please ensure that all onboarding procedures are completed prior to the start date to facilitate a smooth transition into the team.
License Number: REF-1323123
Identification Number: REF-4401264",no,no,no,no,no,no,no,no,no,no,no,no,no,,NONE,0,0,easy,no,none,no,test,yes,openrouter_gpt4o_mini_field,field_llm_v1,no,,,v2,Synthetic document generated for controlled PII training data.,[],{},[],[],[],False,False,True,local_non_pii,no_meaningful_signal,False,20260909_112021,rule_based,local,rules,regex_presidio_fusion_v1,not_applicable,rules,False
SYN-EMPLOYEE_RECORD-0090,synthetic_employee_record_0090.txt,hr_record,employee_record,en,synthetic_generation,,,synthetic,2026-08-28,2026-08-28,2026-08-28,0,"Employee Record

Employee: Internal submission
Department: Procurement
Role: Analyst
Employee Id: REF-1942820
Manager: Department Manager
Start Date: 2024-09-15
Address: Registered office information pending
Nationality: Nationality not provided
Contact: Central Contact Point
Notes: The employee, with an employee_id of REF-1942820, is scheduled to begin their role as an Analyst in the Procurement department on September 15, 2024. As their manager, I will ensure they receive comprehensive onboarding to familiarize them with our processes and systems. Currently, the registered office information is pending, and the employee's nationality has not been provided. For any inquiries, please reach out to the Central Contact Point. Additionally, the employee holds a license number REF-4401264 and an identification number REF-5911882, which will be necessary for completing their employment records.
License Number: REF-4401264
Identification Number: REF-5911882",no,no,no,no,no,no,no,no,no,no,no,no,no,,NONE,0,0,easy,no,none,no,test,yes,openrouter_gpt4o_mini_field,field_llm_v1,no,,,v2,Synthetic document generated for controlled PII training data.,[],{},[],[],[],False,False,True,local_non_pii,no_meaningful_signal,False,20260909_112021,rule_based,local,rules,regex_presidio_fusion_v1,not_applicable,rules,False
SYN-EMPLOYEE_RECORD-0118,synthetic_employee_record_0118.txt,hr_record,employee_record,en,synthetic_generation,,,synthetic,2026-08-28,2026-08-28,2026-08-28,0,"Employee Record

Employee: Employee details not provided
Department: Procurement
Role: Coordinator
Employee Id: REF-3693088
Manager: Team Lead
Start Date: 2025-09-29
Address: Business address not provided
Nationality: Nationality not provided
Contact: Department Contact
Notes: Employee REF-3693088 has started on 2025-09-29. As a Coordinator in the Procurement department, they will be reporting to the Team Lead. The employee's license and identification numbers are REF-6366451 and REF-9103964, respectively. Further details about the employee and their business address are currently not provided.
License Number: REF-6366451
Identification Number: REF-9103964",no,no,no,no,no,no,no,no,no,no,no,no,no,,NONE,0,0,easy,no,none,no,test,yes,openrouter_gpt4o_mini_field,field_llm_v1,no,,,v2,Synthetic document generated for controlled PII training data.,[],{},[],[],[],False,False,True,local_non_pii,no_meaningful_signal,False,20260909_112021,rule_based,local,rules,regex_presidio_fusion_v1,not_applicable,rules,False
SYN-EMPLOYEE_RECORD-0123,synthetic_employee_record_0123.txt,hr_record,employee_record,de,synthetic_generation,,,synthetic,2026-08-28,2026-08-28,2026-08-28,0,"Mitarbeiterakte

Mitarbeiter: Abteilungseinreichung
Abteilung: Operations
Rolle: Administrator
Mitarbeiternummer: REF-2154491
Vorgesetzter: Teamleitung
Eintrittsdatum: 2025-08-12
Adresse: Angaben zum Geschäftssitz ausstehend
Nationalität: Angabe zur Nationalität nicht verfügbar
Kontakt: Abteilungskontakt
Notizen: Der Mitarbeiter ist seit dem 12. August 2025 in der Abteilung Operations als Administrator tätig. Die Angaben zum Geschäftssitz sind noch ausstehend. Die Nationalität ist ebenfalls nicht verfügbar. Bitte den Abteilungskontakt für weitere Informationen kontaktieren. Lizenznummer: REF-7518370, Identifikationsnummer: REF-7175187.
Lizenznummer: REF-7518370
Ausweisnummer: REF-7175187",no,no,no,no,no,no,no,no,no,no,no,no,no,,NONE,0,0,easy,no,none,no,test,yes,openrouter_gpt4o_mini_field,field_llm_v1,no,,,v2,Synthetic document generated for controlled PII training data.,[],{},[],[],[],False,False,True,local_non_pii,no_meaningful_signal,False,20260909_112021,rule_based,local,rules,regex_presidio_fusion_v1,not_applicable,rules,False
SYN-EMPLOYEE_RECORD-0127,synthetic_employee_record_0127.txt,hr_record,employee_record,en,synthetic_generation,,,synthetic,2026-08-28,2026-08-28,2026-08-28,0,"Employee Record

Employee: Department submission
Department: IT
Role: Manager
Employee Id: REF-5466662
Manager: Department Manager
Start Date: 2026-06-01
Address: Registered office information pending
Nationality: Nationality information unavailable
Contact: Department Contact
Notes: Employee REF-5466662, a Manager in the IT department, commenced employment on 2026-06-01. Currently, registered office information and nationality details are pending. The employee's license number is REF-2896643 and identification number is REF-3468098. Relevant contact for departmental matters is noted as Department Contact.
License Number: REF-2896643
Identification Number: REF-3468098",no,no,no,no,no,no,no,no,no,no,no,no,no,,NONE,0,0,easy,no,none,no,test,yes,openrouter_gpt4o_mini_field,field_llm_v1,no,,,v2,Synthetic document generated for controlled PII training data.,[],{},[],[],[],False,False,True,local_non_pii,no_meaningful_signal,False,20260909_112021,rule_based,local,rules,regex_presidio_fusion_v1,not_applicable,rules,False
SYN-EMPLOYEE_RECORD-0134,synthetic_employee_record_0134.txt,hr_record,employee_record,en,synthetic_generation,,,synthetic,2026-08-28,2026-08-28,2026-08-28,0,"Employee Record

Employee: Department submission
Department: Finance
Role: Specialist
Employee Id: REF-2896643
Manager: Responsible Manager
Start Date: 2025-08-02
Address: Business address not provided
Nationality: Nationality not provided
Contact: Central Contact Point
Notes: Employee REF-2896643 is a Specialist in the Finance department, reporting to the Responsible Manager. The start date for this position is set for August 2, 2025. Additional details regarding the business address and nationality are not provided. For any inquiries, please contact the Central Contact Point. The employee holds license number REF-3756309 and identification number REF-8157983.
License Number: REF-3756309
Identification Number: REF-8157983",no,no,no,no,no,no,no,no,no,no,no,no,no,,NONE,0,0,easy,no,none,no,test,yes,openrouter_gpt4o_mini_field,field_llm_v1,no,,,v2,Synthetic document generated for controlled PII training data.,[],{},[],[],[],False,False,True,local_non_pii,no_meaningful_signal,False,20260909_112021,rule_based,local,rules,regex_presidio_fusion_v1,not_applicable,rules,False
SYN-EMPLOYEE_RECORD-0135,synthetic_employee_record_0135.txt,hr_record,employee_record,en,synthetic_generation,,,synthetic,2026-08-28,2026-08-28,2026-08-28,0,"Employee Record

Employee: Employee details not provided
Department: Finance
Role: Specialist
Employee Id: REF-3468098
Manager: Team Lead
Start Date: 2025-05-25
Address: Business address not provided
Nationality: Nationality not provided
Contact: Central Contact Point
Notes: Employee REF-3468098 joined the Finance department as a Specialist on 2025-05-25. Directly reports to the Team Lead. License number REF-8157983 and identification number REF-6812236 are on file. Further details regarding personal address and nationality are not provided.
License Number: REF-8157983
Identification Number: REF-6812236",no,no,no,no,no,no,no,no,no,no,no,no,no,,NONE,0,0,easy,no,none,no,test,yes,openrouter_gpt4o_mini_field,field_llm_v1,no,,,v2,Synthetic document generated for controlled PII training data.,[],{},[],[],[],False,False,True,local_non_pii,no_meaningful_signal,False,20260909_112021,rule_based,local,rules,regex_presidio_fusion_v1,not_applicable,rules,False
SYN-EMPLOYEE_RECORD-0139,synthetic_employee_record_0139.txt,hr_record,employee_record,de,synthetic_generation,,,synthetic,2026-08-28,2026-08-28,2026-08-28,0,"Mitarbeiterakte

Mitarbeiter: Abteilungseinreichung
Abteilung: Operations
Rolle: Administrator
Mitarbeiternummer: REF-9757875
Vorgesetzter: Verantwortliche Führungskraft
Eintrittsdatum: 2025-02-23
Adresse: Angaben zum Geschäftssitz ausstehend
Nationalität: Angabe zur Nationalität nicht verfügbar
Kontakt: Zentrale Kontaktstelle
Notizen: Der Mitarbeiter ist seit dem 23. Februar 2025 in der Abteilung Operations als Administrator tätig. Er wird von der verantwortlichen Führungskraft betreut. Die Angaben zum Geschäftssitz und zur Nationalität sind derzeit noch ausstehend. Die Zentrale Kontaktstelle steht für Rückfragen zur Verfügung. Das Lizenznummer-Referenzdokument lautet REF-1947902, und die Identifikationsnummer ist REF-2095919.
Lizenznummer: REF-1947902
Ausweisnummer: REF-2095919",no,no,no,no,no,no,no,no,no,no,no,no,no,,NONE,0,0,easy,no,none,no,test,yes,openrouter_gpt4o_mini_field,field_llm_v1,no,,,v2,Synthetic document generated for controlled PII training data.,[],{},[],[],[],False,False,True,local_non_pii,no_meaningful_signal,False,20260909_112021,rule_based,local,rules,regex_presidio_fusion_v1,not_applicable,rules,False
SYN-EMPLOYEE_RECORD-0171,synthetic_employee_record_0171.txt,hr_record,employee_record,en,synthetic_generation,,,synthetic,2026-08-28,2026-08-28,2026-08-28,0,"Employee Record

Employee: Department submission
Department: IT
Role: Administrator
Employee Id: REF-9375440
Manager: Responsible Manager
Start Date: 2025-07-19
Address: Business address not provided
Nationality: Nationality information unavailable
Contact: Department Contact
Notes: The employee, holding the position of Administrator in the IT department, is expected to demonstrate strong technical skills and a proactive approach to problem-solving. It is crucial for the role that they maintain up-to-date knowledge of IT systems and practices. Training opportunities will be provided to ensure continuous professional development. Additionally, collaboration with team members and effective communication with the Responsible Manager will be essential for achieving departmental goals. The employee_id REF-9375440 is assigned to this profile for internal tracking purposes.
License Number: REF-7247680
Identification Number: REF-9733123",no,no,no,no,no,no,no,no,no,no,no,no,no,,NONE,0,0,easy,no,none,no,test,yes,openrouter_gpt4o_mini_field,field_llm_v1,no,,,v2,Synthetic document generated for controlled PII training data.,[],{},[],[],[],False,False,True,local_non_pii,no_meaningful_signal,False,20260909_112021,rule_based,local,rules,regex_presidio_fusion_v1,not_applicable,rules,False
SYN-EMPLOYEE_RECORD-0184,synthetic_employee_record_0184.txt,hr_record,employee_record,de,synthetic_generation,,,synthetic,2026-08-28,2026-08-28,2026-08-28,0,"Mitarbeiterakte

Mitarbeiter: Mitarbeiterangaben nicht angegeben
Abteilung: IT
Rolle: Analyst
Mitarbeiternummer: REF-4249910
Vorgesetzter: Verantwortliche Führungskraft
Eintrittsdatum: 2027-05-29
Adresse: Angaben zum Geschäftssitz ausstehend
Nationalität: Angabe zur Nationalität nicht verfügbar
Kontakt: Serviceteam
Notizen: Mitarbeiterangaben nicht angegeben. Der Analyst im IT-Bereich wird ab dem 29. Mai 2027 tätig sein. Weitere Details zur Nationalität und dem Geschäftssitz sind derzeit ausstehend. Die Kommunikation erfolgt über das Serviceteam.
Lizenznummer: REF-7879350
Ausweisnummer: REF-6449657",no,no,no,no,no,no,no,no,no,no,no,no,no,,NONE,0,0,easy,no,none,no,test,yes,openrouter_gpt4o_mini_field,field_llm_v1,no,,,v2,Synthetic document generated for controlled PII training data.,[],{},[],[],[],False,False,True,local_non_pii,no_meaningful_signal,False,20260909_112021,rule_based,local,rules,regex_presidio_fusion_v1,not_applicable,rules,False
SYN-EMPLOYEE_RECORD-0186,synthetic_employee_record_0186.txt,hr_record,employee_record,de,synthetic_generation,,,synthetic,2026-08-28,2026-08-28,2026-08-28,0,"Mitarbeiterakte

Mitarbeiter: Mitarbeiterangaben nicht angegeben
Abteilung: Operations
Rolle: Administrator
Mitarbeiternummer: REF-4002422
Vorgesetzter: Teamleitung
Eintrittsdatum: 2025-10-28
Adresse: Angaben zum Geschäftssitz ausstehend
Nationalität: Nationalität nicht angegeben
Kontakt: Zentrale Kontaktstelle
Notizen: Mitarbeiterangaben nicht angegeben. Weitere Informationen sind erforderlich, um die Personalakte zu vervollständigen. Bitte die zuständige Teamleitung kontaktieren, um die notwendigen Angaben zu klären.
Lizenznummer: REF-1465777
Ausweisnummer: REF-1106509",no,no,no,no,no,no,no,no,no,no,no,no,no,,NONE,0,0,easy,no,none,no,test,yes,openrouter_gpt4o_mini_field,field_llm_v1,no,,,v2,Synthetic document generated for controlled PII training data.,[],{},[],[],[],False,False,True,local_non_pii,no_meaningful_signal,False,20260909_112021,rule_based,local,rules,regex_presidio_fusion_v1,not_applicable,rules,False
SYN-EMPLOYEE_RECORD-0188,synthetic_employee_record_0188.txt,hr_record,employee_record,de,synthetic_generation,,,synthetic,2026-08-28,2026-08-28,2026-08-28,0,"Mitarbeiterakte

Mitarbeiter: Interne Einreichung
Abteilung: Operations
Rolle: Coordinator
Mitarbeiternummer: REF-7550975
Vorgesetzter: Teamleitung
Eintrittsdatum: 2025-05-10
Adresse: Angaben zum Geschäftssitz ausstehend
Nationalität: Angabe zur Nationalität nicht verfügbar
Kontakt: Abteilungskontakt
Notizen: Mitarbeiter ist seit dem 10. Mai 2025 in der Abteilung Operations tätig. Die Koordination der internen Abläufe wird als Hauptaufgabe wahrgenommen. Weitere Informationen zu den Angaben zum Geschäftssitz sowie zur Nationalität stehen noch aus.
Lizenznummer: REF-6763126
Ausweisnummer: REF-9930425",no,no,no,no,no,no,no,no,no,no,no,no,no,,NONE,0,0,easy,no,none,no,test,yes,openrouter_gpt4o_mini_field,field_llm_v1,no,,,v2,Synthetic document generated for controlled PII training data.,[],{},[],[],[],False,False,True,local_non_pii,no_meaningful_signal,False,20260909_112021,rule_based,local,rules,regex_presidio_fusion_v1,not_applicable,rules,False
SYN-EMPLOYEE_RECORD-0191,synthetic_employee_record_0191.txt,hr_record,employee_record,de,synthetic_generation,,,synthetic,2026-08-28,2026-08-28,2026-08-28,0,"Mitarbeiterakte

Mitarbeiter: Meryem Losekann-van der Dussen
Abteilung: IT
Rolle: Analyst
Mitarbeiternummer: REF-7879350
Vorgesetzter: Teamleitung
Eintrittsdatum: 2026-12-10
Adresse: Geschäftsadresse nicht angegeben
Nationalität: Angabe zur Nationalität nicht verfügbar
Kontakt: Zentrale Kontaktstelle
Notizen: Meryem Losekann-van der Dussen ist seit dem 10. Dezember 2026 als Analyst im IT-Department tätig. Ihre Identifikationsnummer ist P79228216. Sie berichtet an die Teamleitung und arbeitet an verschiedenen Projekten zur Datenanalyse und Systemoptimierung.
Lizenznummer: REF-5516884
Ausweisnummer: P79228216",yes,yes,no,no,no,no,no,yes,no,no,no,no,no,PERSON; PASSPORT,MULTIPLE,2,2,easy,no,none,no,test,yes,openrouter_gpt4o_mini_field,field_llm_v1,no,,,v2,Synthetic document generated for controlled PII training data.,"[{'type': 'PERSON', 'value': 'Meryem Losekann-van', 'confidence': 0.85, 'source': 'presidio', 'start': 30, 'end': 49}, {'type': 'PERSON', 'value': 'Meryem Losekann-van', 'confidence': 0.85, 'source': 'presidio', 'start': 311, 'end': 330}, {'type': 'LOCATION', 'value': 'Dussen', 'confidence': 0.85, 'source': 'presidio', 'start': 335, 'end': 341}, {'type': 'LOCATION', 'value': 'IT-Department', 'confidence': 0.85, 'source': 'presidio', 'start': 388, 'end': 401}, {'type': 'DATE_TIME', 'value': '2026-12-10', 'confidence': 0.6, 'source': 'presidio', 'start': 163, 'end': 173}, {'type': 'PASSPORT', 'value': 'P79228216', 'confidence': 0.9, 'source': 'custom_regex', 'start': 440, 'end': 449}, {'type': 'PASSPORT', 'value': 'P79228216', 'confidence': 0.9, 'source': 'custom_regex', 'start': 605, 'end': 614}]","{'PERSON': 0.85, 'LOCATION': 0.85, 'DATE_TIME': 0.6, 'PASSPORT': 0.9}","['DATE_TIME', 'LOCATION', 'PASSPORT', 'PERSON']",['PASSPORT'],"['PERSON', 'LOCATION', 'DATE_TIME']",True,True,True,local_pii,strong_pii_detected,False,20260909_112021,rule_based,local,rules,regex_presidio_fusion_v1,not_applicable,rules,True
SYN-EMPLOYEE_RECORD-0199,synthetic_employee_record_0199.txt,hr_record,employee_record,de,synthetic_generation,,,synthetic,2026-08-28,2026-08-28,2026-08-28,0,"Mitarbeiterakte

Mitarbeiter: Interne Einreichung
Abteilung: Operations
Rolle: Coordinator
Mitarbeiternummer: REF-5999932
Vorgesetzter: Verantwortliche Führungskraft
Eintrittsdatum: 2026-04-06
Adresse: Geschäftsadresse nicht angegeben
Nationalität: Nationalität nicht angegeben
Kontakt: Abteilungskontakt
Notizen: Der Mitarbeiter mit der Identifikationsnummer REF-8520016 ist seit dem 6. April 2026 als Koordinator in der Abteilung Operations tätig. Aufgrund der internen Einreichung wird erwartet, dass er eng mit der verantwortlichen Führungskraft zusammenarbeitet, um effiziente Abläufe sicherzustellen. Es sind derzeit keine weiteren spezifischen Anmerkungen oder Informationen zur Geschäftsadresse oder Nationalität verfügbar. Bitte beachten Sie, dass die Lizenznummer REF-5870174 für interne Zwecke benötigt wird.
Lizenznummer: REF-5870174
Ausweisnummer: REF-8520016",no,no,no,no,no,no,no,no,no,no,no,no,no,,NONE,0,0,easy,no,none,no,test,yes,openrouter_gpt4o_mini_field,field_llm_v1,no,,,v2,Synthetic document generated for controlled PII training data.,[],{},[],[],[],False,False,True,local_non_pii,no_meaningful_signal,False,20260909_112021,rule_based,local,rules,regex_presidio_fusion_v1,not_applicable,rules,False
SYN-EMPLOYEE_RECORD-0203,synthetic_employee_record_0203.txt,hr_record,employee_record,en,synthetic_generation,,,synthetic,2026-08-28,2026-08-28,2026-08-28,0,"Employee Record

Employee: Internal submission
Department: Administration
Role: Administrator
Employee Id: REF-4700338
Manager: Department Manager
Start Date: 2025-10-28
Address: Registered office information pending
Nationality: Nationality information unavailable
Contact: Service Team
Notes: As of the current date, the employee's registered office information is pending. Additionally, nationality information is currently unavailable. Further clarification on these details will be necessary to complete the HR profile. Regular updates from the Service Team regarding these matters are encouraged to ensure compliance with internal record-keeping standards.
License Number: REF-6452656
Identification Number: REF-4706623",no,no,no,no,no,no,no,no,no,no,no,no,no,,NONE,0,0,easy,no,none,no,test,yes,openrouter_gpt4o_mini_field,field_llm_v1,no,,,v2,Synthetic document generated for controlled PII training data.,[],{},[],[],[],False,False,True,local_non_pii,no_meaningful_signal,False,20260909_112021,rule_based,local,rules,regex_presidio_fusion_v1,not_applicable,rules,False
SYN-EMPLOYEE_RECORD-0218,synthetic_employee_record_0218.txt,hr_record,employee_record,en,synthetic_generation,,,synthetic,2026-08-28,2026-08-28,2026-08-28,0,"Employee Record

Employee: Internal submission
Department: Procurement
Role: Analyst
Employee Id: REF-7628911
Manager: Team Lead
Start Date: 2026-02-19
Address: Business address not provided
Nationality: Nationality information unavailable
Contact: Central Contact Point
Notes: Employee is currently enrolled in ongoing training programs relevant to procurement processes. Performance reviews are scheduled biannually to assess role effectiveness. No significant issues reported since onboarding on 2026-02-19. Future projects include supplier negotiation strategies and cost analysis initiatives.
License Number: REF-7099625
Identification Number: REF-6455879",no,no,no,no,no,no,no,no,no,no,no,no,no,,NONE,0,0,easy,no,none,no,test,yes,openrouter_gpt4o_mini_field,field_llm_v1,no,,,v2,Synthetic document generated for controlled PII training data.,[],{},[],[],[],False,False,True,local_non_pii,no_meaningful_signal,False,20260909_112021,rule_based,local,rules,regex_presidio_fusion_v1,not_applicable,rules,False
SYN-EMPLOYEE_RECORD-0231,synthetic_employee_record_0231.txt,hr_record,employee_record,de,synthetic_generation,,,synthetic,2026-08-28,2026-08-28,2026-08-28,0,"Mitarbeiterakte

Mitarbeiter: Abteilungseinreichung
Abteilung: Operations
Rolle: Analyst
Mitarbeiternummer: REF-3805932
Vorgesetzter: Verantwortliche Führungskraft
Eintrittsdatum: 2026-02-13
Adresse: Geschäftsadresse nicht angegeben
Nationalität: Angabe zur Nationalität nicht verfügbar
Kontakt: Abteilungskontakt
Notizen: Der Mitarbeiter ist seit dem 13. Februar 2026 in der Abteilung Operations als Analyst tätig. Die Verantwortliche Führungskraft für diesen Mitarbeiter hat bereits mehrere erfolgreiche Projekte geleitet, die zur Effizienzsteigerung in der Abteilung beigetragen haben. Der Abteilungskontakt steht jederzeit zur Verfügung, um Unterstützung zu bieten oder weitere Informationen bereitzustellen. Die Geschäftsadresse ist derzeit nicht angegeben, und die Angabe zur Nationalität ist nicht verfügbar. Es wird empfohlen, die notwendigen Unterlagen zur Lizenznummer REF-4121019 und zur Identifikationsnummer REF-7171017 für zukünftige Referenzen bereitzuhalten.
Lizenznummer: REF-4121019
Ausweisnummer: REF-7171017",no,no,no,no,no,no,no,no,no,no,no,no,no,,NONE,0,0,easy,no,none,no,test,yes,openrouter_gpt4o_mini_field,field_llm_v1,no,,,v2,Synthetic document generated for controlled PII training data.,[],{},[],[],[],False,False,True,local_non_pii,no_meaningful_signal,False,20260909_112021,rule_based,local,rules,regex_presidio_fusion_v1,not_applicable,rules,False
SYN-EMPLOYEE_RECORD-0234,synthetic_employee_record_0234.txt,hr_record,employee_record,de,synthetic_generation,,,synthetic,2026-08-28,2026-08-28,2026-08-28,0,"Mitarbeiterakte

Mitarbeiter: Mitarbeiterangaben nicht angegeben
Abteilung: Finance
Rolle: Manager
Mitarbeiternummer: REF-4158429
Vorgesetzter: Teamleitung
Eintrittsdatum: 2027-07-16
Adresse: Angaben zum Geschäftssitz ausstehend
Nationalität: Nationalität nicht angegeben
Kontakt: Zentrale Kontaktstelle
Notizen: Der Mitarbeiter hat an internen Schulungen teilgenommen und wird in den kommenden Projekten verstärkt eingebunden. Weitere Informationen über die Mitarbeiterangaben stehen noch aus.
Lizenznummer: REF-6059162
Ausweisnummer: REF-9278065",no,no,no,no,no,no,no,no,no,no,no,no,no,,NONE,0,0,easy,no,none,no,test,yes,openrouter_gpt4o_mini_field,field_llm_v1,no,,,v2,Synthetic document generated for controlled PII training data.,[],{},[],[],[],False,False,True,local_non_pii,no_meaningful_signal,False,20260909_112021,rule_based,local,rules,regex_presidio_fusion_v1,not_applicable,rules,False
SYN-EMPLOYEE_RECORD-0235,synthetic_employee_record_0235.txt,hr_record,employee_record,en,synthetic_generation,,,synthetic,2026-08-28,2026-08-28,2026-08-28,0,"Employee Record

Employee: Internal submission
Department: Procurement
Role: Analyst
Employee Id: REF-6393026
Manager: Department Manager
Start Date: 2026-03-23
Address: Business address not provided
Nationality: Nationality information unavailable
Contact: Central Contact Point
Notes: This employee's performance in the role of Analyst has been commendable since their start date on 2026-03-23. They have demonstrated strong analytical skills and have actively contributed to various procurement projects. Regular feedback from the Department Manager indicates a positive attitude towards teamwork and collaboration. Continued professional development opportunities are recommended to further enhance their expertise in procurement strategies.
License Number: REF-9278065
Identification Number: REF-6790518",no,no,no,no,no,no,no,no,no,no,no,no,no,,NONE,0,0,easy,no,none,no,test,yes,openrouter_gpt4o_mini_field,field_llm_v1,no,,,v2,Synthetic document generated for controlled PII training data.,"[{'type': 'NRP', 'value': 'REF-6393026', 'confidence': 0.85, 'source': 'presidio', 'start': 98, 'end': 109}]",{'NRP': 0.85},['NRP'],[],['NRP'],False,True,True,low_cost_llm,potential_pii_evidence,True,20260909_112021,rule_based,local,rules,regex_presidio_fusion_v1,not_applicable,rules,False
SYN-EMPLOYEE_RECORD-0245,synthetic_employee_record_0245.txt,hr_record,employee_record,de,synthetic_generation,,,synthetic,2026-08-28,2026-08-28,2026-08-28,0,"Mitarbeiterakte

Mitarbeiter: Interne Einreichung
Abteilung: IT
Rolle: Administrator
Mitarbeiternummer: REF-1640342
Vorgesetzter: Abteilungsleitung
Eintrittsdatum: 2026-12-27
Adresse: Geschäftsadresse nicht angegeben
Nationalität: Angabe zur Nationalität nicht verfügbar
Kontakt: Zentrale Kontaktstelle
Notizen: Der Mitarbeiter ist seit dem 27. Dezember 2026 als Administrator in der IT-Abteilung tätig. Weitere Informationen zur Geschäftsadresse und zur Nationalität liegen nicht vor. Der direkte Ansprechpartner ist die zentrale Kontaktstelle. Die Identifikationsnummer lautet REF-6088137 und die Lizenznummer ist REF-4633472.
Lizenznummer: REF-4633472
Ausweisnummer: REF-6088137",no,no,no,no,no,no,no,no,no,no,no,no,no,,NONE,0,0,easy,no,none,no,test,yes,openrouter_gpt4o_mini_field,field_llm_v1,no,,,v2,Synthetic document generated for controlled PII training data.,[],{},[],[],[],False,False,True,local_non_pii,no_meaningful_signal,False,20260909_112021,rule_based,local,rules,regex_presidio_fusion_v1,not_applicable,rules,False
SYN-EMPLOYEE_RECORD-0246,synthetic_employee_record_0246.txt,hr_record,employee_record,de,synthetic_generation,,,synthetic,2026-08-28,2026-08-28,2026-08-28,0,"Mitarbeiterakte

Mitarbeiter: Abteilungseinreichung
Abteilung: Administration
Rolle: Specialist
Mitarbeiternummer: REF-3479154
Vorgesetzter: Abteilungsleitung
Eintrittsdatum: 2027-05-11
Adresse: Angaben zum Geschäftssitz ausstehend
Nationalität: Nationalität nicht angegeben
Kontakt: (04667) 064288
Notizen: Romana Riehl ist in der Abteilung Administration als Specialist tätig. Für Rückfragen steht sie unter okohl@example.com zur Verfügung. Telefonisch ist sie unter (04667) 064288 erreichbar.
Lizenznummer: REF-6088137
Ausweisnummer: REF-6026354",yes,yes,yes,yes,no,no,no,no,no,no,no,no,no,PERSON; EMAIL_ADDRESS; PHONE_NUMBER,MULTIPLE,3,3,easy,no,none,no,test,yes,openrouter_gpt4o_mini_field,field_llm_v1,no,,,v2,Synthetic document generated for controlled PII training data.,"[{'type': 'EMAIL_ADDRESS', 'value': 'okohl@example.com', 'confidence': 1.0, 'source': 'presidio', 'start': 410, 'end': 427}, {'type': 'PERSON', 'value': 'Romana Riehl', 'confidence': 0.85, 'source': 'presidio', 'start': 308, 'end': 320}, {'type': 'DATE_TIME', 'value': '2027-05-11', 'confidence': 0.6, 'source': 'presidio', 'start': 175, 'end': 185}, {'type': 'URL', 'value': 'example.com', 'confidence': 0.5, 'source': 'presidio', 'start': 416, 'end': 427}, {'type': 'EMAIL_ADDRESS', 'value': 'okohl@example.com', 'confidence': 0.9, 'source': 'custom_regex', 'start': 410, 'end': 427}, {'type': 'PHONE_NUMBER', 'value': '(04667) 064288', 'confidence': 0.9, 'source': 'custom_regex', 'start': 284, 'end': 298}, {'type': 'PHONE_NUMBER', 'value': '(04667) 064288', 'confidence': 0.9, 'source': 'custom_regex', 'start': 469, 'end': 483}]","{'EMAIL_ADDRESS': 1.0, 'PERSON': 0.85, 'DATE_TIME': 0.6, 'URL': 0.5, 'PHONE_NUMBER': 0.9}","['DATE_TIME', 'EMAIL_ADDRESS', 'PERSON', 'PHONE_NUMBER', 'URL']","['EMAIL_ADDRESS', 'PHONE_NUMBER']","['PERSON', 'DATE_TIME', 'URL']",True,True,True,local_pii,strong_pii_detected,False,20260909_112021,rule_based,local,rules,regex_presidio_fusion_v1,not_applicable,rules,True
SYN-EMPLOYEE_RECORD-0250,synthetic_employee_record_0250.txt,hr_record,employee_record,de,synthetic_generation,,,synthetic,2026-08-28,2026-08-28,2026-08-28,0,"Mitarbeiterakte

Mitarbeiter: Mitarbeiterangaben nicht angegeben
Abteilung: Finance
Rolle: Coordinator
Mitarbeiternummer: REF-1395178
Vorgesetzter: Teamleitung
Eintrittsdatum: 2026-09-26
Adresse: Angaben zum Geschäftssitz ausstehend
Nationalität: Angabe zur Nationalität nicht verfügbar
Kontakt: Zentrale Kontaktstelle
Notizen: Der Mitarbeiter ist seit dem 26. September 2026 im Finanzbereich als Koordinator tätig. Weitere Informationen zu Mitarbeiterangaben und Nationalität stehen noch aus. Der Kontakt erfolgt über die zentrale Kontaktstelle.
Lizenznummer: REF-5448943
Ausweisnummer: REF-8771277",no,no,no,no,no,no,no,no,no,no,no,no,no,,NONE,0,0,easy,no,none,no,test,yes,openrouter_gpt4o_mini_field,field_llm_v1,no,,,v2,Synthetic document generated for controlled PII training data.,[],{},[],[],[],False,False,True,local_non_pii,no_meaningful_signal,False,20260909_112021,rule_based,local,rules,regex_presidio_fusion_v1,not_applicable,rules,False
SYN-EXPENSE_REPORT-0001,synthetic_expense_report_0001.txt,form,expense_report,en,synthetic_generation,,,synthetic,2026-08-28,2026-08-28,2026-08-28,0,"Expense Report

Employee: Employee details not provided
Contact: Service Team
Department: Procurement
Date: 2026-08-23
Category: Office Supplies
Amount: 258.00 EUR
Cost Center: CC-4200
Project: Regional Operations
Destination: Training Center
Receipt Reference: RCPT-801701
Payment Method: Cash
Payment Details: Payment terms on file
Description: Purchase of office supplies for the Training Center, including stationery and organizational materials necessary for upcoming training sessions. Total amount: 258.00 EUR. Receipt reference: RCPT-801701.
Summary: Expense report for office supplies purchased on 2026-08-23, amounting to 258.00 EUR. Payment made in cash. Pending review by the Department Manager.
Manager: Department Manager
Decision: Pending review",no,no,no,no,no,no,no,no,no,no,no,no,no,,NONE,0,0,easy,no,none,no,test,yes,openrouter_gpt4o_mini_field,field_llm_v1,no,,,v2,Synthetic document generated for controlled PII training data.,[],{},[],[],[],False,False,True,local_non_pii,no_meaningful_signal,False,20260909_112021,rule_based,local,rules,regex_presidio_fusion_v1,not_applicable,rules,False
SYN-EXPENSE_REPORT-0002,synthetic_expense_report_0002.txt,form,expense_report,de,synthetic_generation,,,synthetic,2026-08-28,2026-08-28,2026-08-28,0,"Reisekostenabrechnung

Mitarbeiter: Abteilungseinreichung
Kontakt: Abteilungskontakt
Abteilung: Finance
Datum: 2026-06-16
Kategorie: Accommodation
Betrag: 486.00 EUR
Kostenstelle: CC-4200
Projekt: Internal Transformation
Reiseziel: Regional Office
Belegreferenz: RCPT-477150
Zahlungsart: Corporate Card
Zahlungsdaten: Standardmäßiger geschäftlicher Zahlungsprozess
Beschreibung: Die Unterkunftskosten für den Aufenthalt im Regional Office während des Projekts 'Internal Transformation' belaufen sich auf 486,00 EUR. Diese Ausgaben wurden mit der Corporate Card beglichen. Der Beleg mit der Referenznummer RCPT-477150 liegt bei. Der Antrag wurde im Rahmen des standardmäßigen geschäftlichen Zahlungsprozesses eingereicht.
Zusammenfassung: Die Erstattung der Unterkunftskosten von 486,00 EUR für das Projekt 'Internal Transformation' im Regional Office wurde abgelehnt. Bitte beachten Sie die Entscheidung des Finance Managers.
Vorgesetzter: Finance Manager
Entscheidung: Rejected",no,no,no,no,no,no,no,no,no,no,no,no,no,,NONE,0,0,easy,no,none,no,test,yes,openrouter_gpt4o_mini_field,field_llm_v1,no,,,v2,Synthetic document generated for controlled PII training data.,"[{'type': 'LOCATION', 'value': 'Regional Office', 'confidence': 0.85, 'source': 'presidio', 'start': 423, 'end': 438}]",{'LOCATION': 0.85},['LOCATION'],[],[],False,False,True,local_non_pii,no_meaningful_signal,False,20260909_112021,rule_based,local,rules,regex_presidio_fusion_v1,not_applicable,rules,False
SYN-EXPENSE_REPORT-0007,synthetic_expense_report_0007.txt,form,expense_report,en,synthetic_generation,,,synthetic,2026-08-28,2026-08-28,2026-08-28,0,"Expense Report

Employee: Chad Price
Contact: Service Team
Department: Operations
Date: 2026-08-30
Category: Meals
Amount: 553.00 EUR
Cost Center: CC-4200
Project: Process Improvement
Destination: Regional Office
Receipt Reference: RCPT-814009
Payment Method: Reimbursement
Payment Details: GB53MLOX63039579100492
Description: Meals incurred during the business trip to the Regional Office on 2026-08-30, totaling 553.00 EUR. Expenses include client meetings and team lunches aimed at enhancing collaboration for the Process Improvement project. Receipt reference: RCPT-814009.
Summary: Request for reimbursement of 553.00 EUR for meals related to the Process Improvement project. Payment method: Reimbursement via GB53MLOX63039579100492. Awaiting manager's decision.
Manager: Finance Manager
Decision: Pending review",yes,yes,no,no,no,yes,no,no,no,no,no,no,no,PERSON; IBAN_CODE,MULTIPLE,2,2,easy,no,none,no,test,yes,openrouter_gpt4o_mini_field,field_llm_v1,no,,,v2,Synthetic document generated for controlled PII training data.,"[{'type': 'IBAN_CODE', 'value': 'GB53MLOX63039579100492', 'confidence': 1.0, 'source': 'presidio', 'start': 291, 'end': 313}, {'type': 'IBAN_CODE', 'value': 'GB53MLOX63039579100492', 'confidence': 1.0, 'source': 'presidio', 'start': 715, 'end': 737}, {'type': 'DATE_TIME', 'value': '2026-08-30', 'confidence': 0.95, 'source': 'presidio', 'start': 88, 'end': 98}, {'type': 'PERSON', 'value': 'Chad Price', 'confidence': 0.85, 'source': 'presidio', 'start': 26, 'end': 36}, {'type': 'IBAN_CODE', 'value': 'GB53MLOX63039579100492', 'confidence': 0.9, 'source': 'custom_regex', 'start': 291, 'end': 313}, {'type': 'IBAN_CODE', 'value': 'GB53MLOX63039579100492', 'confidence': 0.9, 'source': 'custom_regex', 'start': 715, 'end': 737}]","{'IBAN_CODE': 1.0, 'DATE_TIME': 0.95, 'PERSON': 0.85}","['DATE_TIME', 'IBAN_CODE', 'PERSON']",['IBAN_CODE'],"['DATE_TIME', 'PERSON']",True,True,True,local_pii,strong_pii_detected,False,20260909_112021,rule_based,local,rules,regex_presidio_fusion_v1,not_applicable,rules,True
SYN-EXPENSE_REPORT-0021,synthetic_expense_report_0021.txt,form,expense_report,en,synthetic_generation,,,synthetic,2026-08-28,2026-08-28,2026-08-28,0,"Expense Report

Employee: Sharon Hunter
Contact: Service Team
Department: Procurement
Date: 2026-03-11
Category: Travel
Amount: 204.00 EUR
Cost Center: CC-3150
Project: Internal Transformation
Destination: Client Site
Receipt Reference: RCPT-660630
Payment Method: Cash
Payment Details: Standard corporate payment process
Description: 2710008011632452
Summary: This expense report details a travel-related expenditure incurred by Sharon Hunter on March 11, 2026, during a visit to the Client Site as part of the Internal Transformation project. The total amount of 204.00 EUR was paid in cash, adhering to the standard corporate payment process. The expense has been approved by the Finance Manager with adjustments, reflecting the necessary oversight before finalizing the reimbursement.
Manager: Finance Manager
Decision: Approved with adjustment",yes,yes,no,no,no,no,yes,no,no,no,no,no,no,PERSON; CREDIT_CARD,MULTIPLE,2,2,easy,no,none,no,test,yes,openrouter_gpt4o_mini_field,field_llm_v1,no,,,v2,Synthetic document generated for controlled PII training data.,"[{'type': 'DATE_TIME', 'value': '2026-03-11', 'confidence': 0.95, 'source': 'presidio', 'start': 92, 'end': 102}, {'type': 'PERSON', 'value': 'Sharon Hunter\nContact: Service Team\nDepartment', 'confidence': 0.85, 'source': 'presidio', 'start': 26, 'end': 72}, {'type': 'PERSON', 'value': 'Sharon Hunter', 'confidence': 0.85, 'source': 'presidio', 'start': 430, 'end': 443}, {'type': 'DATE_TIME', 'value': 'March 11, 2026', 'confidence': 0.85, 'source': 'presidio', 'start': 447, 'end': 461}, {'type': 'CREDIT_CARD', 'value': '2710008011632452', 'confidence': 0.9, 'source': 'custom_regex', 'start': 335, 'end': 351}]","{'DATE_TIME': 0.95, 'PERSON': 0.85, 'CREDIT_CARD': 0.9}","['CREDIT_CARD', 'DATE_TIME', 'PERSON']",['CREDIT_CARD'],"['DATE_TIME', 'PERSON']",True,True,True,local_pii,strong_pii_detected,False,20260909_112021,rule_based,local,rules,regex_presidio_fusion_v1,not_applicable,rules,True
SYN-EXPENSE_REPORT-0024,synthetic_expense_report_0024.txt,form,expense_report,en,synthetic_generation,,,synthetic,2026-08-28,2026-08-28,2026-08-28,0,"Expense Report

Employee: Mary Austin
Contact: Department Contact
Department: Procurement
Date: 2025-08-02
Category: Meals
Amount: 671.00 EUR
Cost Center: CC-5800
Project: Internal Transformation
Destination: Supplier Location
Receipt Reference: RCPT-159979
Payment Method: Personal Card
Payment Details: GB38YNVM61407748008580
Description: On August 2, 2025, Mary Austin submitted an expense report detailing meals incurred during a business trip to a Supplier Location. This report includes a total expenditure of 671.00 EUR, which was charged to her personal card with reference GB38YNVM61407748008580. The meals were provided as part of discussions related to the Internal Transformation project and were essential for fostering relationships with our suppliers.
Summary: The expense report submitted by Mary Austin has been reviewed and approved with an adjustment. The total amount claimed for meals is 671.00 EUR, which is associated with the Internal Transformation project. The payment was made using a personal card, identified by the reference GB38YNVM61407748008580, and is currently assigned to cost center CC-5800.
Manager: Finance Manager
Decision: Approved with adjustment",yes,yes,no,no,no,yes,no,no,no,no,no,no,no,PERSON; IBAN_CODE,MULTIPLE,2,2,easy,no,none,no,test,yes,openrouter_gpt4o_mini_field,field_llm_v1,no,,,v2,Synthetic document generated for controlled PII training data.,"[{'type': 'IBAN_CODE', 'value': 'GB38YNVM61407748008580', 'confidence': 1.0, 'source': 'presidio', 'start': 305, 'end': 327}, {'type': 'IBAN_CODE', 'value': 'GB38YNVM61407748008580', 'confidence': 1.0, 'source': 'presidio', 'start': 582, 'end': 604}, {'type': 'IBAN_CODE', 'value': 'GB38YNVM61407748008580', 'confidence': 1.0, 'source': 'presidio', 'start': 1055, 'end': 1077}, {'type': 'DATE_TIME', 'value': '2025-08-02', 'confidence': 0.95, 'source': 'presidio', 'start': 96, 'end': 106}, {'type': 'PERSON', 'value': 'Mary Austin\nContact', 'confidence': 0.85, 'source': 'presidio', 'start': 26, 'end': 45}, {'type': 'DATE_TIME', 'value': 'August 2, 2025', 'confidence': 0.85, 'source': 'presidio', 'start': 344, 'end': 358}, {'type': 'PERSON', 'value': 'Mary Austin', 'confidence': 0.85, 'source': 'presidio', 'start': 360, 'end': 371}, {'type': 'PERSON', 'value': 'Mary Austin', 'confidence': 0.85, 'source': 'presidio', 'start': 808, 'end': 819}, {'type': 'IBAN_CODE', 'value': 'GB38YNVM61407748008580', 'confidence': 0.9, 'source': 'custom_regex', 'start': 305, 'end': 327}, {'type': 'IBAN_CODE', 'value': 'GB38YNVM61407748008580', 'confidence': 0.9, 'source': 'custom_regex', 'start': 582, 'end': 604}, {'type': 'IBAN_CODE', 'value': 'GB38YNVM61407748008580', 'confidence': 0.9, 'source': 'custom_regex', 'start': 1055, 'end': 1077}]","{'IBAN_CODE': 1.0, 'DATE_TIME': 0.95, 'PERSON': 0.85}","['DATE_TIME', 'IBAN_CODE', 'PERSON']",['IBAN_CODE'],"['DATE_TIME', 'PERSON']",True,True,True,local_pii,strong_pii_detected,False,20260909_112021,rule_based,local,rules,regex_presidio_fusion_v1,not_applicable,rules,True
SYN-EXPENSE_REPORT-0026,synthetic_expense_report_0026.txt,form,expense_report,de,synthetic_generation,,,synthetic,2026-08-28,2026-08-28,2026-08-28,0,"Reisekostenabrechnung

Mitarbeiter: Mitarbeiterangaben nicht angegeben
Kontakt: Serviceteam
Abteilung: Operations
Datum: 2026-07-25
Kategorie: Office Supplies
Betrag: 848.00 EUR
Kostenstelle: CC-4200
Projekt: Client Delivery
Reiseziel: Client Site
Belegreferenz: RCPT-435233
Zahlungsart: Personal Card
Zahlungsdaten: Zahlungsbedingungen hinterlegt
Beschreibung: Ausgaben für Büromaterialien, die am 25. Juli 2026 für das Projekt 'Client Delivery' auf der 'Client Site' angefallen sind. Der Betrag von 848,00 EUR wurde mit einer persönlichen Karte bezahlt. Belege sind vorhanden, Referenz: RCPT-435233. Die Zahlungsbedingungen sind hinterlegt.
Zusammenfassung: Erstattung für Büromaterialien in Höhe von 848,00 EUR, gezahlt am 25.07.2026 für das Projekt 'Client Delivery'. Entscheidung des Abteilungsleiters steht noch aus.
Vorgesetzter: Department Manager
Entscheidung: Pending review",no,no,no,no,no,no,no,no,no,no,no,no,no,,NONE,0,0,easy,no,none,no,test,yes,openrouter_gpt4o_mini_field,field_llm_v1,no,,,v2,Synthetic document generated for controlled PII training data.,[],{},[],[],[],False,False,True,local_non_pii,no_meaningful_signal,False,20260909_112021,rule_based,local,rules,regex_presidio_fusion_v1,not_applicable,rules,False
SYN-EXPENSE_REPORT-0028,synthetic_expense_report_0028.txt,form,expense_report,en,synthetic_generation,,,synthetic,2026-08-28,2026-08-28,2026-08-28,0,"Expense Report

Employee: Department submission
Contact: Central Contact Point
Department: IT
Date: 2027-01-30
Category: Transport
Amount: 78.00 EUR
Cost Center: CC-2400
Project: Internal Transformation
Destination: Client Site
Receipt Reference: RCPT-155564
Payment Method: Cash
Payment Details: Payment terms on file
Description: This expense report details a transportation cost incurred during a business trip to the Client Site on January 30, 2027. The total amount of 78.00 EUR reflects cash payments made for travel expenses. The submission is part of the IT department's efforts to facilitate our ongoing Internal Transformation project. All relevant payment terms are documented and on file, ensuring compliance with standard operational procedures. The receipt reference for this transaction is RCPT-155564, which will aid in further verification and auditing processes. The report is currently pending review by the Department Manager.
Summary: This document outlines a transport-related expense of 78.00 EUR submitted by the IT department for travel to the Client Site as part of the Internal Transformation project. The payment was made in cash, and the associated receipt reference is RCPT-155564. The report awaits approval from the Department Manager.
Manager: Department Manager
Decision: Pending review",no,no,no,no,no,no,no,no,no,no,no,no,no,,NONE,0,0,easy,no,none,no,test,yes,openrouter_gpt4o_mini_field,field_llm_v1,no,,,v2,Synthetic document generated for controlled PII training data.,[],{},[],[],[],False,False,True,local_non_pii,no_meaningful_signal,False,20260909_112021,rule_based,local,rules,regex_presidio_fusion_v1,not_applicable,rules,False
SYN-EXPENSE_REPORT-0041,synthetic_expense_report_0041.txt,form,expense_report,de,synthetic_generation,,,synthetic,2026-08-28,2026-08-28,2026-08-28,0,"Reisekostenabrechnung

Mitarbeiter: Abteilungseinreichung
Kontakt: Zentrale Kontaktstelle
Abteilung: IT
Datum: 2026-05-29
Kategorie: Office Supplies
Betrag: 157.00 EUR
Kostenstelle: CC-2400
Projekt: Regional Operations
Reiseziel: Regional Office
Belegreferenz: RCPT-546493
Zahlungsart: Cash
Zahlungsdaten: Standardmäßiger geschäftlicher Zahlungsprozess
Beschreibung: Kauf von Büromaterialien zur Unterstützung der Regional Operations. Die Ausgaben umfassen Schreibwaren und Druckerpapier, die für die tägliche Arbeit im IT-Team benötigt werden.
Zusammenfassung: Pauline Adolph; DE65016116138711381416
Vorgesetzter: Department Manager
Entscheidung: Pending review",yes,yes,no,no,no,yes,no,no,no,no,no,no,no,PERSON; IBAN_CODE,MULTIPLE,2,2,easy,no,none,no,test,yes,openrouter_gpt4o_mini_field,field_llm_v1,no,,,v2,Synthetic document generated for controlled PII training data.,"[{'type': 'IBAN_CODE', 'value': 'DE65016116138711381416', 'confidence': 1.0, 'source': 'presidio', 'start': 578, 'end': 600}, {'type': 'PERSON', 'value': 'Pauline Adolph', 'confidence': 0.85, 'source': 'presidio', 'start': 562, 'end': 576}, {'type': 'IBAN_CODE', 'value': 'DE65016116138711381416', 'confidence': 0.9, 'source': 'custom_regex', 'start': 578, 'end': 600}]","{'IBAN_CODE': 1.0, 'PERSON': 0.85}","['IBAN_CODE', 'PERSON']",['IBAN_CODE'],['PERSON'],True,True,True,local_pii,strong_pii_detected,False,20260909_112021,rule_based,local,rules,regex_presidio_fusion_v1,not_applicable,rules,True
SYN-EXPENSE_REPORT-0051,synthetic_expense_report_0051.txt,form,expense_report,de,synthetic_generation,,,synthetic,2026-08-28,2026-08-28,2026-08-28,0,"Reisekostenabrechnung

Mitarbeiter: Katalin Tschentscher
Kontakt: Serviceteam
Abteilung: Operations
Datum: 2024-10-06
Kategorie: Office Supplies
Betrag: 347.00 EUR
Kostenstelle: CC-2400
Projekt: Client Delivery
Reiseziel: Regional Office
Belegreferenz: RCPT-370463
Zahlungsart: Reimbursement
Zahlungsdaten: DE33713449479833769751
Beschreibung: Kauf von Büromaterialien zur Unterstützung der Projekte im Bereich Client Delivery, einschließlich Druckerpapier, Stifte und Ordner. Diese Ausgaben sind notwendig für die tägliche Arbeit im Regional Office.
Zusammenfassung: Die Anfrage für die Rückerstattung in Höhe von 347,00 EUR wurde abgelehnt. Die Rückerstattung war für die Rechnung RCPT-370463 vorgesehen, die über das Konto DE33713449479833769751 abgewickelt werden sollte.
Vorgesetzter: Department Manager
Entscheidung: Rejected",yes,yes,no,no,no,yes,no,no,no,no,no,no,no,PERSON; IBAN_CODE,MULTIPLE,2,2,easy,no,none,no,test,yes,openrouter_gpt4o_mini_field,field_llm_v1,no,,,v2,Synthetic document generated for controlled PII training data.,"[{'type': 'IBAN_CODE', 'value': 'DE33713449479833769751', 'confidence': 1.0, 'source': 'presidio', 'start': 307, 'end': 329}, {'type': 'IBAN_CODE', 'value': 'DE33713449479833769751', 'confidence': 1.0, 'source': 'presidio', 'start': 726, 'end': 748}, {'type': 'PERSON', 'value': 'Katalin Tschentscher', 'confidence': 0.85, 'source': 'presidio', 'start': 36, 'end': 56}, {'type': 'LOCATION', 'value': 'Regional Office', 'confidence': 0.85, 'source': 'presidio', 'start': 534, 'end': 549}, {'type': 'DATE_TIME', 'value': '2024-10-06', 'confidence': 0.6, 'source': 'presidio', 'start': 107, 'end': 117}, {'type': 'IBAN_CODE', 'value': 'DE33713449479833769751', 'confidence': 0.9, 'source': 'custom_regex', 'start': 307, 'end': 329}, {'type': 'IBAN_CODE', 'value': 'DE33713449479833769751', 'confidence': 0.9, 'source': 'custom_regex', 'start': 726, 'end': 748}]","{'IBAN_CODE': 1.0, 'PERSON': 0.85, 'LOCATION': 0.85, 'DATE_TIME': 0.6}","['DATE_TIME', 'IBAN_CODE', 'LOCATION', 'PERSON']",['IBAN_CODE'],"['PERSON', 'LOCATION', 'DATE_TIME']",True,True,True,local_pii,strong_pii_detected,False,20260909_112021,rule_based,local,rules,regex_presidio_fusion_v1,not_applicable,rules,True
SYN-EXPENSE_REPORT-0057,synthetic_expense_report_0057.txt,form,expense_report,en,synthetic_generation,,,synthetic,2026-08-28,2026-08-28,2026-08-28,0,"Expense Report

Employee: Employee details not provided
Contact: Department Contact
Department: Finance
Date: 2025-06-05
Category: Training
Amount: 483.00 EUR
Cost Center: CC-1100
Project: Client Delivery
Destination: Head Office
Receipt Reference: RCPT-933827
Payment Method: Corporate Card
Payment Details: Standard corporate payment process
Description: Attended a professional training session on project management techniques relevant to the Client Delivery project. The training took place at the Head Office on June 5, 2025. This expense of 483.00 EUR was incurred using the Corporate Card, and the receipt reference is RCPT-933827.
Summary: Expense of 483.00 EUR for training related to Client Delivery project, approved by the Department Manager. Payment made via Corporate Card, following standard corporate payment process.
Manager: Department Manager
Decision: Approved",no,no,no,no,no,no,no,no,no,no,no,no,no,,NONE,0,0,easy,no,none,no,test,yes,openrouter_gpt4o_mini_field,field_llm_v1,no,,,v2,Synthetic document generated for controlled PII training data.,[],{},[],[],[],False,False,True,local_non_pii,no_meaningful_signal,False,20260909_112021,rule_based,local,rules,regex_presidio_fusion_v1,not_applicable,rules,False
SYN-EXPENSE_REPORT-0079,synthetic_expense_report_0079.txt,form,expense_report,en,synthetic_generation,,,synthetic,2026-08-28,2026-08-28,2026-08-28,0,"Expense Report

Employee: Internal submission
Contact: Service Team
Department: Finance
Date: 2025-03-09
Category: Accommodation
Amount: 325.00 EUR
Cost Center: CC-4200
Project: Regional Operations
Destination: Supplier Location
Receipt Reference: RCPT-165838
Payment Method: Personal Card
Payment Details: Payment terms on file
Description: This expense report details accommodation expenses incurred during the business trip to Supplier Location, which took place from March 6 to March 8, 2025. The total amount claimed is 325.00 EUR, which was charged to my Personal Card. The expenses were necessary to facilitate the Regional Operations project, ensuring that all meetings and negotiations were conducted in a conducive environment. The receipt reference for this transaction is RCPT-165838, and the payment terms are on file with the Finance department. The submission has been reviewed and approved by my Team Lead.
Summary: The expense report for accommodation expenses related to the Regional Operations project has been submitted for a total of 325.00 EUR. This expenditure was charged to a Personal Card and includes the necessary documentation for reimbursement. The report has been approved by the relevant manager, ensuring that all financial protocols have been adhered to.
Manager: Team Lead
Decision: Approved",no,no,no,no,no,no,no,no,no,no,no,no,no,,NONE,0,0,easy,no,none,no,test,yes,openrouter_gpt4o_mini_field,field_llm_v1,no,,,v2,Synthetic document generated for controlled PII training data.,[],{},[],[],[],False,False,True,local_non_pii,no_meaningful_signal,False,20260909_112021,rule_based,local,rules,regex_presidio_fusion_v1,not_applicable,rules,False
SYN-EXPENSE_REPORT-0097,synthetic_expense_report_0097.txt,form,expense_report,en,synthetic_generation,,,synthetic,2026-08-28,2026-08-28,2026-08-28,0,"Expense Report

Employee: Department submission
Contact: Central Contact Point
Department: IT
Date: 2025-02-06
Category: Accommodation
Amount: 865.00 EUR
Cost Center: CC-1100
Project: Client Delivery
Destination: Training Center
Receipt Reference: RCPT-947727
Payment Method: Personal Card
Payment Details: Standard corporate payment process
Description: This expense report is submitted for accommodation costs incurred during a recent training session at the Training Center. The total amount of 865.00 EUR reflects the necessary lodging expenses associated with the Client Delivery project. The payment was made using a personal card, following the standard corporate payment process. A receipt reference (RCPT-947727) is included for verification purposes, and the submission is directed through the Central Contact Point of the IT department for processing and review.
Summary: This expense report details accommodation costs amounting to 865.00 EUR, submitted on February 6, 2025, by the IT department. The report has been reviewed and subsequently rejected by the Finance Manager, with the payment method recorded as a personal card and processed through the standard corporate payment process. The expenses relate to a training session at the Training Center, tied to the Client Delivery project.
Manager: Finance Manager
Decision: Rejected",no,no,no,no,no,no,no,no,no,no,no,no,no,,NONE,0,0,easy,no,none,no,test,yes,openrouter_gpt4o_mini_field,field_llm_v1,no,,,v2,Synthetic document generated for controlled PII training data.,[],{},[],[],[],False,False,True,local_non_pii,no_meaningful_signal,False,20260909_112021,rule_based,local,rules,regex_presidio_fusion_v1,not_applicable,rules,False
SYN-EXPENSE_REPORT-0103,synthetic_expense_report_0103.txt,form,expense_report,de,synthetic_generation,,,synthetic,2026-08-28,2026-08-28,2026-08-28,0,"Reisekostenabrechnung

Mitarbeiter: Hansjürgen Matthäi
Kontakt: Abteilungskontakt
Abteilung: Operations
Datum: 2027-01-30
Kategorie: Accommodation
Betrag: 507.00 EUR
Kostenstelle: CC-2400
Projekt: Regional Operations
Reiseziel: Training Center
Belegreferenz: RCPT-581772
Zahlungsart: Cash
Zahlungsdaten: DE22038982297204625058
Beschreibung: Die Ausgaben für die Unterkunft in Höhe von 507,00 EUR beziehen sich auf den Aufenthalt von Hansjürgen Matthäi im Training Center, welches Teil des Projekts Regional Operations ist. Diese Kosten wurden am 30. Januar 2027 in bar bezahlt, und der Beleg für diese Transaktion trägt die Referenznummer RCPT-581772. Die Zahlung wurde über das Bankkonto mit der Nummer DE22038982297204625058 abgewickelt. Leider wurde dieser Antrag von dem Finanzmanager abgelehnt, da die Ausgaben die genehmigten Budgets übersteigen.
Zusammenfassung: Die Unterkunftskosten von 507,00 EUR für den Aufenthalt im Training Center im Rahmen des Projekts Regional Operations wurden am 30. Januar 2027 eingereicht. Der Antrag wurde jedoch vom Finanzmanager abgelehnt. Die Zahlung erfolgte in bar und ist unter der Belegreferenz RCPT-581772 sowie dem Bankkonto DE22038982297204625058 dokumentiert.
Vorgesetzter: Finance Manager
Entscheidung: Rejected",yes,yes,no,no,no,yes,no,no,no,no,no,no,no,PERSON; IBAN_CODE,MULTIPLE,2,2,easy,no,none,no,test,yes,openrouter_gpt4o_mini_field,field_llm_v1,no,,,v2,Synthetic document generated for controlled PII training data.,"[{'type': 'IBAN_CODE', 'value': 'DE22038982297204625058', 'confidence': 1.0, 'source': 'presidio', 'start': 304, 'end': 326}, {'type': 'MEDICAL_LICENSE', 'value': 'DE2203898', 'confidence': 1.0, 'source': 'presidio', 'start': 304, 'end': 313}, {'type': 'IBAN_CODE', 'value': 'DE22038982297204625058', 'confidence': 1.0, 'source': 'presidio', 'start': 704, 'end': 726}, {'type': 'MEDICAL_LICENSE', 'value': 'DE2203898', 'confidence': 1.0, 'source': 'presidio', 'start': 704, 'end': 713}, {'type': 'IBAN_CODE', 'value': 'DE22038982297204625058', 'confidence': 1.0, 'source': 'presidio', 'start': 1172, 'end': 1194}, {'type': 'MEDICAL_LICENSE', 'value': 'DE2203898', 'confidence': 1.0, 'source': 'presidio', 'start': 1172, 'end': 1181}, {'type': 'PERSON', 'value': 'Hansjürgen Matthäi', 'confidence': 0.85, 'source': 'presidio', 'start': 36, 'end': 54}, {'type': 'PERSON', 'value': 'Hansjürgen Matthäi', 'confidence': 0.85, 'source': 'presidio', 'start': 433, 'end': 451}, {'type': 'LOCATION', 'value': 'Training Center', 'confidence': 0.85, 'source': 'presidio', 'start': 455, 'end': 470}, {'type': 'LOCATION', 'value': 'Training Center', 'confidence': 0.85, 'source': 'presidio', 'start': 929, 'end': 944}, {'type': 'DATE_TIME', 'value': '2027-01-30', 'confidence': 0.6, 'source': 'presidio', 'start': 111, 'end': 121}, {'type': 'IBAN_CODE', 'value': 'DE22038982297204625058', 'confidence': 0.9, 'source': 'custom_regex', 'start': 304, 'end': 326}, {'type': 'IBAN_CODE', 'value': 'DE22038982297204625058', 'confidence': 0.9, 'source': 'custom_regex', 'start': 704, 'end': 726}, {'type': 'IBAN_CODE', 'value': 'DE22038982297204625058', 'confidence': 0.9, 'source': 'custom_regex', 'start': 1172, 'end': 1194}]","{'IBAN_CODE': 1.0, 'MEDICAL_LICENSE': 1.0, 'PERSON': 0.85, 'LOCATION': 0.85, 'DATE_TIME': 0.6}","['DATE_TIME', 'IBAN_CODE', 'LOCATION', 'MEDICAL_LICENSE', 'PERSON']","['IBAN_CODE', 'MEDICAL_LICENSE']","['PERSON', 'LOCATION', 'DATE_TIME']",True,True,True,local_pii,strong_pii_detected,False,20260909_112021,rule_based,local,rules,regex_presidio_fusion_v1,not_applicable,rules,True
SYN-EXPENSE_REPORT-0110,synthetic_expense_report_0110.txt,form,expense_report,de,synthetic_generation,,,synthetic,2026-08-28,2026-08-28,2026-08-28,0,"Reisekostenabrechnung

Mitarbeiter: Clarissa Römer-Lange
Kontakt: +49(0)0332 398666
Abteilung: Sales
Datum: 2025-08-12
Kategorie: Travel
Betrag: 126.00 EUR
Kostenstelle: CC-4200
Projekt: Internal Transformation
Reiseziel: Supplier Location
Belegreferenz: RCPT-219246
Zahlungsart: Corporate Card
Zahlungsdaten: Standardmäßiger geschäftlicher Zahlungsprozess
Beschreibung: Die Ausgaben von Clarissa Römer-Lange für die Reise zum Supplier Location am 12. August 2025 umfassen die Kosten für Transport und Verpflegung, die im Rahmen des Projekts Internal Transformation entstanden sind. Diese 126,00 EUR wurden über die Corporate Card beglichen, gemäß dem standardmäßigen geschäftlichen Zahlungsprozess. Eine detaillierte Quittung mit der Referenznummer RCPT-219246 liegt dem Bericht bei.
Zusammenfassung: Die Reisekosten von 126,00 EUR für Clarissa Römer-Lange wurden für die Reise zum Supplier Location im Kontext des Projekts Internal Transformation genehmigt. Der Antrag wurde mit Anpassungen durch den Team Lead genehmigt, und die Zahlung erfolgte über die Corporate Card.
Vorgesetzter: Team Lead
Entscheidung: Approved with adjustment",yes,yes,no,yes,no,no,no,no,no,no,no,no,no,PERSON; PHONE_NUMBER,MULTIPLE,2,2,easy,no,none,no,test,yes,openrouter_gpt4o_mini_field,field_llm_v1,no,,,v2,Synthetic document generated for controlled PII training data.,"[{'type': 'PERSON', 'value': 'Clarissa Römer-Lange', 'confidence': 0.85, 'source': 'presidio', 'start': 36, 'end': 56}, {'type': 'PERSON', 'value': 'Clarissa Römer-Lange', 'confidence': 0.85, 'source': 'presidio', 'start': 388, 'end': 408}, {'type': 'LOCATION', 'value': 'Supplier Location', 'confidence': 0.85, 'source': 'presidio', 'start': 427, 'end': 444}, {'type': 'PERSON', 'value': 'Clarissa Römer-Lange', 'confidence': 0.85, 'source': 'presidio', 'start': 837, 'end': 857}, {'type': 'DATE_TIME', 'value': '2025-08-12', 'confidence': 0.6, 'source': 'presidio', 'start': 108, 'end': 118}, {'type': 'PHONE_NUMBER', 'value': '+49(0)0332 398666', 'confidence': 0.9, 'source': 'custom_regex', 'start': 66, 'end': 83}]","{'PERSON': 0.85, 'LOCATION': 0.85, 'DATE_TIME': 0.6, 'PHONE_NUMBER': 0.9}","['DATE_TIME', 'LOCATION', 'PERSON', 'PHONE_NUMBER']",['PHONE_NUMBER'],"['PERSON', 'LOCATION', 'DATE_TIME']",True,True,True,local_pii,strong_pii_detected,False,20260909_112021,rule_based,local,rules,regex_presidio_fusion_v1,not_applicable,rules,True
SYN-EXPENSE_REPORT-0113,synthetic_expense_report_0113.txt,form,expense_report,de,synthetic_generation,,,synthetic,2026-08-28,2026-08-28,2026-08-28,0,"Reisekostenabrechnung

Mitarbeiter: Abteilungseinreichung
Kontakt: Abteilungskontakt
Abteilung: Finance
Datum: 2025-12-23
Kategorie: Training
Betrag: 413.00 EUR
Kostenstelle: CC-1100
Projekt: Client Delivery
Reiseziel: Head Office
Belegreferenz: RCPT-336221
Zahlungsart: Cash
Zahlungsdaten: Zahlungsbedingungen hinterlegt
Beschreibung: Die folgende Ausgabe bezieht sich auf die Schulung, die im Rahmen des Projekts 'Client Delivery' durchgeführt wurde. Der Betrag von 413,00 EUR wurde für die Teilnahme an einer spezialisierten Weiterbildung gezahlt, die sich auf aktuelle Trends und Techniken im Bereich der Kundenbetreuung konzentriert. Diese Schulung fand am 20. Dezember 2025 am Hauptsitz statt und wurde in bar bezahlt. Die Zahlungsbedingungen sind im System hinterlegt, und der Beleg mit der Referenznummer RCPT-336221 wurde zur weiteren Bearbeitung eingereicht.
Zusammenfassung: Diese Ausgabe von 413,00 EUR für die Schulung im Rahmen des Projekts 'Client Delivery' wurde am 23. Dezember 2025 genehmigt. Die Zahlung erfolgte in bar, und die entsprechenden Zahlungsbedingungen sind dokumentiert. Der Abteilungseinreichung und -kontakt aus der Finanzabteilung sind alle notwendigen Informationen zur Verfügung gestellt worden.
Vorgesetzter: Operations Manager
Entscheidung: Approved",no,no,no,no,no,no,no,no,no,no,no,no,no,,NONE,0,0,easy,no,none,no,test,yes,openrouter_gpt4o_mini_field,field_llm_v1,no,,,v2,Synthetic document generated for controlled PII training data.,[],{},[],[],[],False,False,True,local_non_pii,no_meaningful_signal,False,20260909_112021,rule_based,local,rules,regex_presidio_fusion_v1,not_applicable,rules,False
SYN-EXPENSE_REPORT-0116,synthetic_expense_report_0116.txt,form,expense_report,de,synthetic_generation,,,synthetic,2026-08-28,2026-08-28,2026-08-28,0,"Reisekostenabrechnung

Mitarbeiter: Abteilungseinreichung
Kontakt: Zentrale Kontaktstelle
Abteilung: Sales
Datum: 2024-12-29
Kategorie: Travel
Betrag: 646.00 EUR
Kostenstelle: CC-2400
Projekt: Internal Transformation
Reiseziel: Client Site
Belegreferenz: RCPT-357381
Zahlungsart: Reimbursement
Zahlungsdaten: Standardmäßiger geschäftlicher Zahlungsprozess
Beschreibung: Reise zum Client Site für das Projekt Internal Transformation. Die Ausgaben umfassen Transportkosten und Verpflegung während des Aufenthalts. Belege sind im Anhang enthalten, einschließlich der Referenznummer RCPT-357381.
Zusammenfassung: Reisekosten für Client Site im Rahmen des Projekts Internal Transformation. Gesamtsumme: 646,00 EUR. Genehmigt durch den Operations Manager.
Vorgesetzter: Operations Manager
Entscheidung: Approved",no,no,no,no,no,no,no,no,no,no,no,no,no,,NONE,0,0,easy,no,none,no,test,yes,openrouter_gpt4o_mini_field,field_llm_v1,no,,,v2,Synthetic document generated for controlled PII training data.,[],{},[],[],[],False,False,True,local_non_pii,no_meaningful_signal,False,20260909_112021,rule_based,local,rules,regex_presidio_fusion_v1,not_applicable,rules,False
SYN-EXPENSE_REPORT-0122,synthetic_expense_report_0122.txt,form,expense_report,en,synthetic_generation,,,synthetic,2026-08-28,2026-08-28,2026-08-28,0,"Expense Report

Employee: 
Contact: 
Department: 
Date: 
Category: 
Amount: 
Cost Center: 
Project: 
Destination: 
Receipt Reference: 
Payment Method: 
Payment Details: 
Description: 
Summary: 
Manager: 
Decision: ",no,no,no,no,no,no,no,no,no,no,no,no,no,,NONE,0,0,easy,no,none,no,test,yes,faker_archetype_v1,template_v1,no,,,v2,Synthetic document generated for controlled PII training data.,[],{},[],[],[],False,False,True,local_non_pii,no_meaningful_signal,False,20260909_112021,rule_based,local,rules,regex_presidio_fusion_v1,not_applicable,rules,False
SYN-EXPENSE_REPORT-0125,synthetic_expense_report_0125.txt,form,expense_report,de,synthetic_generation,,,synthetic,2026-08-28,2026-08-28,2026-08-28,0,"Reisekostenabrechnung

Mitarbeiter: Mitarbeiterangaben nicht angegeben
Kontakt: Serviceteam
Abteilung: Sales
Datum: 2026-04-11
Kategorie: Meals
Betrag: 507.00 EUR
Kostenstelle: CC-1100
Projekt: Supplier Workshop
Reiseziel: Regional Office
Belegreferenz: RCPT-714151
Zahlungsart: Cash
Zahlungsdaten: Zahlungsbedingungen hinterlegt
Beschreibung: Die hier aufgeführten Ausgaben betreffen die Verpflegung während des Supplier Workshops, der am 11. April 2026 in unserem Regional Office stattfand. Die Gesamtkosten für die Mahlzeiten belaufen sich auf 507,00 EUR. Die Zahlungen wurden in bar geleistet, und die Zahlungsbedingungen sind im Anhang zu finden. Diese Ausgaben fallen unter den Kostenstelle CC-1100 und sind für die Abteilung Sales relevant.
Zusammenfassung: Dieser Bericht dokumentiert die Ausgaben in Höhe von 507,00 EUR für Mahlzeiten, die während des Supplier Workshops am 11. April 2026 entstanden sind. Die Entscheidung über die Genehmigung der Ausgaben steht noch aus und wird vom Operations Manager geprüft.
Vorgesetzter: Operations Manager
Entscheidung: Pending review",no,no,no,no,no,no,no,no,no,no,no,no,no,,NONE,0,0,easy,no,none,no,test,yes,openrouter_gpt4o_mini_field,field_llm_v1,no,,,v2,Synthetic document generated for controlled PII training data.,[],{},[],[],[],False,False,True,local_non_pii,no_meaningful_signal,False,20260909_112021,rule_based,local,rules,regex_presidio_fusion_v1,not_applicable,rules,False
SYN-EXPENSE_REPORT-0126,synthetic_expense_report_0126.txt,form,expense_report,de,synthetic_generation,,,synthetic,2026-08-28,2026-08-28,2026-08-28,0,"Reisekostenabrechnung

Mitarbeiter: Abteilungseinreichung
Kontakt: Serviceteam
Abteilung: IT
Datum: 2025-06-04
Kategorie: Transport
Betrag: 69.00 EUR
Kostenstelle: CC-2400
Projekt: Client Delivery
Reiseziel: Head Office
Belegreferenz: RCPT-388241
Zahlungsart: Personal Card
Zahlungsdaten: Zahlungsbedingungen hinterlegt
Beschreibung: Reise zum Hauptbüro für ein Projektmeeting im Rahmen von Client Delivery am 04.06.2025. Der Transport wurde mit einer persönlichen Kreditkarte bezahlt, und die Zahlungsbedingungen wurden hinterlegt. Die Gesamtkosten betrugen 69,00 EUR, und die Quittung ist unter RCPT-388241 zu finden.
Zusammenfassung: Erstattung für Transportkosten in Höhe von 69,00 EUR für die Reise zum Hauptbüro. Genehmigt mit Anpassung durch den Finanzmanager. Kostenstelle: CC-2400.
Vorgesetzter: Finance Manager
Entscheidung: Approved with adjustment",no,no,no,no,no,no,no,no,no,no,no,no,no,,NONE,0,0,easy,no,none,no,test,yes,openrouter_gpt4o_mini_field,field_llm_v1,no,,,v2,Synthetic document generated for controlled PII training data.,[],{},[],[],[],False,False,True,local_non_pii,no_meaningful_signal,False,20260909_112021,rule_based,local,rules,regex_presidio_fusion_v1,not_applicable,rules,False
SYN-EXPENSE_REPORT-0131,synthetic_expense_report_0131.txt,form,expense_report,en,synthetic_generation,,,synthetic,2026-08-28,2026-08-28,2026-08-28,0,"Expense Report

Employee: Employee details not provided
Contact: Department Contact
Department: Finance
Date: 2026-05-30
Category: Meals
Amount: 249.00 EUR
Cost Center: CC-2400
Project: Supplier Workshop
Destination: Supplier Location
Receipt Reference: RCPT-388231
Payment Method: Personal Card
Payment Details: Payment terms on file
Description: Expense incurred for meals during the Supplier Workshop held on May 30, 2026, at the Supplier Location. The total amount of 249.00 EUR was charged to a personal card, with the receipt reference RCPT-388231 provided for verification.
Summary: Reimbursement request for meals related to the Supplier Workshop on May 30, 2026, has been submitted but was ultimately rejected by the Team Lead. Cost center CC-2400 was referenced in the submission.
Manager: Team Lead
Decision: Rejected",no,no,no,no,no,no,no,no,no,no,no,no,no,,NONE,0,0,easy,no,none,no,test,yes,openrouter_gpt4o_mini_field,field_llm_v1,no,,,v2,Synthetic document generated for controlled PII training data.,[],{},[],[],[],False,False,True,local_non_pii,no_meaningful_signal,False,20260909_112021,rule_based,local,rules,regex_presidio_fusion_v1,not_applicable,rules,False
SYN-EXPENSE_REPORT-0134,synthetic_expense_report_0134.txt,form,expense_report,en,synthetic_generation,,,synthetic,2026-08-28,2026-08-28,2026-08-28,0,"Expense Report

Employee: Internal submission
Contact: Service Team
Department: Procurement
Date: 2026-09-17
Category: Training
Amount: 472.00 EUR
Cost Center: CC-3150
Project: Supplier Workshop
Destination: Head Office
Receipt Reference: RCPT-395726
Payment Method: Reimbursement
Payment Details: Payment terms on file
Description: Attendance at the Supplier Workshop held at the Head Office on September 17, 2026, was essential for enhancing procurement strategies and supplier relationships. This expense covers travel and associated costs to facilitate participation in the training session aimed at improving departmental efficiency and collaboration.
Summary: Reimbursement request for expenses incurred during the Supplier Workshop on September 17, 2026, totaling 472.00 EUR. Payment method is reimbursement with payment terms on file. The request has been approved by the Finance Manager.
Manager: Finance Manager
Decision: Approved",no,no,no,no,no,no,no,no,no,no,no,no,no,,NONE,0,0,easy,no,none,no,test,yes,openrouter_gpt4o_mini_field,field_llm_v1,no,,,v2,Synthetic document generated for controlled PII training data.,[],{},[],[],[],False,False,True,local_non_pii,no_meaningful_signal,False,20260909_112021,rule_based,local,rules,regex_presidio_fusion_v1,not_applicable,rules,False
SYN-EXPENSE_REPORT-0137,synthetic_expense_report_0137.txt,form,expense_report,en,synthetic_generation,,,synthetic,2026-08-28,2026-08-28,2026-08-28,0,"Expense Report

Employee: Internal submission
Contact: Central Contact Point
Department: Sales
Date: 2027-06-04
Category: Training
Amount: 652.00 EUR
Cost Center: CC-3150
Project: Regional Operations
Destination: Head Office
Receipt Reference: RCPT-526898
Payment Method: Cash
Payment Details: Standard corporate payment process
Description: This expense report pertains to a training session attended on June 1, 2027, aimed at enhancing sales strategies for the Regional Operations project. The total cost incurred was 652.00 EUR, paid in cash, as per the standard corporate payment process. The receipt reference for this transaction is RCPT-526898, which serves as documentation for reimbursement purposes. The training was conducted at the Head Office, aligning with our department's ongoing professional development initiatives.
Summary: Expense report submitted for a training session related to the Regional Operations project. Amount: 652.00 EUR; Payment Method: Cash; Status: Rejected. Receipt Reference: RCPT-526898.
Manager: Team Lead
Decision: Rejected",no,no,no,no,no,no,no,no,no,no,no,no,no,,NONE,0,0,easy,no,none,no,test,yes,openrouter_gpt4o_mini_field,field_llm_v1,no,,,v2,Synthetic document generated for controlled PII training data.,"[{'type': 'NRP', 'value': 'RCPT-526898', 'confidence': 0.85, 'source': 'presidio', 'start': 639, 'end': 650}]",{'NRP': 0.85},['NRP'],[],['NRP'],False,True,True,low_cost_llm,potential_pii_evidence,True,20260909_112021,rule_based,local,rules,regex_presidio_fusion_v1,not_applicable,rules,False
SYN-EXPENSE_REPORT-0153,synthetic_expense_report_0153.txt,form,expense_report,de,synthetic_generation,,,synthetic,2026-08-28,2026-08-28,2026-08-28,0,"Reisekostenabrechnung

Mitarbeiter: Mitarbeiterangaben nicht angegeben
Kontakt: Serviceteam
Abteilung: Sales
Datum: 2027-01-14
Kategorie: Meals
Betrag: 389.00 EUR
Kostenstelle: CC-3150
Projekt: Regional Operations
Reiseziel: Head Office
Belegreferenz: RCPT-756371
Zahlungsart: Reimbursement
Zahlungsdaten: Zahlungsbedingungen hinterlegt
Beschreibung: Diese Ausgaben beziehen sich auf Geschäftsessen, die im Rahmen von Meetings zur Förderung der regionalen Betriebsabläufe am Hauptsitz stattfanden. Die Gesamtkosten belaufen sich auf 389,00 EUR und beinhalten mehrere Mahlzeiten für das Vertriebsteam.
Zusammenfassung: Die eingereichte Rechnung RCPT-756371 für die Kategorie 'Meals' in Höhe von 389,00 EUR wurde vom Team Lead abgelehnt. Die Zahlung erfolgt über die hinterlegten Zahlungsbedingungen als Erstattung.
Vorgesetzter: Team Lead
Entscheidung: Rejected",no,no,no,no,no,no,no,no,no,no,no,no,no,,NONE,0,0,easy,no,none,no,test,yes,openrouter_gpt4o_mini_field,field_llm_v1,no,,,v2,Synthetic document generated for controlled PII training data.,[],{},[],[],[],False,False,True,local_non_pii,no_meaningful_signal,False,20260909_112021,rule_based,local,rules,regex_presidio_fusion_v1,not_applicable,rules,False
SYN-EXPENSE_REPORT-0163,synthetic_expense_report_0163.txt,form,expense_report,de,synthetic_generation,,,synthetic,2026-08-28,2026-08-28,2026-08-28,0,"Reisekostenabrechnung

Mitarbeiter: Interne Einreichung
Kontakt: Zentrale Kontaktstelle
Abteilung: Sales
Datum: 2026-05-22
Kategorie: Accommodation
Betrag: 410.00 EUR
Kostenstelle: CC-1100
Projekt: Regional Operations
Reiseziel: Training Center
Belegreferenz: RCPT-777916
Zahlungsart: Personal Card
Zahlungsdaten: Standardmäßiger geschäftlicher Zahlungsprozess
Beschreibung: Übernachtungskosten für die Schulung im Training Center am 22. Mai 2026. Die Kosten in Höhe von 410,00 EUR wurden mit einer persönlichen Karte beglichen. Belegreferenz: RCPT-777916. Die Einreichung erfolgte gemäß dem Standardmäßigen geschäftlichen Zahlungsprozess.
Zusammenfassung: Antrag auf Erstattung der Unterkunftskosten in Höhe von 410,00 EUR für die Schulung im Training Center. Der Antrag wurde von der Zentrale Kontaktstelle verwaltet und vom Finance Manager abgelehnt.
Vorgesetzter: Finance Manager
Entscheidung: Rejected",no,no,no,no,no,no,no,no,no,no,no,no,no,,NONE,0,0,easy,no,none,no,test,yes,openrouter_gpt4o_mini_field,field_llm_v1,no,,,v2,Synthetic document generated for controlled PII training data.,[],{},[],[],[],False,False,True,local_non_pii,no_meaningful_signal,False,20260909_112021,rule_based,local,rules,regex_presidio_fusion_v1,not_applicable,rules,False
SYN-EXPENSE_REPORT-0164,synthetic_expense_report_0164.txt,form,expense_report,en,synthetic_generation,,,synthetic,2026-08-28,2026-08-28,2026-08-28,0,"Expense Report

Employee: Internal submission
Contact: Service Team
Department: IT
Date: 2025-02-06
Category: Transport
Amount: 742.00 EUR
Cost Center: CC-4200
Project: Internal Transformation
Destination: Training Center
Receipt Reference: RCPT-796541
Payment Method: Reimbursement
Payment Details: Payment terms on file
Description: This expense report outlines the incurred transport costs associated with travel to the Training Center for the purpose of participating in an essential internal training session. The total amount submitted for reimbursement is 742.00 EUR, which covers all related transportation expenses. The submission was made under the cost center CC-4200, linked to the Internal Transformation project. Unfortunately, the report has been marked as rejected by the Operations Manager, indicating that further clarification or adjustments may be necessary before resubmission.
Summary: This document details a transport expense of 742.00 EUR related to travel for training purposes at the Training Center. The submission date is February 6, 2025, under the IT department. The report has been rejected by the Operations Manager, necessitating a review before proceeding with any further claims.
Manager: Operations Manager
Decision: Rejected",no,no,no,no,no,no,no,no,no,no,no,no,no,,NONE,0,0,easy,no,none,no,test,yes,openrouter_gpt4o_mini_field,field_llm_v1,no,,,v2,Synthetic document generated for controlled PII training data.,[],{},[],[],[],False,False,True,local_non_pii,no_meaningful_signal,False,20260909_112021,rule_based,local,rules,regex_presidio_fusion_v1,not_applicable,rules,False
SYN-EXPENSE_REPORT-0171,synthetic_expense_report_0171.txt,form,expense_report,de,synthetic_generation,,,synthetic,2026-08-28,2026-08-28,2026-08-28,0,"Reisekostenabrechnung

Mitarbeiter: 
Kontakt: 
Abteilung: 
Datum: 
Kategorie: 
Betrag: 
Kostenstelle: 
Projekt: 
Reiseziel: 
Belegreferenz: 
Zahlungsart: 
Zahlungsdaten: 
Beschreibung: 
Zusammenfassung: 
Vorgesetzter: 
Entscheidung: ",no,no,no,no,no,no,no,no,no,no,no,no,no,,NONE,0,0,easy,no,none,no,test,yes,faker_archetype_v1,template_v1,no,,,v2,Synthetic document generated for controlled PII training data.,[],{},[],[],[],False,False,True,local_non_pii,no_meaningful_signal,False,20260909_112021,rule_based,local,rules,regex_presidio_fusion_v1,not_applicable,rules,False
SYN-EXPENSE_REPORT-0190,synthetic_expense_report_0190.txt,form,expense_report,en,synthetic_generation,,,synthetic,2026-08-28,2026-08-28,2026-08-28,0,"Expense Report

Employee: Internal submission
Contact: Department Contact
Department: Finance
Date: 2027-04-28
Category: Office Supplies
Amount: 450.00 EUR
Cost Center: CC-3150
Project: Regional Operations
Destination: Regional Office
Receipt Reference: RCPT-697861
Payment Method: Personal Card
Payment Details: Payment terms on file
Description: The submitted expense report pertains to the purchase of office supplies for the Regional Operations project, specifically aimed at enhancing operational efficiency at the Regional Office. The total amount of 450.00 EUR was charged to a Personal Card, as documented under receipt reference RCPT-697861. The payment terms are on file, ensuring compliance with departmental policies. The items acquired include essential office materials that support day-to-day activities within the Finance department.
Summary: On April 28, 2027, an expense report was submitted for 450.00 EUR, categorized under Office Supplies. The request was approved with adjustment by the Finance Manager, and it relates to expenditures for the Regional Operations project at the Regional Office. The payment will be processed using the details provided, with the transaction reference being RCPT-697861.
Manager: Finance Manager
Decision: Approved with adjustment",no,no,no,no,no,no,no,no,no,no,no,no,no,,NONE,0,0,easy,no,none,no,test,yes,openrouter_gpt4o_mini_field,field_llm_v1,no,,,v2,Synthetic document generated for controlled PII training data.,[],{},[],[],[],False,False,True,local_non_pii,no_meaningful_signal,False,20260909_112021,rule_based,local,rules,regex_presidio_fusion_v1,not_applicable,rules,False
SYN-EXPENSE_REPORT-0192,synthetic_expense_report_0192.txt,form,expense_report,en,synthetic_generation,,,synthetic,2026-08-28,2026-08-28,2026-08-28,0,"Expense Report

Employee: Employee details not provided
Contact: Service Team
Department: IT
Date: 2025-12-01
Category: Meals
Amount: 428.00 EUR
Cost Center: CC-1100
Project: Process Improvement
Destination: Client Site
Receipt Reference: RCPT-656638
Payment Method: Personal Card
Payment Details: Standard corporate payment process
Description: Expenses incurred for meals during business meetings at the Client Site on 2025-12-01. The total amount of 428.00 EUR covers meals for team members involved in the Process Improvement project, all paid using a Personal Card. Receipt reference RCPT-656638 is attached for verification.
Summary: This expense report includes meal expenses totaling 428.00 EUR for the IT department, related to the Process Improvement project at the Client Site. Payment was made via a Personal Card, with reimbursement pending review by the Finance Manager.
Manager: Finance Manager
Decision: Pending review",no,no,no,no,no,no,no,no,no,no,no,no,no,,NONE,0,0,easy,no,none,no,test,yes,openrouter_gpt4o_mini_field,field_llm_v1,no,,,v2,Synthetic document generated for controlled PII training data.,[],{},[],[],[],False,False,True,local_non_pii,no_meaningful_signal,False,20260909_112021,rule_based,local,rules,regex_presidio_fusion_v1,not_applicable,rules,False
SYN-EXPENSE_REPORT-0194,synthetic_expense_report_0194.txt,form,expense_report,de,synthetic_generation,,,synthetic,2026-08-28,2026-08-28,2026-08-28,0,"Reisekostenabrechnung

Mitarbeiter: Interne Einreichung
Kontakt: Serviceteam
Abteilung: Operations
Datum: 2025-11-07
Kategorie: Training
Betrag: 603.00 EUR
Kostenstelle: CC-2400
Projekt: Process Improvement
Reiseziel: Client Site
Belegreferenz: RCPT-458853
Zahlungsart: Cash
Zahlungsdaten: Zahlungsbedingungen hinterlegt
Beschreibung: Diese interne Einreichung bezieht sich auf die Teilnahme an einer Schulung, die am Client Site durchgeführt wurde. Der Betrag von 603,00 EUR deckt die Kosten für die Schulungsunterlagen sowie die notwendigen Materialien, die für die Optimierung unserer Prozesse erforderlich sind. Die Schulung war entscheidend, um die Fähigkeiten des Teams im Bereich Prozessverbesserung zu erweitern und sicherzustellen, dass alle Mitarbeiter auf dem neuesten Stand der Best Practices sind. Die Zahlungsbedingungen sind bereits hinterlegt, was einen reibungslosen Ablauf der Abrechnung gewährleistet.
Zusammenfassung: Die Einreichung betrifft eine Zahlung von 603,00 EUR für eine Schulung im Rahmen des Projekts zur Prozessverbesserung. Die Zahlung erfolgt in bar und wird derzeit vom Team Lead geprüft. Die Entscheidung steht noch aus, und die Kosten sind dem Kostenstelle CC-2400 zugeordnet.
Vorgesetzter: Team Lead
Entscheidung: Pending review",no,no,no,no,no,no,no,no,no,no,no,no,no,,NONE,0,0,easy,no,none,no,test,yes,openrouter_gpt4o_mini_field,field_llm_v1,no,,,v2,Synthetic document generated for controlled PII training data.,[],{},[],[],[],False,False,True,local_non_pii,no_meaningful_signal,False,20260909_112021,rule_based,local,rules,regex_presidio_fusion_v1,not_applicable,rules,False
SYN-EXPENSE_REPORT-0208,synthetic_expense_report_0208.txt,form,expense_report,en,synthetic_generation,,,synthetic,2026-08-28,2026-08-28,2026-08-28,0,"Expense Report

Employee: Kenneth Drake
Contact: marissamorgan@example.com
Department: Procurement
Date: 2027-07-10
Category: Training
Amount: 383.00 EUR
Cost Center: CC-1100
Project: Supplier Workshop
Destination: Regional Office
Receipt Reference: RCPT-575539
Payment Method: Reimbursement
Payment Details: Payment terms on file
Description: Training expenses incurred by Kenneth Drake for attending the Supplier Workshop at the Regional Office. This includes registration fees and related materials, totaling 383.00 EUR. Receipt reference: RCPT-575539.
Summary: Expense report submitted by Kenneth Drake on 2027-07-10 for training costs related to the Supplier Workshop. Total amount requested for reimbursement: 383.00 EUR. Manager decision: Rejected.
Manager: Department Manager
Decision: Rejected",yes,yes,yes,no,no,no,no,no,no,no,no,no,no,PERSON; EMAIL_ADDRESS,MULTIPLE,2,2,easy,no,none,no,test,yes,openrouter_gpt4o_mini_field,field_llm_v1,no,,,v2,Synthetic document generated for controlled PII training data.,"[{'type': 'EMAIL_ADDRESS', 'value': 'marissamorgan@example.com', 'confidence': 1.0, 'source': 'presidio', 'start': 49, 'end': 74}, {'type': 'DATE_TIME', 'value': '2027-07-10', 'confidence': 0.95, 'source': 'presidio', 'start': 105, 'end': 115}, {'type': 'PERSON', 'value': 'Kenneth Drake\nContact', 'confidence': 0.85, 'source': 'presidio', 'start': 26, 'end': 47}, {'type': 'PERSON', 'value': 'Kenneth Drake', 'confidence': 0.85, 'source': 'presidio', 'start': 374, 'end': 387}, {'type': 'PERSON', 'value': 'Kenneth Drake', 'confidence': 0.85, 'source': 'presidio', 'start': 593, 'end': 606}, {'type': 'DATE_TIME', 'value': '2027-07-10', 'confidence': 0.85, 'source': 'presidio', 'start': 610, 'end': 620}, {'type': 'URL', 'value': 'example.com', 'confidence': 0.5, 'source': 'presidio', 'start': 63, 'end': 74}, {'type': 'EMAIL_ADDRESS', 'value': 'marissamorgan@example.com', 'confidence': 0.9, 'source': 'custom_regex', 'start': 49, 'end': 74}]","{'EMAIL_ADDRESS': 1.0, 'DATE_TIME': 0.95, 'PERSON': 0.85, 'URL': 0.5}","['DATE_TIME', 'EMAIL_ADDRESS', 'PERSON', 'URL']",['EMAIL_ADDRESS'],"['DATE_TIME', 'PERSON', 'URL']",True,True,True,local_pii,strong_pii_detected,False,20260909_112021,rule_based,local,rules,regex_presidio_fusion_v1,not_applicable,rules,True
SYN-EXPENSE_REPORT-0212,synthetic_expense_report_0212.txt,form,expense_report,de,synthetic_generation,,,synthetic,2026-08-28,2026-08-28,2026-08-28,0,"Reisekostenabrechnung

Mitarbeiter: Interne Einreichung
Kontakt: Serviceteam
Abteilung: Finance
Datum: 2025-03-13
Kategorie: Training
Betrag: 484.00 EUR
Kostenstelle: CC-4200
Projekt: Client Delivery
Reiseziel: Training Center
Belegreferenz: RCPT-715918
Zahlungsart: Corporate Card
Zahlungsdaten: Standardmäßiger geschäftlicher Zahlungsprozess
Beschreibung: Die interne Einreichung für die Schulungsmaßnahmen im Trainingszentrum wurde am 13. März 2025 vorgenommen. Diese Ausgaben in Höhe von 484,00 EUR wurden über die Unternehmenskarte bezahlt und fallen unter die Kostenstelle CC-4200. Die Ausbildung war entscheidend für die Weiterentwicklung der Fähigkeiten des Teams im Rahmen des Projekts 'Client Delivery'. Der Zahlungsprozess erfolgte gemäß den standardmäßigen geschäftlichen Zahlungsrichtlinien. Leider wurde die Einreichung von dem Team Lead abgelehnt.
Zusammenfassung: Am 13. März 2025 wurde eine interne Einreichung für eine Schulung im Trainingszentrum in Höhe von 484,00 EUR vorgenommen. Diese wurde über die Unternehmenskarte bezahlt, jedoch wurde die Einreichung vom Team Lead abgelehnt.
Vorgesetzter: Team Lead
Entscheidung: Rejected",no,no,no,no,no,no,no,no,no,no,no,no,no,,NONE,0,0,easy,no,none,no,test,yes,openrouter_gpt4o_mini_field,field_llm_v1,no,,,v2,Synthetic document generated for controlled PII training data.,[],{},[],[],[],False,False,True,local_non_pii,no_meaningful_signal,False,20260909_112021,rule_based,local,rules,regex_presidio_fusion_v1,not_applicable,rules,False
SYN-EXPENSE_REPORT-0226,synthetic_expense_report_0226.txt,form,expense_report,en,synthetic_generation,,,synthetic,2026-08-28,2026-08-28,2026-08-28,0,"Expense Report

Employee: Internal submission
Contact: Service Team
Department: IT
Date: 2024-09-30
Category: Training
Amount: 651.00 EUR
Cost Center: CC-1100
Project: Regional Operations
Destination: Head Office
Receipt Reference: RCPT-198230
Payment Method: Cash
Payment Details: Standard corporate payment process
Description: Training session attended on September 28, 2024, for skills enhancement in project management. The total expense incurred was 651.00 EUR, submitted through the standard corporate payment process, with receipt reference RCPT-198230.
Summary: Expense report for training in the IT department totaling 651.00 EUR. Submission was made for the Regional Operations project. Request for reimbursement has been rejected by the Operations Manager.
Manager: Operations Manager
Decision: Rejected",no,no,no,no,no,no,no,no,no,no,no,no,no,,NONE,0,0,easy,no,none,no,test,yes,openrouter_gpt4o_mini_field,field_llm_v1,no,,,v2,Synthetic document generated for controlled PII training data.,[],{},[],[],[],False,False,True,local_non_pii,no_meaningful_signal,False,20260909_112021,rule_based,local,rules,regex_presidio_fusion_v1,not_applicable,rules,False
SYN-EXPENSE_REPORT-0227,synthetic_expense_report_0227.txt,form,expense_report,de,synthetic_generation,,,synthetic,2026-08-28,2026-08-28,2026-08-28,0,"Reisekostenabrechnung

Mitarbeiter: Abteilungseinreichung
Kontakt: Zentrale Kontaktstelle
Abteilung: Finance
Datum: 2027-06-04
Kategorie: Office Supplies
Betrag: 89.00 EUR
Kostenstelle: CC-4200
Projekt: Process Improvement
Reiseziel: Regional Office
Belegreferenz: RCPT-935110
Zahlungsart: Cash
Zahlungsdaten: Zahlungsbedingungen hinterlegt
Beschreibung: Kauf von Büromaterialien, einschließlich Druckerpapier und Schreibwaren, zur Unterstützung des Projekts 'Process Improvement'. Die Ausgabe wurde am 4. Juni 2027 in Höhe von 89,00 EUR getätigt, bezahlt in bar. Belegnummer: RCPT-935110.
Zusammenfassung: Genehmigte Erstattung für Büromaterialien im Rahmen des Projekts 'Process Improvement'. Gesamtbetrag: 89,00 EUR. Zahlungsbedingungen hinterlegt. Kostenstelle: CC-4200. Entscheidung: Genehmigt mit Anpassung.
Vorgesetzter: Operations Manager
Entscheidung: Approved with adjustment",no,no,no,no,no,no,no,no,no,no,no,no,no,,NONE,0,0,easy,no,none,no,test,yes,openrouter_gpt4o_mini_field,field_llm_v1,no,,,v2,Synthetic document generated for controlled PII training data.,[],{},[],[],[],False,False,True,local_non_pii,no_meaningful_signal,False,20260909_112021,rule_based,local,rules,regex_presidio_fusion_v1,not_applicable,rules,False
SYN-EXPENSE_REPORT-0231,synthetic_expense_report_0231.txt,form,expense_report,en,synthetic_generation,,,synthetic,2026-08-28,2026-08-28,2026-08-28,0,"Expense Report

Employee: Internal submission
Contact: Department Contact
Department: Sales
Date: 2026-03-15
Category: Travel
Amount: 835.00 EUR
Cost Center: CC-3150
Project: Supplier Workshop
Destination: Training Center
Receipt Reference: RCPT-562665
Payment Method: Reimbursement
Payment Details: Payment terms on file
Description: The expense report details a recent travel expenditure made by the employee for participation in a Supplier Workshop held at the Training Center. The total amount incurred was 835.00 EUR, which has been submitted for reimbursement under cost center CC-3150. Unfortunately, the request was rejected by the Team Lead, and further clarification on the decision may be required. All payment terms are on file, and the receipt reference is RCPT-562665.
Summary: This report outlines a travel expense of 835.00 EUR associated with the Supplier Workshop at the Training Center. The submission, made under department Sales and cost center CC-3150, has been rejected by the manager. The payment method is reimbursement, and the relevant payment details are on file.
Manager: Team Lead
Decision: Rejected",no,no,no,no,no,no,no,no,no,no,no,no,no,,NONE,0,0,easy,no,none,no,test,yes,openrouter_gpt4o_mini_field,field_llm_v1,no,,,v2,Synthetic document generated for controlled PII training data.,[],{},[],[],[],False,False,True,local_non_pii,no_meaningful_signal,False,20260909_112021,rule_based,local,rules,regex_presidio_fusion_v1,not_applicable,rules,False
SYN-EXPENSE_REPORT-0236,synthetic_expense_report_0236.txt,form,expense_report,en,synthetic_generation,,,synthetic,2026-08-28,2026-08-28,2026-08-28,0,"Expense Report

Employee: Internal submission
Contact: Service Team
Department: Procurement
Date: 2027-06-25
Category: Transport
Amount: 555.00 EUR
Cost Center: CC-2400
Project: Supplier Workshop
Destination: Head Office
Receipt Reference: RCPT-768608
Payment Method: Reimbursement
Payment Details: Payment terms on file
Description: This expense report details the transport costs incurred by the employee during the Supplier Workshop held at the Head Office on June 25, 2027. The total amount of 555.00 EUR includes all necessary travel expenses, which have been documented and validated against the receipt reference RCPT-768608. Payment will be processed through the reimbursement method, adhering to the payment terms on file, as approved by the Department Manager with adjustments as required.
Summary: The transport expenses related to the Supplier Workshop at the Head Office amounting to 555.00 EUR have been submitted for reimbursement. The report has received approval with adjustments from the Department Manager, ensuring compliance with the established cost center CC-2400.
Manager: Department Manager
Decision: Approved with adjustment",no,no,no,no,no,no,no,no,no,no,no,no,no,,NONE,0,0,easy,no,none,no,test,yes,openrouter_gpt4o_mini_field,field_llm_v1,no,,,v2,Synthetic document generated for controlled PII training data.,[],{},[],[],[],False,False,True,local_non_pii,no_meaningful_signal,False,20260909_112021,rule_based,local,rules,regex_presidio_fusion_v1,not_applicable,rules,False
SYN-EXPENSE_REPORT-0240,synthetic_expense_report_0240.txt,form,expense_report,de,synthetic_generation,,,synthetic,2026-08-28,2026-08-28,2026-08-28,0,"Reisekostenabrechnung

Mitarbeiter: Abteilungseinreichung
Kontakt: Zentrale Kontaktstelle
Abteilung: Procurement
Datum: 2025-01-28
Kategorie: Office Supplies
Betrag: 672.00 EUR
Kostenstelle: CC-4200
Projekt: Supplier Workshop
Reiseziel: Training Center
Belegreferenz: RCPT-242118
Zahlungsart: Corporate Card
Zahlungsdaten: Zahlungsbedingungen hinterlegt
Beschreibung: Diese Ausgaben für Büromaterial beziehen sich auf die Anschaffung von wichtigen Utensilien, die für die Schulung im Rahmen des Projekts 'Supplier Workshop' benötigt wurden. Die Rechnung wurde ordnungsgemäß bei der Zentrale Kontaktstelle eingereicht, um die Zahlung über die Firmenkarte zu veranlassen. Die Gesamtkosten belaufen sich auf 672,00 EUR, und es wurden die Zahlungsbedingungen hinterlegt, um einen reibungslosen Ablauf sicherzustellen.
Zusammenfassung: Die Ausgaben von 672,00 EUR für Büromaterial wurden für das Projekt 'Supplier Workshop' genehmigt. Die Zahlung erfolgt über die Firmenkarte und die Rechnung ist unter der Referenz RCPT-242118 erfasst. Der Antrag wurde vom Operations Manager genehmigt, jedoch mit Anpassungen, um die Kosten im Rahmen des Kostenstellenbudgets CC-4200 zu halten.
Vorgesetzter: Operations Manager
Entscheidung: Approved with adjustment",no,no,no,no,no,no,no,no,no,no,no,no,no,,NONE,0,0,easy,no,none,no,test,yes,openrouter_gpt4o_mini_field,field_llm_v1,no,,,v2,Synthetic document generated for controlled PII training data.,[],{},[],[],[],False,False,True,local_non_pii,no_meaningful_signal,False,20260909_112021,rule_based,local,rules,regex_presidio_fusion_v1,not_applicable,rules,False
SYN-EXPENSE_REPORT-0242,synthetic_expense_report_0242.txt,form,expense_report,de,synthetic_generation,,,synthetic,2026-08-28,2026-08-28,2026-08-28,0,"Reisekostenabrechnung

Mitarbeiter: Mitarbeiterangaben nicht angegeben
Kontakt: Abteilungskontakt
Abteilung: IT
Datum: 2026-07-26
Kategorie: Transport
Betrag: 164.00 EUR
Kostenstelle: CC-3150
Projekt: Supplier Workshop
Reiseziel: Regional Office
Belegreferenz: RCPT-241385
Zahlungsart: Corporate Card
Zahlungsdaten: Zahlungsbedingungen hinterlegt
Beschreibung: Für die Teilnahme an einem Lieferanten-Workshop im Regionalbüro am 26. Juli 2026 wurden Transportkosten in Höhe von 164,00 EUR angefallen. Die Zahlung erfolgte über die Corporate Card, und die entsprechenden Zahlungsbedingungen sind hinterlegt. Belegnummer: RCPT-241385.
Zusammenfassung: Die beantragte Erstattung der Transportkosten in Höhe von 164,00 EUR im Zusammenhang mit dem Supplier Workshop wurde vom Finance Manager abgelehnt.
Vorgesetzter: Finance Manager
Entscheidung: Rejected",no,no,no,no,no,no,no,no,no,no,no,no,no,,NONE,0,0,easy,no,none,no,test,yes,openrouter_gpt4o_mini_field,field_llm_v1,no,,,v2,Synthetic document generated for controlled PII training data.,[],{},[],[],[],False,False,True,local_non_pii,no_meaningful_signal,False,20260909_112021,rule_based,local,rules,regex_presidio_fusion_v1,not_applicable,rules,False
SYN-GENERAL_DOCUMENT-0001,synthetic_general_document_0001.txt,general_document,general_document,de,synthetic_generation,,,synthetic,2026-08-28,2026-08-28,2026-08-28,0,"Internes Dokument

Titel: Richtlinie zur vierteljährlichen Planung
Datum: 2025-12-04
Verantwortliche Abteilung: Compliance-Abteilung

Einleitung:
Diese Richtlinie dient der internen Abstimmung und Organisation der vierteljährlichen Planungsaktivitäten innerhalb der Unternehmensstruktur. Sie legt die Verfahren und Verantwortlichkeiten fest, die für eine effiziente Planung und Durchführung erforderlich sind.

Zielsetzung:
Das Ziel dieser Richtlinie ist es, einen klaren Rahmen für die Planung und Überprüfung der Unternehmensziele zu schaffen, um die Effektivität der operativen Abläufe zu gewährleisten und die strategischen Initiativen zu unterstützen.

Verfahren:
1. **Planungssitzungen**: 
   - Die Abteilungen sind verpflichtet, vierteljährliche Planungssitzungen abzuhalten, um die Fortschritte der laufenden Projekte zu bewerten und neue Ziele zu setzen.
   - Die Termine für diese Sitzungen sind mindestens einen Monat im Voraus festzulegen und in den internen Kalender einzutragen.

2. **Berichterstattung**:
   - Jede Abteilung hat einen Bericht über die bisherigen Ergebnisse und die geplanten Ziele zu erstellen. 
   - Die Berichte sind mindestens eine Woche vor der Sitzung der Geschäftsführung zur Verfügung zu stellen.

3. **Dokumentation**:
   - Alle Diskussionen und Beschlüsse während der Planungssitzungen müssen protokolliert werden.
   - Die Protokolle sind zentral in der Dokumentenverwaltung abzulegen und für alle relevanten Mitarbeiter zugänglich zu machen.

Überprüfung:
Die Einhaltung dieser Richtlinie wird jährlich von der Compliance-Abteilung überprüft. Ergebnisse und Empfehlungen werden in einem abschließenden Bericht zusammengefasst und der Geschäftsführung präsentiert.

Schlussfolgerung:
Die effektive Umsetzung dieser Richtlinie ist entscheidend für den Erfolg unserer vierteljährlichen Planungsprozesse. Alle Mitarbeiter sind angehalten, diese Vorgaben zu befolgen und aktiv zur kontinuierlichen Verbesserung unserer Planungsaktivitäten beizutragen.",no,no,no,no,no,no,no,no,no,no,no,no,no,,NONE,0,0,easy,no,none,no,test,yes,openrouter_gpt4o_mini_document,llm_rewrite_v1,no,,,v2,Synthetic document generated for controlled PII training data.,"[{'type': 'LOCATION', 'value': 'Compliance-Abteilung', 'confidence': 0.85, 'source': 'presidio', 'start': 1554, 'end': 1574}]",{'LOCATION': 0.85},['LOCATION'],[],[],False,False,True,local_non_pii,no_meaningful_signal,False,20260909_112021,rule_based,local,rules,regex_presidio_fusion_v1,not_applicable,rules,False
SYN-GENERAL_DOCUMENT-0005,synthetic_general_document_0005.txt,general_document,general_document,de,synthetic_generation,,,synthetic,2026-08-28,2026-08-28,2026-08-28,0,"**Internes Memo**

**Betreff:** Verbesserung von Geschäftsprozessen

**Datum:** 2. August 2025

**Von:** Projektmanagement

**An:** Alle Abteilungen

**Inhalt:** 

Im Rahmen unserer kontinuierlichen Bestrebungen zur Optimierung der Betriebsabläufe möchten wir alle Mitarbeiter darüber informieren, dass ab dem 15. August 2025 neue Richtlinien für die Projektabwicklung in Kraft treten. Diese Richtlinien zielen darauf ab, die Effizienz zu steigern und die Zusammenarbeit zwischen den Abteilungen zu verbessern.

Die wichtigsten Änderungen umfassen:

1. **Einführung eines neuen Genehmigungsprozesses:** Alle Projektanträge müssen nun über das zentrale Projektmanagement-Tool eingereicht werden. Dies gewährleistet eine einheitliche Überprüfung und schnellere Genehmigungen.

2. **Regelmäßige Feedback-Runden:** Teams sind angehalten, alle zwei Wochen Feedback-Sitzungen abzuhalten, um Herausforderungen zu diskutieren und Best Practices auszutauschen. 

3. **Schulung zur Nutzung der neuen Tools:** Für alle Mitarbeiter wird eine verpflichtende Schulung angeboten, um sich mit den neuen Prozessen und Technologien vertraut zu machen. Die Termine werden zeitnah bekannt gegeben.

Wir bitten alle Mitarbeiter, sich aktiv an diesem Verbesserungsprozess zu beteiligen und Vorschläge zur weiteren Optimierung einzubringen. Ihr Engagement ist entscheidend für den Erfolg unserer Initiativen.

**Referenz:** IMPROVEMENT-2025-08

Vielen Dank für Ihre Unterstützung.

Mit freundlichen Grüßen,

**Projektmanagement**  
**Unternehmensname**",no,no,no,no,no,no,no,no,no,no,no,no,no,,NONE,0,0,easy,no,none,no,test,yes,openrouter_gpt4o_mini_document,llm_rewrite_v1,no,,,v2,Synthetic document generated for controlled PII training data.,"[{'type': 'LOCATION', 'value': 'Projektmanagement-Tool', 'confidence': 0.85, 'source': 'presidio', 'start': 652, 'end': 674}]",{'LOCATION': 0.85},['LOCATION'],[],[],False,False,True,local_non_pii,no_meaningful_signal,False,20260909_112021,rule_based,local,rules,regex_presidio_fusion_v1,not_applicable,rules,False
SYN-GENERAL_DOCUMENT-0006,synthetic_general_document_0006.txt,general_document,general_document,en,synthetic_generation,,,synthetic,2026-08-28,2026-08-28,2026-08-28,0,"**Internal Policy Note**

**Title:** Implementation Progress Report

**Date:** July 7, 2025

**Prepared by:** Project Office

**Reference Number:** REF-7428683

---

**Overview:**

This document outlines the current progress of our ongoing implementation project, aimed at enhancing operational efficiencies across the organization. The report serves as an internal reference for tracking milestones, challenges, and upcoming deadlines.

**Current Status:**

As of the date above, the implementation phase is progressing well, with key tasks completed on schedule. The team is actively addressing issues as they arise to maintain momentum and ensure project objectives are met.

**Key Contacts:**

For further inquiries or detailed discussions regarding this project, please reach out to the Project Office at mark57@example.net.

**Next Steps:**

1. **Milestone Review:** Conduct a review meeting on July 14, 2025, to assess progress against project timelines and deliverables.
  
2. **Stakeholder Updates:** Prepare a comprehensive update for all stakeholders by July 21, 2025, to communicate findings and next steps.

3. **Issue Resolution:** Continue to monitor and resolve any outstanding challenges that may impact project delivery.

**Notes:**

This report is intended for internal use only and should not be disseminated outside the organization. All team members are encouraged to provide feedback and contribute to the ongoing success of the project.

**End of Document**",yes,no,yes,no,no,no,no,no,no,no,no,no,no,EMAIL_ADDRESS,EMAIL_ADDRESS,1,1,easy,no,none,no,test,yes,openrouter_gpt4o_mini_document,llm_rewrite_v1,no,,,v2,Synthetic document generated for controlled PII training data.,"[{'type': 'EMAIL_ADDRESS', 'value': 'mark57@example.net', 'confidence': 1.0, 'source': 'presidio', 'start': 810, 'end': 828}, {'type': 'URL', 'value': 'example.net', 'confidence': 0.5, 'source': 'presidio', 'start': 817, 'end': 828}, {'type': 'EMAIL_ADDRESS', 'value': 'mark57@example.net', 'confidence': 0.9, 'source': 'custom_regex', 'start': 810, 'end': 828}]","{'EMAIL_ADDRESS': 1.0, 'URL': 0.5}","['EMAIL_ADDRESS', 'URL']",['EMAIL_ADDRESS'],['URL'],True,True,False,local_pii,strong_pii_detected,False,20260909_112021,rule_based,local,rules,regex_presidio_fusion_v1,not_applicable,rules,True
SYN-GENERAL_DOCUMENT-0017,synthetic_general_document_0017.txt,general_document,general_document,de,synthetic_generation,,,synthetic,2026-08-28,2026-08-28,2026-08-28,0,"Projektstatus-Update

Titel: Fortschritt des Projekts ""Digitalisierung der Kundenkommunikation""  
Datum: 2027-01-05  
Autor: Projektteam Kommunikation  

Überblick:  
Das Projekt zur Digitalisierung der Kundenkommunikation befindet sich im Zeitplan. Die Implementierung der neuen Softwarelösung schreitet voran, und wir haben bereits die ersten Tests erfolgreich abgeschlossen.

Aktueller Status:  
- **Phase:** Implementierung  
- **Fortschritt:** 70% abgeschlossen  
- **Nächste Schritte:** Schulung des Kundenserviceteams, geplant für den 15. Januar 2027.

Herausforderungen:  
Einige technische Schwierigkeiten beim Datentransfer wurden identifiziert. Das Team arbeitet an einer Lösung, um sicherzustellen, dass die Fristen eingehalten werden.

Für weitere Informationen oder Fragen steht das Projektteam zur Verfügung. Sie erreichen uns unter: +49 (0) 8157 964428.  

Wir bedanken uns für die Unterstützung und werden Sie weiterhin über die Fortschritte auf dem Laufenden halten.",yes,no,no,yes,no,no,no,no,no,no,no,no,no,PHONE_NUMBER,PHONE_NUMBER,1,1,easy,no,none,no,test,yes,openrouter_gpt4o_mini_document,llm_rewrite_v1,no,,,v2,Synthetic document generated for controlled PII training data.,"[{'type': 'PHONE_NUMBER', 'value': '+49 (0) 8157 964428', 'confidence': 0.9, 'source': 'custom_regex', 'start': 849, 'end': 868}]",{'PHONE_NUMBER': 0.9},['PHONE_NUMBER'],['PHONE_NUMBER'],[],True,True,False,local_pii,strong_pii_detected,False,20260909_112021,rule_based,local,rules,regex_presidio_fusion_v1,not_applicable,rules,True
SYN-GENERAL_DOCUMENT-0021,synthetic_general_document_0021.txt,general_document,general_document,de,synthetic_generation,,,synthetic,2026-08-28,2026-08-28,2026-08-28,0,"Internes Dokument

Titel: Aktualisierung der Abteilung
Datum: 18. Juli 2026
Verantwortliche Abteilung: Compliance-Team

Inhalt: Dieses Dokument dient der internen Kommunikation und bietet eine Übersicht über aktuelle Entwicklungen und wichtige Änderungen in den Prozessen der Compliance-Abteilung. Ziel ist es, alle relevanten Teammitglieder über die neuesten Richtlinien und Verfahren zu informieren, um einen reibungslosen Ablauf der Geschäftstätigkeit sicherzustellen.

Referenznummer: REF-1734721

Zusätzliche Notizen: Es wird empfohlen, dass alle Mitarbeiter die aktualisierten Informationen sorgfältig durchlesen und bei Fragen oder Unklarheiten den direkten Austausch mit dem Compliance-Team suchen. Regelmäßige Schulungen werden angeboten, um sicherzustellen, dass alle Mitarbeiter mit den aktuellen Standards vertraut sind.",no,no,no,no,no,no,no,no,no,no,no,no,no,,NONE,0,0,easy,no,none,no,test,yes,openrouter_gpt4o_mini_document,llm_rewrite_v1,no,,,v2,Synthetic document generated for controlled PII training data.,"[{'type': 'LOCATION', 'value': 'Compliance-Abteilung', 'confidence': 0.85, 'source': 'presidio', 'start': 276, 'end': 296}]",{'LOCATION': 0.85},['LOCATION'],[],[],False,False,True,local_non_pii,no_meaningful_signal,False,20260909_112021,rule_based,local,rules,regex_presidio_fusion_v1,not_applicable,rules,False
SYN-GENERAL_DOCUMENT-0033,synthetic_general_document_0033.txt,general_document,general_document,en,synthetic_generation,,,synthetic,2026-08-28,2026-08-28,2026-08-28,0,"**Memo**

**To:** All Departments  
**From:** Corporate Communications  
**Date:** March 7, 2027  
**Subject:** Quarterly Planning Memo  

As we approach the end of the current quarter, it is essential for all departments to align on our strategic objectives and operational goals. This memo serves to outline key focus areas and initiatives that will drive our efforts for the upcoming quarter.

**1. Review of Current Projects**  
Each department is encouraged to conduct a thorough review of ongoing projects. Please assess progress against set milestones and prepare to share updates during the upcoming departmental meetings.

**2. Resource Allocation**  
In light of the anticipated resource needs for the next quarter, all teams should submit their resource allocation requests by the end of this month. This will ensure that we have the necessary tools and personnel in place to meet our targets.

**3. Cross-Departmental Collaboration**  
We are emphasizing the importance of collaboration across departments to foster innovation and efficiency. Identify opportunities for joint initiatives and be prepared to discuss these at the next inter-departmental meeting.

**4. Performance Metrics**  
Moving forward, all departments should utilize standardized performance metrics to evaluate success. Please ensure that these metrics are integrated into your reporting processes.

**5. Upcoming Deadlines**  
Key deadlines for the next quarter include:  
- Submission of project updates: March 31, 2027  
- Finalization of resource requests: March 31, 2027  
- Cross-departmental meeting: April 10, 2027  

Your cooperation and proactive engagement are crucial as we strive for excellence in our operations. Thank you for your attention to these matters.

Best regards,  
Corporate Communications",no,no,no,no,no,no,no,no,no,no,no,no,no,,NONE,0,0,easy,no,none,no,test,yes,openrouter_gpt4o_mini_document,llm_rewrite_v1,no,,,v2,Synthetic document generated for controlled PII training data.,[],{},[],[],[],False,False,False,local_non_pii,no_meaningful_signal,False,20260909_112021,rule_based,local,rules,regex_presidio_fusion_v1,not_applicable,rules,False
SYN-GENERAL_DOCUMENT-0037,synthetic_general_document_0037.txt,general_document,general_document,en,synthetic_generation,,,synthetic,2026-08-28,2026-08-28,2026-08-28,0,"**MEMORANDUM**

**To:** All Departments  
**From:** Corporate Communications  
**Date:** June 30, 2026  
**Subject:** Summary of Internal Review  

Dear Team,

As part of our continuous improvement efforts, we have conducted an internal review of our business processes. The findings and recommendations from this review are outlined below to ensure alignment across all departments and to foster a culture of operational excellence.

**Review Overview**  
The internal review aimed to assess the effectiveness of our current practices and identify areas for enhancement. Key performance indicators were analyzed, and feedback was gathered from various teams to form a comprehensive view.

**Findings**  
1. **Process Efficiency:**  
   Several processes were found to be functioning well; however, opportunities for increased efficiency were identified in the workflow between departments. 

2. **Communication:**  
   Improved communication channels were highlighted as a necessity to facilitate better collaboration and information sharing among teams.

3. **Training and Development:**  
   The review underscored the importance of ongoing training programs to equip employees with the skills needed for evolving roles.

**Recommendations**  
- **Implement Workflow Optimization:**  
  Teams are encouraged to engage in discussions to explore ways to streamline inter-departmental workflows.

- **Enhance Communication Tools:**  
  The introduction of updated communication platforms is suggested to improve connectivity and reduce response times.

- **Focus on Training Initiatives:**  
  A series of workshops will be scheduled in the coming months to address skill gaps and support professional growth.

**Next Steps**  
All departments are requested to review the findings and incorporate the recommendations into their operational plans. Feedback and insights from your teams are vital to this process, and a follow-up meeting will be scheduled next quarter to discuss progress and gather additional input.

Thank you for your commitment to making our organization more effective and responsive to the needs of our clients and stakeholders.

Best regards,

Corporate Communications  
Reference: REF-4166985",no,no,no,no,no,no,no,no,no,no,no,no,no,,NONE,0,0,easy,no,none,no,test,yes,openrouter_gpt4o_mini_document,llm_rewrite_v1,no,,,v2,Synthetic document generated for controlled PII training data.,[],{},[],[],[],False,False,True,local_non_pii,no_meaningful_signal,False,20260909_112021,rule_based,local,rules,regex_presidio_fusion_v1,not_applicable,rules,False
SYN-GENERAL_DOCUMENT-0038,synthetic_general_document_0038.txt,general_document,general_document,de,synthetic_generation,,,synthetic,2026-08-28,2026-08-28,2026-08-28,0,"Interne Mitteilung

Betreff: Projektstatusbericht

Datum: 23. Mai 2025  
Abteilung: Projektmanagement

Status: Aktuell

Wir möchten Ihnen ein kurzes Update zu den Fortschritten in unserem aktuellen Projekt geben. Die wichtigsten Punkte sind wie folgt:

- **Projektname:** Optimierung der Lieferkette  
- **Projektphase:** Implementierung  
- **Zeitplan:** Derzeit im Zeitplan; Abschluss der Implementierungsphase bis Ende Juni 2025.

**Aktueller Stand:**  
Die notwendigen Ressourcen wurden erfolgreich mobilisiert und die ersten Tests zur Systemintegration haben begonnen. Die ersten Ergebnisse sind vielversprechend und zeigen eine Verbesserung der Effizienz in der Lieferkette.

**Nächste Schritte:**  
- Fortsetzung der Tests bis zum 15. Juni 2025.  
- Durchführung von Schulungen für das Personal, um einen reibungslosen Übergang zu gewährleisten.

**Herausforderungen:**  
Einige kleinere technische Probleme sind aufgetreten, die jedoch bereits von unserem IT-Team adressiert werden.

Wir halten Sie über weitere Entwicklungen auf dem Laufenden und freuen uns auf eine erfolgreiche Umsetzung des Projekts.

Vielen Dank für Ihre Unterstützung.",no,no,no,no,no,no,no,no,no,no,no,no,no,,NONE,0,0,easy,no,none,no,test,yes,openrouter_gpt4o_mini_document,llm_rewrite_v1,no,,,v2,Synthetic document generated for controlled PII training data.,[],{},[],[],[],False,False,False,local_non_pii,no_meaningful_signal,False,20260909_112021,rule_based,local,rules,regex_presidio_fusion_v1,not_applicable,rules,False
SYN-GENERAL_DOCUMENT-0044,synthetic_general_document_0044.txt,general_document,general_document,de,synthetic_generation,,,synthetic,2026-08-28,2026-08-28,2026-08-28,0,"**Interne Mitteilung**

**Betreff:** Hinweis zur Prozessverbesserung  
**Datum:** 11. Juli 2026  
**Abteilung:** Unternehmenskommunikation  

**Inhalt:**  

Liebes Team,

im Rahmen unserer kontinuierlichen Bemühungen um Effizienzsteigerungen möchten wir eine wichtige Anmerkung zu unseren aktuellen Geschäftsprozessen machen. Die folgende Information ist für alle Abteilungen relevant und sollte in den jeweiligen Arbeitsabläufen berücksichtigt werden.

**Prozessüberblick:**

Wir haben die bestehenden Abläufe in verschiedenen Bereichen analysiert und identifiziert, dass es Potenzial für Optimierungen gibt, die sowohl die Produktivität als auch die Kundenzufriedenheit steigern können. Insbesondere empfehlen wir:

- **Regelmäßige Feedback-Runden:** Um die Kommunikation zwischen den Abteilungen zu verbessern, schlagen wir vor, monatliche Feedback-Sitzungen einzuführen, in denen Herausforderungen und Ideen zur Verbesserung besprochen werden können.
  
- **Schulung und Entwicklung:** Eine gezielte Schulung für Mitarbeiter in spezifischen Bereichen kann dazu beitragen, Wissenslücken zu schließen und die Effizienz zu erhöhen. Abteilungsleiter sind aufgefordert, Schulungsbedarfe zu ermitteln und entsprechende Programme zu planen.

- **Technologische Unterstützung:** Die Implementierung neuer Softwarelösungen könnte viele der manuellen Prozesse automatisieren und somit die Bearbeitungszeit reduzieren. Eine Untersuchung geeigneter Tools wird empfohlen.

**Nächste Schritte:**

Bitte leiten Sie diese Informationen in Ihren Teams weiter und ermutigen Sie alle Mitarbeiter, aktiv an der Identifizierung weiterer Verbesserungsmöglichkeiten mitzuwirken. Wir werden in der nächsten Unternehmensbesprechung am 15. August 2026 weitere Details zu den vorgeschlagenen Maßnahmen vorstellen.

Vielen Dank für Ihre Aufmerksamkeit und Ihr Engagement zur Verbesserung unserer Arbeitsabläufe.

Mit besten Grüßen,  
Unternehmenskommunikation",no,no,no,no,no,no,no,no,no,no,no,no,no,,NONE,0,0,easy,no,none,no,test,yes,openrouter_gpt4o_mini_document,llm_rewrite_v1,no,,,v2,Synthetic document generated for controlled PII training data.,"[{'type': 'LOCATION', 'value': 'Schulungsbedarfe', 'confidence': 0.85, 'source': 'presidio', 'start': 1169, 'end': 1185}]",{'LOCATION': 0.85},['LOCATION'],[],[],False,False,True,local_non_pii,no_meaningful_signal,False,20260909_112021,rule_based,local,rules,regex_presidio_fusion_v1,not_applicable,rules,False
SYN-GENERAL_DOCUMENT-0058,synthetic_general_document_0058.txt,general_document,general_document,en,synthetic_generation,,,synthetic,2026-08-28,2026-08-28,2026-08-28,0,"Title: Implementation Progress Report  
Date: December 17, 2026  
Department: Compliance Department  

Overview:  
This report outlines the progress of the current implementation of our organizational policies and procedures. It serves as a status update for management and stakeholders involved in the project.

Project Status:  
As of this date, the implementation is on schedule, with key milestones achieved according to the predefined timeline. The team has successfully completed the following phases:

1. **Initial Assessment**  
   - Conducted a thorough review of existing procedures and identified areas for improvement.

2. **Development of New Protocols**  
   - Drafted updated policies in collaboration with relevant departments to ensure compliance and operational efficiency.

3. **Training Sessions**  
   - Completed training sessions for all personnel impacted by the new procedures. Feedback from participants has been largely positive, with suggestions for further enhancements noted.

Next Steps:  
Moving forward, the following actions will be prioritized:
- Finalizing the documentation of all updated protocols by the end of Q1 2027.
- Conducting follow-up assessments to evaluate the effectiveness of the new procedures.
- Ensuring ongoing support and training are available for all staff as needed.

Reference: REF-4093227  

This report is intended for internal use only and should not be distributed outside the organization. Further inquiries can be directed to the Compliance Department for clarification or additional information.",no,no,no,no,no,no,no,no,no,no,no,no,no,,NONE,0,0,easy,no,none,no,test,yes,openrouter_gpt4o_mini_document,llm_rewrite_v1,no,,,v2,Synthetic document generated for controlled PII training data.,[],{},[],[],[],False,False,False,local_non_pii,no_meaningful_signal,False,20260909_112021,rule_based,local,rules,regex_presidio_fusion_v1,not_applicable,rules,False
SYN-GENERAL_DOCUMENT-0061,synthetic_general_document_0061.txt,general_document,general_document,en,synthetic_generation,,,synthetic,2026-08-28,2026-08-28,2026-08-28,0,"**MEMORANDUM**

**To:** All Departments  
**From:** Corporate Communications  
**Date:** March 17, 2025  
**Subject:** Quarterly Planning Initiatives  

As we approach the next quarter, it is imperative that all departments align their objectives and strategies to ensure a cohesive operational framework. This memo serves as a guide for your planning efforts and outlines key areas of focus.

1. **Strategic Objectives**  
   Each department is expected to review and update their strategic objectives in accordance with the company’s overall goals. Please ensure that your objectives are specific, measurable, achievable, relevant, and time-bound (SMART).

2. **Budget Considerations**  
   Departments should prepare their budget proposals for the upcoming quarter. Consider both projected expenses and potential revenue streams. Submissions should be sent to the Finance Department by the end of the month.

3. **Project Updates**  
   Teams are encouraged to provide updates on ongoing projects. This includes progress reports, challenges faced, and any resource needs. A consolidated report will be shared in the upcoming departmental meeting.

4. **Collaboration Opportunities**  
   Explore potential collaboration with other departments to maximize efficiency and innovation. Identifying synergies can lead to improved outcomes and resource sharing.

5. **Timeline**  
   Please submit your planning documents and budget proposals by March 31, 2025. The Corporate Communications team will compile all feedback and prepare a comprehensive overview for the executive meeting scheduled for April 15, 2025.

6. **Additional Notes**  
   If there are any questions or if further clarification is needed regarding this memo, please reach out to the Corporate Communications team.

Let us work together to ensure a successful and productive quarter ahead. Thank you for your cooperation.

Best regards,  
Corporate Communications",no,no,no,no,no,no,no,no,no,no,no,no,no,,NONE,0,0,easy,no,none,no,test,yes,openrouter_gpt4o_mini_document,llm_rewrite_v1,no,,,v2,Synthetic document generated for controlled PII training data.,[],{},[],[],[],False,False,False,local_non_pii,no_meaningful_signal,False,20260909_112021,rule_based,local,rules,regex_presidio_fusion_v1,not_applicable,rules,False
SYN-GENERAL_DOCUMENT-0065,synthetic_general_document_0065.txt,general_document,general_document,en,synthetic_generation,,,synthetic,2026-08-28,2026-08-28,2026-08-28,0,"**Internal Policy Note**

**Title:** Process Improvement Guidelines  
**Date:** May 25, 2026  
**Department:** Compliance  

**Purpose:**  
This document outlines the procedures for ongoing process improvement within the organization. The aim is to enhance operational efficiency and ensure that all departments adhere to best practices.

**1. Introduction**  
Continuous improvement is vital for maintaining high performance and meeting organizational goals. This policy serves as a framework for identifying, implementing, and reviewing process enhancements across all departments.

**2. Scope**  
This policy applies to all departments and teams involved in operational processes. Each unit is responsible for initiating improvements that align with their specific functions and overall company objectives.

**3. Process Improvement Steps**  
- **Identification:** Teams should routinely assess their workflows and identify potential areas for enhancement.  
- **Proposal:** Once an opportunity is recognized, a formal proposal should be drafted outlining the suggested changes, expected benefits, and required resources.  
- **Review:** The proposal must be submitted to the Compliance Department for evaluation. A review committee will assess the feasibility and alignment with organizational goals.  
- **Implementation:** Upon approval, the team will implement the changes, ensuring that all members are trained and informed about the new processes.  
- **Monitoring:** Post-implementation, the effectiveness of the change will be monitored for a predetermined period to evaluate its impact on performance metrics.

**4. Documentation**  
All proposals and reviews must be documented and stored in the designated internal repository for future reference. This ensures transparency and allows for a historical overview of process changes.

**5. Responsibilities**  
- **Department Heads:** Ensure compliance with this policy and promote a culture of continuous improvement within their teams.  
- **Compliance Department:** Facilitate the review process and provide guidance on best practices for process enhancement.

**6. Review Cycle**  
This policy will be reviewed annually to ensure its relevance and effectiveness. Feedback from all departments will be considered for any necessary revisions.

**Reference:** REF-4347895

**Notes:**  
This document serves as an essential guide for fostering a proactive approach to process improvement and should be communicated clearly to all team members.",no,no,no,no,no,no,no,no,no,no,no,no,no,,NONE,0,0,easy,no,none,no,test,yes,openrouter_gpt4o_mini_document,llm_rewrite_v1,no,,,v2,Synthetic document generated for controlled PII training data.,[],{},[],[],[],False,False,False,local_non_pii,no_meaningful_signal,False,20260909_112021,rule_based,local,rules,regex_presidio_fusion_v1,not_applicable,rules,False
SYN-GENERAL_DOCUMENT-0070,synthetic_general_document_0070.txt,general_document,general_document,de,synthetic_generation,,,synthetic,2026-08-28,2026-08-28,2026-08-28,0,"**INTERNE MITTEILUNG**

**An:** Alle Mitarbeiter der Compliance-Abteilung  
**Von:** Compliance-Abteilung  
**Datum:** 5. April 2025  
**Betreff:** Zusammenfassung der internen Überprüfung  

Liebe Kolleginnen und Kollegen,

im Rahmen unserer regelmäßigen internen Überprüfung möchte ich Ihnen die wichtigsten Ergebnisse und Maßnahmen zur Kenntnis bringen. Diese Überprüfung ist ein entscheidender Schritt, um die Einhaltung unserer Compliance-Richtlinien sicherzustellen und potenzielle Risiken zu identifizieren.

**Wesentliche Ergebnisse:**

- **Überprüfte IP-Adresse:** 42.111.38.135  
- **Referenznummer:** REF-8888712  
- **Verantwortliche Person:** Dipl.-Ing. Gesa Mälzer B.Eng.

Die Analyse der genannten IP-Adresse hat ergeben, dass keine Auffälligkeiten in den letzten Monaten festgestellt wurden. Dennoch empfehlen wir, die Überwachung fortzusetzen, um mögliche zukünftige Probleme frühzeitig zu erkennen.

Wir bitten alle Mitarbeiter, die im Rahmen dieser Überprüfung gewonnenen Erkenntnisse zu berücksichtigen und sich bei Fragen oder Unsicherheiten an die Compliance-Abteilung zu wenden.

Vielen Dank für Ihre Aufmerksamkeit und Ihre kontinuierliche Unterstützung.

Mit freundlichen Grüßen,  
[Unterschrift]  
Compliance-Abteilung",yes,yes,no,no,no,no,no,no,no,no,yes,no,no,PERSON; IP_ADDRESS,MULTIPLE,2,2,easy,no,none,no,test,yes,openrouter_gpt4o_mini_document,llm_rewrite_v1,no,,,v2,Synthetic document generated for controlled PII training data.,"[{'type': 'IP_ADDRESS', 'value': '42.111.38.135', 'confidence': 0.95, 'source': 'presidio', 'start': 574, 'end': 587}, {'type': 'PERSON', 'value': 'Gesa Mälzer', 'confidence': 0.85, 'source': 'presidio', 'start': 667, 'end': 678}, {'type': 'LOCATION', 'value': 'Compliance-Abteilung', 'confidence': 0.85, 'source': 'presidio', 'start': 1070, 'end': 1090}]","{'IP_ADDRESS': 0.95, 'PERSON': 0.85, 'LOCATION': 0.85}","['IP_ADDRESS', 'LOCATION', 'PERSON']",['IP_ADDRESS'],"['PERSON', 'LOCATION']",True,True,True,local_pii,strong_pii_detected,False,20260909_112021,rule_based,local,rules,regex_presidio_fusion_v1,not_applicable,rules,True
SYN-GENERAL_DOCUMENT-0074,synthetic_general_document_0074.txt,general_document,general_document,de,synthetic_generation,,,synthetic,2026-08-28,2026-08-28,2026-08-28,0,"**Interne Mitteilung**

**Betreff:** Zusammenfassung der internen Überprüfung  
**Datum:** 22. Mai 2025  
**Abteilung:** Unternehmenskommunikation  

Liebe Kolleginnen und Kollegen,

im Rahmen unserer laufenden Bemühungen um die kontinuierliche Verbesserung unserer Geschäftsprozesse möchten wir Ihnen die Ergebnisse der letzten internen Überprüfung vorstellen. Diese Überprüfung fand im Zeitraum vom 1. bis 15. Mai 2025 statt und hatte zum Ziel, die Effizienz unserer Abläufe zu bewerten und Verbesserungspotenziale zu identifizieren.

**Überblick der Ergebnisse:**

1. **Prozessoptimierung:**  
   Es wurden mehrere Bereiche identifiziert, in denen wir durch gezielte Maßnahmen die Effizienz steigern können. Insbesondere die Abläufe in der Abteilung für Kundenservice könnten durch die Implementierung neuer Softwarelösungen verbessert werden.

2. **Mitarbeiterfeedback:**  
   Das Feedback der Mitarbeitenden war durchweg positiv. Es wurden jedoch auch einige Verbesserungsvorschläge geäußert, die wir in den kommenden Monaten umsetzen möchten. Die Einbindung der Mitarbeitenden in den Verbesserungsprozess ist uns ein wichtiges Anliegen.

3. **Schulungsbedarf:**  
   Einige Mitarbeiter haben den Wunsch geäußert, zusätzliche Schulungen zu bestimmten Themenbereichen zu erhalten. Wir werden daher ein Schulungsprogramm entwickeln, das auf die Bedarfe der Mitarbeitenden abgestimmt ist.

**Nächste Schritte:**  
Die Ergebnisse dieser Überprüfung werden in einem Workshop am 5. Juni 2025 weiter vertieft. Ziel ist es, konkrete Maßnahmen zu planen und Verantwortlichkeiten festzulegen. Wir laden alle Abteilungen ein, an diesem Workshop teilzunehmen, um ihre Perspektiven und Ideen einzubringen.

Vielen Dank für Ihr Engagement und Ihre Unterstützung.

Mit freundlichen Grüßen,  
Unternehmenskommunikation",no,no,no,no,no,no,no,no,no,no,no,no,no,,NONE,0,0,easy,no,none,no,test,yes,openrouter_gpt4o_mini_document,llm_rewrite_v1,no,,,v2,Synthetic document generated for controlled PII training data.,[],{},[],[],[],False,False,True,local_non_pii,no_meaningful_signal,False,20260909_112021,rule_based,local,rules,regex_presidio_fusion_v1,not_applicable,rules,False
SYN-GENERAL_DOCUMENT-0077,synthetic_general_document_0077.txt,general_document,general_document,en,synthetic_generation,,,synthetic,2026-08-28,2026-08-28,2026-08-28,0,"Title: Implementation Progress Report  
Date: September 4, 2024  
Department: Corporate Communications  

Dear Team,

This document serves to provide an update on the progress of recent implementations across various departments. As part of our ongoing commitment to operational excellence, we are tracking key milestones and outcomes to ensure alignment with our strategic objectives.

**Overview of Implementation Progress:**  
- **Current Status:** As of this date, several initiatives are underway, with a focus on optimizing workflow efficiency and resource management.  
- **Key Initiatives:**  
  - The rollout of the new project management software has been successfully completed in the Marketing and Sales departments. Initial feedback indicates increased productivity and streamlined communication.  
  - The IT Department is currently conducting training sessions to ensure all staff are equipped to utilize the new systems effectively.  

**Next Steps:**  
- Continued monitoring of software performance will take place, with recommendations for enhancements to be submitted by the end of the quarter.  
- Feedback from all departments involved will be collected and reviewed to inform future initiatives.

**Important Dates:**  
- A follow-up meeting is scheduled for September 15, 2024, to discuss overall progress and address any challenges faced during implementation.  

Thank you for your continued dedication and collaboration as we strive to improve our organizational processes.

Best regards,  
Corporate Communications",no,no,no,no,no,no,no,no,no,no,no,no,no,,NONE,0,0,easy,no,none,no,test,yes,openrouter_gpt4o_mini_document,llm_rewrite_v1,no,,,v2,Synthetic document generated for controlled PII training data.,[],{},[],[],[],False,False,True,local_non_pii,no_meaningful_signal,False,20260909_112021,rule_based,local,rules,regex_presidio_fusion_v1,not_applicable,rules,False
SYN-GENERAL_DOCUMENT-0078,synthetic_general_document_0078.txt,general_document,general_document,en,synthetic_generation,,,synthetic,2026-08-28,2026-08-28,2026-08-28,0,"**Internal Policy Note**

**Title:** Project Status Update  
**Date:** March 4, 2025  
**Prepared by:** Project Management Office  

**Overview:**  
This document serves as a status update for ongoing projects within the organization. It outlines the current progress, challenges, and next steps for various initiatives aligned with our strategic objectives.

**Project Status Summary:**  
1. **Project Alpha**  
   - **Current Phase:** Execution  
   - **Progress:** 75% complete  
   - **Challenges:** Resource allocation issues affecting timelines  
   - **Next Steps:** Reassess team assignments to ensure timely completion.

2. **Project Beta**  
   - **Current Phase:** Planning  
   - **Progress:** Initial phases completed  
   - **Challenges:** Awaiting final approval from the Steering Committee  
   - **Next Steps:** Schedule follow-up meeting with stakeholders for feedback.

3. **Project Gamma**  
   - **Current Phase:** Closure  
   - **Progress:** Final evaluations underway  
   - **Challenges:** Documentation needs to be finalized  
   - **Next Steps:** Prepare project closure report and schedule lessons learned session.

**Action Items:**  
- All project leads are required to submit weekly updates to the Project Management Office to facilitate timely reporting.
- An all-hands meeting will be scheduled for March 15, 2025, to discuss overall project health and address any pressing concerns.

**Reference:**  
This document is for internal use only and should not be distributed outside the organization. For any inquiries regarding project statuses, please contact the Project Management Office.

**End of Document**",no,no,no,no,no,no,no,no,no,no,no,no,no,,NONE,0,0,easy,no,none,no,test,yes,openrouter_gpt4o_mini_document,llm_rewrite_v1,no,,,v2,Synthetic document generated for controlled PII training data.,[],{},[],[],[],False,False,True,local_non_pii,no_meaningful_signal,False,20260909_112021,rule_based,local,rules,regex_presidio_fusion_v1,not_applicable,rules,False
SYN-GENERAL_DOCUMENT-0079,synthetic_general_document_0079.txt,general_document,general_document,en,synthetic_generation,,,synthetic,2026-08-28,2026-08-28,2026-08-28,0,"**Internal Policy Update**

**Date:** October 7, 2025  
**Department:** Compliance  

**Subject:** Update to Internal Procedures  

We are issuing an update regarding our internal policies to enhance our operational efficiency and compliance with industry standards. This document outlines the key changes to our existing processes and provides guidance for all departments to follow.

**Overview of Changes:**

1. **Policy Revision:**  
   The compliance framework has been updated to reflect new regulatory requirements and best practices. All departments are expected to familiarize themselves with these changes and integrate them into their daily operations.

2. **Training Requirements:**  
   Mandatory training sessions will be scheduled to ensure that all employees understand the revised policies. Attendance will be tracked, and completion is required by the end of the fourth quarter.

3. **Documentation Standards:**  
   All departmental documentation must adhere to the new formatting guidelines. This includes uniformity in document titles, version control, and reference numbers. Proper documentation not only enhances clarity but also ensures compliance with audit protocols.

4. **Feedback Mechanism:**  
   A feedback mechanism has been established to allow for continuous improvement of our policies. Employees are encouraged to submit suggestions or concerns to the Compliance Department, using the designated feedback form.

**Next Steps:**

- Distribution of updated policy documents to all departments will occur by October 15, 2025.
- Department heads are responsible for disseminating this information and ensuring understanding among their teams.

**Conclusion:**  
These policy updates are essential for maintaining our commitment to excellence and compliance. Your cooperation in implementing these changes is greatly appreciated. If there are any questions regarding this update, please direct them to the Compliance Department.

**Reference Number:** REF-5466926",no,no,no,no,no,no,no,no,no,no,no,no,no,,NONE,0,0,easy,no,none,no,test,yes,openrouter_gpt4o_mini_document,llm_rewrite_v1,no,,,v2,Synthetic document generated for controlled PII training data.,[],{},[],[],[],False,False,False,local_non_pii,no_meaningful_signal,False,20260909_112021,rule_based,local,rules,regex_presidio_fusion_v1,not_applicable,rules,False
SYN-GENERAL_DOCUMENT-0083,synthetic_general_document_0083.txt,general_document,general_document,en,synthetic_generation,,,synthetic,2026-08-28,2026-08-28,2026-08-28,0,"**Project Update: Implementation Progress Report**

**Date:** March 7, 2027  
**Prepared by:** Corporate Communications  

**Overview:**  
This report provides an update on the current status of the implementation project for our new customer relationship management (CRM) system. 

**Current Status:**  
As of today, we have completed the initial phases of the project, which include requirements gathering and system design. Our next steps involve moving into the development phase, expected to commence by March 15, 2027.

**Key Highlights:**  
- **Completion of Requirements Gathering:** All stakeholder inputs have been collected and analyzed.
- **System Design Approval:** The design has been approved by the executive team, and development resources are being allocated.
- **Timeline:** We are on track to meet the projected deadlines, with the development phase scheduled to wrap up by June 30, 2027.

**Next Steps:**  
- Initiate the development phase on March 15, 2027.
- Conduct weekly status meetings to ensure alignment and address any potential roadblocks.
- Continue to engage with stakeholders for ongoing feedback.

**Contact for Updates:**  
For further inquiries or updates regarding this project, please refer to the contact noted below:  
**Reference:** 561-817-9906x524  

We appreciate everyone’s efforts and look forward to a successful implementation!",yes,no,no,yes,no,no,no,no,no,no,no,no,no,PHONE_NUMBER,PHONE_NUMBER,1,1,easy,no,none,no,test,yes,openrouter_gpt4o_mini_document,llm_rewrite_v1,no,,,v2,Synthetic document generated for controlled PII training data.,"[{'type': 'PHONE_NUMBER', 'value': '561-817-9906x524', 'confidence': 0.9, 'source': 'custom_regex', 'start': 1275, 'end': 1291}]",{'PHONE_NUMBER': 0.9},['PHONE_NUMBER'],['PHONE_NUMBER'],[],True,True,True,local_pii,strong_pii_detected,False,20260909_112021,rule_based,local,rules,regex_presidio_fusion_v1,not_applicable,rules,True
SYN-GENERAL_DOCUMENT-0108,synthetic_general_document_0108.txt,general_document,general_document,de,synthetic_generation,,,synthetic,2026-08-28,2026-08-28,2026-08-28,0,"**Internes Memo**

**Betreff:** Hinweise zu operativen Abläufen

**Datum:** 26. April 2025

**Von:** Abteilung Unternehmenskommunikation

**An:** Alle Mitarbeiter

Liebe Kolleginnen und Kollegen,

im Rahmen unserer kontinuierlichen Bemühungen um Effizienz und Transparenz möchten wir Ihnen einige wichtige Informationen zu unseren aktuellen operativen Abläufen mitteilen. 

Dieses Memo dient als Leitfaden für die Durchführung unserer regulären Geschäftsvorgänge. Es ist entscheidend, dass alle Abteilungen die festgelegten Prozesse einhalten, um einen reibungslosen Ablauf zu gewährleisten und die Qualität unserer Dienstleistungen zu sichern.

**Wichtige Punkte:**

1. **Prozessübersicht:** Alle relevanten Arbeitsschritte sind in unserem internen Dokumentationssystem hinterlegt. Bitte stellen Sie sicher, dass Sie mit diesen Prozessen vertraut sind.

2. **Referenznummer:** Zur einfacheren Nachverfolgung und für Rückfragen nutzen Sie bitte die Referenznummer REF-2324453, die diesem Memo zugeordnet ist.

3. **Feedback:** Wir freuen uns über Ihr Feedback zu den genannten Abläufen. Ihre Anregungen sind wertvoll für die kontinuierliche Verbesserung unserer Prozesse.

Bitte nehmen Sie sich die Zeit, dieses Memo aufmerksam zu lesen und bei Fragen oder Unklarheiten die Abteilung Unternehmenskommunikation zu kontaktieren.

Vielen Dank für Ihre Zusammenarbeit!

Mit besten Grüßen,

**Abteilung Unternehmenskommunikation**",no,no,no,no,no,no,no,no,no,no,no,no,no,,NONE,0,0,easy,no,none,no,test,yes,openrouter_gpt4o_mini_document,llm_rewrite_v1,no,,,v2,Synthetic document generated for controlled PII training data.,[],{},[],[],[],False,False,True,local_non_pii,no_meaningful_signal,False,20260909_112021,rule_based,local,rules,regex_presidio_fusion_v1,not_applicable,rules,False
SYN-GENERAL_DOCUMENT-0111,synthetic_general_document_0111.txt,general_document,general_document,en,synthetic_generation,,,synthetic,2026-08-28,2026-08-28,2026-08-28,0,"**Project Status Update**

**Title:** Project Compliance Review  
**Date:** October 15, 2026  
**Prepared by:** Compliance Department  

**Project Overview:**  
As part of our ongoing commitment to compliance, the Compliance Department has initiated a comprehensive review of current practices across all departments. This project aims to identify areas for improvement and ensure alignment with regulatory standards.

**Current Status:**  
The project is on track for completion by the end of Q4 2026. We are currently in the data collection phase, focusing on departmental feedback and existing compliance protocols. A key focus area is the analysis of compliance metrics, which will help us gauge effectiveness.

**Next Steps:**  
- Continue gathering input from department heads by October 30, 2026.
- Conduct a preliminary review of findings by November 15, 2026.
- Develop a final report highlighting recommendations by December 10, 2026.

**Contact for Further Information:**  
For any inquiries related to this project, please reach out using the reference number 424.491.2913. 

**Conclusion:**  
We appreciate the collaboration of all departments in this crucial initiative and look forward to sharing the results and recommendations that will enhance our compliance framework.",yes,no,no,yes,no,no,no,no,no,no,no,no,no,PHONE_NUMBER,PHONE_NUMBER,1,1,easy,no,none,no,test,yes,openrouter_gpt4o_mini_document,llm_rewrite_v1,no,,,v2,Synthetic document generated for controlled PII training data.,"[{'type': 'PHONE_NUMBER', 'value': '424.491.2913', 'confidence': 0.75, 'source': 'presidio', 'start': 1072, 'end': 1084}, {'type': 'PHONE_NUMBER', 'value': '424.491.2913', 'confidence': 0.9, 'source': 'custom_regex', 'start': 1072, 'end': 1084}]",{'PHONE_NUMBER': 1.0},['PHONE_NUMBER'],['PHONE_NUMBER'],[],True,True,False,local_pii,strong_pii_detected,False,20260909_112021,rule_based,local,rules,regex_presidio_fusion_v1,not_applicable,rules,True
SYN-GENERAL_DOCUMENT-0114,synthetic_general_document_0114.txt,general_document,general_document,de,synthetic_generation,,,synthetic,2026-08-28,2026-08-28,2026-08-28,0,"Internes Memo

Betreff: Verbesserung des Geschäftsprozesses

Datum: 3. Juni 2025

Von: Projektmanagement

An: Alle Abteilungen

Sehr geehrte Kolleginnen und Kollegen,

im Rahmen unserer kontinuierlichen Bestrebungen zur Optimierung unserer Geschäftsabläufe möchten wir einige wichtige Punkte zur Verbesserung unserer internen Prozesse vorstellen. Diese Initiative soll sicherstellen, dass wir effizienter arbeiten und unsere Ressourcen besser nutzen.

1. **Zielsetzung**: Die Hauptziele dieser Prozessverbesserung sind die Reduzierung von Bearbeitungszeiten, die Minimierung von Fehlerquellen und die Steigerung der Kundenzufriedenheit.

2. **Aktuelle Herausforderungen**: In den letzten Monaten haben wir festgestellt, dass bestimmte Abläufe nicht den gewünschten Ergebnissen führen. Dazu gehören Verzögerungen bei der Bearbeitung von Anfragen und eine unzureichende Kommunikation zwischen den Abteilungen.

3. **Vorgeschlagene Maßnahmen**:
   - Einführung eines neuen Kommunikationsprotokolls zwischen den Abteilungen zur Verbesserung der Informationsweitergabe.
   - Regelmäßige Schulungen für alle Mitarbeiter, um sicherzustellen, dass alle über die neuesten Prozesse und Technologien informiert sind.
   - Implementierung eines Feedback-Systems, um kontinuierlich Anregungen von den Teams zu sammeln.

4. **Nächste Schritte**: Wir bitten alle Abteilungen, ihre spezifischen Anliegen und Verbesserungsvorschläge bis zum 15. Juni 2025 einzureichen. Die gesammelten Ideen werden in einem gemeinsamen Meeting am 20. Juni 2025 diskutiert.

Wir danken Ihnen für Ihre Mitarbeit und Engagement, um unsere Arbeitsweise weiter zu optimieren. Bei Fragen oder Anregungen können Sie sich gerne an das Projektmanagement wenden.

Mit freundlichen Grüßen,

Projektmanagement",no,no,no,no,no,no,no,no,no,no,no,no,no,,NONE,0,0,easy,no,none,no,test,yes,openrouter_gpt4o_mini_document,llm_rewrite_v1,no,,,v2,Synthetic document generated for controlled PII training data.,[],{},[],[],[],False,False,True,local_non_pii,no_meaningful_signal,False,20260909_112021,rule_based,local,rules,regex_presidio_fusion_v1,not_applicable,rules,False
SYN-GENERAL_DOCUMENT-0124,synthetic_general_document_0124.txt,general_document,general_document,en,synthetic_generation,,,synthetic,2026-08-28,2026-08-28,2026-08-28,0,"**MEMORANDUM**

**To:** All Employees  
**From:** Corporate Communications Department  
**Date:** May 19, 2025  
**Subject:** Update on Internal Policies

Dear Team,

We are writing to inform you of important updates to our internal policies that will take effect immediately. These revisions are designed to enhance our operational efficiency and ensure compliance with organizational standards.

**Key Updates:**

1. **Policy Review Process:** All departments are required to conduct a thorough review of their respective policies at least once a year. This will help us identify any necessary adjustments and ensure that all practices align with our core values and current regulations.

2. **Documentation Standards:** Effective immediately, all internal documents must adhere to the new formatting guidelines outlined in the attached reference document. This change aims to standardize our documentation practices across the organization, making it easier for all employees to access and understand critical information.

3. **Training Requirements:** A series of training sessions will be scheduled over the next quarter to familiarize all employees with the updated policies and procedures. Attendance is mandatory, and details regarding the schedule will be communicated shortly.

4. **Feedback Mechanism:** We encourage all employees to provide feedback on the updated policies. A dedicated channel will be established for this purpose, allowing for constructive input that will help us continuously improve our operations.

Please familiarize yourself with these updates and integrate them into your daily activities. For any questions or further clarification, do not hesitate to reach out to the Corporate Communications Department.

Thank you for your attention and cooperation.

Best regards,

Corporate Communications Department",no,no,no,no,no,no,no,no,no,no,no,no,no,,NONE,0,0,easy,no,none,no,test,yes,openrouter_gpt4o_mini_document,llm_rewrite_v1,no,,,v2,Synthetic document generated for controlled PII training data.,[],{},[],[],[],False,False,False,local_non_pii,no_meaningful_signal,False,20260909_112021,rule_based,local,rules,regex_presidio_fusion_v1,not_applicable,rules,False
SYN-GENERAL_DOCUMENT-0131,synthetic_general_document_0131.txt,general_document,general_document,de,synthetic_generation,,,synthetic,2026-08-28,2026-08-28,2026-08-28,0,"Projektstatus-Update

Datum: 8. Juli 2025  
Abteilung: Projektmanagement

Betreff: Aktueller Stand des Projekts zur Prozessoptimierung

Zusammenfassung:  
Das Projekt zur Optimierung der operativen Abläufe verläuft planmäßig. Die Analysephase wurde erfolgreich abgeschlossen, und die Ergebnisse wurden an alle relevanten Abteilungen kommuniziert. 

Aktueller Status:  
- Die Implementierung der identifizierten Verbesserungsmaßnahmen ist in vollem Gange.
- Schulungen für die betroffenen Teams sind geplant und werden in den kommenden zwei Wochen durchgeführt.
  
Nächste Schritte:  
- Abschluss der Implementierungsphase bis Ende Juli 2025.
- Durchführung von Feedback-Sitzungen mit den jeweiligen Abteilungen zur Bewertung der neuen Prozesse.

Bitte beachten Sie, dass alle Updates weiterhin im internen Projektmanagement-Tool dokumentiert werden. 

Vielen Dank für Ihre Mitarbeit.",no,no,no,no,no,no,no,no,no,no,no,no,no,,NONE,0,0,easy,no,none,no,test,yes,openrouter_gpt4o_mini_document,llm_rewrite_v1,no,,,v2,Synthetic document generated for controlled PII training data.,"[{'type': 'PERSON', 'value': 'Projektstatus-Update\n\nDatum', 'confidence': 0.85, 'source': 'presidio', 'start': 0, 'end': 27}]",{'PERSON': 0.85},['PERSON'],[],['PERSON'],False,True,False,low_cost_llm,potential_pii_evidence,True,20260909_112021,rule_based,local,rules,regex_presidio_fusion_v1,not_applicable,rules,False
SYN-GENERAL_DOCUMENT-0135,synthetic_general_document_0135.txt,general_document,general_document,de,synthetic_generation,,,synthetic,2026-08-28,2026-08-28,2026-08-28,0,"Internes Dokument

Titel: Fortschrittsbericht zur Implementierung
Datum: 27. Oktober 2024
Abteilung: Unternehmenskommunikation

Inhalt: Dieser Bericht dokumentiert den Fortschritt der Implementierung neuer interner Prozesse innerhalb des Unternehmens. Ziel ist es, die Effizienz zu steigern und die Zusammenarbeit zwischen den Abteilungen zu optimieren.

Referenznummer: REF-5260742

Notizen: 
- Der aktuelle Stand der Implementierung zeigt, dass die ersten Phasen erfolgreich abgeschlossen wurden.
- Es wurden Schulungen für die betroffenen Mitarbeiter durchgeführt, um einen reibungslosen Übergang zu gewährleisten.
- Nächste Schritte umfassen die Evaluation der Implementierungsergebnisse und die Anpassung der Prozesse basierend auf dem Feedback der Benutzer. 

Für weitere Informationen oder Rückfragen wenden Sie sich bitte an die Abteilung Unternehmenskommunikation.",no,no,no,no,no,no,no,no,no,no,no,no,no,,NONE,0,0,easy,no,none,no,test,yes,openrouter_gpt4o_mini_document,llm_rewrite_v1,no,,,v2,Synthetic document generated for controlled PII training data.,[],{},[],[],[],False,False,True,local_non_pii,no_meaningful_signal,False,20260909_112021,rule_based,local,rules,regex_presidio_fusion_v1,not_applicable,rules,False
SYN-GENERAL_DOCUMENT-0138,synthetic_general_document_0138.txt,general_document,general_document,de,synthetic_generation,,,synthetic,2026-08-28,2026-08-28,2026-08-28,0,"Projektstatus-Update

Datum: 1. Juni 2025  
Abteilung: Compliance  

Betreff: Fortschritt im vierteljährlichen Planungsprozess

Sehr geehrte Teammitglieder,

dieses Update dient der Information über den aktuellen Stand des vierteljährlichen Planungsprozesses. Die Compliance-Abteilung hat in den letzten Wochen intensiv an der Überprüfung und Anpassung unserer internen Richtlinien gearbeitet, um sicherzustellen, dass wir den aktuellen Anforderungen gerecht werden.

Aktueller Stand:  
- Die Überprüfung der Richtlinien wurde erfolgreich abgeschlossen.  
- Wir haben mehrere Verbesserungsvorschläge erarbeitet, die in die nächste Vorstandssitzung eingebracht werden.  
- Die Implementierung neuer Verfahren ist für den 15. Juli 2025 geplant.

Bitte beachten Sie, dass alle relevanten Informationen weiterhin über unsere internen Kanäle verfügbar sind. Bei Fragen oder Anmerkungen stehen wir Ihnen gerne zur Verfügung. Sie erreichen uns unter: +49(0) 101789087.

Vielen Dank für Ihre Unterstützung und Zusammenarbeit.

Mit freundlichen Grüßen,  
Ihr Compliance-Team",yes,no,no,yes,no,no,no,no,no,no,no,no,no,PHONE_NUMBER,PHONE_NUMBER,1,1,easy,no,none,no,test,yes,openrouter_gpt4o_mini_document,llm_rewrite_v1,no,,,v2,Synthetic document generated for controlled PII training data.,"[{'type': 'PERSON', 'value': 'Projektstatus-Update\n\nDatum', 'confidence': 0.85, 'source': 'presidio', 'start': 0, 'end': 27}, {'type': 'LOCATION', 'value': 'Compliance-Abteilung', 'confidence': 0.85, 'source': 'presidio', 'start': 264, 'end': 284}, {'type': 'PHONE_NUMBER', 'value': '+49(0) 101789087', 'confidence': 0.9, 'source': 'custom_regex', 'start': 944, 'end': 960}]","{'PERSON': 0.85, 'LOCATION': 0.85, 'PHONE_NUMBER': 0.9}","['LOCATION', 'PERSON', 'PHONE_NUMBER']",['PHONE_NUMBER'],"['PERSON', 'LOCATION']",True,True,False,local_pii,strong_pii_detected,False,20260909_112021,rule_based,local,rules,regex_presidio_fusion_v1,not_applicable,rules,True
SYN-GENERAL_DOCUMENT-0139,synthetic_general_document_0139.txt,general_document,general_document,de,synthetic_generation,,,synthetic,2026-08-28,2026-08-28,2026-08-28,0,"Projektstatusbericht

Datum: 14. April 2026

Betreff: Fortschritt der Implementierung

Sehr geehrtes Team,

dies ist der aktuelle Statusbericht zum Stand der Implementierung für unser neues System. 

1. **Projektübersicht**: Die Implementierung verläuft planmäßig und wir befinden uns derzeit in der Testphase. 

2. **Aktuelle Meilensteine**:
   - Abschluss der Entwicklung: Erfolgreich abgeschlossen am 01. April 2026.
   - Beginn der Testphase: Eingeleitet am 05. April 2026.

3. **Nächste Schritte**:
   - Fortsetzung der Testphase bis zum 30. April 2026.
   - Analyse der Testergebnisse und Anpassungen, wo nötig.

4. **Herausforderungen**: Bisher wurden keine bedeutenden Probleme festgestellt. Kleinere Anpassungen wurden bereits vorgenommen.

5. **Ausblick**: Wir sind optimistisch, dass wir den Zeitplan einhalten und das System wie geplant bis zum 15. Mai 2026 in Betrieb nehmen können.

Für Rückfragen steht das Projektmanagement-Team jederzeit zur Verfügung.

Mit freundlichen Grüßen,

Projektmanagement",no,no,no,no,no,no,no,no,no,no,no,no,no,,NONE,0,0,easy,no,none,no,test,yes,openrouter_gpt4o_mini_document,llm_rewrite_v1,no,,,v2,Synthetic document generated for controlled PII training data.,[],{},[],[],[],False,False,False,local_non_pii,no_meaningful_signal,False,20260909_112021,rule_based,local,rules,regex_presidio_fusion_v1,not_applicable,rules,False
SYN-GENERAL_DOCUMENT-0142,synthetic_general_document_0142.txt,general_document,general_document,en,synthetic_generation,,,synthetic,2026-08-28,2026-08-28,2026-08-28,0,"**MEMORANDUM**

**To:** All Departments  
**From:** Project Office  
**Date:** November 26, 2026  
**Subject:** Implementation Progress Report  

Dear Team,

This memo serves to provide an update on the progress of our ongoing implementation initiatives across various departments. 

**Overview**  
As we advance through the scheduled phases of our projects, it is crucial to maintain clear communication regarding our achievements and any challenges faced. This report highlights the key milestones reached thus far and outlines the next steps in our implementation strategy.

**Current Status**  
- **Milestone Achievements:** Several departments have successfully completed their initial phases, including system integrations and preliminary training sessions.
- **Challenges:** A few technical hurdles have been identified, particularly in data migration processes, which require immediate attention to avoid delays.

**Next Steps**  
- Conduct follow-up meetings in the coming weeks to address outstanding issues and align on action plans.
- Continue monitoring progress and provide support where necessary to ensure adherence to our timeline.

Thank you for your hard work and dedication to these initiatives. Please feel free to reach out to the Project Office if you have any questions or require further clarification on any points mentioned.

Best regards,

**Project Office**  
**Reference:** REF-8034383",no,no,no,no,no,no,no,no,no,no,no,no,no,,NONE,0,0,easy,no,none,no,test,yes,openrouter_gpt4o_mini_document,llm_rewrite_v1,no,,,v2,Synthetic document generated for controlled PII training data.,[],{},[],[],[],False,False,True,local_non_pii,no_meaningful_signal,False,20260909_112021,rule_based,local,rules,regex_presidio_fusion_v1,not_applicable,rules,False
SYN-GENERAL_DOCUMENT-0145,synthetic_general_document_0145.txt,general_document,general_document,en,synthetic_generation,,,synthetic,2026-08-28,2026-08-28,2026-08-28,0,"**Project Status Update**

**Date:** July 8, 2026

**Department:** Project Office

---

**Project Overview:**

This document provides an update on the current status of ongoing projects within the organization. 

---

**Current Status:**

- **Project A:** On track for completion by the end of Q3. All milestones have been met with no significant issues reported.
  
- **Project B:** Experiencing minor delays due to resource allocation. Adjustments have been made to the timeline to accommodate these challenges, with a revised completion date set for mid-Q4.

- **Project C:** Initiated successfully with initial phases underway. Team members are collaborating effectively, and early feedback is positive.

---

**Next Steps:**

- Continue monitoring project timelines and deliverables.
- Schedule a review meeting for Project B to address delays and strategize solutions.
- Ensure that all team members are aligned on objectives and responsibilities for Project C.

---

**Conclusion:**

The overall project landscape remains positive, with proactive measures in place to address any potential setbacks. Regular updates will be provided to keep all stakeholders informed. 

**Reference:** REF-3821472",no,no,no,no,no,no,no,no,no,no,no,no,no,,NONE,0,0,easy,no,none,no,test,yes,openrouter_gpt4o_mini_document,llm_rewrite_v1,no,,,v2,Synthetic document generated for controlled PII training data.,[],{},[],[],[],False,False,True,local_non_pii,no_meaningful_signal,False,20260909_112021,rule_based,local,rules,regex_presidio_fusion_v1,not_applicable,rules,False
SYN-GENERAL_DOCUMENT-0158,synthetic_general_document_0158.txt,general_document,general_document,de,synthetic_generation,,,synthetic,2026-08-28,2026-08-28,2026-08-28,0,"Projektstatus-Update

Titel: Fortschritt im Projekt X 
Datum: 2027-06-28
Abteilung: Projektmanagement

Aktueller Status:
Das Projekt X befindet sich derzeit in der Umsetzungsphase. Die wichtigsten Meilensteine sind planmäßig erreicht worden. 

Aktivitäten:
- Abschluss der ersten Entwicklungsphase
- Durchführung von Testläufen mit positiven Ergebnissen
- Vorbereitung der nächsten Präsentation für die Stakeholder

Nächste Schritte:
- Fortsetzung der Implementierung bis zum 15. Juli 2027
- Überprüfung der Testergebnisse und Anpassungen der Strategie
- Planung eines Workshops zur Schulung der Mitarbeiter

Hinweise:
Das Team bleibt im Zeitplan und kommuniziert regelmäßig über Fortschritte und Herausforderungen. 

Referenznummer: REF-8547931",no,no,no,no,no,no,no,no,no,no,no,no,no,,NONE,0,0,easy,no,none,no,test,yes,openrouter_gpt4o_mini_document,llm_rewrite_v1,no,,,v2,Synthetic document generated for controlled PII training data.,[],{},[],[],[],False,False,True,local_non_pii,no_meaningful_signal,False,20260909_112021,rule_based,local,rules,regex_presidio_fusion_v1,not_applicable,rules,False
SYN-GENERAL_DOCUMENT-0159,synthetic_general_document_0159.txt,general_document,general_document,de,synthetic_generation,,,synthetic,2026-08-28,2026-08-28,2026-08-28,0,"Internes Dokument

Titel: Internal Review Summary
Datum: 2027-05-10
Autor: Unternehmenskommunikation
Inhalt: Interne Dokumentation für den regulären Geschäftsvorgang.
Referenz: REF-4751288
Notizen: Information nicht verfügbar",no,no,no,no,no,no,no,no,no,no,no,no,no,,NONE,0,0,easy,no,none,no,test,yes,faker_archetype_fallback,llm_rewrite_v1_fallback,no,,,v2,Synthetic document generated for controlled PII training data. Relabeled 2026-09-03: standalone URL with no co-occurring identifier does not meet GDPR Art.4(1) identifiability threshold; corrected from positive to negative.,[],{},[],[],[],False,False,False,local_non_pii,no_meaningful_signal,False,20260909_112021,rule_based,local,rules,regex_presidio_fusion_v1,not_applicable,rules,False
SYN-GENERAL_DOCUMENT-0164,synthetic_general_document_0164.txt,general_document,general_document,en,synthetic_generation,,,synthetic,2026-08-28,2026-08-28,2026-08-28,0,"**Project Status Update**

**Title:** Q1 Project Progress Report  
**Date:** March 26, 2026  
**Department:** Project Management  

**Overview:**  
This document provides an update on the progress of ongoing projects for the first quarter of 2026. 

**Project Highlights:**  
- **Project Alpha:** Successfully completed the initial development phase, and currently moving into testing. Estimated completion date remains on track for April 30, 2026.
- **Project Beta:** Delayed due to resource allocation issues. Revised timeline indicates a new completion date of May 15, 2026.
- **Project Gamma:** On schedule with all milestones achieved as planned. Next phase to commence on April 5, 2026.

**Challenges:**  
- Resource constraints have impacted Project Beta. The team is exploring options to redistribute tasks among departments to mitigate delays.
- Communication gaps have been identified in cross-departmental collaborations, leading to minor setbacks in Project Alpha.

**Next Steps:**  
- Continue monitoring the progress of all projects closely.
- Schedule a cross-departmental meeting to address collaboration issues and streamline communication.
- Reassess the resource allocation strategy for Project Beta to ensure timely completion.

**Conclusion:**  
Overall, the projects are progressing well, with some challenges that are being actively managed. Further updates will be provided in the next quarterly report.",no,no,no,no,no,no,no,no,no,no,no,no,no,,NONE,0,0,easy,no,none,no,test,yes,openrouter_gpt4o_mini_document,llm_rewrite_v1,no,,,v2,Synthetic document generated for controlled PII training data.,"[{'type': 'LOCATION', 'value': 'Project Alpha', 'confidence': 0.85, 'source': 'presidio', 'start': 962, 'end': 975}]",{'LOCATION': 0.85},['LOCATION'],[],[],False,False,True,local_non_pii,no_meaningful_signal,False,20260909_112021,rule_based,local,rules,regex_presidio_fusion_v1,not_applicable,rules,False
SYN-GENERAL_DOCUMENT-0195,synthetic_general_document_0195.txt,general_document,general_document,de,synthetic_generation,,,synthetic,2026-08-28,2026-08-28,2026-08-28,0,"Projektstatus-Update

Datum: 19. Februar 2026  
Abteilung: Projektmanagement  

Aktueller Stand:  
Das Projektteam hat die Implementierung der neuen internen Richtlinien erfolgreich abgeschlossen. Die Dokumentation wurde überarbeitet und ist nun für alle Abteilungen zugänglich. 

Wichtige Punkte:  
- Die Inhalte wurden aktualisiert, um den aktuellen Geschäftsvorgängen gerecht zu werden.  
- Die Referenznummer für die neuen Richtlinien lautet REF-5194942.  
- Schulungen für alle Mitarbeiter sind für die kommende Woche geplant, um die Änderungen zu vermitteln.  

Nächste Schritte:  
- Durchführung der Schulungen.  
- Feedback der Mitarbeiter sammeln und eventuelle Anpassungen vornehmen.  

Bei Fragen oder Anliegen steht das Projektmanagement zur Verfügung.",no,no,no,no,no,no,no,no,no,no,no,no,no,,NONE,0,0,easy,no,none,no,test,yes,openrouter_gpt4o_mini_document,llm_rewrite_v1,no,,,v2,Synthetic document generated for controlled PII training data.,"[{'type': 'PERSON', 'value': 'Projektstatus-Update\n\nDatum', 'confidence': 0.85, 'source': 'presidio', 'start': 0, 'end': 27}]",{'PERSON': 0.85},['PERSON'],[],['PERSON'],False,True,True,low_cost_llm,potential_pii_evidence,True,20260909_112021,rule_based,local,rules,regex_presidio_fusion_v1,not_applicable,rules,False
SYN-GENERAL_DOCUMENT-0209,synthetic_general_document_0209.txt,general_document,general_document,en,synthetic_generation,,,synthetic,2026-08-28,2026-08-28,2026-08-28,0,"**Internal Policy Note**

**Title:** Implementation Progress Report  
**Date:** June 29, 2027  
**Prepared by:** Compliance Department  

**Overview**  
This document serves to provide an update on the progress of the recent implementation initiatives across various departments. The purpose of this report is to ensure transparency and facilitate communication regarding the status of ongoing projects.

**Implementation Status**  
As of the reporting date, the following key initiatives have been evaluated:

1. **Project A - System Upgrade**  
   - **Status:** On Track  
   - **Description:** The upgrade of the legacy system to the new platform is currently in the testing phase. Feedback from the initial user group has been positive, with no critical issues reported thus far.

2. **Project B - Process Optimization**  
   - **Status:** Delayed  
   - **Description:** The optimization of workflow processes in the Operations Department has encountered unforeseen challenges. A task force has been established to address these issues and expedite progress.

3. **Project C - Compliance Training**  
   - **Status:** Completed  
   - **Description:** All employees have successfully completed the mandatory compliance training sessions. Follow-up assessments will be conducted to measure retention and understanding of the material.

**Next Steps**  
- Continue monitoring the progress of all projects and provide support where necessary.
- Schedule a follow-up meeting with project leads to discuss challenges and gather additional feedback.
- Prepare for the next phase of implementation for Project A, focusing on broader user adoption strategies.

**Reference Number:** REF-7108332  

**Notes**  
This report is intended for internal use only and aims to foster a collaborative environment as we work towards achieving our organizational goals. Continuous updates will be provided as projects evolve.",no,no,no,no,no,no,no,no,no,no,no,no,no,,NONE,0,0,easy,no,none,no,test,yes,openrouter_gpt4o_mini_document,llm_rewrite_v1,no,,,v2,Synthetic document generated for controlled PII training data.,[],{},[],[],[],False,False,True,local_non_pii,no_meaningful_signal,False,20260909_112021,rule_based,local,rules,regex_presidio_fusion_v1,not_applicable,rules,False
SYN-GENERAL_DOCUMENT-0217,synthetic_general_document_0217.txt,general_document,general_document,en,synthetic_generation,,,synthetic,2026-08-28,2026-08-28,2026-08-28,0,"Title: Quarterly Strategic Planning Memo  
Date: December 6, 2024  

To: All Department Heads  
From: Corporate Communications  

Subject: Strategic Planning for Q1 2025  

As we approach the end of the fiscal year, it is essential to align our strategies for the upcoming quarter. This memo serves as a guide for all departments to prepare their initiatives and objectives for Q1 2025.

**Objectives**  
Each department is required to outline key goals and actionable strategies that support our organizational mission. Consider the following areas while drafting your plans:  
- Resource allocation  
- Budget considerations  
- Cross-departmental collaboration  
- Performance metrics  

**Submission Requirements**  
Please submit your departmental plans by January 15, 2025. Each submission should include:  
1. A summary of objectives  
2. Detailed action steps  
3. Expected outcomes and metrics for success  

**Collaboration Meetings**  
To facilitate collaboration, we will hold a series of meetings in late January. These meetings will provide a platform for departments to share insights and align their strategies. A schedule will be distributed shortly.

**Reference Materials**  
For additional guidance, please refer to the Strategic Planning Framework available on the company intranet. This document outlines best practices and examples from previous quarters.

Thank you for your attention to this important initiative. Together, we can ensure a successful start to the new year.

Best regards,  
Corporate Communications",no,no,no,no,no,no,no,no,no,no,no,no,no,,NONE,0,0,easy,no,none,no,test,yes,openrouter_gpt4o_mini_document,llm_rewrite_v1,no,,,v2,Synthetic document generated for controlled PII training data.,[],{},[],[],[],False,False,False,local_non_pii,no_meaningful_signal,False,20260909_112021,rule_based,local,rules,regex_presidio_fusion_v1,not_applicable,rules,False
SYN-GENERAL_DOCUMENT-0218,synthetic_general_document_0218.txt,general_document,general_document,en,synthetic_generation,,,synthetic,2026-08-28,2026-08-28,2026-08-28,0,"**Internal Memo**

**To:** All Staff  
**From:** David Anderson  
**Date:** April 23, 2025  
**Subject:** Update on Operational Process Guidelines  

Dear Team,

I hope this message finds you well. I am writing to provide an important update regarding our operational processes that will enhance our efficiency and ensure consistency across our departments.

**Overview of Changes**  
As part of our ongoing commitment to optimizing our workflow, we have reviewed our current procedures and identified key areas for improvement. The updated guidelines aim to streamline operations and reduce redundancies.

**Key Updates Include:**  
- **Process Documentation:** All teams are required to maintain clear and updated documentation of their processes. This will help in onboarding new members and provide a reference for existing staff.
- **Standardization:** We are implementing standardized templates for reports and project updates to ensure uniformity in our communication.
- **Accountability:** Each department will designate a process owner responsible for overseeing compliance with these guidelines and addressing any issues that arise.

**Implementation Timeline**  
These changes will take effect starting May 15, 2025. Training sessions will be scheduled over the next few weeks to familiarize everyone with the new guidelines.

**Next Steps**  
Please review the attached document that outlines the complete operational process updates. We encourage you to share any feedback or questions by the end of this week.

Thank you for your cooperation as we work together to improve our operations.

Best regards,

David Anderson  
[Your Position]  
[Your Department]  
[Your Company Name]",yes,yes,no,no,no,no,no,no,no,no,no,no,no,PERSON,PERSON,1,1,easy,no,none,no,test,yes,openrouter_gpt4o_mini_document,llm_rewrite_v1,no,,,v2,Synthetic document generated for controlled PII training data.,"[{'type': 'PERSON', 'value': 'David Anderson', 'confidence': 0.85, 'source': 'presidio', 'start': 49, 'end': 63}, {'type': 'DATE_TIME', 'value': 'April 23, 2025', 'confidence': 0.85, 'source': 'presidio', 'start': 76, 'end': 90}, {'type': 'DATE_TIME', 'value': 'the end of this week', 'confidence': 0.85, 'source': 'presidio', 'start': 1502, 'end': 1522}, {'type': 'PERSON', 'value': 'David Anderson', 'confidence': 0.85, 'source': 'presidio', 'start': 1619, 'end': 1633}]","{'PERSON': 0.85, 'DATE_TIME': 0.85}","['DATE_TIME', 'PERSON']",[],"['PERSON', 'DATE_TIME']",False,True,True,low_cost_llm,potential_pii_evidence,True,20260909_112021,rule_based,local,rules,regex_presidio_fusion_v1,not_applicable,rules,False
SYN-GENERAL_DOCUMENT-0233,synthetic_general_document_0233.txt,general_document,general_document,de,synthetic_generation,,,synthetic,2026-08-28,2026-08-28,2026-08-28,0,"Projektstatusupdate

Titel: Projektstatusbericht - Quartalsplanung
Datum: 2025-07-04
Abteilung: Projektmanagement

Inhalt: 
Dieser Bericht gibt einen Überblick über den aktuellen Stand der Quartalsplanung. Die Teammitglieder haben die Fortschritte in den einzelnen Abteilungen dokumentiert und die nächsten Schritte festgelegt.

Aktueller Status:
- Die Planung für das kommende Quartal ist im Zeitplan. 
- Die Ressourcen sind weitestgehend zugewiesen, und die Budgetvorgaben wurden eingehalten.
- Es wurden einige kleinere Herausforderungen identifiziert, die im nächsten Teammeeting besprochen werden.

Nächste Schritte:
- Durchführung eines Workshops zur strategischen Ausrichtung der Projekte.
- Überprüfung der Fortschritte in der nächsten Sitzung am 15. Juli 2025.

Referenz: REF-8083721

Notizen:
Bitte halten Sie sich an die festgelegten Fristen und informieren Sie das Projektmanagement über alle relevanten Änderungen.",no,no,no,no,no,no,no,no,no,no,no,no,no,,NONE,0,0,easy,no,none,no,test,yes,openrouter_gpt4o_mini_document,llm_rewrite_v1,no,,,v2,Synthetic document generated for controlled PII training data.,[],{},[],[],[],False,False,False,local_non_pii,no_meaningful_signal,False,20260909_112021,rule_based,local,rules,regex_presidio_fusion_v1,not_applicable,rules,False
SYN-GENERAL_DOCUMENT-0238,synthetic_general_document_0238.txt,general_document,general_document,en,synthetic_generation,,,synthetic,2026-08-28,2026-08-28,2026-08-28,0,"**Title:** Operational Process Note  
**Date:** October 15, 2026  
**Department:** Project Management Office  

**Overview:**  
This document outlines the operational processes standard to our organization, aimed at ensuring consistency and efficiency across all departments. 

**Process Description:**  
The operational processes detailed herein serve as a guideline for various workflows and procedures utilized within the organization. It is essential for all team members to familiarize themselves with these processes to maintain alignment with organizational goals and enhance overall productivity.

**Reference Number:** REF-8378858  

**Notes:**  
- This note serves as a reference for current operational procedures and should be reviewed periodically to incorporate any updates or changes in organizational practices.
- Feedback from departments is encouraged to improve the effectiveness of these processes.

**Action Items:**  
- All departments are required to review this document and ensure compliance with outlined processes.
- Any suggestions for modifications should be submitted to the Project Management Office by the end of the current quarter.

**Next Review Date:** January 15, 2027

**Distribution:**  
This document is intended for internal use and should not be shared outside the organization without prior authorization.",no,no,no,no,no,no,no,no,no,no,no,no,no,,NONE,0,0,easy,no,none,no,test,yes,openrouter_gpt4o_mini_document,llm_rewrite_v1,no,,,v2,Synthetic document generated for controlled PII training data.,[],{},[],[],[],False,False,False,local_non_pii,no_meaningful_signal,False,20260909_112021,rule_based,local,rules,regex_presidio_fusion_v1,not_applicable,rules,False
SYN-INCIDENT_REPORT-0022,synthetic_incident_report_0022.txt,report,incident_report,de,synthetic_generation,,,synthetic,2026-08-28,2026-08-28,2026-08-28,0,"Vorfallsbericht

Datum: 2026-05-10
Ort: Hauptstandort
Typ: Operational Incident
Beschreibung: Am 10. Mai 2026 wurde ein sicherheitsrelevantes Ereignis am Hauptstandort festgestellt, bei dem unautorisierte Zugriffe auf interne Datenbanken entdeckt wurden.
Ursache: Die Ursache des Vorfalls war eine Schwachstelle in der Zugangskontrolle, die es externen Akteuren ermöglichte, unbefugten Zugriff zu erhalten.
Maßnahme: Das Sicherheitsteam hat die Zugangskontrollen überprüft und aktualisiert sowie zusätzliche Schulungen für Mitarbeiter zur Sensibilisierung für Sicherheitsrisiken durchgeführt.
Verantwortlich: Security Team
Frist: 2027-01-21",no,no,no,no,no,no,no,no,no,no,no,no,no,,NONE,0,0,easy,no,none,no,test,yes,openrouter_gpt4o_mini_field,field_llm_v1,no,,,v2,Synthetic document generated for controlled PII training data.,[],{},[],[],[],False,False,True,local_non_pii,no_meaningful_signal,False,20260909_112021,rule_based,local,rules,regex_presidio_fusion_v1,not_applicable,rules,False
SYN-INCIDENT_REPORT-0028,synthetic_incident_report_0028.txt,report,incident_report,de,synthetic_generation,,,synthetic,2026-08-28,2026-08-28,2026-08-28,0,"Vorfallsbericht

Datum: 2025-07-07
Ort: IT-Abteilung
Typ: Equipment Failure
Beschreibung: Am 07.07.2025 trat in der IT-Abteilung ein Ausfall der Server-Infrastruktur auf, der zu einem vorübergehenden Datenverlust führte. Die Auswirkungen betrafen mehrere kritische Anwendungen und beeinträchtigten die Betriebsabläufe.
Ursache: Die Ursache des Vorfalls war ein Hardwarefehler in einem zentralen Server, der nicht rechtzeitig gewartet wurde. Ein unzureichendes Monitoring-System führte dazu, dass der Fehler nicht frühzeitig erkannt wurde.
Maßnahme: Um zukünftige Ausfälle zu vermeiden, wurde ein umfassendes Wartungsprotokoll eingeführt. Zudem wurde ein neues Monitoring-System implementiert, das eine frühzeitige Erkennung von Hardwareproblemen ermöglicht. Die IT-Abteilung wird regelmäßig geschult, um sicherzustellen, dass alle Mitglieder mit den neuen Verfahren vertraut sind.
Verantwortlich: Operations Management
Frist: 2026-10-26",no,no,no,no,no,no,no,no,no,no,no,no,no,,NONE,0,0,easy,no,none,no,test,yes,openrouter_gpt4o_mini_field,field_llm_v1,no,,,v2,Synthetic document generated for controlled PII training data.,[],{},[],[],[],False,False,False,local_non_pii,no_meaningful_signal,False,20260909_112021,rule_based,local,rules,regex_presidio_fusion_v1,not_applicable,rules,False
SYN-INCIDENT_REPORT-0033,synthetic_incident_report_0033.txt,report,incident_report,en,synthetic_generation,,,synthetic,2026-08-28,2026-08-28,2026-08-28,0,"Incident Report

Date: 2026-01-26
Location: Warehouse Area
Type: Operational Incident
Description: The incident occurred at IP address 26.32.70.115, which is associated with the Warehouse Area's inventory management system. This system experienced unexpected downtime, affecting the operational workflow within the warehouse.
Root Cause: The root cause of the incident was identified as a failure in the network connectivity at 26.32.70.115, which resulted from an outdated network switch that could not handle the increased data traffic. This hardware issue led to a significant delay in data processing and reporting within the operational systems.
Corrective Action: To remediate the situation, the IT department has scheduled an upgrade of the network infrastructure by replacing the outdated switch at 26.32.70.115 with a newer model. This upgrade is expected to enhance the overall network capacity and reliability, thus preventing future incidents of this nature. Additionally, regular maintenance checks will be implemented to ensure all hardware components are functioning optimally.
Owner: Roy White
Deadline: 2024-09-18",yes,yes,no,no,no,no,no,no,no,no,yes,no,no,PERSON; IP_ADDRESS,MULTIPLE,2,2,easy,no,none,no,test,yes,openrouter_gpt4o_mini_field,field_llm_v1,no,,,v2,Synthetic document generated for controlled PII training data.,"[{'type': 'DATE_TIME', 'value': '2026-01-26', 'confidence': 0.95, 'source': 'presidio', 'start': 23, 'end': 33}, {'type': 'IP_ADDRESS', 'value': '26.32.70.115', 'confidence': 0.95, 'source': 'presidio', 'start': 135, 'end': 147}, {'type': 'LOCATION', 'value': ""the Warehouse Area's"", 'confidence': 0.85, 'source': 'presidio', 'start': 174, 'end': 194}, {'type': 'PERSON', 'value': 'Roy White\n', 'confidence': 0.85, 'source': 'presidio', 'start': 1100, 'end': 1110}, {'type': 'DATE_TIME', 'value': '2024-09-18', 'confidence': 0.85, 'source': 'presidio', 'start': 1120, 'end': 1130}, {'type': 'IP_ADDRESS', 'value': '26.32.70.115', 'confidence': 0.6, 'source': 'presidio', 'start': 428, 'end': 440}, {'type': 'IP_ADDRESS', 'value': '26.32.70.115', 'confidence': 0.6, 'source': 'presidio', 'start': 807, 'end': 819}]","{'DATE_TIME': 0.95, 'IP_ADDRESS': 0.95, 'LOCATION': 0.85, 'PERSON': 0.85}","['DATE_TIME', 'IP_ADDRESS', 'LOCATION', 'PERSON']",['IP_ADDRESS'],"['DATE_TIME', 'LOCATION', 'PERSON']",True,True,True,local_pii,strong_pii_detected,False,20260909_112021,rule_based,local,rules,regex_presidio_fusion_v1,not_applicable,rules,True
SYN-INCIDENT_REPORT-0034,synthetic_incident_report_0034.txt,report,incident_report,en,synthetic_generation,,,synthetic,2026-08-28,2026-08-28,2026-08-28,0,"Incident Report

Date: 2026-12-07
Location: Operations Area
Type: Service Disruption
Description: On December 7, 2026, a significant service disruption occurred in the Operations Area, impacting critical IT functions. The outage lasted approximately four hours, during which time several business operations were hindered, leading to delays in service delivery to clients. The incident was detected at 09:15 AM, and initial assessments indicated that multiple systems were affected, complicating the recovery process.
Root Cause: The root cause of the service disruption was identified as a failure in the network infrastructure due to an outdated switch that had exceeded its operational lifespan. This hardware failure led to a cascading effect on connected systems, resulting in the service outage experienced by the Operations Area.
Corrective Action: To remediate the situation and prevent future occurrences, IT Operations has initiated a comprehensive upgrade of the network infrastructure. This includes replacing the outdated switch with a new, high-capacity model by January 15, 2027. Additionally, a scheduled maintenance plan will be implemented to regularly assess and update critical hardware components to ensure optimal performance.
Owner: IT Operations
Deadline: 2026-07-18",no,no,no,no,no,no,no,no,no,no,no,no,no,,NONE,0,0,easy,no,none,no,test,yes,openrouter_gpt4o_mini_field,field_llm_v1,no,,,v2,Synthetic document generated for controlled PII training data.,"[{'type': 'DATE_TIME', 'value': '2026-12-07', 'confidence': 0.95, 'source': 'presidio', 'start': 23, 'end': 33}, {'type': 'DATE_TIME', 'value': 'December 7, 2026', 'confidence': 0.85, 'source': 'presidio', 'start': 101, 'end': 117}, {'type': 'LOCATION', 'value': 'the Operations Area', 'confidence': 0.85, 'source': 'presidio', 'start': 164, 'end': 183}, {'type': 'DATE_TIME', 'value': 'approximately four hours', 'confidence': 0.85, 'source': 'presidio', 'start': 236, 'end': 260}, {'type': 'LOCATION', 'value': 'the Operations Area', 'confidence': 0.85, 'source': 'presidio', 'start': 816, 'end': 835}]","{'DATE_TIME': 0.95, 'LOCATION': 0.85}","['DATE_TIME', 'LOCATION']",[],[],False,False,False,local_non_pii,no_meaningful_signal,False,20260909_112021,rule_based,local,rules,regex_presidio_fusion_v1,not_applicable,rules,False
SYN-INCIDENT_REPORT-0035,synthetic_incident_report_0035.txt,report,incident_report,en,synthetic_generation,,,synthetic,2026-08-28,2026-08-28,2026-08-28,0,"Incident Report

Date: 2026-10-26
Location: IT Department
Type: Equipment Failure
Description: Linda Larson; 204.235.237.226 experienced a critical equipment failure that disrupted operations within the IT Department. The incident occurred during routine maintenance when the system became unresponsive, impacting multiple users and delaying project timelines.
Root Cause: The root cause of the incident was identified as a failure in the primary server's hardware, specifically a malfunctioning power supply unit that led to an unexpected shutdown. This hardware issue was exacerbated by insufficient monitoring of the server's health indicators, which failed to alert the IT team to potential risks.
Corrective Action: To remediate the situation, the IT Operations team has initiated a comprehensive review of all server hardware, including an upgrade to the power supply units across the infrastructure. Additionally, enhanced monitoring tools will be implemented to ensure real-time alerts for hardware malfunctions, and a scheduled maintenance plan will be established to prevent future occurrences.
Owner: IT Operations
Deadline: 2025-04-19",yes,yes,no,no,no,no,no,no,no,no,yes,no,no,PERSON; IP_ADDRESS,MULTIPLE,2,2,easy,no,none,no,test,yes,openrouter_gpt4o_mini_field,field_llm_v1,no,,,v2,Synthetic document generated for controlled PII training data.,"[{'type': 'DATE_TIME', 'value': '2026-10-26', 'confidence': 0.95, 'source': 'presidio', 'start': 23, 'end': 33}, {'type': 'IP_ADDRESS', 'value': '204.235.237.226', 'confidence': 0.95, 'source': 'presidio', 'start': 109, 'end': 124}, {'type': 'PERSON', 'value': 'Linda Larson', 'confidence': 0.85, 'source': 'presidio', 'start': 95, 'end': 107}]","{'DATE_TIME': 0.95, 'IP_ADDRESS': 0.95, 'PERSON': 0.85}","['DATE_TIME', 'IP_ADDRESS', 'PERSON']",['IP_ADDRESS'],"['DATE_TIME', 'PERSON']",True,True,False,local_pii,strong_pii_detected,False,20260909_112021,rule_based,local,rules,regex_presidio_fusion_v1,not_applicable,rules,True
SYN-INCIDENT_REPORT-0041,synthetic_incident_report_0041.txt,report,incident_report,en,synthetic_generation,,,synthetic,2026-08-28,2026-08-28,2026-08-28,0,"Incident Report

Date: 2026-07-18
Location: Operations Area
Type: Service Disruption
Description: On July 18, 2026, a significant service disruption occurred in the Operations Area, impacting various internal processes and causing delays in critical operations. The incident, classified as a Service Disruption, involved unexpected outages in the main server infrastructure, which affected the availability of essential services and resources needed by the IT Operations team and other departments across the organization. Immediate measures were taken to assess the extent of the disruption and to communicate updates to all affected stakeholders.
Root Cause: The root cause of the service disruption was identified as a failure in the primary power supply system, which led to an unexpected shutdown of the central server. This failure was exacerbated by a lack of redundancy in the power supply design, which had not been adequately addressed during the last infrastructure review. Additionally, the monitoring systems did not alert the IT Operations team in a timely manner, hindering their ability to respond quickly to the initial signs of trouble.
Corrective Action: To remediate the situation, an immediate review of the power supply infrastructure is underway, with plans to implement a dual power supply system to ensure redundancy and reliability. The IT Operations team will also enhance the server monitoring protocols to include real-time alerts for potential failures. Furthermore, a comprehensive infrastructure audit will be scheduled by December 27, 2024, to assess all critical systems and prevent similar occurrences in the future.
Owner: IT Operations
Deadline: 2024-12-27",no,no,no,no,no,no,no,no,no,no,no,no,no,,NONE,0,0,easy,no,none,no,test,yes,openrouter_gpt4o_mini_field,field_llm_v1,no,,,v2,Synthetic document generated for controlled PII training data.,"[{'type': 'DATE_TIME', 'value': '2026-07-18', 'confidence': 0.95, 'source': 'presidio', 'start': 23, 'end': 33}, {'type': 'DATE_TIME', 'value': 'July 18, 2026', 'confidence': 0.85, 'source': 'presidio', 'start': 101, 'end': 114}, {'type': 'LOCATION', 'value': 'the Operations Area', 'confidence': 0.85, 'source': 'presidio', 'start': 161, 'end': 180}]","{'DATE_TIME': 0.95, 'LOCATION': 0.85}","['DATE_TIME', 'LOCATION']",[],[],False,False,False,local_non_pii,no_meaningful_signal,False,20260909_112021,rule_based,local,rules,regex_presidio_fusion_v1,not_applicable,rules,False
SYN-INCIDENT_REPORT-0047,synthetic_incident_report_0047.txt,report,incident_report,de,synthetic_generation,,,synthetic,2026-08-28,2026-08-28,2026-08-28,0,"Vorfallsbericht

Datum: 2026-11-02
Ort: Hauptstandort
Typ: Process Deviation
Beschreibung: Am 2. November 2026 wurde eine Abweichung im Prozess festgestellt, die zu Verzögerungen im IT-Betrieb führte. Die betroffenen Systeme konnten nicht wie vorgesehen aktualisiert werden, was Auswirkungen auf die Benutzerfreundlichkeit und die Datenintegrität hatte. Das Incident Team hat umgehend Maßnahmen ergriffen, um den Vorfall zu analysieren und die betroffenen Bereiche zu bewerten.
Ursache: Die Hauptursache für die Abweichung war ein fehlerhaft konfiguriertes Software-Update, das nicht den erforderlichen Tests unterzogen wurde. Dies führte zu unerwarteten Inkompatibilitäten mit bestehenden Systemmodulen, wodurch der gesamte Prozess unterbrochen wurde.
Maßnahme: Um zukünftige Vorfälle zu vermeiden, wurde beschlossen, den Update-Prozess zu überarbeiten. Ein neues Testprotokoll wird implementiert, das sicherstellt, dass alle Software-Updates vor der Implementierung gründlich getestet werden. Zudem wird ein regelmäßiges Schulungsprogramm für das IT-Team eingeführt, um die Sensibilisierung für potenzielle Risiken zu erhöhen.
Verantwortlich: IT Operations
Frist: 2024-09-25",no,no,no,no,no,no,no,no,no,no,no,no,no,,NONE,0,0,easy,no,none,no,test,yes,openrouter_gpt4o_mini_field,field_llm_v1,no,,,v2,Synthetic document generated for controlled PII training data.,[],{},[],[],[],False,False,False,local_non_pii,no_meaningful_signal,False,20260909_112021,rule_based,local,rules,regex_presidio_fusion_v1,not_applicable,rules,False
SYN-INCIDENT_REPORT-0078,synthetic_incident_report_0078.txt,report,incident_report,en,synthetic_generation,,,synthetic,2026-08-28,2026-08-28,2026-08-28,0,"Incident Report

Date: 2026-08-03
Location: 28913 Thompson Prairie Suite 017, South Joycefurt, AZ 58237
Type: Equipment Failure
Description: On August 3, 2026, an equipment failure was reported at 28913 Thompson Prairie Suite 017, South Joycefurt, AZ 58237, leading to a significant disruption in operations. The incident involved a malfunction of the primary server, which resulted in the inability to access critical data and services for approximately four hours. This incident raised serious concerns regarding data integrity and availability, prompting immediate investigation by the Security Team.
Root Cause: The investigation revealed that the root cause of the equipment failure was a combination of outdated hardware components and inadequate preventive maintenance. Specifically, the server's power supply unit had exceeded its operational lifespan, which was not identified during routine checks. Additionally, the monitoring system failed to alert the team about the declining performance of the hardware, contributing to the unexpected failure.
Corrective Action: To remediate the situation, the Security Team has implemented a comprehensive action plan that includes the immediate replacement of the faulty power supply unit and an upgrade of the server hardware to ensure better reliability. Furthermore, a new preventive maintenance schedule has been established, incorporating regular performance assessments and alerts to detect potential failures early. Training sessions for the technical staff on the new monitoring system will also be conducted to enhance response capabilities for future incidents.
Owner: Security Team
Deadline: 2024-09-30",yes,no,no,no,yes,no,no,no,no,yes,no,no,no,LOCATION; DATE_TIME,MULTIPLE,2,2,easy,no,none,no,test,yes,openrouter_gpt4o_mini_field,field_llm_v1,no,,,v2,Synthetic document generated for controlled PII training data.,"[{'type': 'DATE_TIME', 'value': '2026-08-03', 'confidence': 0.95, 'source': 'presidio', 'start': 23, 'end': 33}, {'type': 'LOCATION', 'value': 'South Joycefurt', 'confidence': 0.85, 'source': 'presidio', 'start': 78, 'end': 93}, {'type': 'DATE_TIME', 'value': 'August 3, 2026', 'confidence': 0.85, 'source': 'presidio', 'start': 144, 'end': 158}, {'type': 'LOCATION', 'value': 'South Joycefurt', 'confidence': 0.85, 'source': 'presidio', 'start': 231, 'end': 246}, {'type': 'DATE_TIME', 'value': 'approximately four hours', 'confidence': 0.85, 'source': 'presidio', 'start': 441, 'end': 465}]","{'DATE_TIME': 0.95, 'LOCATION': 0.85}","['DATE_TIME', 'LOCATION']",[],[],False,False,False,local_non_pii,no_meaningful_signal,False,20260909_112021,rule_based,local,rules,regex_presidio_fusion_v1,not_applicable,rules,False
SYN-INCIDENT_REPORT-0080,synthetic_incident_report_0080.txt,report,incident_report,en,synthetic_generation,,,synthetic,2026-08-28,2026-08-28,2026-08-28,0,"Incident Report

Date: 2025-06-04
Location: IT Department
Type: Equipment Failure
Description: On June 4, 2025, the IT Department experienced an equipment failure that resulted in a temporary loss of access to critical systems. The incident was promptly reported by the Security Team, and operations were halted to assess the situation.
Root Cause: The root cause of the equipment failure was identified as a malfunction in the primary server's power supply, which failed unexpectedly without prior warning.
Corrective Action: To prevent future occurrences, the Security Team will implement a regular maintenance schedule for all critical hardware, including inspections of power supply units, to ensure reliability and early detection of potential issues.
Owner: Security Team
Deadline: 2027-06-18",no,no,no,no,no,no,no,no,no,no,no,no,no,,NONE,0,0,easy,no,none,no,test,yes,openrouter_gpt4o_mini_field,field_llm_v1,no,,,v2,Synthetic document generated for controlled PII training data.,[],{},[],[],[],False,False,False,local_non_pii,no_meaningful_signal,False,20260909_112021,rule_based,local,rules,regex_presidio_fusion_v1,not_applicable,rules,False
SYN-INCIDENT_REPORT-0084,synthetic_incident_report_0084.txt,report,incident_report,de,synthetic_generation,,,synthetic,2026-08-28,2026-08-28,2026-08-28,0,"Vorfallsbericht

Datum: 2025-08-18
Ort: Hauptstandort
Typ: Equipment Failure
Beschreibung: Am 18. August 2025 trat ein schwerwiegendes Ausfallereignis an einem kritischen Gerät im Hauptstandort auf, das zu einem signifikanten Betriebsstillstand führte. Der Vorfall wurde um 14:30 Uhr gemeldet, als Mitarbeiter feststellten, dass das System nicht mehr reagierte und essentielle Funktionen nicht mehr ausgeführt werden konnten. Die sofortige Untersuchung ergab, dass die Ausfälle während der Hochlastzeiten auftraten, was die Dringlichkeit der Problemlösung erhöhte.
Ursache: Die Hauptursache für den Geräteausfall wurde als Überhitzung identifiziert, die auf eine unzureichende Kühlung der internen Komponenten zurückzuführen war. Dies geschah aufgrund eines defekten Thermostats, das nicht in der Lage war, die Temperatur der Geräte ordnungsgemäß zu regulieren, was zu einem kritischen Temperaturanstieg führte und letztendlich den Ausfall des Geräts zur Folge hatte.
Maßnahme: Um zukünftige Vorfälle dieser Art zu vermeiden, wird empfohlen, das Kühlsystem der betroffenen Geräte umgehend zu überprüfen und das defekte Thermostat zu ersetzen. Zudem wird die Implementierung eines regelmäßigen Wartungsplans für alle sicherheitsrelevanten Geräte in Erwägung gezogen, um sicherzustellen, dass solche Probleme frühzeitig erkannt und behoben werden können. Die Schulung der Mitarbeiter zur Überwachung der Betriebsbedingungen wird ebenfalls priorisiert.
Verantwortlich: Security Team
Frist: 2026-12-15",no,no,no,no,no,no,no,no,no,no,no,no,no,,NONE,0,0,easy,no,none,no,test,yes,openrouter_gpt4o_mini_field,field_llm_v1,no,,,v2,Synthetic document generated for controlled PII training data.,"[{'type': 'LOCATION', 'value': 'Hochlastzeiten', 'confidence': 0.85, 'source': 'presidio', 'start': 490, 'end': 504}]",{'LOCATION': 0.85},['LOCATION'],[],[],False,False,True,local_non_pii,no_meaningful_signal,False,20260909_112021,rule_based,local,rules,regex_presidio_fusion_v1,not_applicable,rules,False
SYN-INCIDENT_REPORT-0094,synthetic_incident_report_0094.txt,report,incident_report,en,synthetic_generation,,,synthetic,2026-08-28,2026-08-28,2026-08-28,0,"Incident Report

Date: 2026-04-17
Location: IT Department
Type: Operational Incident
Description: On April 17, 2026, a data breach occurred in the IT Department, resulting in unauthorized access to sensitive internal files. The incident was detected during routine security monitoring when unusual activity was noted on the network.
Root Cause: The root cause of the incident was traced back to a misconfigured firewall rule, which allowed external access to restricted areas of the network.
Corrective Action: To mitigate this issue, the Security Team has updated the firewall configurations and implemented additional monitoring protocols. A review of all security policies will be conducted to prevent future occurrences.
Owner: Security Team
Deadline: 2026-12-01",no,no,no,no,no,no,no,no,no,no,no,no,no,,NONE,0,0,easy,no,none,no,test,yes,openrouter_gpt4o_mini_field,field_llm_v1,no,,,v2,Synthetic document generated for controlled PII training data.,[],{},[],[],[],False,False,False,local_non_pii,no_meaningful_signal,False,20260909_112021,rule_based,local,rules,regex_presidio_fusion_v1,not_applicable,rules,False
SYN-INCIDENT_REPORT-0105,synthetic_incident_report_0105.txt,report,incident_report,de,synthetic_generation,,,synthetic,2026-08-28,2026-08-28,2026-08-28,0,"Vorfallsbericht

Datum: 2025-12-08
Ort: Betriebsbereich
Typ: IT Security Incident
Beschreibung: Der Vorfall betraf die IP-Adresse 93.132.209.236, die mit einem unautorisierten Zugriff auf das Unternehmensnetzwerk in Verbindung gebracht wurde. Dieser Vorfall wurde am 8. Dezember 2025 im Betriebsbereich festgestellt.
Ursache: Die root cause für diesen Vorfall war eine unzureichende Absicherung der Netzwerkzugangspunkte, die es Angreifern ermöglichte, sich über die IP-Adresse 93.132.209.236 Zugang zu verschaffen. Es wurde festgestellt, dass veraltete Sicherheitsrichtlinien und fehlende regelmäßige Sicherheitsüberprüfungen die Schwachstelle verstärkten.
Maßnahme: Um die Sicherheitslage zu verbessern, wurden sofortige Maßnahmen ergriffen, darunter die Aktualisierung der Firewall-Regeln, die Implementierung von Multi-Faktor-Authentifizierung und die Durchführung von Schulungen für die Mitarbeiter zu Sicherheitsbest Practices. Darüber hinaus wurde ein regelmäßiger Überprüfungsplan für die Netzwerksicherheit eingeführt, um zukünftige Vorfälle zu verhindern.
Verantwortlich: Dr. Marie-Luise Budig
Frist: 2024-09-07",yes,yes,no,no,no,no,no,no,no,no,yes,no,no,PERSON; IP_ADDRESS,MULTIPLE,2,2,easy,no,none,no,test,yes,openrouter_gpt4o_mini_field,field_llm_v1,no,,,v2,Synthetic document generated for controlled PII training data.,"[{'type': 'IP_ADDRESS', 'value': '93.132.209.236', 'confidence': 0.95, 'source': 'presidio', 'start': 130, 'end': 144}, {'type': 'IP_ADDRESS', 'value': '93.132.209.236', 'confidence': 0.95, 'source': 'presidio', 'start': 478, 'end': 492}, {'type': 'PERSON', 'value': 'Dr. Marie-Luise Budig', 'confidence': 0.85, 'source': 'presidio', 'start': 1082, 'end': 1103}, {'type': 'DATE_TIME', 'value': '2024-09-07', 'confidence': 0.6, 'source': 'presidio', 'start': 1111, 'end': 1121}]","{'IP_ADDRESS': 0.95, 'PERSON': 0.85, 'DATE_TIME': 0.6}","['DATE_TIME', 'IP_ADDRESS', 'PERSON']",['IP_ADDRESS'],"['PERSON', 'DATE_TIME']",True,True,True,local_pii,strong_pii_detected,False,20260909_112021,rule_based,local,rules,regex_presidio_fusion_v1,not_applicable,rules,True
SYN-INCIDENT_REPORT-0117,synthetic_incident_report_0117.txt,report,incident_report,de,synthetic_generation,,,synthetic,2026-08-28,2026-08-28,2026-08-28,0,"Vorfallsbericht

Datum: 2026-08-03
Ort: Lagerbereich
Typ: Process Deviation
Beschreibung: Am 3. August 2026 wurde im Lagerbereich eine Abweichung vom Standardprozess festgestellt, die zu einer Verzögerung bei der Warenlagerung führte. Die Vorfälle wurden dokumentiert, und es wurde festgestellt, dass mehrere Chargen von eingehenden Materialien nicht ordnungsgemäß erfasst wurden, was zu Verwirrung bei der Lagerverwaltung führte.
Ursache: Die Hauptursache für diese Prozessabweichung war ein technisches Problem im Lagerverwaltungssystem, das während eines Updates nicht vollständig getestet wurde. Diese Softwareanpassung führte dazu, dass die Eingabedaten nicht korrekt verarbeitet wurden, was zu ungenauen Informationen über den Lagerbestand führte.
Maßnahme: Um diese Abweichung zu beheben, wurde ein vollständiges Audit des Lagerverwaltungssystems durchgeführt. Zusätzlich werden regelmäßige Tests vor Softwareaktualisierungen implementiert, um sicherzustellen, dass alle Funktionen ordnungsgemäß arbeiten. Eine Schulung für die Mitarbeiter im Lagerbereich wurde ebenfalls geplant, um sicherzustellen, dass alle neuen Prozesse und Systeme verstanden werden.
Verantwortlich: IT Operations
Frist: 2027-05-02",no,no,no,no,no,no,no,no,no,no,no,no,no,,NONE,0,0,easy,no,none,no,test,yes,openrouter_gpt4o_mini_field,field_llm_v1,no,,,v2,Synthetic document generated for controlled PII training data.,[],{},[],[],[],False,False,True,local_non_pii,no_meaningful_signal,False,20260909_112021,rule_based,local,rules,regex_presidio_fusion_v1,not_applicable,rules,False
SYN-INCIDENT_REPORT-0123,synthetic_incident_report_0123.txt,report,incident_report,en,synthetic_generation,,,synthetic,2026-08-28,2026-08-28,2026-08-28,0,"Incident Report

Date: 2027-01-27
Location: Operations Area
Type: Operational Incident
Description: On January 27, 2027, an operational incident occurred in the Operations Area where a critical machinery failure led to a temporary shutdown of production lines. The incident resulted in a loss of productivity and potential delays in fulfilling customer orders.
Root Cause: The root cause of the incident was identified as inadequate maintenance of the machinery, which had not been serviced as per the scheduled maintenance plan.
Corrective Action: To prevent future occurrences, a revised maintenance schedule will be implemented, and a training session for the maintenance team will be conducted to ensure compliance with operational standards.
Owner: Operations Management
Deadline: 2026-05-11",no,no,no,no,no,no,no,no,no,no,no,no,no,,NONE,0,0,easy,no,none,no,test,yes,openrouter_gpt4o_mini_field,field_llm_v1,no,,,v2,Synthetic document generated for controlled PII training data.,"[{'type': 'DATE_TIME', 'value': '2027-01-27', 'confidence': 0.95, 'source': 'presidio', 'start': 23, 'end': 33}, {'type': 'DATE_TIME', 'value': 'January 27, 2027', 'confidence': 0.85, 'source': 'presidio', 'start': 103, 'end': 119}, {'type': 'LOCATION', 'value': 'the Operations Area', 'confidence': 0.85, 'source': 'presidio', 'start': 157, 'end': 176}]","{'DATE_TIME': 0.95, 'LOCATION': 0.85}","['DATE_TIME', 'LOCATION']",[],[],False,False,False,local_non_pii,no_meaningful_signal,False,20260909_112021,rule_based,local,rules,regex_presidio_fusion_v1,not_applicable,rules,False
SYN-INCIDENT_REPORT-0126,synthetic_incident_report_0126.txt,report,incident_report,en,synthetic_generation,,,synthetic,2026-08-28,2026-08-28,2026-08-28,0,"Incident Report

Date: 2026-12-24
Location: Main Office
Type: Operational Incident
Description: On December 24, 2026, an operational incident occurred at the Main Office, resulting in a temporary disruption of service. The incident was characterized by unexpected system downtime, which affected critical operational workflows and delayed project timelines. Immediate measures were taken to assess the impact and communicate updates to affected stakeholders.
Root Cause: The root cause of the incident was traced back to a software update that was deployed without adequate testing in the staging environment. This oversight led to compatibility issues with existing infrastructure, ultimately resulting in system failure during peak operational hours.
Corrective Action: To remediate this issue and prevent future occurrences, a comprehensive review of the software deployment process will be undertaken. This includes implementing a more rigorous testing protocol for updates, enhancing monitoring systems to detect anomalies earlier, and ensuring that all updates are communicated to the operations team well in advance. Training sessions will also be scheduled for relevant personnel to reinforce the importance of adhering to established procedures.
Owner: Operations Management
Deadline: 2025-11-03",no,no,no,no,no,no,no,no,no,no,no,no,no,,NONE,0,0,easy,no,none,no,test,yes,openrouter_gpt4o_mini_field,field_llm_v1,no,,,v2,Synthetic document generated for controlled PII training data.,[],{},[],[],[],False,False,False,local_non_pii,no_meaningful_signal,False,20260909_112021,rule_based,local,rules,regex_presidio_fusion_v1,not_applicable,rules,False
SYN-INCIDENT_REPORT-0129,synthetic_incident_report_0129.txt,report,incident_report,de,synthetic_generation,,,synthetic,2026-08-28,2026-08-28,2026-08-28,0,"Vorfallsbericht

Datum: 2026-01-02
Ort: Lagerbereich
Typ: IT Security Incident
Beschreibung: Am 02. Januar 2026 wurde ein Sicherheitsvorfall im Lagerbereich festgestellt, bei dem unbefugter Zugriff auf vertrauliche IT-Systeme erfolgte. Der Vorfall wurde umgehend gemeldet und die Systeme wurden vorübergehend vom Netz genommen.
Ursache: Die Ursache für den Vorfall war eine nicht ausreichend gesicherte Zugriffskontrolle, die es unautorisierten Personen ermöglichte, auf die IT-Systeme zuzugreifen.
Maßnahme: Die Zugangskontrollen wurden überprüft und verstärkt. Zudem wurde ein umfassendes Schulungsprogramm für die Mitarbeiter zur Sensibilisierung für IT-Sicherheit implementiert. Die Maßnahmen sollen bis zum 19. Januar 2025 abgeschlossen sein.
Verantwortlich: Facility Management
Frist: 2025-01-19",no,no,no,no,no,no,no,no,no,no,no,no,no,,NONE,0,0,easy,no,none,no,test,yes,openrouter_gpt4o_mini_field,field_llm_v1,no,,,v2,Synthetic document generated for controlled PII training data.,[],{},[],[],[],False,False,True,local_non_pii,no_meaningful_signal,False,20260909_112021,rule_based,local,rules,regex_presidio_fusion_v1,not_applicable,rules,False
SYN-INCIDENT_REPORT-0132,synthetic_incident_report_0132.txt,report,incident_report,de,synthetic_generation,,,synthetic,2026-08-28,2026-08-28,2026-08-28,0,"Vorfallsbericht

Datum: 2027-05-02
Ort: Lagerbereich
Typ: Equipment Failure
Beschreibung: Dr. Uschi Hänel B.Eng.; 155.11.19.208 - Am 02. Mai 2027 kam es im Lagerbereich zu einem Ausfall der Kommissionierungsmaschine, was zu Verzögerungen bei der Auftragsbearbeitung führte.
Ursache: Unzureichende Wartung der Maschine, die zu einem mechanischen Versagen führte.
Maßnahme: Um sicherzustellen, dass solche Vorfälle in Zukunft vermieden werden, wurde ein regelmäßiger Wartungsplan für die Maschinen im Lagerbereich implementiert.
Verantwortlich: Security Team
Frist: 2025-03-26",yes,yes,no,no,no,no,no,no,no,no,yes,no,no,PERSON; IP_ADDRESS,MULTIPLE,2,2,easy,no,none,no,test,yes,openrouter_gpt4o_mini_field,field_llm_v1,no,,,v2,Synthetic document generated for controlled PII training data.,"[{'type': 'PERSON', 'value': 'Uschi Hänel', 'confidence': 0.85, 'source': 'presidio', 'start': 94, 'end': 105}, {'type': 'DATE_TIME', 'value': '2027-05-02', 'confidence': 0.6, 'source': 'presidio', 'start': 24, 'end': 34}, {'type': 'IP_ADDRESS', 'value': '155.11.19.208', 'confidence': 0.6, 'source': 'presidio', 'start': 114, 'end': 127}]","{'PERSON': 0.85, 'DATE_TIME': 0.6, 'IP_ADDRESS': 0.6}","['DATE_TIME', 'IP_ADDRESS', 'PERSON']",['IP_ADDRESS'],"['PERSON', 'DATE_TIME']",True,True,True,local_pii,strong_pii_detected,False,20260909_112021,rule_based,local,rules,regex_presidio_fusion_v1,not_applicable,rules,True
SYN-INCIDENT_REPORT-0141,synthetic_incident_report_0141.txt,report,incident_report,de,synthetic_generation,,,synthetic,2026-08-28,2026-08-28,2026-08-28,0,"Vorfallsbericht

Datum: 2024-09-17
Ort: Hauptstandort
Typ: Equipment Failure
Beschreibung: Am 17. September 2024 kam es im Hauptstandort zu einem Ausfall von kritischer Produktionsausrüstung, was zu einer Unterbrechung des Betriebs führte. Die betroffene Maschine war während des regulären Betriebs plötzlich ausgefallen.
Ursache: Die Untersuchung ergab, dass der Ausfall durch einen Defekt im Steuerungssystem der Maschine verursacht wurde, der auf unzureichende Wartung zurückzuführen ist.
Maßnahme: Um künftige Vorfälle zu vermeiden, wird ein regelmäßiges Wartungsprogramm für alle Produktionsanlagen eingeführt und die Schulung des Wartungspersonals wird aktualisiert.
Verantwortlich: Operations Management
Frist: 2026-09-11",no,no,no,no,no,no,no,no,no,no,no,no,no,,NONE,0,0,easy,no,none,no,test,yes,openrouter_gpt4o_mini_field,field_llm_v1,no,,,v2,Synthetic document generated for controlled PII training data.,[],{},[],[],[],False,False,False,local_non_pii,no_meaningful_signal,False,20260909_112021,rule_based,local,rules,regex_presidio_fusion_v1,not_applicable,rules,False
SYN-INCIDENT_REPORT-0142,synthetic_incident_report_0142.txt,report,incident_report,de,synthetic_generation,,,synthetic,2026-08-28,2026-08-28,2026-08-28,0,"Vorfallsbericht

Datum: 2024-10-13
Ort: IT-Abteilung
Typ: Service Disruption
Beschreibung: Am 13. Oktober 2024 kam es in der IT-Abteilung zu einer Serviceunterbrechung, die mehrere kritische Systeme betroffen hat. Die Störung dauerte mehrere Stunden und führte zu einem Ausfall des Kundenportals.
Ursache: Die Untersuchung ergab, dass ein Konfigurationsfehler während eines Software-Updates die Ursache der Störung war. Diese fehlerhafte Konfiguration wurde nicht ausreichend getestet, bevor die Änderungen implementiert wurden.
Maßnahme: Um zukünftige Vorfälle zu vermeiden, wird ein neues Prüfprotokoll für Software-Updates eingeführt. Alle Änderungen müssen nun vor der Implementierung in einer Testumgebung validiert werden.
Verantwortlich: Operations Management
Frist: 2026-05-25",no,no,no,no,no,no,no,no,no,no,no,no,no,,NONE,0,0,easy,no,none,no,test,yes,openrouter_gpt4o_mini_field,field_llm_v1,no,,,v2,Synthetic document generated for controlled PII training data.,[],{},[],[],[],False,False,False,local_non_pii,no_meaningful_signal,False,20260909_112021,rule_based,local,rules,regex_presidio_fusion_v1,not_applicable,rules,False
SYN-INCIDENT_REPORT-0148,synthetic_incident_report_0148.txt,report,incident_report,en,synthetic_generation,,,synthetic,2026-08-28,2026-08-28,2026-08-28,0,"Incident Report

Date: 2026-09-11
Location: IT Department
Type: Equipment Failure
Description: On September 11, 2026, the IT Department experienced a significant equipment failure that resulted in an unexpected downtime of critical systems. This incident disrupted normal operations and affected several interdependent processes crucial for daily functionalities.
Root Cause: The root cause of the equipment failure was traced back to an overheating issue within the server room, primarily due to inadequate ventilation and a malfunctioning cooling system. Regular maintenance checks had not been thoroughly conducted, leading to the accumulation of dust and obstructions around the cooling units.
Corrective Action: To prevent future occurrences of similar equipment failures, a comprehensive review of the facility's cooling infrastructure will be conducted. This includes the installation of additional cooling units, regular maintenance schedules to ensure optimal airflow, and an immediate cleaning protocol for air filters and vents. Training sessions for staff on monitoring equipment conditions will also be implemented, with a deadline for completion set for June 30, 2027.
Owner: Facility Management
Deadline: 2027-06-30",no,no,no,no,no,no,no,no,no,no,no,no,no,,NONE,0,0,easy,no,none,no,test,yes,openrouter_gpt4o_mini_field,field_llm_v1,no,,,v2,Synthetic document generated for controlled PII training data.,[],{},[],[],[],False,False,False,local_non_pii,no_meaningful_signal,False,20260909_112021,rule_based,local,rules,regex_presidio_fusion_v1,not_applicable,rules,False
SYN-INCIDENT_REPORT-0163,synthetic_incident_report_0163.txt,report,incident_report,en,synthetic_generation,,,synthetic,2026-08-28,2026-08-28,2026-08-28,0,"Incident Report

Date: 2026-12-12
Location: Main Office
Type: Equipment Failure
Description: On December 12, 2026, an equipment failure occurred in the Main Office, resulting in a temporary loss of access to critical security systems. The incident was reported by the Security Team, and immediate investigation was initiated.
Root Cause: The root cause of the incident was identified as a malfunction in the primary server due to overheating, which was exacerbated by inadequate cooling system maintenance.
Corrective Action: To prevent future occurrences, a thorough review of the cooling system will be conducted, and a maintenance schedule will be established, with the first evaluation planned for January 2027.
Owner: Security Team
Deadline: 2026-10-12",no,no,no,no,no,no,no,no,no,no,no,no,no,,NONE,0,0,easy,no,none,no,test,yes,openrouter_gpt4o_mini_field,field_llm_v1,no,,,v2,Synthetic document generated for controlled PII training data.,[],{},[],[],[],False,False,False,local_non_pii,no_meaningful_signal,False,20260909_112021,rule_based,local,rules,regex_presidio_fusion_v1,not_applicable,rules,False
SYN-INCIDENT_REPORT-0164,synthetic_incident_report_0164.txt,report,incident_report,en,synthetic_generation,,,synthetic,2026-08-28,2026-08-28,2026-08-28,0,"Incident Report

Date: 2026-03-10
Location: IT Department
Type: Service Disruption
Description: On March 10, 2026, a service disruption occurred in the IT Department due to unexpected server downtime. This incident affected various applications and delayed project timelines.
Root Cause: The root cause of the service disruption was identified as a critical hardware failure in the primary server responsible for hosting essential applications.
Corrective Action: To address the issue, Facility Management has initiated a hardware upgrade plan, scheduled for completion by July 4, 2026, to replace outdated components and enhance system reliability.
Owner: Facility Management
Deadline: 2026-07-04",no,no,no,no,no,no,no,no,no,no,no,no,no,,NONE,0,0,easy,no,none,no,test,yes,openrouter_gpt4o_mini_field,field_llm_v1,no,,,v2,Synthetic document generated for controlled PII training data.,[],{},[],[],[],False,False,True,local_non_pii,no_meaningful_signal,False,20260909_112021,rule_based,local,rules,regex_presidio_fusion_v1,not_applicable,rules,False
SYN-INCIDENT_REPORT-0171,synthetic_incident_report_0171.txt,report,incident_report,en,synthetic_generation,,,synthetic,2026-08-28,2026-08-28,2026-08-28,0,"Incident Report

Date: 2026-07-04
Location: Operations Area
Type: Service Disruption
Description: On July 4, 2026, a service disruption occurred in the Operations Area, resulting in a temporary halt of operations. The incident was identified at 10:15 AM and lasted approximately three hours, affecting productivity and scheduled tasks.
Root Cause: The root cause of the service disruption was traced to a failure in the central power supply unit, which experienced an unexpected overload due to outdated equipment.
Corrective Action: To prevent future occurrences, a replacement of the central power supply unit will be completed by July 17, 2026. Additionally, a scheduled maintenance program will be implemented to regularly assess and upgrade equipment in the Operations Area.
Owner: Facility Management
Deadline: 2026-05-17",no,no,no,no,no,no,no,no,no,no,no,no,no,,NONE,0,0,easy,no,none,no,test,yes,openrouter_gpt4o_mini_field,field_llm_v1,no,,,v2,Synthetic document generated for controlled PII training data.,"[{'type': 'DATE_TIME', 'value': '2026-07-04', 'confidence': 0.95, 'source': 'presidio', 'start': 23, 'end': 33}, {'type': 'DATE_TIME', 'value': 'July 4, 2026', 'confidence': 0.85, 'source': 'presidio', 'start': 101, 'end': 113}, {'type': 'LOCATION', 'value': 'the Operations Area', 'confidence': 0.85, 'source': 'presidio', 'start': 148, 'end': 167}, {'type': 'DATE_TIME', 'value': '10:15 AM', 'confidence': 0.85, 'source': 'presidio', 'start': 245, 'end': 253}, {'type': 'DATE_TIME', 'value': 'approximately three hours', 'confidence': 0.85, 'source': 'presidio', 'start': 265, 'end': 290}, {'type': 'DATE_TIME', 'value': 'July 17, 2026', 'confidence': 0.85, 'source': 'presidio', 'start': 633, 'end': 646}, {'type': 'LOCATION', 'value': 'the Operations Area', 'confidence': 0.85, 'source': 'presidio', 'start': 759, 'end': 778}, {'type': 'DATE_TIME', 'value': '2026-05-17', 'confidence': 0.85, 'source': 'presidio', 'start': 817, 'end': 827}]","{'DATE_TIME': 0.95, 'LOCATION': 0.85}","['DATE_TIME', 'LOCATION']",[],[],False,False,False,local_non_pii,no_meaningful_signal,False,20260909_112021,rule_based,local,rules,regex_presidio_fusion_v1,not_applicable,rules,False
SYN-INCIDENT_REPORT-0175,synthetic_incident_report_0175.txt,report,incident_report,de,synthetic_generation,,,synthetic,2026-08-28,2026-08-28,2026-08-28,0,"Vorfallsbericht

Datum: 2026-10-29
Ort: Lagerbereich
Typ: Operational Incident
Beschreibung: Am 29. Oktober 2026 wurde im Lagerbereich ein operatives Ereignis festgestellt, das zu einer vorübergehenden Unterbrechung der Warenannahme führte. Bei einer routinemäßigen Inspektion wurde festgestellt, dass ein technischer Defekt an einem der automatisierten Regalbediengeräte aufgetreten war, was dazu führte, dass die geplanten Abläufe nicht eingehalten werden konnten.
Ursache: Die Untersuchung ergab, dass der technische Defekt auf eine mangelhafte Wartung der automatisierten Regalbediengeräte zurückzuführen war. Insbesondere war es versäumt worden, die regelmäßigen Inspektionsintervalle einzuhalten, was zu einem Verschleiß des Antriebsmechanismus führte.
Maßnahme: Um zukünftige Vorfälle dieser Art zu verhindern, wurde ein umfassender Wartungsplan erstellt, der sicherstellt, dass alle automatisierten Systeme im Lagerbereich regelmäßig überprüft und gewartet werden. Zudem wird eine Schulung für das Wartungspersonal durchgeführt, um die Wichtigkeit der Einhaltung der Wartungsprotokolle zu betonen.
Verantwortlich: Security Team
Frist: 2026-12-18",no,no,no,no,no,no,no,no,no,no,no,no,no,,NONE,0,0,easy,no,none,no,test,yes,openrouter_gpt4o_mini_field,field_llm_v1,no,,,v2,Synthetic document generated for controlled PII training data.,"[{'type': 'LOCATION', 'value': 'Wartungsprotokolle', 'confidence': 0.85, 'source': 'presidio', 'start': 1075, 'end': 1093}, {'type': 'DATE_TIME', 'value': '2026-12-18', 'confidence': 0.6, 'source': 'presidio', 'start': 1143, 'end': 1153}]","{'LOCATION': 0.85, 'DATE_TIME': 0.6}","['DATE_TIME', 'LOCATION']",[],[],False,False,False,local_non_pii,no_meaningful_signal,False,20260909_112021,rule_based,local,rules,regex_presidio_fusion_v1,not_applicable,rules,False
SYN-INCIDENT_REPORT-0187,synthetic_incident_report_0187.txt,report,incident_report,de,synthetic_generation,,,synthetic,2026-08-28,2026-08-28,2026-08-28,0,"Vorfallsbericht

Datum: 2027-03-04
Ort: Hauptstandort
Typ: Operational Incident
Beschreibung: Am 4. März 2027 wurde ein operativer Vorfall am Hauptstandort festgestellt, der zu erheblichen Betriebsunterbrechungen führte. Während der Überprüfung der Produktionslinien wurde ein unerwarteter Ausfall eines kritischen Maschinenkomponenten festgestellt, der die gesamte Produktionskette beeinträchtigte. Die betroffenen Abteilungen haben unverzüglich Maßnahmen ergriffen, um die Auswirkungen zu minimieren und den Betrieb so schnell wie möglich wiederherzustellen.
Ursache: Die Untersuchung ergab, dass der Ausfall der Maschine auf einen Mangel an regelmäßiger Wartung zurückzuführen war. Insbesondere wurde festgestellt, dass die vorgeschriebenen Inspektionen und Wartungsarbeiten in den letzten sechs Monaten nicht ordnungsgemäß durchgeführt wurden, was zu einem übermäßigen Verschleiß der Bauteile führte.
Maßnahme: Um zukünftigen Vorfällen dieser Art vorzubeugen, wird ein umfassender Wartungsplan implementiert, der regelmäßige Inspektionen und präventive Wartungsmaßnahmen vorsieht. Zudem wird das Personal geschult, um sicherzustellen, dass alle Wartungsprotokolle eingehalten werden. Eine Überprüfung der bestehenden Wartungsrichtlinien wird bis zum 21. März 2025 abgeschlossen sein, um die Effizienz und Zuverlässigkeit der Maschinen zu gewährleisten.
Verantwortlich: Operations Management
Frist: 2025-03-21",no,no,no,no,no,no,no,no,no,no,no,no,no,,NONE,0,0,easy,no,none,no,test,yes,openrouter_gpt4o_mini_field,field_llm_v1,no,,,v2,Synthetic document generated for controlled PII training data.,"[{'type': 'LOCATION', 'value': 'Wartungsprotokolle', 'confidence': 0.85, 'source': 'presidio', 'start': 1149, 'end': 1167}, {'type': 'LOCATION', 'value': 'Wartungsrichtlinien', 'confidence': 0.85, 'source': 'presidio', 'start': 1221, 'end': 1240}, {'type': 'DATE_TIME', 'value': '2025-03-21', 'confidence': 0.6, 'source': 'presidio', 'start': 1402, 'end': 1412}]","{'LOCATION': 0.85, 'DATE_TIME': 0.6}","['DATE_TIME', 'LOCATION']",[],[],False,False,False,local_non_pii,no_meaningful_signal,False,20260909_112021,rule_based,local,rules,regex_presidio_fusion_v1,not_applicable,rules,False
SYN-INCIDENT_REPORT-0203,synthetic_incident_report_0203.txt,report,incident_report,en,synthetic_generation,,,synthetic,2026-08-28,2026-08-28,2026-08-28,0,"Incident Report

Date: 2026-12-22
Location: Warehouse Area
Type: Operational Incident
Description: On December 22, 2026, an operational incident occurred in the Warehouse Area, resulting in a temporary halt of loading operations. The incident involved a malfunction in the conveyor system that transports goods from the storage area to the loading docks. As a consequence, several shipments were delayed, impacting scheduled deliveries and customer commitments. Immediate response teams were deployed to assess the situation and mitigate further disruptions.
Root Cause: The root cause of the incident was identified as a failure in the conveyor system’s motor, which was attributed to inadequate maintenance checks and the lack of a comprehensive monitoring system. The motor had been operating beyond its recommended load capacity, leading to overheating and eventual failure. This incident highlighted gaps in the preventive maintenance protocols that were not effectively addressing the wear and tear on critical machinery.
Corrective Action: To address the incident, a corrective action plan was formulated that includes the immediate replacement of the faulty motor and a thorough inspection of the entire conveyor system. Additionally, a revised maintenance schedule will be implemented to ensure more frequent checks on equipment performance. Training sessions for the operations staff will be conducted to reinforce the importance of preventive maintenance practices and to familiarize them with the new monitoring technologies being introduced. All corrective actions are to be completed by the deadline of January 24, 2027.
Owner: Operations Management
Deadline: 2027-01-24",no,no,no,no,no,no,no,no,no,no,no,no,no,,NONE,0,0,easy,no,none,no,test,yes,openrouter_gpt4o_mini_field,field_llm_v1,no,,,v2,Synthetic document generated for controlled PII training data.,"[{'type': 'DATE_TIME', 'value': '2026-12-22', 'confidence': 0.95, 'source': 'presidio', 'start': 23, 'end': 33}, {'type': 'DATE_TIME', 'value': 'December 22, 2026', 'confidence': 0.85, 'source': 'presidio', 'start': 102, 'end': 119}, {'type': 'LOCATION', 'value': 'the Warehouse Area', 'confidence': 0.85, 'source': 'presidio', 'start': 157, 'end': 175}]","{'DATE_TIME': 0.95, 'LOCATION': 0.85}","['DATE_TIME', 'LOCATION']",[],[],False,False,True,local_non_pii,no_meaningful_signal,False,20260909_112021,rule_based,local,rules,regex_presidio_fusion_v1,not_applicable,rules,False
SYN-INCIDENT_REPORT-0205,synthetic_incident_report_0205.txt,report,incident_report,de,synthetic_generation,,,synthetic,2026-08-28,2026-08-28,2026-08-28,0,"Vorfallsbericht

Datum: 2025-04-03
Ort: IT-Abteilung
Typ: Equipment Failure
Beschreibung: Am 3. April 2025 trat ein Ausfall eines kritischen Servers in der IT-Abteilung auf, was zu einer Unterbrechung der Betriebsabläufe führte. Die betroffenen Systeme waren für den täglichen Betrieb unerlässlich.
Ursache: Der Ausfall wurde durch einen Hardwarefehler im Speichermodul des Servers verursacht, der aufgrund von Überhitzung auftrat.
Maßnahme: Das defekte Speichermodul wurde ersetzt, und es wurden zusätzliche Kühlsysteme installiert, um zukünftige Überhitzungsprobleme zu vermeiden. Eine regelmäßige Wartung und Überprüfung der Hardware ist geplant.
Verantwortlich: Operations Management
Frist: 2026-07-30",no,no,no,no,no,no,no,no,no,no,no,no,no,,NONE,0,0,easy,no,none,no,test,yes,openrouter_gpt4o_mini_field,field_llm_v1,no,,,v2,Synthetic document generated for controlled PII training data.,[],{},[],[],[],False,False,False,local_non_pii,no_meaningful_signal,False,20260909_112021,rule_based,local,rules,regex_presidio_fusion_v1,not_applicable,rules,False
SYN-INCIDENT_REPORT-0207,synthetic_incident_report_0207.txt,report,incident_report,en,synthetic_generation,,,synthetic,2026-08-28,2026-08-28,2026-08-28,0,"Incident Report

Date: 2027-05-06
Location: Operations Area
Type: Process Deviation
Description: On May 6, 2027, a process deviation was identified in the Operations Area, where safety protocols were not adhered to during equipment maintenance. This lapse resulted in a temporary equipment failure, affecting operational efficiency.
Root Cause: The root cause of the incident was a lack of adherence to established safety protocols by the maintenance team. This oversight was exacerbated by insufficient training on the updated procedures.
Corrective Action: To address this issue, a comprehensive training program will be implemented for the maintenance team, focusing on compliance with safety protocols. Additionally, regular audits will be conducted to ensure adherence to these protocols moving forward.
Owner: Security Team
Deadline: 2024-12-24",no,no,no,no,no,no,no,no,no,no,no,no,no,,NONE,0,0,easy,no,none,no,test,yes,openrouter_gpt4o_mini_field,field_llm_v1,no,,,v2,Synthetic document generated for controlled PII training data.,"[{'type': 'DATE_TIME', 'value': '2027-05-06', 'confidence': 0.95, 'source': 'presidio', 'start': 23, 'end': 33}, {'type': 'DATE_TIME', 'value': 'May 6, 2027', 'confidence': 0.85, 'source': 'presidio', 'start': 100, 'end': 111}, {'type': 'LOCATION', 'value': 'the Operations Area', 'confidence': 0.85, 'source': 'presidio', 'start': 151, 'end': 170}]","{'DATE_TIME': 0.95, 'LOCATION': 0.85}","['DATE_TIME', 'LOCATION']",[],[],False,False,True,local_non_pii,no_meaningful_signal,False,20260909_112021,rule_based,local,rules,regex_presidio_fusion_v1,not_applicable,rules,False
SYN-INCIDENT_REPORT-0208,synthetic_incident_report_0208.txt,report,incident_report,de,synthetic_generation,,,synthetic,2026-08-28,2026-08-28,2026-08-28,0,"Vorfallsbericht

Datum: 2025-02-22
Ort: Lagerbereich
Typ: Operational Incident
Beschreibung: Am 22. Februar 2025 kam es im Lagerbereich zu einem Vorfall, bei dem mehrere Artikel aufgrund eines fehlerhaften Lagerverwaltungssystems falsch zugeordnet wurden. Dies führte zu Verzögerungen bei der Auftragsabwicklung.
Ursache: Die Ursache des Vorfalls war ein Softwarefehler im Lagerverwaltungssystem, der eine fehlerhafte Datenübertragung zwischen den Lagerorten verursachte.
Maßnahme: Zur Behebung des Problems wird ein Softwareupdate durchgeführt, um den Fehler im Lagerverwaltungssystem zu beheben. Zudem wird eine Schulung für das Personal angeboten, um die richtigen Verfahren zur Lagerverwaltung zu gewährleisten.
Verantwortlich: IT Operations
Frist: 2024-10-24",no,no,no,no,no,no,no,no,no,no,no,no,no,,NONE,0,0,easy,no,none,no,test,yes,openrouter_gpt4o_mini_field,field_llm_v1,no,,,v2,Synthetic document generated for controlled PII training data.,[],{},[],[],[],False,False,False,local_non_pii,no_meaningful_signal,False,20260909_112021,rule_based,local,rules,regex_presidio_fusion_v1,not_applicable,rules,False
SYN-INCIDENT_REPORT-0213,synthetic_incident_report_0213.txt,report,incident_report,de,synthetic_generation,,,synthetic,2026-08-28,2026-08-28,2026-08-28,0,"Vorfallsbericht

Datum: 2025-03-25
Ort: Hauptstandort
Typ: IT Security Incident
Beschreibung: Carmela Stiebitz war am 25. März 2025 in den Vorfall verwickelt, der als IT-Sicherheitsvorfall klassifiziert wurde. Die Untersuchung ergab, dass kritische Systeme während ihrer Schicht kompromittiert wurden, was zu einem vorübergehenden Datenzugriffsproblem führte.
Ursache: Die Hauptursache für den Vorfall war ein mangelhaftes Sicherheitsprotokoll, das nicht die neuesten Bedrohungen berücksichtigte. Eine veraltete Softwareversion wurde verwendet, die anfällig für externe Angriffe war, wodurch unbefugter Zugriff auf sensible Daten ermöglicht wurde.
Maßnahme: Um zukünftige Vorfälle zu verhindern, wird ein umfassendes Update der Sicherheitsinfrastruktur durchgeführt. Zudem wird ein regelmäßiger Schulungsplan für alle Mitarbeiter implementiert, der die besten Praktiken für IT-Sicherheit behandelt und sicherstellt, dass alle Systeme stets auf dem neuesten Stand sind.
Verantwortlich: Operations Management
Frist: 2025-06-26",yes,yes,no,no,no,no,no,no,no,yes,no,no,no,PERSON; DATE_TIME,MULTIPLE,2,2,easy,no,none,no,test,yes,openrouter_gpt4o_mini_field,field_llm_v1,no,,,v2,Synthetic document generated for controlled PII training data.,"[{'type': 'PERSON', 'value': 'Carmela Stiebitz', 'confidence': 0.85, 'source': 'presidio', 'start': 94, 'end': 110}, {'type': 'DATE_TIME', 'value': '2025-03-25', 'confidence': 0.6, 'source': 'presidio', 'start': 24, 'end': 34}]","{'PERSON': 0.85, 'DATE_TIME': 0.6}","['DATE_TIME', 'PERSON']",[],"['PERSON', 'DATE_TIME']",False,True,True,low_cost_llm,potential_pii_evidence,True,20260909_112021,rule_based,local,rules,regex_presidio_fusion_v1,not_applicable,rules,False
SYN-INCIDENT_REPORT-0215,synthetic_incident_report_0215.txt,report,incident_report,en,synthetic_generation,,,synthetic,2026-08-28,2026-08-28,2026-08-28,0,"Incident Report

Date: 2024-10-24
Location: Warehouse Area
Type: Process Deviation
Description: On October 24, 2024, a significant process deviation was identified in the Warehouse Area. The incident involved the improper handling and storage of hazardous materials, leading to a potential safety risk for personnel and damage to inventory. An immediate investigation was initiated to assess the extent of the deviation and its implications on overall warehouse operations.
Root Cause: The root cause of the incident was traced back to a lack of adherence to established safety protocols regarding the handling and storage of hazardous materials. Specifically, recent training sessions had not been adequately reinforced, resulting in personnel being unaware of updated procedures. Additionally, the absence of clear signage in the storage area contributed to confusion among staff, which further exacerbated the situation.
Corrective Action: To remediate the identified issues, the Security Team will implement a comprehensive retraining program focused on hazardous materials handling and storage procedures. This program will include regular safety drills and the installation of clear, visible signage throughout the Warehouse Area. Furthermore, a review of safety procedures will be conducted quarterly to ensure ongoing compliance and to reinforce the importance of adhering to safety protocols.
Owner: Security Team
Deadline: 2025-07-16",no,no,no,no,no,no,no,no,no,no,no,no,no,,NONE,0,0,easy,no,none,no,test,yes,openrouter_gpt4o_mini_field,field_llm_v1,no,,,v2,Synthetic document generated for controlled PII training data.,"[{'type': 'DATE_TIME', 'value': '2024-10-24', 'confidence': 0.95, 'source': 'presidio', 'start': 23, 'end': 33}, {'type': 'DATE_TIME', 'value': 'October 24, 2024', 'confidence': 0.85, 'source': 'presidio', 'start': 99, 'end': 115}, {'type': 'LOCATION', 'value': 'the Warehouse Area', 'confidence': 0.85, 'source': 'presidio', 'start': 167, 'end': 185}, {'type': 'LOCATION', 'value': 'the Warehouse Area', 'confidence': 0.85, 'source': 'presidio', 'start': 1217, 'end': 1235}, {'type': 'DATE_TIME', 'value': 'quarterly', 'confidence': 0.85, 'source': 'presidio', 'start': 1298, 'end': 1307}, {'type': 'DATE_TIME', 'value': '2025-07-16', 'confidence': 0.85, 'source': 'presidio', 'start': 1433, 'end': 1443}]","{'DATE_TIME': 0.95, 'LOCATION': 0.85}","['DATE_TIME', 'LOCATION']",[],[],False,False,False,local_non_pii,no_meaningful_signal,False,20260909_112021,rule_based,local,rules,regex_presidio_fusion_v1,not_applicable,rules,False
SYN-INCIDENT_REPORT-0220,synthetic_incident_report_0220.txt,report,incident_report,de,synthetic_generation,,,synthetic,2026-08-28,2026-08-28,2026-08-28,0,"Vorfallsbericht

Datum: 2025-06-26
Ort: IT-Abteilung
Typ: Equipment Failure
Beschreibung: Am 26. Juni 2025 kam es in der IT-Abteilung zu einem Ausfall eines zentralen Servers, der für die Datenverarbeitung und -speicherung verantwortlich ist. Die betroffenen Systeme waren für mehrere Stunden nicht erreichbar, was zu einer Unterbrechung der Arbeitsabläufe in der gesamten Organisation führte. Die Mitarbeiter konnten nicht auf wichtige Anwendungen zugreifen, was die Produktivität erheblich beeinträchtigte.
Ursache: Die Untersuchung ergab, dass der Ausfall auf einen Hardwarefehler in der Stromversorgungseinheit des Servers zurückzuführen war. Diese Einheit war aufgrund von Überlastung und unzureichender Kühlung beschädigt worden, was schließlich zu einem kompletten Systemausfall führte.
Maßnahme: Um zukünftige Vorfälle dieser Art zu vermeiden, wurde beschlossen, die bestehende Infrastruktur zu überprüfen und gegebenenfalls zu modernisieren. Insbesondere wird die Installation zusätzlicher Kühlungs- und Überwachungssysteme für kritische Hardware in Betracht gezogen. Zudem wird eine regelmäßige Wartung und Inspektion der Hardwareimplementierung eingeführt, um ihre Zuverlässigkeit sicherzustellen.
Verantwortlich: Facility Management
Frist: 2024-09-23",no,no,no,no,no,no,no,no,no,no,no,no,no,,NONE,0,0,easy,no,none,no,test,yes,openrouter_gpt4o_mini_field,field_llm_v1,no,,,v2,Synthetic document generated for controlled PII training data.,[],{},[],[],[],False,False,True,local_non_pii,no_meaningful_signal,False,20260909_112021,rule_based,local,rules,regex_presidio_fusion_v1,not_applicable,rules,False
SYN-INCIDENT_REPORT-0223,synthetic_incident_report_0223.txt,report,incident_report,en,synthetic_generation,,,synthetic,2026-08-28,2026-08-28,2026-08-28,0,"Incident Report

Date: 2025-10-06
Location: Main Office
Type: Operational Incident
Description: On October 6, 2025, an operational incident occurred at the Main Office, resulting in a temporary disruption of workflow. The incident was characterized by an unexpected system outage that affected key operational processes, causing delays in service delivery. Operations Management promptly initiated an internal review to assess the impact and determine necessary actions for resolution.
Root Cause: The root cause of the incident was identified as a failure in the backup power supply system. An unexpected overload led to a failure in the primary power system, which subsequently triggered the outage. This failure was compounded by a lack of recent maintenance checks on the backup system, contributing to the incident's severity.
Corrective Action: In response to the incident, Operations Management has implemented a comprehensive review of the backup power systems. Immediate corrective actions include scheduling routine maintenance checks bi-annually and upgrading the existing power supply infrastructure to ensure it can handle peak loads effectively. Additionally, training sessions will be conducted for staff on emergency protocols to enhance readiness for similar incidents in the future.
Owner: Operations Management
Deadline: 2025-10-16",no,no,no,no,no,no,no,no,no,no,no,no,no,,NONE,0,0,easy,no,none,no,test,yes,openrouter_gpt4o_mini_field,field_llm_v1,no,,,v2,Synthetic document generated for controlled PII training data.,[],{},[],[],[],False,False,False,local_non_pii,no_meaningful_signal,False,20260909_112021,rule_based,local,rules,regex_presidio_fusion_v1,not_applicable,rules,False
SYN-INCIDENT_REPORT-0226,synthetic_incident_report_0226.txt,report,incident_report,de,synthetic_generation,,,synthetic,2026-08-28,2026-08-28,2026-08-28,0,"Vorfallsbericht

Datum: 2025-04-21
Ort: Hauptstandort
Typ: Process Deviation
Beschreibung: Am 21. April 2025 wurde im Hauptstandort eine Abweichung im Prozess festgestellt, die zu einer Verzögerung bei der Bearbeitung von Facility-Management-Anfragen führte. Diese Abweichung beeinträchtigte die Effizienz des gesamten Betriebs und führte zu einer Reihe von unerledigten Aufgaben, die bis zum Ende des Berichtszeitraums nicht abgeschlossen werden konnten.
Ursache: Die Untersuchung ergab, dass die root_cause der Abweichung in unzureichenden Schulungen für die Mitarbeiter des Facility Managements lag, was zu Missverständnissen bei der Bearbeitung der Anfragen führte. Insbesondere fehlte es an klaren Prozessen zur Priorisierung dringender Anfragen, was zu einer Überlastung des Teams führte.
Maßnahme: Um die Situation zu beheben, wurde beschlossen, ein umfassendes Schulungsprogramm zu entwickeln, das nicht nur die bestehenden Verfahren erläutert, sondern auch regelmäßige Auffrischungskurse umfasst. Darüber hinaus wird ein neues System zur Anfragenverwaltung implementiert, das eine klare Priorisierung ermöglicht und sicherstellt, dass dringende Anfragen sofort bearbeitet werden.
Verantwortlich: Facility Management
Frist: 2027-03-15",no,no,no,no,no,no,no,no,no,no,no,no,no,,NONE,0,0,easy,no,none,no,test,yes,openrouter_gpt4o_mini_field,field_llm_v1,no,,,v2,Synthetic document generated for controlled PII training data.,[],{},[],[],[],False,False,True,local_non_pii,no_meaningful_signal,False,20260909_112021,rule_based,local,rules,regex_presidio_fusion_v1,not_applicable,rules,False
SYN-INCIDENT_REPORT-0228,synthetic_incident_report_0228.txt,report,incident_report,de,synthetic_generation,,,synthetic,2026-08-28,2026-08-28,2026-08-28,0,"Vorfallsbericht

Datum: 2025-11-16
Ort: Weimerweg 5400, 85643 Mainburg
Typ: Process Deviation
Beschreibung: Am 16. November 2025 trat eine Abweichung im Prozessablauf auf, die zu einer Verzögerung der Produktionslinie führte. Die Ursache war eine fehlerhafte Materiallieferung an der Adresse Weimerweg 5400, 85643 Mainburg.
Ursache: Die fehlerhafte Materiallieferung resultierte aus ungenauen Bestellinformationen, die im System hinterlegt waren, was zu einer falschen Charge führte.
Maßnahme: Die Bestellinformationen wurden aktualisiert und ein zusätzlicher Prüfungsschritt im Lieferprozess implementiert, um zukünftige Abweichungen zu vermeiden. Verantwortlich ist Dipl.-Ing. Gisa Drewes, mit einer Frist bis zum 5. November 2026.
Verantwortlich: Dipl.-Ing. Gisa Drewes
Frist: 2026-11-05",yes,yes,no,no,yes,no,no,no,no,no,no,no,no,PERSON; LOCATION,MULTIPLE,2,2,easy,no,none,no,test,yes,openrouter_gpt4o_mini_field,field_llm_v1,no,,,v2,Synthetic document generated for controlled PII training data.,"[{'type': 'LOCATION', 'value': 'Weimerweg', 'confidence': 0.85, 'source': 'presidio', 'start': 40, 'end': 49}, {'type': 'LOCATION', 'value': 'Mainburg', 'confidence': 0.85, 'source': 'presidio', 'start': 62, 'end': 70}, {'type': 'LOCATION', 'value': 'Weimerweg', 'confidence': 0.85, 'source': 'presidio', 'start': 292, 'end': 301}, {'type': 'LOCATION', 'value': 'Mainburg', 'confidence': 0.85, 'source': 'presidio', 'start': 314, 'end': 322}, {'type': 'PERSON', 'value': 'Dipl.-Ing. Gisa Drewes', 'confidence': 0.85, 'source': 'presidio', 'start': 668, 'end': 690}, {'type': 'PERSON', 'value': 'Dipl.-Ing. Gisa Drewes', 'confidence': 0.85, 'source': 'presidio', 'start': 750, 'end': 772}, {'type': 'DATE_TIME', 'value': '2025-11-16', 'confidence': 0.6, 'source': 'presidio', 'start': 24, 'end': 34}, {'type': 'DATE_TIME', 'value': '2026-11-05', 'confidence': 0.6, 'source': 'presidio', 'start': 780, 'end': 790}]","{'LOCATION': 0.85, 'PERSON': 0.85, 'DATE_TIME': 0.6}","['DATE_TIME', 'LOCATION', 'PERSON']",[],"['LOCATION', 'PERSON', 'DATE_TIME']",False,True,True,low_cost_llm,potential_pii_evidence,True,20260909_112021,rule_based,local,rules,regex_presidio_fusion_v1,not_applicable,rules,False
SYN-INCIDENT_REPORT-0235,synthetic_incident_report_0235.txt,report,incident_report,en,synthetic_generation,,,synthetic,2026-08-28,2026-08-28,2026-08-28,0,"Incident Report

Date: 2026-11-05
Location: Main Office
Type: IT Security Incident
Description: On November 5, 2026, an IT security incident was reported at the Main Office involving unauthorized access to sensitive company data. This breach was detected during a routine security audit, which revealed anomalies in user access logs. The incident raised significant concerns regarding the integrity of our data protection measures and the potential exposure of personally identifiable information (PII). Immediate steps were taken to safeguard affected systems and assess the full impact of the breach.
Root Cause: The root cause of this incident has been traced back to a combination of inadequate access controls and outdated security protocols. Specifically, it was found that several user accounts had excessive permissions that allowed them to access restricted data without proper authorization. Additionally, a failure to regularly update security software meant that vulnerabilities were present, leaving the system open to exploitation by unauthorized users.
Corrective Action: To remediate this incident, a comprehensive review of all user access privileges is being conducted to ensure that permissions align strictly with job responsibilities. Additionally, the implementation of a multi-factor authentication system is underway to enhance security measures. Furthermore, a scheduled update of all security protocols and software will be prioritized to address vulnerabilities and prevent future incidents. Regular training sessions will also be instituted for employees to reinforce security best practices.
Owner: Facility Management
Deadline: 2026-09-20",no,no,no,no,no,no,no,no,no,no,no,no,no,,NONE,0,0,easy,no,none,no,test,yes,openrouter_gpt4o_mini_field,field_llm_v1,no,,,v2,Synthetic document generated for controlled PII training data.,[],{},[],[],[],False,False,True,local_non_pii,no_meaningful_signal,False,20260909_112021,rule_based,local,rules,regex_presidio_fusion_v1,not_applicable,rules,False
SYN-INCIDENT_REPORT-0244,synthetic_incident_report_0244.txt,report,incident_report,en,synthetic_generation,,,synthetic,2026-08-28,2026-08-28,2026-08-28,0,"Incident Report

Date: 2025-10-02
Location: Main Office
Type: Operational Incident
Description: The incident occurred at IP address 201.142.47.90, where unauthorized access was detected during routine system monitoring.
Root Cause: Insufficient security protocols allowed unauthorized access to system resources.
Corrective Action: Implemented enhanced security measures, including stronger authentication methods and regular security audits.
Owner: Jacob Rodriguez
Deadline: 2025-01-14",yes,yes,no,no,no,no,no,no,no,no,yes,no,no,PERSON; IP_ADDRESS,MULTIPLE,2,2,easy,no,none,no,test,yes,openrouter_gpt4o_mini_field,field_llm_v1,no,,,v2,Synthetic document generated for controlled PII training data.,"[{'type': 'IP_ADDRESS', 'value': '201.142.47.90', 'confidence': 0.95, 'source': 'presidio', 'start': 132, 'end': 145}, {'type': 'PERSON', 'value': 'Jacob Rodriguez\nDeadline', 'confidence': 0.85, 'source': 'presidio', 'start': 450, 'end': 474}, {'type': 'DATE_TIME', 'value': '2025-01-14', 'confidence': 0.85, 'source': 'presidio', 'start': 476, 'end': 486}]","{'IP_ADDRESS': 0.95, 'PERSON': 0.85, 'DATE_TIME': 0.85}","['DATE_TIME', 'IP_ADDRESS', 'PERSON']",['IP_ADDRESS'],"['PERSON', 'DATE_TIME']",True,True,True,local_pii,strong_pii_detected,False,20260909_112021,rule_based,local,rules,regex_presidio_fusion_v1,not_applicable,rules,True
SYN-INTERNAL_EMAIL-0001,synthetic_internal_email_0001.txt,email,internal_email,de,synthetic_generation,,,synthetic,2026-08-28,2026-08-28,2026-08-28,0,"Betreff: Aktualisierung zum Genehmigungsstatus

Liebes Team,

ich möchte euch über den aktuellen Stand der Genehmigungen informieren. Der Prozess verläuft planmäßig, und alle erforderlichen Unterlagen wurden fristgerecht eingereicht. 

Bitte stellt sicher, dass alle relevanten Informationen in euren Abteilungen aktualisiert werden. Falls es Rückfragen oder Klärungsbedarf gibt, zögert nicht, euch zu melden.

Vielen Dank für eure Zusammenarbeit!

Mit freundlichen Grüßen,  
Das Operations-Team",no,no,no,no,no,no,no,no,no,no,no,no,no,,NONE,0,0,easy,no,none,no,test,yes,openrouter_gpt4o_mini_document,llm_rewrite_v1,no,,,v2,Synthetic document generated for controlled PII training data.,[],{},[],[],[],False,False,False,local_non_pii,no_meaningful_signal,False,20260909_112021,rule_based,local,rules,regex_presidio_fusion_v1,not_applicable,rules,False
SYN-INTERNAL_EMAIL-0012,synthetic_internal_email_0012.txt,email,internal_email,en,synthetic_generation,,,synthetic,2026-08-28,2026-08-28,2026-08-28,0,"Subject: Coordination of Upcoming Team Schedule

Hi Team,

I hope this message finds you well. As we prepare for the upcoming project phases, it's essential that we coordinate our schedules effectively. Please share your availability for the next two weeks so we can align our meetings and ensure everyone is on the same page.

Looking forward to your responses.

Best,  
Project Office",no,no,no,no,no,no,no,no,no,no,no,no,no,,NONE,0,0,easy,no,none,no,test,yes,openrouter_gpt4o_mini_document,llm_rewrite_v1,no,,,v2,Synthetic document generated for controlled PII training data.,[],{},[],[],[],False,False,False,local_non_pii,no_meaningful_signal,False,20260909_112021,rule_based,local,rules,regex_presidio_fusion_v1,not_applicable,rules,False
SYN-INTERNAL_EMAIL-0019,synthetic_internal_email_0019.txt,email,internal_email,en,synthetic_generation,,,synthetic,2026-08-28,2026-08-28,2026-08-28,0,"Subject: Coordination of Team Schedules

Dear Team,

I hope this message finds you well. As we move forward with our ongoing projects, it is essential to align our schedules to ensure smooth collaboration across all departments. 

Please take a moment to review your availability for the upcoming weeks and share your preferred times for team meetings. Your input will help us coordinate effectively and keep our projects on track.

Thank you for your cooperation.

Best regards,  
Project Office",no,no,no,no,no,no,no,no,no,no,no,no,no,,NONE,0,0,easy,no,none,no,test,yes,openrouter_gpt4o_mini_document,llm_rewrite_v1,no,,,v2,Synthetic document generated for controlled PII training data.,[],{},[],[],[],False,False,False,local_non_pii,no_meaningful_signal,False,20260909_112021,rule_based,local,rules,regex_presidio_fusion_v1,not_applicable,rules,False
SYN-INTERNAL_EMAIL-0021,synthetic_internal_email_0021.txt,email,internal_email,de,synthetic_generation,,,synthetic,2026-08-28,2026-08-28,2026-08-28,0,"Betreff: Aktualisierung des Projektzeitplans

Liebes Team,

ich möchte euch über die neuesten Entwicklungen im Projektzeitplan informieren. Die Anpassungen betreffen vor allem die Fristen der einzelnen Meilensteine, um sicherzustellen, dass wir im Zeitrahmen bleiben.

Bitte überprüft die angehängte Übersicht und passt eure Planungen entsprechend an. Bei Fragen oder Unklarheiten stehe ich gerne zur Verfügung.

Vielen Dank für eure Unterstützung!

Freundliche Grüße,  
Operations-Team",no,no,no,no,no,no,no,no,no,no,no,no,no,,NONE,0,0,easy,no,none,no,test,yes,openrouter_gpt4o_mini_document,llm_rewrite_v1,no,,,v2,Synthetic document generated for controlled PII training data.,[],{},[],[],[],False,False,False,local_non_pii,no_meaningful_signal,False,20260909_112021,rule_based,local,rules,regex_presidio_fusion_v1,not_applicable,rules,False
SYN-INTERNAL_EMAIL-0029,synthetic_internal_email_0029.txt,email,internal_email,en,synthetic_generation,,,synthetic,2026-08-28,2026-08-28,2026-08-28,0,"**Internal Announcement**

**To:** All Employees  
**From:** Internal Communications Team  
**Date:** July 18, 2026  
**Subject:** Scheduled System Maintenance Notification  

Dear Team,

We would like to inform you about upcoming system maintenance that is scheduled to take place on July 25, 2026. This maintenance is essential to ensure the continued efficiency and security of our internal systems.

**Maintenance Details:**
- **Date:** July 25, 2026
- **Time:** 10:00 PM to 2:00 AM
- **Affected Systems:** All internal applications and services

During this time, access to the affected systems will be limited. We encourage you to plan your work accordingly and complete any critical tasks prior to the maintenance window.

We appreciate your understanding and cooperation as we work to enhance our operational capabilities. If you have any questions or require further information, please reach out to the Internal Communications Team.

Thank you for your attention.

Best regards,  
Internal Communications Team",no,no,no,no,no,no,no,no,no,no,no,no,no,,NONE,0,0,easy,no,none,no,test,yes,openrouter_gpt4o_mini_document,llm_rewrite_v1,no,,,v2,Synthetic document generated for controlled PII training data.,[],{},[],[],[],False,False,False,local_non_pii,no_meaningful_signal,False,20260909_112021,rule_based,local,rules,regex_presidio_fusion_v1,not_applicable,rules,False
SYN-INTERNAL_EMAIL-0032,synthetic_internal_email_0032.txt,email,internal_email,en,synthetic_generation,,,synthetic,2026-08-28,2026-08-28,2026-08-28,0,"Subject: Re: Documentation Review

Hi Team,

Thank you for your insights on the documentation for our standard business processes. Your feedback is invaluable as we work to ensure everything is up to date and reflects our current operations accurately.

As we move forward, please make sure to review the latest updates in the shared drive by the end of this week. It’s crucial that we have all inputs before finalizing the documents for distribution. If you notice any discrepancies or have suggestions for improvement, do not hesitate to share them.

Let’s aim to have a comprehensive review session next week to discuss any major changes. I appreciate everyone’s effort in keeping our documentation thorough and precise.

Best regards,  
Internal Communications Team",no,no,no,no,no,no,no,no,no,no,no,no,no,,NONE,0,0,easy,no,none,no,test,yes,openrouter_gpt4o_mini_document,llm_rewrite_v1,no,,,v2,Synthetic document generated for controlled PII training data.,[],{},[],[],[],False,False,False,local_non_pii,no_meaningful_signal,False,20260909_112021,rule_based,local,rules,regex_presidio_fusion_v1,not_applicable,rules,False
SYN-INTERNAL_EMAIL-0035,synthetic_internal_email_0035.txt,email,internal_email,de,synthetic_generation,,,synthetic,2026-08-28,2026-08-28,2026-08-28,0,"Betreff: Nachverfolgung der Quartalsplanung

Hallo zusammen,

ich möchte euch an unser letztes Meeting zur Quartalsplanung erinnern und einige wichtige Punkte zur Diskussion bringen. Wir müssen sicherstellen, dass alle relevanten Informationen bis zum nächsten Treffen bereitstehen.

Bitte denkt daran, die notwendigen Daten bis zum 15. November zu übermitteln, damit wir rechtzeitig planen können.

Vielen Dank für eure Zusammenarbeit!

Beste Grüße,  
Roswita Pölitz  
30543187168615",yes,yes,no,no,no,no,yes,no,no,no,no,no,no,PERSON; CREDIT_CARD,MULTIPLE,2,2,easy,no,none,no,test,yes,openrouter_gpt4o_mini_document,llm_rewrite_v1,no,,,v2,Synthetic document generated for controlled PII training data.,"[{'type': 'PERSON', 'value': 'Roswita Pölitz', 'confidence': 0.85, 'source': 'presidio', 'start': 453, 'end': 467}, {'type': 'CREDIT_CARD', 'value': '30543187168615', 'confidence': 0.9, 'source': 'custom_regex', 'start': 470, 'end': 484}]","{'PERSON': 0.85, 'CREDIT_CARD': 0.9}","['CREDIT_CARD', 'PERSON']",['CREDIT_CARD'],['PERSON'],True,True,False,local_pii,strong_pii_detected,False,20260909_112021,rule_based,local,rules,regex_presidio_fusion_v1,not_applicable,rules,True
SYN-INTERNAL_EMAIL-0056,synthetic_internal_email_0056.txt,email,internal_email,de,synthetic_generation,,,synthetic,2026-08-28,2026-08-28,2026-08-28,0,"Betreff: Überprüfung der Dokumentation

Liebes Team,

ich möchte euch daran erinnern, dass die Überprüfung der internen Dokumentation für unseren aktuellen Geschäftsvorgang ansteht. Bitte stellt sicher, dass alle relevanten Informationen bis zum Ende dieser Woche aktualisiert sind.

Vielen Dank für eure Unterstützung!

Beste Grüße,  
Abteilung für interne Kommunikation",no,no,no,no,no,no,no,no,no,no,no,no,no,,NONE,0,0,easy,no,none,no,test,yes,openrouter_gpt4o_mini_document,llm_rewrite_v1,no,,,v2,Synthetic document generated for controlled PII training data.,[],{},[],[],[],False,False,False,local_non_pii,no_meaningful_signal,False,20260909_112021,rule_based,local,rules,regex_presidio_fusion_v1,not_applicable,rules,False
SYN-INTERNAL_EMAIL-0063,synthetic_internal_email_0063.txt,email,internal_email,de,synthetic_generation,,,synthetic,2026-08-28,2026-08-28,2026-08-28,0,"Betreff: Überprüfung der Dokumentation

Liebes Projektteam,

ich hoffe, es geht euch gut. Wie bereits besprochen, steht die Überprüfung unserer internen Dokumentation für den aktuellen Geschäftsvorgang an. Bitte stellt sicher, dass alle relevanten Informationen bis zum Ende der Woche aktualisiert und bereit zur Durchsicht sind.

Vielen Dank für eure Unterstützung.

Beste Grüße,  
Das Projektbüro",no,no,no,no,no,no,no,no,no,no,no,no,no,,NONE,0,0,easy,no,none,no,test,yes,openrouter_gpt4o_mini_document,llm_rewrite_v1,no,,,v2,Synthetic document generated for controlled PII training data.,[],{},[],[],[],False,False,False,local_non_pii,no_meaningful_signal,False,20260909_112021,rule_based,local,rules,regex_presidio_fusion_v1,not_applicable,rules,False
SYN-INTERNAL_EMAIL-0066,synthetic_internal_email_0066.txt,email,internal_email,de,synthetic_generation,,,synthetic,2026-08-28,2026-08-28,2026-08-28,0,"**Interne Ankündigung**

**Betreff:** Überprüfung der Dokumentation

**Datum:** 23. Oktober 2025

Liebe Kolleginnen und Kollegen,

wir möchten Sie darüber informieren, dass eine Überprüfung der internen Dokumentation im Rahmen unserer regulären Geschäftsvorgänge ansteht. Diese Maßnahme ist Teil unseres kontinuierlichen Bestrebens, die Qualität und Effizienz unserer Arbeitsabläufe zu verbessern.

Das Projektteam wird in den kommenden Wochen die relevanten Dokumente durchgehen und sicherstellen, dass alle Informationen aktuell und korrekt sind. Ihre Unterstützung ist hierbei von großer Bedeutung. Bitte stellen Sie sicher, dass alle Ihre Fachbereiche ihr jeweiliges Material rechtzeitig zur Verfügung stellen.

Bei Fragen oder Anmerkungen können Sie sich jederzeit an das Team der internen Kommunikation wenden.

Vielen Dank für Ihre Mitarbeit!

Mit freundlichen Grüßen,  
Das Team der internen Kommunikation",no,no,no,no,no,no,no,no,no,no,no,no,no,,NONE,0,0,easy,no,none,no,test,yes,openrouter_gpt4o_mini_document,llm_rewrite_v1,no,,,v2,Synthetic document generated for controlled PII training data.,[],{},[],[],[],False,False,False,local_non_pii,no_meaningful_signal,False,20260909_112021,rule_based,local,rules,regex_presidio_fusion_v1,not_applicable,rules,False
SYN-INTERNAL_EMAIL-0075,synthetic_internal_email_0075.txt,email,internal_email,de,synthetic_generation,,,synthetic,2026-08-28,2026-08-28,2026-08-28,0,"**Interne Ankündigung**

**Betreff:** Aktualisierung des Projektzeitplans

**Datum:** 8. Juni 2027

Liebe Kolleginnen und Kollegen,

wir freuen uns, Ihnen mitteilen zu können, dass es eine wichtige Aktualisierung zum Zeitplan unseres laufenden Projekts gibt. Das Projektbüro hat in den letzten Wochen intensiv an den nächsten Schritten gearbeitet, um sicherzustellen, dass wir im Zeitrahmen bleiben und unsere Ziele erreichen.

Die wichtigsten Punkte der Aktualisierung sind:

- **Meilensteine:** Die nächsten Meilensteine wurden festgelegt und sind in den kommenden Wochen zu erwarten. Details dazu werden in unserem Projektmanagement-Tool bereitgestellt.
- **Ressourcenzuweisung:** Wir haben die Ressourcenzuteilung für die einzelnen Teams überprüft und angepasst, um eine optimale Unterstützung zu gewährleisten.
- **Kommunikation:** Regelmäßige Updates werden weiterhin über die üblichen Kanäle bereitgestellt. Bitte halten Sie Ausschau nach weiteren Informationen und stellen Sie sicher, dass Sie an den geplanten Teammeetings teilnehmen.

Vielen Dank für Ihre kontinuierliche Unterstützung und Ihr Engagement. Gemeinsam werden wir die nächsten Schritte erfolgreich umsetzen.

Mit freundlichen Grüßen,

Das Projektbüro",no,no,no,no,no,no,no,no,no,no,no,no,no,,NONE,0,0,easy,no,none,no,test,yes,openrouter_gpt4o_mini_document,llm_rewrite_v1,no,,,v2,Synthetic document generated for controlled PII training data.,[],{},[],[],[],False,False,False,local_non_pii,no_meaningful_signal,False,20260909_112021,rule_based,local,rules,regex_presidio_fusion_v1,not_applicable,rules,False
SYN-INTERNAL_EMAIL-0078,synthetic_internal_email_0078.txt,email,internal_email,en,synthetic_generation,,,synthetic,2026-08-28,2026-08-28,2026-08-28,0,"Subject: RE: Upcoming System Maintenance

Hi Team,

Thanks for your updates regarding the system maintenance scheduled for next week. I wanted to highlight a few key points to ensure we’re all aligned:

1. **Downtime Schedule**: Please remember that the system will be offline from November 10th at 10 PM until November 11th at 2 AM. Make sure to communicate this to any stakeholders who may be affected.

2. **Backup Procedures**: The IT Department will be handling all backup processes ahead of the maintenance. Ensure that any critical data is saved and that your teams are prepared for the transition.

3. **Post-Maintenance Testing**: Once the system is back online, we’ll need to conduct testing to confirm everything is functioning as expected. I suggest we have a brief meeting on November 12th to review the results and address any issues.

Let me know if there are any additional concerns or if anyone on the team needs support with their preparations.

Best,  
Internal Communications",no,no,no,no,no,no,no,no,no,no,no,no,no,,NONE,0,0,easy,no,none,no,test,yes,openrouter_gpt4o_mini_document,llm_rewrite_v1,no,,,v2,Synthetic document generated for controlled PII training data.,[],{},[],[],[],False,False,True,local_non_pii,no_meaningful_signal,False,20260909_112021,rule_based,local,rules,regex_presidio_fusion_v1,not_applicable,rules,False
SYN-INTERNAL_EMAIL-0089,synthetic_internal_email_0089.txt,email,internal_email,de,synthetic_generation,,,synthetic,2026-08-28,2026-08-28,2026-08-28,0,"Betreff: Rückmeldung zum Genehmigungsstatus

Hallo zusammen,

ich hoffe, es geht euch gut. 

Ich wollte euch ein kurzes Update zum aktuellen Stand der Genehmigungen für unser Projekt geben. Die zuständige Abteilung hat die Unterlagen erhalten und arbeitet nun an der Prüfung. Wir erwarten, dass wir bis Ende des Monats eine Rückmeldung erhalten. 

Bitte stellt sicher, dass alle erforderlichen Dokumente fristgerecht eingereicht werden, damit wir den Zeitplan einhalten können. Bei Fragen oder wenn ihr Unterstützung benötigt, zögert nicht, euch zu melden.

Vielen Dank für eure Mitarbeit!

Beste Grüße,  
Interne Kommunikation",no,no,no,no,no,no,no,no,no,no,no,no,no,,NONE,0,0,easy,no,none,no,test,yes,openrouter_gpt4o_mini_document,llm_rewrite_v1,no,,,v2,Synthetic document generated for controlled PII training data.,[],{},[],[],[],False,False,False,local_non_pii,no_meaningful_signal,False,20260909_112021,rule_based,local,rules,regex_presidio_fusion_v1,not_applicable,rules,False
SYN-INTERNAL_EMAIL-0108,synthetic_internal_email_0108.txt,email,internal_email,de,synthetic_generation,,,synthetic,2026-08-28,2026-08-28,2026-08-28,0,"**Interne Bekanntmachung**

**Betreff:** Follow-up zur vierteljährlichen Planung

**Datum:** 15. August 2026

Liebe Kolleginnen und Kollegen,

ich hoffe, diese Nachricht trifft euch wohl. Im Rahmen unserer kontinuierlichen Bemühungen um Effizienz und Transparenz möchte ich einen kurzen Überblick über die Ergebnisse unserer letzten vierteljährlichen Planungssitzung geben.

In dieser Sitzung haben wir wichtige strategische Ziele für das kommende Quartal festgelegt. Wir konzentrieren uns auf die Optimierung unserer Prozesse in den Bereichen Projektmanagement und Kundenbetreuung. Insbesondere möchten wir sicherstellen, dass alle Abteilungen eng zusammenarbeiten, um die gesteckten Ziele zu erreichen.

Bitte beachtet, dass weitere Details zu spezifischen Projekten und Verantwortlichkeiten in den nächsten Tagen über die jeweiligen Teamleiter kommuniziert werden. Es ist entscheidend, dass wir alle an einem Strang ziehen, um unseren Erfolg sicherzustellen.

Ich danke euch für euer Engagement und eure harte Arbeit. Bei Fragen oder Anregungen stehe ich euch jederzeit zur Verfügung.

Herzliche Grüße,

Ing. Metin Mangold  
Leiter der Abteilung Planung und Strategie",yes,yes,no,no,no,no,no,no,no,no,no,no,no,PERSON,PERSON,1,1,easy,no,none,no,test,yes,openrouter_gpt4o_mini_document,llm_rewrite_v1,no,,,v2,Synthetic document generated for controlled PII training data.,"[{'type': 'PERSON', 'value': 'Metin Mangold', 'confidence': 0.85, 'source': 'presidio', 'start': 1112, 'end': 1125}]",{'PERSON': 0.85},['PERSON'],[],['PERSON'],False,True,False,low_cost_llm,potential_pii_evidence,True,20260909_112021,rule_based,local,rules,regex_presidio_fusion_v1,not_applicable,rules,False
SYN-INTERNAL_EMAIL-0124,synthetic_internal_email_0124.txt,email,internal_email,de,synthetic_generation,,,synthetic,2026-08-28,2026-08-28,2026-08-28,0,"Betreff: Re: Project Timeline Update

Hallo zusammen,

vielen Dank für die Aktualisierung zur Projektzeitachse. Es ist wichtig, dass wir alle auf dem gleichen Stand sind, insbesondere in der aktuellen Phase unseres Projekts.

Könnten wir eventuell ein kurzes Meeting ansetzen, um die nächsten Schritte und die anstehenden Meilensteine zu besprechen? Ich denke, es wäre hilfreich, um sicherzustellen, dass wir alle Herausforderungen und Aufgaben rechtzeitig angehen können.

Lasst mich wissen, wann ihr verfügbar seid, und ich kümmere mich um die Terminfindung.

Beste Grüße,  
Das Team für Interne Kommunikation",no,no,no,no,no,no,no,no,no,no,no,no,no,,NONE,0,0,easy,no,none,no,test,yes,openrouter_gpt4o_mini_document,llm_rewrite_v1,no,,,v2,Synthetic document generated for controlled PII training data.,[],{},[],[],[],False,False,False,local_non_pii,no_meaningful_signal,False,20260909_112021,rule_based,local,rules,regex_presidio_fusion_v1,not_applicable,rules,False
SYN-INTERNAL_EMAIL-0127,synthetic_internal_email_0127.txt,email,internal_email,en,synthetic_generation,,,synthetic,2026-08-28,2026-08-28,2026-08-28,0,"**Internal Announcement**

**To:** All Employees  
**From:** Internal Communications Department  
**Date:** March 23, 2025  
**Subject:** Important Announcement: Upcoming System Maintenance  

Dear Team,

We would like to inform you of scheduled system maintenance that will take place on **March 30, 2025**. This essential maintenance is part of our ongoing efforts to enhance the performance and security of our internal systems.

**Key Details:**
- **Maintenance Window:** March 30, 2025, from 12:00 AM to 6:00 AM
- **Affected Systems:** Company-wide applications, including the project management system and employee portal
- **Expected Impact:** During this time, systems will be temporarily unavailable. We recommend planning accordingly to minimize any disruption to your work.

Our IT Department will be working diligently to ensure that the maintenance is completed as swiftly as possible. We appreciate your understanding and cooperation during this time.

If you have any questions or concerns, please reach out to your department's representative or the IT Help Desk.

Thank you for your attention to this important matter.

Best regards,  
Internal Communications Department",no,no,no,no,no,no,no,no,no,no,no,no,no,,NONE,0,0,easy,no,none,no,test,yes,openrouter_gpt4o_mini_document,llm_rewrite_v1,no,,,v2,Synthetic document generated for controlled PII training data.,[],{},[],[],[],False,False,True,local_non_pii,no_meaningful_signal,False,20260909_112021,rule_based,local,rules,regex_presidio_fusion_v1,not_applicable,rules,False
SYN-INTERNAL_EMAIL-0136,synthetic_internal_email_0136.txt,email,internal_email,de,synthetic_generation,,,synthetic,2026-08-28,2026-08-28,2026-08-28,0,"**Interne Mitteilung**

**An:** Alle Mitarbeiter  
**Von:** Abteilung für Interne Kommunikation  
**Betreff:** Koordination des Teamablaufs  
**Datum:** 14. Dezember 2024  

Liebe Kolleginnen und Kollegen,  

wir möchten Sie darüber informieren, dass die Planung der Teamabläufe für das kommende Quartal nun abgeschlossen ist. Die jeweiligen Abteilungen sind angehalten, ihre Zeitpläne und Ressourcen entsprechend anzupassen, um eine reibungslose Zusammenarbeit zu gewährleisten.  

Bitte beachten Sie die folgenden Punkte:  

- **Abstimmung der Meetings:** Jedes Team sollte sicherstellen, dass wöchentliche Meetings zur Statusbesprechung im Kalender eingetragen sind. Diese Meetings sind entscheidend, um den Fortschritt zu überwachen und Herausforderungen frühzeitig zu identifizieren.  

- **Ressourcenzuweisung:** Die Abteilungen werden gebeten, ihre Ressourcen optimal zu planen und Engpässe frühzeitig zu melden. Eine enge Zusammenarbeit zwischen den Teams ist hierbei unerlässlich.  

- **Feedback-Runde:** Am Ende des Quartals wird es eine Feedback-Runde geben, bei der alle Teams ihre Erfahrungen und Verbesserungsvorschläge einbringen können. Details hierzu folgen in Kürze.  

Wir danken Ihnen für Ihre Mitarbeit und Ihr Engagement. Bei Fragen oder Anregungen wenden Sie sich bitte an die Abteilung für Interne Kommunikation.  

Mit freundlichen Grüßen,  
**Abteilung für Interne Kommunikation**",no,no,no,no,no,no,no,no,no,no,no,no,no,,NONE,0,0,easy,no,none,no,test,yes,openrouter_gpt4o_mini_document,llm_rewrite_v1,no,,,v2,Synthetic document generated for controlled PII training data.,[],{},[],[],[],False,False,True,local_non_pii,no_meaningful_signal,False,20260909_112021,rule_based,local,rules,regex_presidio_fusion_v1,not_applicable,rules,False
SYN-INTERNAL_EMAIL-0139,synthetic_internal_email_0139.txt,email,internal_email,de,synthetic_generation,,,synthetic,2026-08-28,2026-08-28,2026-08-28,0,"**Interne Mitteilung**

**An alle Mitarbeiter,**

wir möchten Sie über den aktuellen Stand des Projekts informieren und einige wichtige Updates zur Zeitplanung mitteilen.

**Projekt: Optimierung der internen Abläufe**  
**Datum: 23. Juli 2025**  

Nach intensiven Diskussionen und Planungen haben wir einen entscheidenden Fortschritt erzielt. Die neue Zeitlinie für die Projektimplementierung wurde festgelegt. Bitte beachten Sie die folgenden Punkte:

- **Projekt-ID:** 4531967589180937263
- **Nächste Schritte:** Die Teams werden gebeten, ihre Teilprojekte bis zum 15. August 2025 abzuschließen, um einen reibungslosen Übergang zu ermöglichen.
- **Treffen:** Ein Teammeeting zur strategischen Planung findet am 30. Juli 2025 statt. Eine Einladung wird in Kürze versendet.

Wir danken Ihnen allen für Ihr Engagement und Ihre harte Arbeit. Bei Fragen oder Anregungen wenden Sie sich bitte an mich.

Mit besten Grüßen,  
Hans-Dietrich Tlustek  
Projektleiter",yes,yes,no,no,no,no,yes,no,no,no,no,no,no,PERSON; CREDIT_CARD,MULTIPLE,2,2,easy,no,none,no,test,yes,openrouter_gpt4o_mini_document,llm_rewrite_v1,no,,,v2,Synthetic document generated for controlled PII training data.,"[{'type': 'PERSON', 'value': 'Hans-Dietrich Tlustek', 'confidence': 0.85, 'source': 'presidio', 'start': 920, 'end': 941}, {'type': 'CREDIT_CARD', 'value': '4531967589180937263', 'confidence': 0.9, 'source': 'custom_regex', 'start': 471, 'end': 490}]","{'PERSON': 0.85, 'CREDIT_CARD': 0.9}","['CREDIT_CARD', 'PERSON']",['CREDIT_CARD'],['PERSON'],True,True,True,local_pii,strong_pii_detected,False,20260909_112021,rule_based,local,rules,regex_presidio_fusion_v1,not_applicable,rules,True
SYN-INTERNAL_EMAIL-0155,synthetic_internal_email_0155.txt,email,internal_email,de,synthetic_generation,,,synthetic,2026-08-28,2026-08-28,2026-08-28,0,"Betreff: Re: Documentation Review

Hallo zusammen,

vielen Dank für die bisherigen Rückmeldungen zur internen Dokumentation. Ich möchte darauf hinweisen, dass wir die letzte Version bis Ende der Woche finalisieren müssen, um sicherzustellen, dass alle erforderlichen Informationen für den regulären Geschäftsvorgang enthalten sind.

Bitte überprüft die Abschnitte, die euch zugewiesen wurden, und gebt mir Bescheid, ob es noch Anpassungen oder Ergänzungen benötigt. Eine zeitnahe Rückmeldung ist wichtig, damit wir im Zeitplan bleiben.

Danke für eure Unterstützung!

Viele Grüße,  
Projektbüro",no,no,no,no,no,no,no,no,no,no,no,no,no,,NONE,0,0,easy,no,none,no,test,yes,openrouter_gpt4o_mini_document,llm_rewrite_v1,no,,,v2,Synthetic document generated for controlled PII training data.,[],{},[],[],[],False,False,False,local_non_pii,no_meaningful_signal,False,20260909_112021,rule_based,local,rules,regex_presidio_fusion_v1,not_applicable,rules,False
SYN-INTERNAL_EMAIL-0156,synthetic_internal_email_0156.txt,email,internal_email,en,synthetic_generation,,,synthetic,2026-08-28,2026-08-28,2026-08-28,0,"Subject: Request for Documentation Review

Hi Barbara Richardson MD,

I hope this message finds you well. As we move forward with the upcoming project, I’d like to request your expertise in reviewing the attached documentation. Your insights will be invaluable in ensuring everything aligns with our standards.

Please let me know if you can complete the review by the end of this week. 

Thank you for your assistance!

Best regards,  
Project Office  
195.237.101.216",yes,yes,no,no,no,no,no,no,no,no,yes,no,no,PERSON; IP_ADDRESS,MULTIPLE,2,2,easy,no,none,no,test,yes,openrouter_gpt4o_mini_document,llm_rewrite_v1,no,,,v2,Synthetic document generated for controlled PII training data.,"[{'type': 'PERSON', 'value': 'Barbara Richardson', 'confidence': 0.85, 'source': 'presidio', 'start': 46, 'end': 64}, {'type': 'IP_ADDRESS', 'value': '195.237.101.216', 'confidence': 0.6, 'source': 'presidio', 'start': 454, 'end': 469}]","{'PERSON': 0.85, 'IP_ADDRESS': 0.6}","['IP_ADDRESS', 'PERSON']",['IP_ADDRESS'],['PERSON'],True,True,False,local_pii,strong_pii_detected,False,20260909_112021,rule_based,local,rules,regex_presidio_fusion_v1,not_applicable,rules,True
SYN-INTERNAL_EMAIL-0162,synthetic_internal_email_0162.txt,email,internal_email,en,synthetic_generation,,,synthetic,2026-08-28,2026-08-28,2026-08-28,0,"Subject: Re: Workshop Preparation

Hi Team,

Thank you for your contributions regarding the upcoming workshop. I appreciate everyone’s input as we finalize the agenda and materials.

As a reminder, please ensure that your presentations are tailored to address the key objectives we discussed in our last meeting. It’s important that we align on our messaging to engage participants effectively.

Additionally, if anyone needs assistance with the technical setup or requires specific resources, do not hesitate to reach out. Let’s aim to have everything ready by the end of the week to allow for a smooth execution on the day of the event.

Looking forward to seeing all your innovative ideas come to life!

Best,  
Internal Communications Team",no,no,no,no,no,no,no,no,no,no,no,no,no,,NONE,0,0,easy,no,none,no,test,yes,openrouter_gpt4o_mini_document,llm_rewrite_v1,no,,,v2,Synthetic document generated for controlled PII training data.,[],{},[],[],[],False,False,True,local_non_pii,no_meaningful_signal,False,20260909_112021,rule_based,local,rules,regex_presidio_fusion_v1,not_applicable,rules,False
SYN-INTERNAL_EMAIL-0181,synthetic_internal_email_0181.txt,email,internal_email,en,synthetic_generation,,,synthetic,2026-08-28,2026-08-28,2026-08-28,0,"**Internal Announcement**

**To:** All Employees  
**From:** Operations Team  
**Date:** September 16, 2024  
**Subject:** Update on Project Timeline  

Dear Team,

We hope this message finds you well. We are reaching out to provide an important update regarding the timeline of our current projects. 

As part of our ongoing efforts to streamline our operations and enhance project delivery, the Operations Team has reviewed the project schedules and made necessary adjustments. This realignment aims to ensure that we meet our strategic goals efficiently while maintaining high standards of quality.

Please take note of the following key updates:

1. **Revised Deadlines:** Several project deadlines have been modified to reflect realistic timelines based on resource availability and project scope. We encourage all teams to review the updated timelines and adjust their plans accordingly.

2. **Ongoing Support:** The Operations Team is here to assist with any questions or concerns that may arise from these changes. We are committed to supporting each department as we transition through this updated schedule.

3. **Feedback Encouraged:** We value your input and encourage you to share any feedback regarding these adjustments. Your insights are crucial as we strive to enhance our processes.

We appreciate your understanding and cooperation as we navigate these changes. Thank you for your continued dedication to our collective success.

Best regards,  
Operations Team",no,no,no,no,no,no,no,no,no,no,no,no,no,,NONE,0,0,easy,no,none,no,test,yes,openrouter_gpt4o_mini_document,llm_rewrite_v1,no,,,v2,Synthetic document generated for controlled PII training data.,[],{},[],[],[],False,False,False,local_non_pii,no_meaningful_signal,False,20260909_112021,rule_based,local,rules,regex_presidio_fusion_v1,not_applicable,rules,False
SYN-INTERNAL_EMAIL-0182,synthetic_internal_email_0182.txt,email,internal_email,en,synthetic_generation,,,synthetic,2026-08-28,2026-08-28,2026-08-28,0,"Subject: RE: Project Timeline Update

Hi Team,

Thank you for your updates regarding the project milestones. I appreciate everyone's efforts in keeping us on track.

As we move forward, please ensure that all deliverables are aligned with the revised timeline we discussed in our last meeting. Remember, the next phase requires us to finalize the documentation by the end of this month, which is crucial for our upcoming review with the stakeholders.

If there are any challenges or adjustments needed, don’t hesitate to reach out. Collaboration is key, and I’m here to support in any way I can.

Looking forward to our continued progress!

Best,  
Project Office",no,no,no,no,no,no,no,no,no,no,no,no,no,,NONE,0,0,easy,no,none,no,test,yes,openrouter_gpt4o_mini_document,llm_rewrite_v1,no,,,v2,Synthetic document generated for controlled PII training data.,[],{},[],[],[],False,False,False,local_non_pii,no_meaningful_signal,False,20260909_112021,rule_based,local,rules,regex_presidio_fusion_v1,not_applicable,rules,False
SYN-INTERNAL_EMAIL-0183,synthetic_internal_email_0183.txt,email,internal_email,en,synthetic_generation,,,synthetic,2026-08-28,2026-08-28,2026-08-28,0,"Subject: Update on Project Approval Status

Dear Project Team,

I hope this message finds you well. I wanted to provide a quick update regarding the current status of our project approvals. We are in the final review stages and expect to have a decision shortly.

Thank you for your continued efforts and patience as we navigate this process. I will keep you informed of any developments.

Best regards,

Project Office",no,no,no,no,no,no,no,no,no,no,no,no,no,,NONE,0,0,easy,no,none,no,test,yes,openrouter_gpt4o_mini_document,llm_rewrite_v1,no,,,v2,Synthetic document generated for controlled PII training data.,[],{},[],[],[],False,False,False,local_non_pii,no_meaningful_signal,False,20260909_112021,rule_based,local,rules,regex_presidio_fusion_v1,not_applicable,rules,False
SYN-INTERNAL_EMAIL-0191,synthetic_internal_email_0191.txt,email,internal_email,en,synthetic_generation,,,synthetic,2026-08-28,2026-08-28,2026-08-28,0,"Subject: Re: Team Schedule Coordination

Hi Team,

Thanks for your patience as we finalize the schedule for the upcoming project. I appreciate everyone's input so far. 

To ensure we have everyone on the same page, I’d like to propose a quick call to discuss any conflicts and solidify our timelines. Please let me know your availability for this week.

Looking forward to your responses!

Best,  
Karen  
karen52@example.com",yes,no,yes,no,no,no,no,no,no,no,no,no,no,EMAIL_ADDRESS,EMAIL_ADDRESS,1,1,easy,no,none,no,test,yes,openrouter_gpt4o_mini_document,llm_rewrite_v1,no,,,v2,Synthetic document generated for controlled PII training data.,"[{'type': 'EMAIL_ADDRESS', 'value': 'karen52@example.com', 'confidence': 1.0, 'source': 'presidio', 'start': 406, 'end': 425}, {'type': 'URL', 'value': 'example.com', 'confidence': 0.5, 'source': 'presidio', 'start': 414, 'end': 425}, {'type': 'EMAIL_ADDRESS', 'value': 'karen52@example.com', 'confidence': 0.9, 'source': 'custom_regex', 'start': 406, 'end': 425}]","{'EMAIL_ADDRESS': 1.0, 'URL': 0.5}","['EMAIL_ADDRESS', 'URL']",['EMAIL_ADDRESS'],['URL'],True,True,False,local_pii,strong_pii_detected,False,20260909_112021,rule_based,local,rules,regex_presidio_fusion_v1,not_applicable,rules,True
SYN-INTERNAL_EMAIL-0193,synthetic_internal_email_0193.txt,email,internal_email,en,synthetic_generation,,,synthetic,2026-08-28,2026-08-28,2026-08-28,0,"Subject: Important Update: Changes to Our Operational Processes

Dear Team,

We are reaching out to inform you about a significant update regarding our operational processes that will take effect soon. As part of our ongoing efforts to enhance efficiency and adapt to our evolving business landscape, the Operations Team has implemented some changes that impact various departments.

These changes are aimed at streamlining workflows and improving collaboration across teams. We believe that these adjustments will not only foster a more productive environment but also enhance our service delivery.

Key points of the update include:

1. **New Workflow Protocols**: Specific processes will be revised to reflect best practices and ensure consistency across departments.
   
2. **Training Sessions**: We will be hosting a series of training sessions to help everyone understand the new protocols and how they will affect day-to-day operations. Details on the schedule will be shared soon.

3. **Feedback Mechanism**: Your input is invaluable. A feedback platform will be available for you to share your thoughts and suggestions regarding the new processes.

Please stay tuned for further communications with additional details. Your cooperation and adaptability during this transition are greatly appreciated as we work together towards our common goals.

Thank you for your attention and support.

Best regards,

Operations Team",no,no,no,no,no,no,no,no,no,no,no,no,no,,NONE,0,0,easy,no,none,no,test,yes,openrouter_gpt4o_mini_document,llm_rewrite_v1,no,,,v2,Synthetic document generated for controlled PII training data.,[],{},[],[],[],False,False,False,local_non_pii,no_meaningful_signal,False,20260909_112021,rule_based,local,rules,regex_presidio_fusion_v1,not_applicable,rules,False
SYN-INTERNAL_EMAIL-0198,synthetic_internal_email_0198.txt,email,internal_email,de,synthetic_generation,,,synthetic,2026-08-28,2026-08-28,2026-08-28,0,"**Interne Bekanntmachung**

**Betreff:** Änderung der Geschäftsprozesse

**Datum:** 23. Mai 2027

Liebe Kolleginnen und Kollegen,

wir möchten Sie über eine wichtige Änderung in unseren Geschäftsprozessen informieren. Diese Anpassungen sind Teil unserer kontinuierlichen Bemühungen, die Effizienz und Qualität unserer Arbeitsabläufe zu verbessern.

Die neuen Prozesse werden ab dem 1. Juni 2027 in Kraft treten. Es ist entscheidend, dass alle Mitarbeitenden sich mit den aktualisierten Richtlinien vertraut machen, um einen reibungslosen Übergang zu gewährleisten.

Im Rahmen dieser Änderung wird es Schulungen geben, die speziell auf die neuen Abläufe zugeschnitten sind. Weitere Informationen zu Terminen und Inhalten der Schulungen erhalten Sie in den kommenden Tagen von der Personalabteilung.

Wir danken Ihnen für Ihre Kooperation und Ihr Engagement bei der Umsetzung dieser Veränderungen. Bei Fragen oder Anmerkungen wenden Sie sich bitte an die Abteilung für interne Kommunikation.

Mit freundlichen Grüßen,

Ihr Team für interne Kommunikation",no,no,no,no,no,no,no,no,no,no,no,no,no,,NONE,0,0,easy,no,none,no,test,yes,openrouter_gpt4o_mini_document,llm_rewrite_v1,no,,,v2,Synthetic document generated for controlled PII training data.,[],{},[],[],[],False,False,False,local_non_pii,no_meaningful_signal,False,20260909_112021,rule_based,local,rules,regex_presidio_fusion_v1,not_applicable,rules,False
SYN-INTERNAL_EMAIL-0199,synthetic_internal_email_0199.txt,email,internal_email,de,synthetic_generation,,,synthetic,2026-08-28,2026-08-28,2026-08-28,0,"**Interne Ankündigung**

**Betreff:** Änderung der Geschäftsprozesse

**Datum:** 21. August 2026

Liebe Kolleginnen und Kollegen,

wir möchten Sie über eine wichtige Änderung in unseren Geschäftsprozessen informieren, die ab sofort in Kraft tritt. Diese Anpassungen sind Teil unserer kontinuierlichen Bemühungen, die Effizienz und Effektivität unserer Arbeitsabläufe zu steigern.

Das Operations-Team hat in Zusammenarbeit mit den verschiedenen Abteilungen eine Überprüfung der bestehenden Prozesse durchgeführt und dabei Optimierungspotenziale identifiziert. Die neuen Verfahren sind darauf ausgelegt, unsere Abläufe zu vereinfachen und die Zusammenarbeit zwischen den Teams zu verbessern.

Wir bitten alle Mitarbeiter, sich mit den aktualisierten Verfahren vertraut zu machen. Die entsprechenden Dokumentationen sind in unserem internen System verfügbar. Sollten Sie Fragen oder Anregungen haben, zögern Sie bitte nicht, sich an Ihr jeweiliges Team oder an das Operations-Team zu wenden.

Vielen Dank für Ihre Aufmerksamkeit und Ihre Mitarbeit.

Mit freundlichen Grüßen,  
Das Operations-Team",no,no,no,no,no,no,no,no,no,no,no,no,no,,NONE,0,0,easy,no,none,no,test,yes,openrouter_gpt4o_mini_document,llm_rewrite_v1,no,,,v2,Synthetic document generated for controlled PII training data.,[],{},[],[],[],False,False,True,local_non_pii,no_meaningful_signal,False,20260909_112021,rule_based,local,rules,regex_presidio_fusion_v1,not_applicable,rules,False
SYN-INTERNAL_EMAIL-0201,synthetic_internal_email_0201.txt,email,internal_email,en,synthetic_generation,,,synthetic,2026-08-28,2026-08-28,2026-08-28,0,"Internal Email

Sender: Internal Communications
Recipient: Relevant Stakeholders
Subject: Quarterly Planning Follow-Up
Date: 2026-10-01
Body: Information not available
Signature: Signature pending",no,no,no,no,no,no,no,no,no,no,no,no,no,,NONE,0,0,easy,no,none,no,test,yes,faker_archetype_fallback,llm_rewrite_v1_fallback,no,,,v2,Synthetic document generated for controlled PII training data. Relabeled 2026-09-03: standalone URL with no co-occurring identifier does not meet GDPR Art.4(1) identifiability threshold; corrected from positive to negative.,[],{},[],[],[],False,False,True,local_non_pii,no_meaningful_signal,False,20260909_112021,rule_based,local,rules,regex_presidio_fusion_v1,not_applicable,rules,False
SYN-INTERNAL_EMAIL-0211,synthetic_internal_email_0211.txt,email,internal_email,en,synthetic_generation,,,synthetic,2026-08-28,2026-08-28,2026-08-28,0,"Subject: Update on Approval Status

Dear Team,

I hope this message finds you well. I wanted to provide a quick update regarding the approval status of our current initiatives. 

We are in the final stages of review, and I anticipate receiving feedback from the relevant stakeholders shortly. Your continued support and input during this process have been invaluable.

Thank you for your patience, and I will keep you posted on any developments.

Best regards,  
Project Office",no,no,no,no,no,no,no,no,no,no,no,no,no,,NONE,0,0,easy,no,none,no,test,yes,openrouter_gpt4o_mini_document,llm_rewrite_v1,no,,,v2,Synthetic document generated for controlled PII training data.,[],{},[],[],[],False,False,False,local_non_pii,no_meaningful_signal,False,20260909_112021,rule_based,local,rules,regex_presidio_fusion_v1,not_applicable,rules,False
SYN-INTERNAL_EMAIL-0218,synthetic_internal_email_0218.txt,email,internal_email,en,synthetic_generation,,,synthetic,2026-08-28,2026-08-28,2026-08-28,0,"**Internal Announcement**  

**To:** All Staff  
**From:** Operations Team  
**Subject:** Scheduled System Maintenance Notification  
**Date:** March 7, 2026  

Dear Team,  

We would like to inform you about upcoming scheduled maintenance for our internal systems. This essential process will take place on March 14, 2026, from 10:00 PM to 2:00 AM. During this time, access to various applications may be limited, and certain functionalities may be temporarily unavailable.  

The purpose of this maintenance is to enhance our system performance and ensure that our tools remain secure and effective for all users. We appreciate your understanding and cooperation during this period.  

Please make sure to save your work and log out of the system prior to the start of the maintenance window. If you have any questions or require further information, do not hesitate to reach out to the Operations Team.  

Thank you for your attention to this matter.  

Best regards,  
Operations Team",no,no,no,no,no,no,no,no,no,no,no,no,no,,NONE,0,0,easy,no,none,no,test,yes,openrouter_gpt4o_mini_document,llm_rewrite_v1,no,,,v2,Synthetic document generated for controlled PII training data.,[],{},[],[],[],False,False,False,local_non_pii,no_meaningful_signal,False,20260909_112021,rule_based,local,rules,regex_presidio_fusion_v1,not_applicable,rules,False
SYN-INTERNAL_EMAIL-0221,synthetic_internal_email_0221.txt,email,internal_email,en,synthetic_generation,,,synthetic,2026-08-28,2026-08-28,2026-08-28,0,"Subject: Re: Approval Status Update

Hi Team,

I wanted to follow up on the approval status shared earlier regarding our current project. As mentioned in my previous email, the application ID is 180077830954095, and we're still awaiting final confirmation from the compliance department.

If anyone has insights or updates on this, please share them. It’s crucial we keep our timeline on track, especially with the upcoming deadlines for the next phase of development.

Thanks for your attention to this matter!

Best,  
Christine Vasquez",yes,yes,no,no,no,no,yes,no,no,no,no,no,no,PERSON; CREDIT_CARD,MULTIPLE,2,2,easy,no,none,no,test,yes,openrouter_gpt4o_mini_document,llm_rewrite_v1,no,,,v2,Synthetic document generated for controlled PII training data.,"[{'type': 'CREDIT_CARD', 'value': '180077830954095', 'confidence': 1.0, 'source': 'presidio', 'start': 195, 'end': 210}, {'type': 'PERSON', 'value': 'Christine Vasquez', 'confidence': 0.85, 'source': 'presidio', 'start': 521, 'end': 538}, {'type': 'CREDIT_CARD', 'value': '180077830954095', 'confidence': 0.9, 'source': 'custom_regex', 'start': 195, 'end': 210}]","{'CREDIT_CARD': 1.0, 'PERSON': 0.85}","['CREDIT_CARD', 'PERSON']",['CREDIT_CARD'],['PERSON'],True,True,False,local_pii,strong_pii_detected,False,20260909_112021,rule_based,local,rules,regex_presidio_fusion_v1,not_applicable,rules,True
SYN-INTERNAL_EMAIL-0223,synthetic_internal_email_0223.txt,email,internal_email,de,synthetic_generation,,,synthetic,2026-08-28,2026-08-28,2026-08-28,0,"Betreff: Re: Team Schedule Coordination

Hallo zusammen,

vielen Dank für die Informationen zur Koordination der Teampläne. Ich möchte anmerken, dass es hilfreich wäre, wenn wir einen gemeinsamen Kalender einrichten könnten, um die Verfügbarkeit aller Abteilungsmitarbeitenden besser im Blick zu haben. Dies würde die Planung von Meetings und Projekten erheblich erleichtern.

Außerdem schlage ich vor, dass wir in der nächsten Besprechung auch über die aktuellen Projekte und deren Fortschritte sprechen, um sicherzustellen, dass wir alle auf dem gleichen Stand sind.

Lasst mich wissen, ob ihr weitere Punkte habt, die wir besprechen sollten.

Beste Grüße,  
Das Operations-Team",no,no,no,no,no,no,no,no,no,no,no,no,no,,NONE,0,0,easy,no,none,no,test,yes,openrouter_gpt4o_mini_document,llm_rewrite_v1,no,,,v2,Synthetic document generated for controlled PII training data.,[],{},[],[],[],False,False,False,local_non_pii,no_meaningful_signal,False,20260909_112021,rule_based,local,rules,regex_presidio_fusion_v1,not_applicable,rules,False
SYN-INTERNAL_EMAIL-0225,synthetic_internal_email_0225.txt,email,internal_email,en,synthetic_generation,,,synthetic,2026-08-28,2026-08-28,2026-08-28,0,"Subject: Upcoming Workshop Preparation

Hi Team,

I hope this message finds you well. As we prepare for the upcoming workshop, please ensure that all necessary materials and resources are ready by next week. It’s important that we align on the agenda and finalize any presentations.

Let’s aim to have a brief meeting on Thursday to discuss our progress and address any outstanding items. 

Thank you for your cooperation!

Best,  
Operations Team",no,no,no,no,no,no,no,no,no,no,no,no,no,,NONE,0,0,easy,no,none,no,test,yes,openrouter_gpt4o_mini_document,llm_rewrite_v1,no,,,v2,Synthetic document generated for controlled PII training data.,[],{},[],[],[],False,False,True,local_non_pii,no_meaningful_signal,False,20260909_112021,rule_based,local,rules,regex_presidio_fusion_v1,not_applicable,rules,False
SYN-INTERNAL_EMAIL-0231,synthetic_internal_email_0231.txt,email,internal_email,en,synthetic_generation,,,synthetic,2026-08-28,2026-08-28,2026-08-28,0,"Subject: Re: Quarterly Planning Follow-Up

Hi Team,

Thank you for your updates regarding the quarterly planning session. I appreciate everyone’s input as we work towards aligning our objectives for the next quarter.

As we discussed, it’s crucial that we finalize our project timelines and resource allocations by the end of next week. Please ensure that all deliverables are documented and shared with the Project Office by the designated deadline. This will help us streamline our efforts and maintain our momentum.

Additionally, if there are any roadblocks or additional support needed from other departments, don’t hesitate to reach out. Collaboration is key to our success, and we want to ensure everyone has what they need to meet our goals.

Looking forward to your continued contributions!

Best,  
Project Office",no,no,no,no,no,no,no,no,no,no,no,no,no,,NONE,0,0,easy,no,none,no,test,yes,openrouter_gpt4o_mini_document,llm_rewrite_v1,no,,,v2,Synthetic document generated for controlled PII training data.,[],{},[],[],[],False,False,False,local_non_pii,no_meaningful_signal,False,20260909_112021,rule_based,local,rules,regex_presidio_fusion_v1,not_applicable,rules,False
SYN-INTERNAL_EMAIL-0234,synthetic_internal_email_0234.txt,email,internal_email,de,synthetic_generation,,,synthetic,2026-08-28,2026-08-28,2026-08-28,0,"Betreff: Re: Approval Status Update

Hallo zusammen,

vielen Dank für die bisherigen Rückmeldungen zu unserem aktuellen Projekt. Ich wollte ein kurzes Update zum Genehmigungsstatus geben. 

Wir haben alle erforderlichen Unterlagen eingereicht und warten derzeit auf das finale Feedback von der Genehmigungsabteilung. Ich gehe davon aus, dass wir bis Ende der Woche eine Rückmeldung erhalten sollten. 

Bitte zögert nicht, wenn ihr weitere Fragen habt oder zusätzliche Informationen benötigt. 

Beste Grüße,  
Projektbüro",no,no,no,no,no,no,no,no,no,no,no,no,no,,NONE,0,0,easy,no,none,no,test,yes,openrouter_gpt4o_mini_document,llm_rewrite_v1,no,,,v2,Synthetic document generated for controlled PII training data.,[],{},[],[],[],False,False,False,local_non_pii,no_meaningful_signal,False,20260909_112021,rule_based,local,rules,regex_presidio_fusion_v1,not_applicable,rules,False
SYN-INTERNAL_EMAIL-0249,synthetic_internal_email_0249.txt,email,internal_email,de,synthetic_generation,,,synthetic,2026-08-28,2026-08-28,2026-08-28,0,"Betreff: AW: Update zum Genehmigungsstatus

Hallo zusammen,

ich hoffe, es geht euch gut. Ich wollte euch ein kurzes Update zum aktuellen Stand der Genehmigungen für unser neues Projekt geben. Wie bereits erwähnt, benötigen wir die Unterzeichnung für die Dokumente, um mit der nächsten Phase fortfahren zu können.

Bitte denkt daran, dass wir die Genehmigung bis spätestens Ende dieser Woche benötigen, um im Zeitplan zu bleiben. Die Referenznummer für das Projekt lautet 4635727787419814. Falls es noch Fragen oder Unklarheiten gibt, stehe ich jederzeit zur Verfügung.

Vielen Dank für eure Unterstützung!

Beste Grüße,  
Ing. Milena Lindau B.Eng.",yes,yes,no,no,no,no,yes,no,no,no,no,no,no,PERSON; CREDIT_CARD,MULTIPLE,2,2,easy,no,none,no,test,yes,openrouter_gpt4o_mini_document,llm_rewrite_v1,no,,,v2,Synthetic document generated for controlled PII training data.,"[{'type': 'PERSON', 'value': 'Milena Lindau', 'confidence': 0.85, 'source': 'presidio', 'start': 628, 'end': 641}, {'type': 'CREDIT_CARD', 'value': '4635727787419814', 'confidence': 0.9, 'source': 'custom_regex', 'start': 472, 'end': 488}]","{'PERSON': 0.85, 'CREDIT_CARD': 0.9}","['CREDIT_CARD', 'PERSON']",['CREDIT_CARD'],['PERSON'],True,True,False,local_pii,strong_pii_detected,False,20260909_112021,rule_based,local,rules,regex_presidio_fusion_v1,not_applicable,rules,True
SYN-INVOICE-0013,synthetic_invoice_0013.txt,invoice,invoice,de,synthetic_generation,,,synthetic,2026-08-28,2026-08-28,2026-08-28,0,"Rechnung

Lieferant: Dienstleister
Kunde: Firmenkunde
Kontakt: Serviceteam
Rechnungsnummer: REF-1912511
Rechnungsdatum: 2026-03-26
Rechnungsadresse: Rechnungsdaten hinterlegt
Line Items: 1. Beratung zur Prozessoptimierung: Analyse der bestehenden Abläufe und Entwicklung maßgeschneiderter Lösungen zur Effizienzsteigerung. 200,00 EUR
2. Schulung der Mitarbeiter: Durchführung von Workshops zur Anwendung neuer Software-Tools zur Verbesserung der Arbeitsabläufe. 300,00 EUR
3. IT-Support: Bereitstellung von technischem Support und Wartung für die Dauer von einem Monat, einschließlich Fehlerbehebung und Systemupdates. 161,00 EUR
Betrag: 661.00 EUR
Steuernummer: REF-8562123
Zahlungsdaten: Zahlungsbedingungen hinterlegt",no,no,no,no,no,no,no,no,no,no,no,no,no,,NONE,0,0,easy,no,none,no,test,yes,openrouter_gpt4o_mini_field,field_llm_v1,no,,,v2,Synthetic document generated for controlled PII training data.,[],{},[],[],[],False,False,True,local_non_pii,no_meaningful_signal,False,20260909_112021,rule_based,local,rules,regex_presidio_fusion_v1,not_applicable,rules,False
SYN-INVOICE-0016,synthetic_invoice_0016.txt,invoice,invoice,en,synthetic_generation,,,synthetic,2026-08-28,2026-08-28,2026-08-28,0,"Invoice

Supplier: Vendor
Customer: Business Client
Contact: Service Team
Invoice Number: REF-1117138
Invoice Date: 2026-07-14
Billing Address: Billing details on file
Line Items: 1. Consulting Services - Project A (July 2026) - 200.00 EUR
2. Software License Renewal - 59.00 EUR

Total Amount: 259.00 EUR
Amount: 259.00 EUR
Tax Id: REF-2214617
Payment Details: Payment terms on file",no,no,no,no,no,no,no,no,no,no,no,no,no,,NONE,0,0,easy,no,none,no,test,yes,openrouter_gpt4o_mini_field,field_llm_v1,no,,,v2,Synthetic document generated for controlled PII training data.,[],{},[],[],[],False,False,True,local_non_pii,no_meaningful_signal,False,20260909_112021,rule_based,local,rules,regex_presidio_fusion_v1,not_applicable,rules,False
SYN-INVOICE-0034,synthetic_invoice_0034.txt,invoice,invoice,en,synthetic_generation,,,synthetic,2026-08-28,2026-08-28,2026-08-28,0,"Invoice

Supplier: Service Provider
Customer: Corporate Customer
Contact: Central Contact Point
Invoice Number: REF-8286846
Invoice Date: 2026-03-04
Billing Address: Billing details on file
Line Items: 1. Consulting Services for March 2026 - 150.00 EUR
   Description: Comprehensive consultation covering project management and strategic planning.
   Tax ID: REF-7214817
   Payment terms: Standard corporate payment process.
Amount: 150.00 EUR
Tax Id: REF-7214817
Payment Details: Standard corporate payment process",no,no,no,no,no,no,no,no,no,no,no,no,no,,NONE,0,0,easy,no,none,no,test,yes,openrouter_gpt4o_mini_field,field_llm_v1,no,,,v2,Synthetic document generated for controlled PII training data.,[],{},[],[],[],False,False,True,local_non_pii,no_meaningful_signal,False,20260909_112021,rule_based,local,rules,regex_presidio_fusion_v1,not_applicable,rules,False
SYN-INVOICE-0036,synthetic_invoice_0036.txt,invoice,invoice,de,synthetic_generation,,,synthetic,2026-08-28,2026-08-28,2026-08-28,0,"Rechnung

Lieferant: Anbieter
Kunde: Kundenorganisation
Kontakt: Zentrale Kontaktstelle
Rechnungsnummer: REF-5345427
Rechnungsdatum: 2025-10-05
Rechnungsadresse: Geschäftliche Rechnungsadresse
Line Items: 1. Dienstleistung A - Beratungsleistungen für die Monate September und Oktober 2025 - 200,00 EUR
2. Produkt B - Softwarelizenz für das Jahr 2025 - 130,00 EUR
3. Service C - Technischer Support - 0,00 EUR
Betrag: 330.00 EUR
Steuernummer: REF-3421115
Zahlungsdaten: Standardmäßiger geschäftlicher Zahlungsprozess",no,no,no,no,no,no,no,no,no,no,no,no,no,,NONE,0,0,easy,no,none,no,test,yes,openrouter_gpt4o_mini_field,field_llm_v1,no,,,v2,Synthetic document generated for controlled PII training data.,[],{},[],[],[],False,False,False,local_non_pii,no_meaningful_signal,False,20260909_112021,rule_based,local,rules,regex_presidio_fusion_v1,not_applicable,rules,False
SYN-INVOICE-0053,synthetic_invoice_0053.txt,invoice,invoice,en,synthetic_generation,,,synthetic,2026-08-28,2026-08-28,2026-08-28,0,"Invoice

Supplier: Service Provider
Customer: Bryan Daniel
Contact: cbrown@example.com
Invoice Number: REF-3500060
Invoice Date: 2026-01-17
Billing Address: Corporate billing address
Line Items: 1. Consulting Services - Project Management for Q1 2026: 500.00 EUR
2. Software Development - Custom Application Features: 250.00 EUR

Total: 750.00 EUR

For inquiries, please contact Bryan Daniel at cbrown@example.com.
Amount: 750.00 EUR
Tax Id: REF-4877354
Payment Details: Payment terms on file",yes,yes,yes,no,no,no,no,no,no,no,no,no,no,PERSON; EMAIL_ADDRESS,MULTIPLE,2,2,easy,no,none,no,test,yes,openrouter_gpt4o_mini_field,field_llm_v1,no,,,v2,Synthetic document generated for controlled PII training data.,"[{'type': 'EMAIL_ADDRESS', 'value': 'cbrown@example.com', 'confidence': 1.0, 'source': 'presidio', 'start': 68, 'end': 86}, {'type': 'EMAIL_ADDRESS', 'value': 'cbrown@example.com', 'confidence': 1.0, 'source': 'presidio', 'start': 395, 'end': 413}, {'type': 'DATE_TIME', 'value': '2026-01-17', 'confidence': 0.95, 'source': 'presidio', 'start': 129, 'end': 139}, {'type': 'PERSON', 'value': 'Bryan Daniel\nContact', 'confidence': 0.85, 'source': 'presidio', 'start': 46, 'end': 66}, {'type': 'PERSON', 'value': 'Bryan Daniel', 'confidence': 0.85, 'source': 'presidio', 'start': 379, 'end': 391}, {'type': 'URL', 'value': 'example.com', 'confidence': 0.5, 'source': 'presidio', 'start': 75, 'end': 86}, {'type': 'URL', 'value': 'example.com', 'confidence': 0.5, 'source': 'presidio', 'start': 402, 'end': 413}, {'type': 'EMAIL_ADDRESS', 'value': 'cbrown@example.com', 'confidence': 0.9, 'source': 'custom_regex', 'start': 68, 'end': 86}, {'type': 'EMAIL_ADDRESS', 'value': 'cbrown@example.com', 'confidence': 0.9, 'source': 'custom_regex', 'start': 395, 'end': 413}]","{'EMAIL_ADDRESS': 1.0, 'DATE_TIME': 0.95, 'PERSON': 0.85, 'URL': 0.5}","['DATE_TIME', 'EMAIL_ADDRESS', 'PERSON', 'URL']",['EMAIL_ADDRESS'],"['DATE_TIME', 'PERSON', 'URL']",True,True,True,local_pii,strong_pii_detected,False,20260909_112021,rule_based,local,rules,regex_presidio_fusion_v1,not_applicable,rules,True
SYN-INVOICE-0058,synthetic_invoice_0058.txt,invoice,invoice,en,synthetic_generation,,,synthetic,2026-08-28,2026-08-28,2026-08-28,0,"Invoice

Supplier: Supplier Organization
Customer: Business Client
Contact: Central Contact Point
Invoice Number: REF-4877354
Invoice Date: 2026-03-24
Billing Address: Billing details on file
Line Items: 1. Consulting Services - Strategic Planning Session (Date: 2026-03-15) - 150.00 EUR
2. Software Development - Custom Application Development (Date: 2026-03-18) - 164.00 EUR
Amount: 314.00 EUR
Tax Id: REF-3392507
Payment Details: Payment terms on file",no,no,no,no,no,no,no,no,no,no,no,no,no,,NONE,0,0,easy,no,none,no,test,yes,openrouter_gpt4o_mini_field,field_llm_v1,no,,,v2,Synthetic document generated for controlled PII training data.,[],{},[],[],[],False,False,True,local_non_pii,no_meaningful_signal,False,20260909_112021,rule_based,local,rules,regex_presidio_fusion_v1,not_applicable,rules,False
SYN-INVOICE-0065,synthetic_invoice_0065.txt,invoice,invoice,en,synthetic_generation,,,synthetic,2026-08-28,2026-08-28,2026-08-28,0,"Invoice

Supplier: Service Provider
Customer: Business Client
Contact: Department Contact
Invoice Number: REF-4632832
Invoice Date: 2026-01-19
Billing Address: Corporate billing address
Line Items: 1. Web Development Services - Design and implementation of corporate website. Amount: 600.00 EUR
2. Monthly IT Support - Ongoing technical support and maintenance. Amount: 200.00 EUR
3. Software License - Annual license fee for business management software. Amount: 33.00 EUR
Amount: 833.00 EUR
Tax Id: REF-2184056
Payment Details: Standard corporate payment process",no,no,no,no,no,no,no,no,no,no,no,no,no,,NONE,0,0,easy,no,none,no,test,yes,openrouter_gpt4o_mini_field,field_llm_v1,no,,,v2,Synthetic document generated for controlled PII training data.,[],{},[],[],[],False,False,True,local_non_pii,no_meaningful_signal,False,20260909_112021,rule_based,local,rules,regex_presidio_fusion_v1,not_applicable,rules,False
SYN-INVOICE-0066,synthetic_invoice_0066.txt,invoice,invoice,de,synthetic_generation,,,synthetic,2026-08-28,2026-08-28,2026-08-28,0,"Rechnung

Lieferant: Anbieter
Kunde: Geschäftskunde
Kontakt: Abteilungskontakt
Rechnungsnummer: REF-8810125
Rechnungsdatum: 2027-04-23
Rechnungsadresse: Rechnungsdaten hinterlegt
Line Items: Beratung über digitale Marketingstrategien - 10 Stunden à 75,00 EUR
Entwicklung einer maßgeschneiderten Website - Pauschalbetrag 300,00 EUR
Schulung zur Nutzung von CRM-Software - 5 Stunden à 50,00 EUR
Monatliche Wartung und Support für IT-Systeme - 3 Monate à 80,00 EUR
Betrag: 745.00 EUR
Steuernummer: REF-6013317
Zahlungsdaten: Zahlungsbedingungen hinterlegt",no,no,no,no,no,no,no,no,no,no,no,no,no,,NONE,0,0,easy,no,none,no,test,yes,openrouter_gpt4o_mini_field,field_llm_v1,no,,,v2,Synthetic document generated for controlled PII training data.,[],{},[],[],[],False,False,False,local_non_pii,no_meaningful_signal,False,20260909_112021,rule_based,local,rules,regex_presidio_fusion_v1,not_applicable,rules,False
SYN-INVOICE-0068,synthetic_invoice_0068.txt,invoice,invoice,en,synthetic_generation,,,synthetic,2026-08-28,2026-08-28,2026-08-28,0,"Invoice

Supplier: Supplier Organization
Customer: Customer Organization
Contact: Central Contact Point
Invoice Number: REF-7904751
Invoice Date: 2027-01-14
Billing Address: Corporate billing address
Line Items: 1. Product A - 50 units @ 4.00 EUR each - 200.00 EUR
2. Service B - Consulting hours - 5 hours @ 8.60 EUR each - 43.00 EUR
3. Shipping and Handling - Flat rate - 0.00 EUR

Total Amount: 243.00 EUR

Tax ID: REF-6888855
Amount: 243.00 EUR
Tax Id: REF-6888855
Payment Details: Payment terms on file",no,no,no,no,no,no,no,no,no,no,no,no,no,,NONE,0,0,easy,no,none,no,test,yes,openrouter_gpt4o_mini_field,field_llm_v1,no,,,v2,Synthetic document generated for controlled PII training data.,"[{'type': 'PERSON', 'value': 'REF-6888855\nPayment Details', 'confidence': 0.85, 'source': 'presidio', 'start': 457, 'end': 484}]",{'PERSON': 0.85},['PERSON'],[],['PERSON'],False,True,True,low_cost_llm,potential_pii_evidence,True,20260909_112021,rule_based,local,rules,regex_presidio_fusion_v1,not_applicable,rules,False
SYN-INVOICE-0070,synthetic_invoice_0070.txt,invoice,invoice,en,synthetic_generation,,,synthetic,2026-08-28,2026-08-28,2026-08-28,0,"Invoice

Supplier: Vendor
Customer: Business Client
Contact: Central Contact Point
Invoice Number: REF-2184056
Invoice Date: 2025-07-20
Billing Address: Corporate billing address
Line Items: This invoice includes services rendered by Vendor to Business Client, covering project deliverables and consulting hours accounted for during the billing period. The total amount due is 778.00 EUR, with reference to invoice number REF-2184056, dated 2025-07-20. The invoice is compliant with tax ID REF-8571371, adhering to the standard corporate payment process.
Amount: 778.00 EUR
Tax Id: REF-8571371
Payment Details: Standard corporate payment process",no,no,no,no,no,no,no,no,no,no,no,no,no,,NONE,0,0,easy,no,none,no,test,yes,openrouter_gpt4o_mini_field,field_llm_v1,no,,,v2,Synthetic document generated for controlled PII training data.,[],{},[],[],[],False,False,True,local_non_pii,no_meaningful_signal,False,20260909_112021,rule_based,local,rules,regex_presidio_fusion_v1,not_applicable,rules,False
SYN-INVOICE-0073,synthetic_invoice_0073.txt,invoice,invoice,en,synthetic_generation,,,synthetic,2026-08-28,2026-08-28,2026-08-28,0,"Invoice

Supplier: Vendor
Customer: Customer Organization
Contact: Sharon Campbell
Invoice Number: REF-6888855
Invoice Date: 2026-11-16
Billing Address: Billing details on file
Line Items: 1. Consulting Services: Strategic planning session conducted on 2026-11-10, totaling 300.00 EUR. 2. Software License: Annual subscription fee for the software used by Customer Organization, amounting to 247.00 EUR. Total amount due: 547.00 EUR. Payment can be processed via bank transfer to account GB15BPSP40366223511171.
Amount: 547.00 EUR
Tax Id: REF-7868263
Payment Details: GB15BPSP40366223511171",yes,yes,no,no,no,yes,no,no,no,no,no,no,no,PERSON; IBAN_CODE,MULTIPLE,2,2,easy,no,none,no,test,yes,openrouter_gpt4o_mini_field,field_llm_v1,no,,,v2,Synthetic document generated for controlled PII training data.,"[{'type': 'IBAN_CODE', 'value': 'GB15BPSP40366223511171', 'confidence': 1.0, 'source': 'presidio', 'start': 488, 'end': 510}, {'type': 'IBAN_CODE', 'value': 'GB15BPSP40366223511171', 'confidence': 1.0, 'source': 'presidio', 'start': 568, 'end': 590}, {'type': 'DATE_TIME', 'value': '2026-11-16', 'confidence': 0.95, 'source': 'presidio', 'start': 125, 'end': 135}, {'type': 'PERSON', 'value': 'Sharon Campbell', 'confidence': 0.85, 'source': 'presidio', 'start': 67, 'end': 82}, {'type': 'DATE_TIME', 'value': '2026-11-10', 'confidence': 0.85, 'source': 'presidio', 'start': 253, 'end': 263}, {'type': 'IBAN_CODE', 'value': 'GB15BPSP40366223511171', 'confidence': 0.9, 'source': 'custom_regex', 'start': 488, 'end': 510}, {'type': 'IBAN_CODE', 'value': 'GB15BPSP40366223511171', 'confidence': 0.9, 'source': 'custom_regex', 'start': 568, 'end': 590}]","{'IBAN_CODE': 1.0, 'DATE_TIME': 0.95, 'PERSON': 0.85}","['DATE_TIME', 'IBAN_CODE', 'PERSON']",['IBAN_CODE'],"['DATE_TIME', 'PERSON']",True,True,True,local_pii,strong_pii_detected,False,20260909_112021,rule_based,local,rules,regex_presidio_fusion_v1,not_applicable,rules,True
SYN-INVOICE-0091,synthetic_invoice_0091.txt,invoice,invoice,de,synthetic_generation,,,synthetic,2026-08-28,2026-08-28,2026-08-28,0,"Rechnung

Lieferant: Dienstleister
Kunde: Geschäftskunde
Kontakt: Kreszenz Stahr-Kaul
Rechnungsnummer: REF-5673479
Rechnungsdatum: 2025-02-18
Rechnungsadresse: Geschäftliche Rechnungsadresse
Line Items: 1. Dienstleistung A - Beratung: 200,00 EUR
2. Dienstleistung B - Projektmanagement: 150,00 EUR
3. Dienstleistung C - Schulung: 131,00 EUR

Kundennummer: Kreszenz Stahr-Kaul
Zahlungsreferenz: 2720683052232038
Betrag: 481.00 EUR
Steuernummer: REF-3150220
Zahlungsdaten: 2720683052232038",yes,yes,no,no,no,no,yes,no,no,no,no,no,no,PERSON; CREDIT_CARD,MULTIPLE,2,2,easy,no,none,no,test,yes,openrouter_gpt4o_mini_field,field_llm_v1,no,,,v2,Synthetic document generated for controlled PII training data.,"[{'type': 'PERSON', 'value': 'Kreszenz Stahr-Kaul', 'confidence': 0.85, 'source': 'presidio', 'start': 66, 'end': 85}, {'type': 'LOCATION', 'value': 'Kreszenz Stahr-Kaul', 'confidence': 0.85, 'source': 'presidio', 'start': 356, 'end': 375}, {'type': 'DATE_TIME', 'value': '2025-02-18', 'confidence': 0.6, 'source': 'presidio', 'start': 131, 'end': 141}, {'type': 'CREDIT_CARD', 'value': '2720683052232038', 'confidence': 0.9, 'source': 'custom_regex', 'start': 394, 'end': 410}, {'type': 'CREDIT_CARD', 'value': '2720683052232038', 'confidence': 0.9, 'source': 'custom_regex', 'start': 471, 'end': 487}]","{'PERSON': 0.85, 'LOCATION': 0.85, 'DATE_TIME': 0.6, 'CREDIT_CARD': 0.9}","['CREDIT_CARD', 'DATE_TIME', 'LOCATION', 'PERSON']",['CREDIT_CARD'],"['PERSON', 'LOCATION', 'DATE_TIME']",True,True,False,local_pii,strong_pii_detected,False,20260909_112021,rule_based,local,rules,regex_presidio_fusion_v1,not_applicable,rules,True
SYN-INVOICE-0092,synthetic_invoice_0092.txt,invoice,invoice,en,synthetic_generation,,,synthetic,2026-08-28,2026-08-28,2026-08-28,0,"Invoice

Supplier: Supplier Organization
Customer: Customer Organization
Contact: Service Team
Invoice Number: REF-3689206
Invoice Date: 2024-11-28
Billing Address: Corporate billing address
Line Items: 1. Consulting Services for Project Management - 10 hours at €75.00/hour, totaling €750.00. 2. Technical Support for Software Implementation - 5 hours at €60.00/hour, totaling €300.00. 3. Training Session for Staff - 2 sessions at €200.00/session, totaling €400.00. Total services rendered: €1,450.00.
Amount: 151.00 EUR
Tax Id: REF-5284097
Payment Details: Standard corporate payment process",no,no,no,no,no,no,no,no,no,no,no,no,no,,NONE,0,0,easy,no,none,no,test,yes,openrouter_gpt4o_mini_field,field_llm_v1,no,,,v2,Synthetic document generated for controlled PII training data.,[],{},[],[],[],False,False,True,local_non_pii,no_meaningful_signal,False,20260909_112021,rule_based,local,rules,regex_presidio_fusion_v1,not_applicable,rules,False
SYN-INVOICE-0104,synthetic_invoice_0104.txt,invoice,invoice,de,synthetic_generation,,,synthetic,2026-08-28,2026-08-28,2026-08-28,0,"Rechnung

Lieferant: Dienstleister
Kunde: Firmenkunde
Kontakt: Serviceteam
Rechnungsnummer: REF-6516897
Rechnungsdatum: 2026-06-05
Rechnungsadresse: Rechnungsdaten hinterlegt
Line Items: 1. Dienstleistung A - 300.00 EUR
2. Dienstleistung B - 200.00 EUR
3. Dienstleistung C - 160.00 EUR
4. Dienstleistung D - 0.00 EUR

Gesamtbetrag: 660.00 EUR (inkl. MwSt.)
Betrag: 660.00 EUR
Steuernummer: REF-3579527
Zahlungsdaten: Zahlungsbedingungen hinterlegt",no,no,no,no,no,no,no,no,no,no,no,no,no,,NONE,0,0,easy,no,none,no,test,yes,openrouter_gpt4o_mini_field,field_llm_v1,no,,,v2,Synthetic document generated for controlled PII training data.,[],{},[],[],[],False,False,False,local_non_pii,no_meaningful_signal,False,20260909_112021,rule_based,local,rules,regex_presidio_fusion_v1,not_applicable,rules,False
SYN-INVOICE-0108,synthetic_invoice_0108.txt,invoice,invoice,en,synthetic_generation,,,synthetic,2026-08-28,2026-08-28,2026-08-28,0,"Invoice

Supplier: Vendor
Customer: Customer Organization
Contact: Department Contact
Invoice Number: REF-3072270
Invoice Date: 2027-03-15
Billing Address: Corporate billing address
Line Items: 1. Consulting Services - Project A: 20 hours @ 50.00 EUR/hour - Total: 1,000.00 EUR
2. Software License - Annual Fee: 1 license @ 500.00 EUR - Total: 500.00 EUR
3. Technical Support - 3-month subscription: Total: 150.00 EUR
4. Training Session - Onsite: 3 participants @ 100.00 EUR/participant - Total: 300.00 EUR

Subtotal: 1,950.00 EUR
Discount: 1,386.00 EUR

Total Amount Due: 564.00 EUR
Amount: 564.00 EUR
Tax Id: REF-4294576
Payment Details: Payment terms on file",no,no,no,no,no,no,no,no,no,no,no,no,no,,NONE,0,0,easy,no,none,no,test,yes,openrouter_gpt4o_mini_field,field_llm_v1,no,,,v2,Synthetic document generated for controlled PII training data.,[],{},[],[],[],False,False,True,local_non_pii,no_meaningful_signal,False,20260909_112021,rule_based,local,rules,regex_presidio_fusion_v1,not_applicable,rules,False
SYN-INVOICE-0113,synthetic_invoice_0113.txt,invoice,invoice,de,synthetic_generation,,,synthetic,2026-08-28,2026-08-28,2026-08-28,0,"Rechnung

Lieferant: Lieferantenorganisation
Kunde: Folkert Trupp
Kontakt: Zentrale Kontaktstelle
Rechnungsnummer: REF-4294576
Rechnungsdatum: 2027-08-18
Rechnungsadresse: Rechnungsdaten hinterlegt
Line Items: Folkert Trupp, Rechnungsnummer: REF-4294576, Zahlungsdetails: 4165216703147, Betrag: 455,00 EUR, Steuernummer: REF-6670919, Rechnungsdatum: 2027-08-18.
Betrag: 455.00 EUR
Steuernummer: REF-6670919
Zahlungsdaten: 4165216703147",yes,yes,no,no,no,no,yes,no,no,no,no,no,no,PERSON; CREDIT_CARD,MULTIPLE,2,2,easy,no,none,no,test,yes,openrouter_gpt4o_mini_field,field_llm_v1,no,,,v2,Synthetic document generated for controlled PII training data.,"[{'type': 'PERSON', 'value': 'Folkert Trupp', 'confidence': 0.85, 'source': 'presidio', 'start': 52, 'end': 65}, {'type': 'PERSON', 'value': 'Folkert Trupp', 'confidence': 0.85, 'source': 'presidio', 'start': 210, 'end': 223}, {'type': 'DATE_TIME', 'value': '2027-08-18', 'confidence': 0.6, 'source': 'presidio', 'start': 143, 'end': 153}, {'type': 'DATE_TIME', 'value': '2027-08-18', 'confidence': 0.6, 'source': 'presidio', 'start': 350, 'end': 360}, {'type': 'CREDIT_CARD', 'value': '4165216703147', 'confidence': 0.9, 'source': 'custom_regex', 'start': 272, 'end': 285}, {'type': 'CREDIT_CARD', 'value': '4165216703147', 'confidence': 0.9, 'source': 'custom_regex', 'start': 422, 'end': 435}]","{'PERSON': 0.85, 'DATE_TIME': 0.6, 'CREDIT_CARD': 0.9}","['CREDIT_CARD', 'DATE_TIME', 'PERSON']",['CREDIT_CARD'],"['PERSON', 'DATE_TIME']",True,True,False,local_pii,strong_pii_detected,False,20260909_112021,rule_based,local,rules,regex_presidio_fusion_v1,not_applicable,rules,True
SYN-INVOICE-0114,synthetic_invoice_0114.txt,invoice,invoice,de,synthetic_generation,,,synthetic,2026-08-28,2026-08-28,2026-08-28,0,"Rechnung

Lieferant: Anbieter
Kunde: Firmenkunde
Kontakt: Abteilungskontakt
Rechnungsnummer: REF-2146351
Rechnungsdatum: 2027-07-25
Rechnungsadresse: Rechnungsdaten hinterlegt
Line Items: 1. Produkt A - 2 Stück à 150,00 EUR
2. Dienstleistung B - 1 Einheit à 66,00 EUR
Gesamtbetrag: 366,00 EUR
Betrag: 366.00 EUR
Steuernummer: REF-7823112
Zahlungsdaten: Zahlungsbedingungen hinterlegt",no,no,no,no,no,no,no,no,no,no,no,no,no,,NONE,0,0,easy,no,none,no,test,yes,openrouter_gpt4o_mini_field,field_llm_v1,no,,,v2,Synthetic document generated for controlled PII training data.,[],{},[],[],[],False,False,False,local_non_pii,no_meaningful_signal,False,20260909_112021,rule_based,local,rules,regex_presidio_fusion_v1,not_applicable,rules,False
SYN-INVOICE-0120,synthetic_invoice_0120.txt,invoice,invoice,en,synthetic_generation,,,synthetic,2026-08-28,2026-08-28,2026-08-28,0,"Invoice

Supplier: Service Provider
Customer: Shawn Wolf
Contact: Service Team
Invoice Number: REF-3958093
Invoice Date: 2025-07-16
Billing Address: Corporate billing address
Line Items: 1. Consulting Services - 20 hours at 24.95 EUR/hour: 499.00 EUR (Invoice REF-3958093). Payment due by 2025-08-16. Contact: Service Team. Card: 3532519920803764.
Amount: 499.00 EUR
Tax Id: REF-8197762
Payment Details: 3532519920803764",yes,yes,no,no,no,no,yes,no,no,no,no,no,no,PERSON; CREDIT_CARD,MULTIPLE,2,2,easy,no,none,no,test,yes,openrouter_gpt4o_mini_field,field_llm_v1,no,,,v2,Synthetic document generated for controlled PII training data.,"[{'type': 'CREDIT_CARD', 'value': '3532519920803764', 'confidence': 1.0, 'source': 'presidio', 'start': 330, 'end': 346}, {'type': 'CREDIT_CARD', 'value': '3532519920803764', 'confidence': 1.0, 'source': 'presidio', 'start': 404, 'end': 420}, {'type': 'DATE_TIME', 'value': '2025-07-16', 'confidence': 0.95, 'source': 'presidio', 'start': 121, 'end': 131}, {'type': 'PERSON', 'value': 'Shawn Wolf\nContact: Service Team', 'confidence': 0.85, 'source': 'presidio', 'start': 46, 'end': 78}, {'type': 'DATE_TIME', 'value': '20 hours', 'confidence': 0.85, 'source': 'presidio', 'start': 212, 'end': 220}, {'type': 'DATE_TIME', 'value': '24.95 EUR/hour', 'confidence': 0.85, 'source': 'presidio', 'start': 224, 'end': 238}, {'type': 'CREDIT_CARD', 'value': '3532519920803764', 'confidence': 0.9, 'source': 'custom_regex', 'start': 330, 'end': 346}, {'type': 'CREDIT_CARD', 'value': '3532519920803764', 'confidence': 0.9, 'source': 'custom_regex', 'start': 404, 'end': 420}]","{'CREDIT_CARD': 1.0, 'DATE_TIME': 0.95, 'PERSON': 0.85}","['CREDIT_CARD', 'DATE_TIME', 'PERSON']",['CREDIT_CARD'],"['DATE_TIME', 'PERSON']",True,True,True,local_pii,strong_pii_detected,False,20260909_112021,rule_based,local,rules,regex_presidio_fusion_v1,not_applicable,rules,True
SYN-INVOICE-0121,synthetic_invoice_0121.txt,invoice,invoice,en,synthetic_generation,,,synthetic,2026-08-28,2026-08-28,2026-08-28,0,"Invoice

Supplier: Service Provider
Customer: Customer Organization
Contact: Central Contact Point
Invoice Number: REF-5951420
Invoice Date: 2026-12-10
Billing Address: Billing details on file
Line Items: 1. Consulting Services - Strategic planning consultation for Q4 2026: 300.00 EUR
2. Software License - Annual subscription for productivity software: 159.00 EUR
3. Support Services - Technical support for system integration: 0.00 EUR
Amount: 459.00 EUR
Tax Id: REF-2493956
Payment Details: Payment terms on file",no,no,no,no,no,no,no,no,no,no,no,no,no,,NONE,0,0,easy,no,none,no,test,yes,openrouter_gpt4o_mini_field,field_llm_v1,no,,,v2,Synthetic document generated for controlled PII training data.,"[{'type': 'NRP', 'value': 'REF-5951420', 'confidence': 0.85, 'source': 'presidio', 'start': 115, 'end': 126}]",{'NRP': 0.85},['NRP'],[],['NRP'],False,True,True,low_cost_llm,potential_pii_evidence,True,20260909_112021,rule_based,local,rules,regex_presidio_fusion_v1,not_applicable,rules,False
SYN-INVOICE-0129,synthetic_invoice_0129.txt,invoice,invoice,en,synthetic_generation,,,synthetic,2026-08-28,2026-08-28,2026-08-28,0,"Invoice

Supplier: Supplier Organization
Customer: Corporate Customer
Contact: Department Contact
Invoice Number: REF-9636612
Invoice Date: 2025-05-08
Billing Address: Corporate billing address
Line Items: 1. Consulting Services for April 2025: Strategic planning and project management advice provided to optimize operational efficiency. Total: 250.00 EUR

2. IT Support Services: Technical assistance and troubleshooting for software systems utilized by Corporate Customer during the month of April 2025. Total: 100.00 EUR

3. Training Session: Conducted a workshop on effective team collaboration tools for the staff of Corporate Customer. Total: 61.00 EUR
Amount: 411.00 EUR
Tax Id: REF-1274234
Payment Details: Payment terms on file",no,no,no,no,no,no,no,no,no,no,no,no,no,,NONE,0,0,easy,no,none,no,test,yes,openrouter_gpt4o_mini_field,field_llm_v1,no,,,v2,Synthetic document generated for controlled PII training data.,[],{},[],[],[],False,False,True,local_non_pii,no_meaningful_signal,False,20260909_112021,rule_based,local,rules,regex_presidio_fusion_v1,not_applicable,rules,False
SYN-INVOICE-0130,synthetic_invoice_0130.txt,invoice,invoice,en,synthetic_generation,,,synthetic,2026-08-28,2026-08-28,2026-08-28,0,"Invoice

Supplier: Supplier Organization
Customer: Carl Andrade
Contact: Central Contact Point
Invoice Number: REF-4899598
Invoice Date: 2026-08-08
Billing Address: Billing details on file
Line Items: 1. Consulting Services: Professional services rendered for project management and strategy development. Amount: 36.00 EUR. Invoice Number: REF-4899598. Payment Method: Card ending in 4419617807148760.
Amount: 36.00 EUR
Tax Id: REF-4646392
Payment Details: 4419617807148760",yes,yes,no,no,no,no,yes,no,no,no,no,no,no,PERSON; CREDIT_CARD,MULTIPLE,2,2,easy,no,none,no,test,yes,openrouter_gpt4o_mini_field,field_llm_v1,no,,,v2,Synthetic document generated for controlled PII training data.,"[{'type': 'CREDIT_CARD', 'value': '4419617807148760', 'confidence': 1.0, 'source': 'presidio', 'start': 384, 'end': 400}, {'type': 'CREDIT_CARD', 'value': '4419617807148760', 'confidence': 1.0, 'source': 'presidio', 'start': 457, 'end': 473}, {'type': 'DATE_TIME', 'value': '2026-08-08', 'confidence': 0.95, 'source': 'presidio', 'start': 137, 'end': 147}, {'type': 'PERSON', 'value': 'Carl Andrade', 'confidence': 0.85, 'source': 'presidio', 'start': 51, 'end': 63}, {'type': 'CREDIT_CARD', 'value': '4419617807148760', 'confidence': 0.9, 'source': 'custom_regex', 'start': 384, 'end': 400}, {'type': 'CREDIT_CARD', 'value': '4419617807148760', 'confidence': 0.9, 'source': 'custom_regex', 'start': 457, 'end': 473}]","{'CREDIT_CARD': 1.0, 'DATE_TIME': 0.95, 'PERSON': 0.85}","['CREDIT_CARD', 'DATE_TIME', 'PERSON']",['CREDIT_CARD'],"['DATE_TIME', 'PERSON']",True,True,True,local_pii,strong_pii_detected,False,20260909_112021,rule_based,local,rules,regex_presidio_fusion_v1,not_applicable,rules,True
SYN-INVOICE-0140,synthetic_invoice_0140.txt,invoice,invoice,de,synthetic_generation,,,synthetic,2026-08-28,2026-08-28,2026-08-28,0,"Rechnung

Lieferant: Lieferantenorganisation
Kunde: Firmenkunde
Kontakt: Serviceteam
Rechnungsnummer: REF-3368633
Rechnungsdatum: 2025-05-04
Rechnungsadresse: Geschäftliche Rechnungsadresse
Line Items: Position 1: Beratung zu IT-Lösungen - 20.00 EUR
Position 2: Software-Lizenzgebühr - 30.00 EUR
Gesamtbetrag: 50.00 EUR
Betrag: 50.00 EUR
Steuernummer: REF-7431059
Zahlungsdaten: Standardmäßiger geschäftlicher Zahlungsprozess",no,no,no,no,no,no,no,no,no,no,no,no,no,,NONE,0,0,easy,no,none,no,test,yes,openrouter_gpt4o_mini_field,field_llm_v1,no,,,v2,Synthetic document generated for controlled PII training data.,"[{'type': 'LOCATION', 'value': 'Software-Lizenzgebühr', 'confidence': 0.85, 'source': 'presidio', 'start': 262, 'end': 283}, {'type': 'DATE_TIME', 'value': '2025-05-04', 'confidence': 0.6, 'source': 'presidio', 'start': 130, 'end': 140}]","{'LOCATION': 0.85, 'DATE_TIME': 0.6}","['DATE_TIME', 'LOCATION']",[],[],False,False,False,local_non_pii,no_meaningful_signal,False,20260909_112021,rule_based,local,rules,regex_presidio_fusion_v1,not_applicable,rules,False
SYN-INVOICE-0149,synthetic_invoice_0149.txt,invoice,invoice,de,synthetic_generation,,,synthetic,2026-08-28,2026-08-28,2026-08-28,0,"Rechnung

Lieferant: Anbieter
Kunde: Firmenkunde
Kontakt: Abteilungskontakt
Rechnungsnummer: REF-8217203
Rechnungsdatum: 2025-10-11
Rechnungsadresse: Rechnungsdaten hinterlegt
Line Items: 1. Produkt A - 200,00 EUR
2. Dienstleistung B - 150,00 EUR
3. Zubehör C - 86,00 EUR
Betrag: 436.00 EUR
Steuernummer: REF-3418328
Zahlungsdaten: Zahlungsbedingungen hinterlegt",no,no,no,no,no,no,no,no,no,no,no,no,no,,NONE,0,0,easy,no,none,no,test,yes,openrouter_gpt4o_mini_field,field_llm_v1,no,,,v2,Synthetic document generated for controlled PII training data.,[],{},[],[],[],False,False,False,local_non_pii,no_meaningful_signal,False,20260909_112021,rule_based,local,rules,regex_presidio_fusion_v1,not_applicable,rules,False
SYN-INVOICE-0158,synthetic_invoice_0158.txt,invoice,invoice,en,synthetic_generation,,,synthetic,2026-08-28,2026-08-28,2026-08-28,0,"Invoice

Supplier: Vendor
Customer: Business Client
Contact: Department Contact
Invoice Number: REF-4503745
Invoice Date: 2024-09-11
Billing Address: Corporate billing address
Line Items: 1. Consulting Services: Provision of strategic consulting services to optimize operational efficiency, covering project analysis, implementation strategy, and performance evaluation for a total of 20 hours at an hourly rate of 40.00 EUR per hour. 

2. Training Sessions: Delivery of two customized training sessions for staff on software utilization and best practices, each lasting 3 hours, billed at a total of 600.00 EUR. 

3. Support Services: Ongoing technical support provided for a period of three months, including troubleshooting and updates, billed at a flat rate of 1,200.00 EUR.
Amount: 576.00 EUR
Tax Id: REF-7090572
Payment Details: Standard corporate payment process",no,no,no,no,no,no,no,no,no,no,no,no,no,,NONE,0,0,easy,no,none,no,test,yes,openrouter_gpt4o_mini_field,field_llm_v1,no,,,v2,Synthetic document generated for controlled PII training data.,[],{},[],[],[],False,False,True,local_non_pii,no_meaningful_signal,False,20260909_112021,rule_based,local,rules,regex_presidio_fusion_v1,not_applicable,rules,False
SYN-INVOICE-0164,synthetic_invoice_0164.txt,invoice,invoice,de,synthetic_generation,,,synthetic,2026-08-28,2026-08-28,2026-08-28,0,"Rechnung

Lieferant: Dienstleister
Kunde: Firmenkunde
Kontakt: Serviceteam
Rechnungsnummer: REF-6838888
Rechnungsdatum: 2024-10-19
Rechnungsadresse: Rechnungsdaten hinterlegt
Line Items: Rechnungspositionen umfassen Dienstleistungen im Wert von 354,00 EUR, basierend auf dem Standardmäßigen geschäftlichen Zahlungsprozess. Alle relevanten Rechnungsdaten sind hinterlegt, einschließlich der Steuer-ID REF-1487684 und der Rechnungsnummer REF-6838888, ausgestellt am 19. Oktober 2024. Ansprechpartner für Rückfragen ist das Serviceteam.
Betrag: 354.00 EUR
Steuernummer: REF-1487684
Zahlungsdaten: Standardmäßiger geschäftlicher Zahlungsprozess",no,no,no,no,no,no,no,no,no,no,no,no,no,,NONE,0,0,easy,no,none,no,test,yes,openrouter_gpt4o_mini_field,field_llm_v1,no,,,v2,Synthetic document generated for controlled PII training data.,[],{},[],[],[],False,False,False,local_non_pii,no_meaningful_signal,False,20260909_112021,rule_based,local,rules,regex_presidio_fusion_v1,not_applicable,rules,False
SYN-INVOICE-0176,synthetic_invoice_0176.txt,invoice,invoice,de,synthetic_generation,,,synthetic,2026-08-28,2026-08-28,2026-08-28,0,"Rechnung

Lieferant: Anbieter
Kunde: Firmenkunde
Kontakt: Abteilungskontakt
Rechnungsnummer: REF-8201932
Rechnungsdatum: 2027-02-05
Rechnungsadresse: Rechnungsdaten hinterlegt
Line Items: 1. Beratungsdienstleistungen für Projekt X - 500,00 EUR
2. Materialkosten für Ausrüstung - 200,00 EUR
3. Versandkosten - 49,00 EUR
Betrag: 749.00 EUR
Steuernummer: REF-7684711
Zahlungsdaten: Standardmäßiger geschäftlicher Zahlungsprozess",no,no,no,no,no,no,no,no,no,no,no,no,no,,NONE,0,0,easy,no,none,no,test,yes,openrouter_gpt4o_mini_field,field_llm_v1,no,,,v2,Synthetic document generated for controlled PII training data.,[],{},[],[],[],False,False,False,local_non_pii,no_meaningful_signal,False,20260909_112021,rule_based,local,rules,regex_presidio_fusion_v1,not_applicable,rules,False
SYN-INVOICE-0185,synthetic_invoice_0185.txt,invoice,invoice,de,synthetic_generation,,,synthetic,2026-08-28,2026-08-28,2026-08-28,0,"Rechnung

Lieferant: Dienstleister
Kunde: Firmenkunde
Kontakt: Zentrale Kontaktstelle
Rechnungsnummer: REF-4854883
Rechnungsdatum: 2026-05-05
Rechnungsadresse: Rechnungsdaten hinterlegt
Line Items: Position 1: Beratungsdienstleistungen - 300.00 EUR
Position 2: Software-Lizenzgebühren - 286.00 EUR
Position 3: Schulungsleistungen - 0.00 EUR (inklusive)
Gesamtbetrag: 586.00 EUR (inkl. MwSt.)
Betrag: 586.00 EUR
Steuernummer: REF-6506977
Zahlungsdaten: Standardmäßiger geschäftlicher Zahlungsprozess",no,no,no,no,no,no,no,no,no,no,no,no,no,,NONE,0,0,easy,no,none,no,test,yes,openrouter_gpt4o_mini_field,field_llm_v1,no,,,v2,Synthetic document generated for controlled PII training data.,"[{'type': 'LOCATION', 'value': 'Software-Lizenzgebühren', 'confidence': 0.85, 'source': 'presidio', 'start': 261, 'end': 284}, {'type': 'DATE_TIME', 'value': '2026-05-05', 'confidence': 0.6, 'source': 'presidio', 'start': 131, 'end': 141}]","{'LOCATION': 0.85, 'DATE_TIME': 0.6}","['DATE_TIME', 'LOCATION']",[],[],False,False,False,local_non_pii,no_meaningful_signal,False,20260909_112021,rule_based,local,rules,regex_presidio_fusion_v1,not_applicable,rules,False
SYN-INVOICE-0189,synthetic_invoice_0189.txt,invoice,invoice,de,synthetic_generation,,,synthetic,2026-08-28,2026-08-28,2026-08-28,0,"Rechnung

Lieferant: Anbieter
Kunde: Kundenorganisation
Kontakt: Serviceteam
Rechnungsnummer: REF-2881517
Rechnungsdatum: 2027-03-04
Rechnungsadresse: Rechnungsdaten hinterlegt
Line Items: 1. Dienstleistung A - 50.00 EUR
2. Dienstleistung B - 30.00 EUR
3. Produkt C - 30.00 EUR
Gesamtbetrag: 110.00 EUR
Betrag: 110.00 EUR
Steuernummer: REF-5782004
Zahlungsdaten: Zahlungsbedingungen hinterlegt",no,no,no,no,no,no,no,no,no,no,no,no,no,,NONE,0,0,easy,no,none,no,test,yes,openrouter_gpt4o_mini_field,field_llm_v1,no,,,v2,Synthetic document generated for controlled PII training data.,[],{},[],[],[],False,False,False,local_non_pii,no_meaningful_signal,False,20260909_112021,rule_based,local,rules,regex_presidio_fusion_v1,not_applicable,rules,False
SYN-INVOICE-0192,synthetic_invoice_0192.txt,invoice,invoice,de,synthetic_generation,,,synthetic,2026-08-28,2026-08-28,2026-08-28,0,"Rechnung

Lieferant: Anbieter
Kunde: Firmenkunde
Kontakt: Serviceteam
Rechnungsnummer: REF-9902268
Rechnungsdatum: 2027-05-01
Rechnungsadresse: Rechnungsdaten hinterlegt
Line Items: Beratung und Implementierung von Softwarelösungen für den Firmenkunde, inklusive Analyse der bestehenden Systeme und Anpassung an die neuen Anforderungen. Dienstleistungen umfassen auch Schulungen für das Serviceteam zur optimalen Nutzung der neuen Software. Gesamtkosten für diese Dienstleistungen betragen 188,00 EUR inklusive Steuern.
Betrag: 188.00 EUR
Steuernummer: REF-9614054
Zahlungsdaten: Standardmäßiger geschäftlicher Zahlungsprozess",no,no,no,no,no,no,no,no,no,no,no,no,no,,NONE,0,0,easy,no,none,no,test,yes,openrouter_gpt4o_mini_field,field_llm_v1,no,,,v2,Synthetic document generated for controlled PII training data.,[],{},[],[],[],False,False,False,local_non_pii,no_meaningful_signal,False,20260909_112021,rule_based,local,rules,regex_presidio_fusion_v1,not_applicable,rules,False
SYN-INVOICE-0193,synthetic_invoice_0193.txt,invoice,invoice,en,synthetic_generation,,,synthetic,2026-08-28,2026-08-28,2026-08-28,0,"Invoice

Supplier: Vendor
Customer: Customer Organization
Contact: Erin Morrow
Invoice Number: REF-2488266
Invoice Date: 2025-07-05
Billing Address: Corporate billing address
Line Items: Consulting services rendered for the month of June 2025, including strategy sessions and project management oversight. Total hours billed: 40. Invoice number: REF-2488266. Tax ID for reference: REF-5841268. Payment details: 581115537796.
Amount: 545.00 EUR
Tax Id: REF-5841268
Payment Details: 581115537796",yes,yes,no,no,no,no,yes,no,no,no,no,no,no,PERSON; CREDIT_CARD,MULTIPLE,2,2,easy,no,none,no,test,yes,openrouter_gpt4o_mini_field,field_llm_v1,no,,,v2,Synthetic document generated for controlled PII training data.,"[{'type': 'DATE_TIME', 'value': '2025-07-05', 'confidence': 0.95, 'source': 'presidio', 'start': 121, 'end': 131}, {'type': 'PERSON', 'value': 'Erin Morrow', 'confidence': 0.85, 'source': 'presidio', 'start': 67, 'end': 78}, {'type': 'DATE_TIME', 'value': 'the month of June 2025', 'confidence': 0.85, 'source': 'presidio', 'start': 220, 'end': 242}, {'type': 'CREDIT_CARD', 'value': '581115537796', 'confidence': 0.9, 'source': 'custom_regex', 'start': 411, 'end': 423}, {'type': 'CREDIT_CARD', 'value': '581115537796', 'confidence': 0.9, 'source': 'custom_regex', 'start': 481, 'end': 493}]","{'DATE_TIME': 0.95, 'PERSON': 0.85, 'CREDIT_CARD': 0.9}","['CREDIT_CARD', 'DATE_TIME', 'PERSON']",['CREDIT_CARD'],"['DATE_TIME', 'PERSON']",True,True,True,local_pii,strong_pii_detected,False,20260909_112021,rule_based,local,rules,regex_presidio_fusion_v1,not_applicable,rules,True
SYN-INVOICE-0199,synthetic_invoice_0199.txt,invoice,invoice,en,synthetic_generation,,,synthetic,2026-08-28,2026-08-28,2026-08-28,0,"Invoice

Supplier: Supplier Organization
Customer: Business Client
Contact: Central Contact Point
Invoice Number: REF-2747426
Invoice Date: 2026-08-18
Billing Address: Corporate billing address
Line Items: 1. Consulting Services - Business Strategy Development - 10 hours at 50.00 EUR/hour - Total: 500.00 EUR
2. Software Licensing - Annual Subscription Fee for Project Management Tool - Total: 200.00 EUR
3. Training Workshop - Team Leadership Training - 1 session - Total: 150.00 EUR
4. Travel Expenses - Reimbursement for Business Trip - Total: 100.00 EUR

Subtotal: 950.00 EUR
Discount Applied: -100.00 EUR
Total Amount Due: 334.00 EUR
Amount: 334.00 EUR
Tax Id: REF-1125219
Payment Details: Standard corporate payment process",no,no,no,no,no,no,no,no,no,no,no,no,no,,NONE,0,0,easy,no,none,no,test,yes,openrouter_gpt4o_mini_field,field_llm_v1,no,,,v2,Synthetic document generated for controlled PII training data.,[],{},[],[],[],False,False,True,local_non_pii,no_meaningful_signal,False,20260909_112021,rule_based,local,rules,regex_presidio_fusion_v1,not_applicable,rules,False
SYN-INVOICE-0214,synthetic_invoice_0214.txt,invoice,invoice,en,synthetic_generation,,,synthetic,2026-08-28,2026-08-28,2026-08-28,0,"Invoice

Supplier: Supplier Organization
Customer: Business Client
Contact: Department Contact
Invoice Number: REF-2883091
Invoice Date: 2027-07-13
Billing Address: Billing details on file
Line Items: 1. Consultation Services: Professional consultation provided on project management strategies, totaling 85.00 EUR. 2. Training Workshop: Conducted a training workshop for client teams on efficient workflow techniques, amounting to 27.00 EUR.
Amount: 112.00 EUR
Tax Id: REF-8277382
Payment Details: Standard corporate payment process",no,no,no,no,no,no,no,no,no,no,no,no,no,,NONE,0,0,easy,no,none,no,test,yes,openrouter_gpt4o_mini_field,field_llm_v1,no,,,v2,Synthetic document generated for controlled PII training data.,"[{'type': 'PERSON', 'value': 'REF-8277382\nPayment Details', 'confidence': 0.85, 'source': 'presidio', 'start': 470, 'end': 497}]",{'PERSON': 0.85},['PERSON'],[],['PERSON'],False,True,True,low_cost_llm,potential_pii_evidence,True,20260909_112021,rule_based,local,rules,regex_presidio_fusion_v1,not_applicable,rules,False
SYN-INVOICE-0217,synthetic_invoice_0217.txt,invoice,invoice,en,synthetic_generation,,,synthetic,2026-08-28,2026-08-28,2026-08-28,0,"Invoice

Supplier: Supplier Organization
Customer: Business Client
Contact: Central Contact Point
Invoice Number: REF-6123235
Invoice Date: 2024-12-03
Billing Address: Billing details on file
Line Items: 1. Consulting Services for Project Management - 10 hours at 150.00 EUR/hour: This includes strategic planning, resource allocation, and task prioritization for the ongoing project. 

2. Technical Support Services - 5 hours at 125.00 EUR/hour: Provision of expert assistance for software integration and troubleshooting issues encountered during implementation. 

3. Training Services for Staff - 4 hours at 100.00 EUR/hour: Comprehensive training sessions delivered to the client's team to ensure effective use of the new system features.
Amount: 175.00 EUR
Tax Id: REF-4850441
Payment Details: Standard corporate payment process",no,no,no,no,no,no,no,no,no,no,no,no,no,,NONE,0,0,easy,no,none,no,test,yes,openrouter_gpt4o_mini_field,field_llm_v1,no,,,v2,Synthetic document generated for controlled PII training data.,[],{},[],[],[],False,False,True,local_non_pii,no_meaningful_signal,False,20260909_112021,rule_based,local,rules,regex_presidio_fusion_v1,not_applicable,rules,False
SYN-INVOICE-0219,synthetic_invoice_0219.txt,invoice,invoice,de,synthetic_generation,,,synthetic,2026-08-28,2026-08-28,2026-08-28,0,"Rechnung

Lieferant: Anbieter
Kunde: Kundenorganisation
Kontakt: Abteilungskontakt
Rechnungsnummer: REF-8277382
Rechnungsdatum: 2026-05-20
Rechnungsadresse: Geschäftliche Rechnungsadresse
Line Items: Rechnungspositionen: 1x Beratungsdienstleistung - 400,00 EUR; 2x Softwarelizenzen - 264,00 EUR. Gesamtsumme: 664,00 EUR.
Betrag: 664.00 EUR
Steuernummer: REF-1102554
Zahlungsdaten: Standardmäßiger geschäftlicher Zahlungsprozess",no,no,no,no,no,no,no,no,no,no,no,no,no,,NONE,0,0,easy,no,none,no,test,yes,openrouter_gpt4o_mini_field,field_llm_v1,no,,,v2,Synthetic document generated for controlled PII training data.,[],{},[],[],[],False,False,False,local_non_pii,no_meaningful_signal,False,20260909_112021,rule_based,local,rules,regex_presidio_fusion_v1,not_applicable,rules,False
SYN-INVOICE-0220,synthetic_invoice_0220.txt,invoice,invoice,de,synthetic_generation,,,synthetic,2026-08-28,2026-08-28,2026-08-28,0,"Rechnung

Lieferant: Dienstleister
Kunde: Geschäftskunde
Kontakt: Serviceteam
Rechnungsnummer: REF-6275211
Rechnungsdatum: 2025-02-09
Rechnungsadresse: Geschäftliche Rechnungsadresse
Line Items: 1. Dienstleistung: Beratung und Unterstützung, Menge: 1, Einzelpreis: 26.00 EUR, Gesamtpreis: 26.00 EUR
Betrag: 26.00 EUR
Steuernummer: REF-7833795
Zahlungsdaten: Zahlungsbedingungen hinterlegt",no,no,no,no,no,no,no,no,no,no,no,no,no,,NONE,0,0,easy,no,none,no,test,yes,openrouter_gpt4o_mini_field,field_llm_v1,no,,,v2,Synthetic document generated for controlled PII training data.,[],{},[],[],[],False,False,False,local_non_pii,no_meaningful_signal,False,20260909_112021,rule_based,local,rules,regex_presidio_fusion_v1,not_applicable,rules,False
SYN-INVOICE-0242,synthetic_invoice_0242.txt,invoice,invoice,de,synthetic_generation,,,synthetic,2026-08-28,2026-08-28,2026-08-28,0,"Rechnung

Lieferant: Lieferantenorganisation
Kunde: Geschäftskunde
Kontakt: Zentrale Kontaktstelle
Rechnungsnummer: REF-8187043
Rechnungsdatum: 2024-09-16
Rechnungsadresse: Geschäftliche Rechnungsadresse
Line Items: 1. Beratung zu digitalen Transformationsstrategien - 250,00 EUR
2. Schulung der Mitarbeiter in neuen Softwareanwendungen - 120,00 EUR
3. Unterstützung bei der Implementierung von Cloud-Lösungen - 126,00 EUR
Betrag: 496.00 EUR
Steuernummer: REF-8388520
Zahlungsdaten: Standardmäßiger geschäftlicher Zahlungsprozess",no,no,no,no,no,no,no,no,no,no,no,no,no,,NONE,0,0,easy,no,none,no,test,yes,openrouter_gpt4o_mini_field,field_llm_v1,no,,,v2,Synthetic document generated for controlled PII training data.,[],{},[],[],[],False,False,True,local_non_pii,no_meaningful_signal,False,20260909_112021,rule_based,local,rules,regex_presidio_fusion_v1,not_applicable,rules,False
SYN-INVOICE-0245,synthetic_invoice_0245.txt,invoice,invoice,de,synthetic_generation,,,synthetic,2026-08-28,2026-08-28,2026-08-28,0,"Rechnung

Lieferant: Dienstleister
Kunde: Geschäftskunde
Kontakt: Zentrale Kontaktstelle
Rechnungsnummer: REF-5601302
Rechnungsdatum: 2026-01-19
Rechnungsadresse: Schleichallee 877, 72440 Rathenow
Line Items: 1. Beratungsdienstleistungen für strategische Planung – 10 Stunden à 65,90 EUR
2. IT-Support und Wartung – 5 Stunden à 80,00 EUR
3. Schulung von Mitarbeitern für neue Software – 4 Stunden à 75,00 EUR

Gesamtbetrag für erbrachte Dienstleistungen: 659,00 EUR
Betrag: 659.00 EUR
Steuernummer: REF-6335924
Zahlungsdaten: Standardmäßiger geschäftlicher Zahlungsprozess",no,no,no,no,no,no,no,no,no,no,no,no,no,,NONE,0,0,easy,no,none,no,test,yes,openrouter_gpt4o_mini_field,field_llm_v1,no,,,v2,Synthetic document generated for controlled PII training data. Relabeled 2026-09-03: standalone LOCATION with no co-occurring identifier does not meet GDPR Art.4(1) identifiability threshold; corrected from positive to negative.,"[{'type': 'LOCATION', 'value': 'Schleichallee', 'confidence': 0.85, 'source': 'presidio', 'start': 163, 'end': 176}, {'type': 'LOCATION', 'value': 'Rathenow\nLine', 'confidence': 0.85, 'source': 'presidio', 'start': 188, 'end': 201}, {'type': 'DATE_TIME', 'value': '2026-01-19', 'confidence': 0.6, 'source': 'presidio', 'start': 134, 'end': 144}]","{'LOCATION': 0.85, 'DATE_TIME': 0.6}","['DATE_TIME', 'LOCATION']",[],[],False,False,False,local_non_pii,no_meaningful_signal,False,20260909_112021,rule_based,local,rules,regex_presidio_fusion_v1,not_applicable,rules,False
SYN-IT_ACCESS_REQUEST-0002,synthetic_it_access_request_0002.txt,form,it_access_request,en,synthetic_generation,,,synthetic,2026-08-28,2026-08-28,2026-08-28,0,"It Access Request

Name: Department request
Contact: Central Contact Point
Department: IT
Manager: Department Manager
System: Analytics Workspace
Access Level: Editor
Justification: Access to the Analytics Workspace is necessary for the completion of ongoing departmental projects that require data analysis and reporting capabilities. This access will enable the team to enhance decision-making processes and operational efficiency.
Reviewer: System Administration
Comments: Please expedite the review process as the team is currently engaged in time-sensitive projects that depend on timely access to the system.
Approval: Pending
Approver: Access Control Team
Signature: Authorized signature
Date: 2026-01-23",no,no,no,no,no,no,no,no,no,no,no,no,no,,NONE,0,0,easy,no,none,no,test,yes,openrouter_gpt4o_mini_field,field_llm_v1,no,,,v2,Synthetic document generated for controlled PII training data.,[],{},[],[],[],False,False,True,local_non_pii,no_meaningful_signal,False,20260909_112021,rule_based,local,rules,regex_presidio_fusion_v1,not_applicable,rules,False
SYN-IT_ACCESS_REQUEST-0004,synthetic_it_access_request_0004.txt,form,it_access_request,de,synthetic_generation,,,synthetic,2026-08-28,2026-08-28,2026-08-28,0,"IT-Zugriffsantrag

Name: Abteilungsantrag
Kontakt: Abteilungskontakt
Abteilung: Human Resources
Vorgesetzter: Teamleitung
System: ServiceNow
Zugriffsstufe: Administrator
Begründung: Die Beantragung von Administratorzugriff auf das System ServiceNow ist erforderlich, um effizientere Prozesse in der Abteilung Human Resources zu implementieren. Dieser Zugriff wird benötigt, um Anfragen von Mitarbeitern schnell zu bearbeiten und um die Datenintegrität sicherzustellen. Die Möglichkeit, administrative Änderungen vorzunehmen, wird die Reaktionszeit auf kritische Personalangelegenheiten erheblich verbessern und die allgemeine Effizienz des Teams steigern.
Prüfer: Access Management
Kommentare: Die Entscheidung des Access Management-Teams zur Ablehnung des Antrags wurde nach sorgfältiger Prüfung getroffen. Es wurde festgestellt, dass der aktuelle Zugriff auf die benötigten Informationen für die tägliche Arbeit des Teams ausreichend ist. Es wird empfohlen, die Notwendigkeit eines Administratorzugriffs in Zukunft erneut zu prüfen, insbesondere wenn sich die Arbeitsanforderungen ändern oder die Teamstruktur angepasst wird.
Genehmigung: Rejected
Genehmigende Person: IT Manager
Unterschrift: Autorisierte Unterschrift
Datum: 2027-07-03",no,no,no,no,no,no,no,no,no,no,no,no,no,,NONE,0,0,easy,no,none,no,test,yes,openrouter_gpt4o_mini_field,field_llm_v1,no,,,v2,Synthetic document generated for controlled PII training data.,[],{},[],[],[],False,False,True,local_non_pii,no_meaningful_signal,False,20260909_112021,rule_based,local,rules,regex_presidio_fusion_v1,not_applicable,rules,False
SYN-IT_ACCESS_REQUEST-0017,synthetic_it_access_request_0017.txt,form,it_access_request,en,synthetic_generation,,,synthetic,2026-08-28,2026-08-28,2026-08-28,0,"It Access Request

Name: Requester details not provided
Contact: Department Contact
Department: Finance
Manager: Team Lead
System: Microsoft 365
Access Level: Power User
Justification: The request for access to Microsoft 365 as a Power User is crucial for the Finance department's operational efficiency. Enhanced access will allow for better collaboration on financial reports and data analysis, enabling the team to respond quickly to management requests and make informed decisions. This access is necessary for the team to utilize advanced functionalities that support our financial forecasting and budgeting processes.
Reviewer: Access Management
Comments: This access request has been reviewed and is deemed necessary for the team's productivity. The Access Management team should prioritize this request to facilitate timely access, as it aligns with our operational goals and enhances our ability to meet upcoming project deadlines.
Approval: Pending
Approver: Access Control Team
Signature: Authorized signature
Date: 2027-08-06",no,no,no,no,no,no,no,no,no,no,no,no,no,,NONE,0,0,easy,no,none,no,test,yes,openrouter_gpt4o_mini_field,field_llm_v1,no,,,v2,Synthetic document generated for controlled PII training data.,[],{},[],[],[],False,False,True,local_non_pii,no_meaningful_signal,False,20260909_112021,rule_based,local,rules,regex_presidio_fusion_v1,not_applicable,rules,False
SYN-IT_ACCESS_REQUEST-0019,synthetic_it_access_request_0019.txt,form,it_access_request,en,synthetic_generation,,,synthetic,2026-08-28,2026-08-28,2026-08-28,0,"It Access Request

Name: Requester details not provided
Contact: Service Team
Department: IT
Manager: Tracie Smith
System: ServiceNow
Access Level: Editor
Justification: The request for access to the ServiceNow system at the Editor level has been made to facilitate ongoing projects within the IT department. This access is essential for maintaining timely updates and ensuring efficient collaboration among team members on critical tasks. However, the justification lacks adequate details regarding specific projects or tasks that require this level of access, which is necessary for approval.
Reviewer: Access Management
Comments: For further information regarding this request or for assistance with the access process, please visit http://brooks.com/
Approval: Rejected
Approver: Department Manager
Signature: Signature pending
Date: 2027-05-31",yes,yes,no,no,no,no,no,no,no,no,no,yes,no,PERSON; URL,MULTIPLE,2,2,easy,no,none,no,test,yes,openrouter_gpt4o_mini_field,field_llm_v1,no,,,v2,Synthetic document generated for controlled PII training data.,"[{'type': 'PERSON', 'value': 'Tracie Smith\nSystem', 'confidence': 0.85, 'source': 'presidio', 'start': 102, 'end': 121}, {'type': 'URL', 'value': 'http://brooks.com/', 'confidence': 0.6, 'source': 'presidio', 'start': 736, 'end': 754}, {'type': 'URL', 'value': 'http://brooks.com', 'confidence': 0.9, 'source': 'custom_regex', 'start': 736, 'end': 753}]","{'PERSON': 0.85, 'URL': 1.0}","['PERSON', 'URL']",[],"['PERSON', 'URL']",False,True,True,low_cost_llm,potential_pii_evidence,True,20260909_112021,rule_based,local,rules,regex_presidio_fusion_v1,not_applicable,rules,False
SYN-IT_ACCESS_REQUEST-0020,synthetic_it_access_request_0020.txt,form,it_access_request,de,synthetic_generation,,,synthetic,2026-08-28,2026-08-28,2026-08-28,0,"IT-Zugriffsantrag

Name: Abteilungsantrag
Kontakt: Serviceteam
Abteilung: Procurement
Vorgesetzter: Abteilungsleitung
System: Microsoft 365
Zugriffsstufe: Standard User
Begründung: Die Beantragung des Zugriffs auf Microsoft 365 ist erforderlich, um die Effizienz innerhalb der Beschaffungsabteilung zu steigern. Durch den Zugriff auf diese Plattform können Teammitglieder effektiver zusammenarbeiten, Dokumente teilen und die Kommunikation optimieren. Dies ist besonders wichtig, um die Projektziele fristgerecht zu erreichen und die Transparenz in den Prozessen zu erhöhen.
Prüfer: System Administration
Kommentare: Die Überprüfung durch die Systemadministration hat ergeben, dass der beantragte Zugriff den Sicherheitsrichtlinien entspricht. Es wurde empfohlen, regelmäßige Schulungen zur Nutzung von Microsoft 365 durchzuführen, um die Mitarbeiter optimal auf die Nutzung des Systems vorzubereiten und sicherzustellen, dass alle Funktionen effizient genutzt werden.
Genehmigung: Approved
Genehmigende Person: Access Control Team
Unterschrift: Autorisierte Unterschrift
Datum: 2024-08-30",no,no,no,no,no,no,no,no,no,no,no,no,no,,NONE,0,0,easy,no,none,no,test,yes,openrouter_gpt4o_mini_field,field_llm_v1,no,,,v2,Synthetic document generated for controlled PII training data.,[],{},[],[],[],False,False,True,local_non_pii,no_meaningful_signal,False,20260909_112021,rule_based,local,rules,regex_presidio_fusion_v1,not_applicable,rules,False
SYN-IT_ACCESS_REQUEST-0021,synthetic_it_access_request_0021.txt,form,it_access_request,en,synthetic_generation,,,synthetic,2026-08-28,2026-08-28,2026-08-28,0,"It Access Request

Name: Department request
Contact: Service Team
Department: Operations
Manager: Team Lead
System: ServiceNow
Access Level: Power User
Justification: The access request for the ServiceNow system at the Power User level is essential for our Operations department to efficiently manage service requests and incidents. With this level of access, team members will be able to streamline workflow processes, improve response times, and enhance overall productivity. This enhanced access aligns with our goal of optimizing operational efficiency and ensuring timely support for internal stakeholders.
Reviewer: System Administration
Comments: Upon review by the System Administration team, it was determined that granting Power User access at this time may not align with current security protocols. The Access Control Team has noted that additional training or a phased access approach might be necessary before reconsidering this request. Further discussions on access requirements will be scheduled to better assess departmental needs.
Approval: Rejected
Approver: Access Control Team
Signature: Authorized signature
Date: 2026-09-28",no,no,no,no,no,no,no,no,no,no,no,no,no,,NONE,0,0,easy,no,none,no,test,yes,openrouter_gpt4o_mini_field,field_llm_v1,no,,,v2,Synthetic document generated for controlled PII training data.,[],{},[],[],[],False,False,True,local_non_pii,no_meaningful_signal,False,20260909_112021,rule_based,local,rules,regex_presidio_fusion_v1,not_applicable,rules,False
SYN-IT_ACCESS_REQUEST-0028,synthetic_it_access_request_0028.txt,form,it_access_request,en,synthetic_generation,,,synthetic,2026-08-28,2026-08-28,2026-08-28,0,"It Access Request

Name: Requester details not provided
Contact: Department Contact
Department: Procurement
Manager: Responsible Manager
System: SAP S/4HANA
Access Level: Read Only
Justification: Access to SAP S/4HANA is necessary for reviewing procurement data to streamline department operations. This access will facilitate better decision-making and enhance efficiency in our processes.
Reviewer: Access Management
Comments: The request for Read Only access has been evaluated but ultimately rejected due to compliance concerns. Further discussions may help clarify the requirements.
Approval: Rejected
Approver: Department Manager
Signature: Authorized signature
Date: 2027-06-23",no,no,no,no,no,no,no,no,no,no,no,no,no,,NONE,0,0,easy,no,none,no,test,yes,openrouter_gpt4o_mini_field,field_llm_v1,no,,,v2,Synthetic document generated for controlled PII training data.,[],{},[],[],[],False,False,True,local_non_pii,no_meaningful_signal,False,20260909_112021,rule_based,local,rules,regex_presidio_fusion_v1,not_applicable,rules,False
SYN-IT_ACCESS_REQUEST-0029,synthetic_it_access_request_0029.txt,form,it_access_request,en,synthetic_generation,,,synthetic,2026-08-28,2026-08-28,2026-08-28,0,"It Access Request

Name: Requester details not provided
Contact: Central Contact Point
Department: Finance
Manager: Department Manager
System: SAP S/4HANA
Access Level: Read Only
Justification: Access to SAP S/4HANA is essential for the Finance department to ensure accurate financial reporting and data analysis. This read-only access will enable team members to view necessary financial records without altering any data.
Reviewer: System Administration
Comments: The requested access has been reviewed and is deemed appropriate for the role within the Finance department. All necessary protocols will be followed to maintain data integrity.
Approval: Approved
Approver: Department Manager
Signature: Signature pending
Date: 2025-06-14",no,no,no,no,no,no,no,no,no,no,no,no,no,,NONE,0,0,easy,no,none,no,test,yes,openrouter_gpt4o_mini_field,field_llm_v1,no,,,v2,Synthetic document generated for controlled PII training data.,[],{},[],[],[],False,False,True,local_non_pii,no_meaningful_signal,False,20260909_112021,rule_based,local,rules,regex_presidio_fusion_v1,not_applicable,rules,False
SYN-IT_ACCESS_REQUEST-0037,synthetic_it_access_request_0037.txt,form,it_access_request,en,synthetic_generation,,,synthetic,2026-08-28,2026-08-28,2026-08-28,0,"It Access Request

Name: Requester details not provided
Contact: Department Contact
Department: Operations
Manager: Team Lead
System: Microsoft 365
Access Level: Administrator
Justification: The request for Administrator access to Microsoft 365 is essential to facilitate the operational needs of the department. As our team is increasingly relying on cloud-based tools for collaboration and productivity, having elevated access will enable us to manage user permissions effectively, ensure data security, and streamline workflows. This access is vital for the ongoing projects that require direct intervention in system settings and user management.
Reviewer: Access Management
Comments: This access request aligns with our department's strategic objectives and will support the implementation of new features in Microsoft 365 that are critical for enhancing team performance. It is important that the Access Management team reviews this request promptly to avoid any delays in project timelines. Approval from the IT Manager is anticipated shortly to proceed without disruption.
Approval: Pending
Approver: IT Manager
Signature: Authorized signature
Date: 2025-07-09",no,no,no,no,no,no,no,no,no,no,no,no,no,,NONE,0,0,easy,no,none,no,test,yes,openrouter_gpt4o_mini_field,field_llm_v1,no,,,v2,Synthetic document generated for controlled PII training data.,[],{},[],[],[],False,False,True,local_non_pii,no_meaningful_signal,False,20260909_112021,rule_based,local,rules,regex_presidio_fusion_v1,not_applicable,rules,False
SYN-IT_ACCESS_REQUEST-0043,synthetic_it_access_request_0043.txt,form,it_access_request,de,synthetic_generation,,,synthetic,2026-08-28,2026-08-28,2026-08-28,0,"IT-Zugriffsantrag

Name: Abteilungsantrag
Kontakt: Serviceteam
Abteilung: IT
Vorgesetzter: Teamleitung
System: CRM Platform
Zugriffsstufe: Read Only
Begründung: Der Zugriff auf die CRM Platform ist erforderlich, um relevante Kundendaten für die Analyse und Berichterstattung zu extrahieren. Dies unterstützt die Effizienz unseres Teams bei der Bearbeitung von Kundenanfragen.
Prüfer: System Administration
Kommentare: Die Genehmigung für den Lesezugriff wird benötigt, um sicherzustellen, dass die Teammitglieder die notwendigen Informationen zur Verfügung haben, ohne Änderungen an den Datensätzen vornehmen zu können.
Genehmigung: Pending
Genehmigende Person: IT Manager
Unterschrift: Autorisierte Unterschrift
Datum: 2026-10-15",no,no,no,no,no,no,no,no,no,no,no,no,no,,NONE,0,0,easy,no,none,no,test,yes,openrouter_gpt4o_mini_field,field_llm_v1,no,,,v2,Synthetic document generated for controlled PII training data.,[],{},[],[],[],False,False,True,local_non_pii,no_meaningful_signal,False,20260909_112021,rule_based,local,rules,regex_presidio_fusion_v1,not_applicable,rules,False
SYN-IT_ACCESS_REQUEST-0056,synthetic_it_access_request_0056.txt,form,it_access_request,de,synthetic_generation,,,synthetic,2026-08-28,2026-08-28,2026-08-28,0,"IT-Zugriffsantrag

Name: Antragstellerangaben nicht angegeben
Kontakt: ritterveronique@example.com
Abteilung: Human Resources
Vorgesetzter: Abteilungsleitung
System: ServiceNow
Zugriffsstufe: Standard User
Begründung: Der Zugang zu ServiceNow ist erforderlich, um personalbezogene Anfragen effizient zu bearbeiten und den reibungslosen Ablauf in der Abteilung Human Resources sicherzustellen.
Prüfer: System Administration
Kommentare: Hermann-Josef Schleich
Genehmigung: Pending
Genehmigende Person: Access Control Team
Unterschrift: Unterschrift ausstehend
Datum: 2025-10-05",yes,yes,yes,no,no,no,no,no,no,no,no,no,no,PERSON; EMAIL_ADDRESS,MULTIPLE,2,2,easy,no,none,no,test,yes,openrouter_gpt4o_mini_field,field_llm_v1,no,,,v2,Synthetic document generated for controlled PII training data.,"[{'type': 'EMAIL_ADDRESS', 'value': 'ritterveronique@example.com', 'confidence': 1.0, 'source': 'presidio', 'start': 71, 'end': 98}, {'type': 'LOCATION', 'value': 'Antragstellerangaben', 'confidence': 0.85, 'source': 'presidio', 'start': 25, 'end': 45}, {'type': 'PERSON', 'value': 'Hermann-Josef Schleich', 'confidence': 0.85, 'source': 'presidio', 'start': 435, 'end': 457}, {'type': 'DATE_TIME', 'value': '2025-10-05', 'confidence': 0.6, 'source': 'presidio', 'start': 565, 'end': 575}, {'type': 'URL', 'value': 'example.com', 'confidence': 0.5, 'source': 'presidio', 'start': 87, 'end': 98}, {'type': 'EMAIL_ADDRESS', 'value': 'ritterveronique@example.com', 'confidence': 0.9, 'source': 'custom_regex', 'start': 71, 'end': 98}]","{'EMAIL_ADDRESS': 1.0, 'LOCATION': 0.85, 'PERSON': 0.85, 'DATE_TIME': 0.6, 'URL': 0.5}","['DATE_TIME', 'EMAIL_ADDRESS', 'LOCATION', 'PERSON', 'URL']",['EMAIL_ADDRESS'],"['LOCATION', 'PERSON', 'DATE_TIME', 'URL']",True,True,True,local_pii,strong_pii_detected,False,20260909_112021,rule_based,local,rules,regex_presidio_fusion_v1,not_applicable,rules,True
SYN-IT_ACCESS_REQUEST-0061,synthetic_it_access_request_0061.txt,form,it_access_request,de,synthetic_generation,,,synthetic,2026-08-28,2026-08-28,2026-08-28,0,"IT-Zugriffsantrag

Name: 
Kontakt: 
Abteilung: 
Vorgesetzter: 
System: 
Zugriffsstufe: 
Begründung: 
Prüfer: 
Kommentare: 
Genehmigung: 
Genehmigende Person: 
Unterschrift: 
Datum: ",no,no,no,no,no,no,no,no,no,no,no,no,no,,NONE,0,0,easy,no,none,no,test,yes,faker_archetype_v1,template_v1,no,,,v2,Synthetic document generated for controlled PII training data.,[],{},[],[],[],False,False,True,local_non_pii,no_meaningful_signal,False,20260909_112021,rule_based,local,rules,regex_presidio_fusion_v1,not_applicable,rules,False
SYN-IT_ACCESS_REQUEST-0065,synthetic_it_access_request_0065.txt,form,it_access_request,de,synthetic_generation,,,synthetic,2026-08-28,2026-08-28,2026-08-28,0,"IT-Zugriffsantrag

Name: Abteilungsantrag
Kontakt: Zentrale Kontaktstelle
Abteilung: Procurement
Vorgesetzter: Teamleitung
System: CRM Platform
Zugriffsstufe: Editor
Begründung: Die Beantragung des Zugriffs auf die CRM-Plattform ist erforderlich, um effizientere Arbeitsabläufe innerhalb der Abteilung Procurement zu ermöglichen. Durch den Zugang als Editor kann ich die notwendigen Daten für die Lieferantenauswahl und -bewertung direkt eingeben und aktualisieren, was die Bearbeitungszeit erheblich verkürzt und die Zusammenarbeit im Team verbessert.
Prüfer: System Administration
Kommentare: Die Überprüfung durch die Systemadministration sollte zeitnah erfolgen, um sicherzustellen, dass der Zugang rechtzeitig vor dem nächsten Beschaffungszyklus gewährt wird. Es ist wichtig, dass alle Sicherheitsprotokolle eingehalten werden, um den Schutz sensibler Daten zu gewährleisten.
Genehmigung: Pending
Genehmigende Person: Access Control Team
Unterschrift: Autorisierte Unterschrift
Datum: 2024-10-09",no,no,no,no,no,no,no,no,no,no,no,no,no,,NONE,0,0,easy,no,none,no,test,yes,openrouter_gpt4o_mini_field,field_llm_v1,no,,,v2,Synthetic document generated for controlled PII training data.,[],{},[],[],[],False,False,True,local_non_pii,no_meaningful_signal,False,20260909_112021,rule_based,local,rules,regex_presidio_fusion_v1,not_applicable,rules,False
SYN-IT_ACCESS_REQUEST-0076,synthetic_it_access_request_0076.txt,form,it_access_request,en,synthetic_generation,,,synthetic,2026-08-28,2026-08-28,2026-08-28,0,"It Access Request

Name: Requester details not provided
Contact: Department Contact
Department: Operations
Manager: Responsible Manager
System: Analytics Workspace
Access Level: Administrator
Justification: Access to the Analytics Workspace is essential for performing data analysis and reporting tasks critical to departmental operations. As an Administrator, this access will enable efficient management of analytics resources and support data-driven decision-making.
Reviewer: IT Security Team
Comments: This access request has been reviewed and aligns with the operational needs of the department. All necessary security protocols will be followed to ensure data integrity.
Approval: Approved
Approver: IT Manager
Signature: Signature pending
Date: 2026-03-12",no,no,no,no,no,no,no,no,no,no,no,no,no,,NONE,0,0,easy,no,none,no,test,yes,openrouter_gpt4o_mini_field,field_llm_v1,no,,,v2,Synthetic document generated for controlled PII training data.,[],{},[],[],[],False,False,True,local_non_pii,no_meaningful_signal,False,20260909_112021,rule_based,local,rules,regex_presidio_fusion_v1,not_applicable,rules,False
SYN-IT_ACCESS_REQUEST-0080,synthetic_it_access_request_0080.txt,form,it_access_request,en,synthetic_generation,,,synthetic,2026-08-28,2026-08-28,2026-08-28,0,"It Access Request

Name: Requester details not provided
Contact: Central Contact Point
Department: IT
Manager: Department Manager
System: Analytics Workspace
Access Level: Read Only
Justification: The requester requires access to the Analytics Workspace to analyze departmental performance metrics and generate reports that support data-driven decision making.
Reviewer: Access Management
Comments: This access request is essential for the requester to fulfill their role within the department and contribute effectively to ongoing projects. Approval is pending review by the Access Management team.
Approval: Pending
Approver: IT Manager
Signature: Authorized signature
Date: 2026-07-26",no,no,no,no,no,no,no,no,no,no,no,no,no,,NONE,0,0,easy,no,none,no,test,yes,openrouter_gpt4o_mini_field,field_llm_v1,no,,,v2,Synthetic document generated for controlled PII training data.,[],{},[],[],[],False,False,True,local_non_pii,no_meaningful_signal,False,20260909_112021,rule_based,local,rules,regex_presidio_fusion_v1,not_applicable,rules,False
SYN-IT_ACCESS_REQUEST-0081,synthetic_it_access_request_0081.txt,form,it_access_request,de,synthetic_generation,,,synthetic,2026-08-28,2026-08-28,2026-08-28,0,"IT-Zugriffsantrag

Name: Abteilungsantrag
Kontakt: Zentrale Kontaktstelle
Abteilung: Operations
Vorgesetzter: Verantwortliche Führungskraft
System: SAP S/4HANA
Zugriffsstufe: Power User
Begründung: Der Zugang zu SAP S/4HANA auf dem Niveau des Power Users ist für unsere Abteilung von entscheidender Bedeutung, da wir regelmäßig umfangreiche Datenanalysen und Prozessoptimierungen durchführen müssen. Diese Berechtigungen ermöglichen es uns, effizienter zu arbeiten und die Qualität unserer Arbeit zu verbessern, insbesondere bei der Verwaltung von Betriebsabläufen und der Erstellung von Berichten für das Management.
Prüfer: System Administration
Kommentare: Es wird empfohlen, dass die Systemadministration die Zugriffsanforderung sorgfältig prüft, um sicherzustellen, dass alle Sicherheitsrichtlinien eingehalten werden. Eine zeitnahe Genehmigung ist wichtig, um die Kontinuität unserer Operationen nicht zu beeinträchtigen, da wir auf die Funktionen von SAP S/4HANA angewiesen sind, um unsere täglichen Aufgaben zu erfüllen.
Genehmigung: Pending
Genehmigende Person: Access Control Team
Unterschrift: Autorisierte Unterschrift
Datum: 2026-01-02",no,no,no,no,no,no,no,no,no,no,no,no,no,,NONE,0,0,easy,no,none,no,test,yes,openrouter_gpt4o_mini_field,field_llm_v1,no,,,v2,Synthetic document generated for controlled PII training data.,"[{'type': 'LOCATION', 'value': '4HANA', 'confidence': 0.85, 'source': 'presidio', 'start': 218, 'end': 223}, {'type': 'LOCATION', 'value': '4HANA', 'confidence': 0.85, 'source': 'presidio', 'start': 964, 'end': 969}, {'type': 'DATE_TIME', 'value': '2026-01-02', 'confidence': 0.6, 'source': 'presidio', 'start': 1138, 'end': 1148}]","{'LOCATION': 0.85, 'DATE_TIME': 0.6}","['DATE_TIME', 'LOCATION']",[],[],False,False,True,local_non_pii,no_meaningful_signal,False,20260909_112021,rule_based,local,rules,regex_presidio_fusion_v1,not_applicable,rules,False
SYN-IT_ACCESS_REQUEST-0082,synthetic_it_access_request_0082.txt,form,it_access_request,en,synthetic_generation,,,synthetic,2026-08-28,2026-08-28,2026-08-28,0,"It Access Request

Name: Department request
Contact: Department Contact
Department: Human Resources
Manager: Department Manager
System: CRM Platform
Access Level: Power User
Justification: Access to the CRM Platform is critical for the Human Resources department to manage employee records, facilitate onboarding processes, and ensure compliance with company policies. The Power User level is necessary to perform these functions effectively.
Reviewer: Access Management
Comments: The Access Control Team has reviewed the request and found that access is not aligned with current security protocols. Further justification may be required if reapplying in the future.
Approval: Rejected
Approver: Access Control Team
Signature: Signature pending
Date: 2025-09-04",no,no,no,no,no,no,no,no,no,no,no,no,no,,NONE,0,0,easy,no,none,no,test,yes,openrouter_gpt4o_mini_field,field_llm_v1,no,,,v2,Synthetic document generated for controlled PII training data.,[],{},[],[],[],False,False,True,local_non_pii,no_meaningful_signal,False,20260909_112021,rule_based,local,rules,regex_presidio_fusion_v1,not_applicable,rules,False
SYN-IT_ACCESS_REQUEST-0089,synthetic_it_access_request_0089.txt,form,it_access_request,de,synthetic_generation,,,synthetic,2026-08-28,2026-08-28,2026-08-28,0,"IT-Zugriffsantrag

Name: Abteilungsantrag
Kontakt: Serviceteam
Abteilung: Operations
Vorgesetzter: Verantwortliche Führungskraft
System: CRM Platform
Zugriffsstufe: Editor
Begründung: Der Zugang zur CRM-Plattform ist für die effiziente Bearbeitung von Kundenanfragen und die Verwaltung von Verkaufsdaten unerlässlich. Durch die Gewährung des Zugriffs auf Editor-Level kann unser Team sicherstellen, dass wir die notwendigen Informationen aktualisieren und die Qualität der Daten aufrechterhalten, was letztendlich zu einer höheren Kundenzufriedenheit führen wird. Diese Maßnahme unterstützt unsere strategischen Ziele in der Abteilung Operations.
Prüfer: IT Security Team
Kommentare: Nach eingehender Überprüfung hat das IT-Sicherheitsteam Bedenken hinsichtlich der Sicherheitsrichtlinien geäußert. Insbesondere wurde auf die Notwendigkeit hingewiesen, zusätzliche Schulungen zum Datenschutz und zu den Sicherheitsprotokollen zu absolvieren, bevor ein Zugang gewährt werden kann. Daher wurde die Anfrage vorerst abgelehnt, bis diese Punkte geklärt sind.
Genehmigung: Rejected
Genehmigende Person: Department Manager
Unterschrift: Autorisierte Unterschrift
Datum: 2025-04-13",no,no,no,no,no,no,no,no,no,no,no,no,no,,NONE,0,0,easy,no,none,no,test,yes,openrouter_gpt4o_mini_field,field_llm_v1,no,,,v2,Synthetic document generated for controlled PII training data.,[],{},[],[],[],False,False,True,local_non_pii,no_meaningful_signal,False,20260909_112021,rule_based,local,rules,regex_presidio_fusion_v1,not_applicable,rules,False
SYN-IT_ACCESS_REQUEST-0100,synthetic_it_access_request_0100.txt,form,it_access_request,de,synthetic_generation,,,synthetic,2026-08-28,2026-08-28,2026-08-28,0,"IT-Zugriffsantrag

Name: Antragstellerangaben nicht angegeben
Kontakt: Abteilungskontakt
Abteilung: Procurement
Vorgesetzter: Eric Bauer
System: SAP S/4HANA
Zugriffsstufe: Read Only
Begründung: Zugriff auf SAP S/4HANA ist erforderlich, um die notwendigen Informationen für die Beschaffung effizient abrufen und analysieren zu können.
Prüfer: IT Security Team
Kommentare: https://beyer.com/
Genehmigung: Approved
Genehmigende Person: Department Manager
Unterschrift: Unterschrift ausstehend
Datum: 2027-06-10",yes,yes,no,no,no,no,no,no,no,no,no,yes,no,PERSON; URL,MULTIPLE,2,2,easy,no,none,no,test,yes,openrouter_gpt4o_mini_field,field_llm_v1,no,,,v2,Synthetic document generated for controlled PII training data.,"[{'type': 'LOCATION', 'value': 'Antragstellerangaben', 'confidence': 0.85, 'source': 'presidio', 'start': 25, 'end': 45}, {'type': 'PERSON', 'value': 'Eric Bauer', 'confidence': 0.85, 'source': 'presidio', 'start': 126, 'end': 136}, {'type': 'LOCATION', 'value': '4HANA', 'confidence': 0.85, 'source': 'presidio', 'start': 212, 'end': 217}, {'type': 'URL', 'value': 'https://beyer.com/', 'confidence': 0.6, 'source': 'presidio', 'start': 371, 'end': 389}, {'type': 'URL', 'value': 'https://beyer.com', 'confidence': 0.9, 'source': 'custom_regex', 'start': 371, 'end': 388}]","{'LOCATION': 0.85, 'PERSON': 0.85, 'URL': 1.0}","['LOCATION', 'PERSON', 'URL']",[],"['LOCATION', 'PERSON', 'URL']",False,True,True,low_cost_llm,potential_pii_evidence,True,20260909_112021,rule_based,local,rules,regex_presidio_fusion_v1,not_applicable,rules,False
SYN-IT_ACCESS_REQUEST-0112,synthetic_it_access_request_0112.txt,form,it_access_request,en,synthetic_generation,,,synthetic,2026-08-28,2026-08-28,2026-08-28,0,"It Access Request

Name: Requester details not provided
Contact: Department Contact
Department: IT
Manager: Responsible Manager
System: Microsoft 365
Access Level: Administrator
Justification: The request for Administrator access to Microsoft 365 is critical for the ongoing management and configuration of our enterprise systems. As our team is tasked with implementing new security protocols and ensuring compliance with industry standards, having elevated permissions is necessary to perform these activities efficiently. This access will enable us to manage user accounts, enforce security policies, and respond swiftly to any potential threats, ultimately enhancing our overall system integrity and operational efficiency.
Reviewer: IT Security Team
Comments: The IT Security Team has reviewed the request and recognizes the importance of granting Administrator access to facilitate the necessary updates and configurations. However, further evaluation may be required to ensure that all security measures are in place prior to granting access. It is essential to maintain strict compliance with our internal security policies during this process. The Access Control Team should prioritize this request to avoid any disruption in critical IT operations.
Approval: Pending
Approver: Access Control Team
Signature: Signature pending
Date: 2025-12-30",no,no,no,no,no,no,no,no,no,no,no,no,no,,NONE,0,0,easy,no,none,no,test,yes,openrouter_gpt4o_mini_field,field_llm_v1,no,,,v2,Synthetic document generated for controlled PII training data.,[],{},[],[],[],False,False,True,local_non_pii,no_meaningful_signal,False,20260909_112021,rule_based,local,rules,regex_presidio_fusion_v1,not_applicable,rules,False
SYN-IT_ACCESS_REQUEST-0115,synthetic_it_access_request_0115.txt,form,it_access_request,en,synthetic_generation,,,synthetic,2026-08-28,2026-08-28,2026-08-28,0,"It Access Request

Name: Requester details not provided
Contact: Service Team
Department: Human Resources
Manager: Responsible Manager
System: ServiceNow
Access Level: Power User
Justification: The requested access to ServiceNow as a Power User is essential for the Human Resources department to manage employee records efficiently. This access will enable HR personnel to streamline workflows, improve data management, and ensure compliance with internal policies. The ability to utilize advanced functionalities within ServiceNow will significantly enhance our operational capabilities and support our ongoing initiatives for employee engagement and organizational effectiveness.
Reviewer: System Administration
Comments: Reviewers are encouraged to consider the potential impact of granting Power User access on HR processes. It is important to ensure that the requester is adequately trained to handle the responsibilities that come with this level of access. Additionally, a follow-up should be scheduled to assess the effectiveness of the access granted and address any issues that may arise during its usage.
Approval: Pending
Approver: Access Control Team
Signature: Signature pending
Date: 2024-12-27",no,no,no,no,no,no,no,no,no,no,no,no,no,,NONE,0,0,easy,no,none,no,test,yes,openrouter_gpt4o_mini_field,field_llm_v1,no,,,v2,Synthetic document generated for controlled PII training data.,[],{},[],[],[],False,False,True,local_non_pii,no_meaningful_signal,False,20260909_112021,rule_based,local,rules,regex_presidio_fusion_v1,not_applicable,rules,False
SYN-IT_ACCESS_REQUEST-0126,synthetic_it_access_request_0126.txt,form,it_access_request,en,synthetic_generation,,,synthetic,2026-08-28,2026-08-28,2026-08-28,0,"It Access Request

Name: Department request
Contact: Department Contact
Department: Human Resources
Manager: Department Manager
System: Microsoft 365
Access Level: Power User
Justification: Access to Microsoft 365 as a Power User is essential for the Human Resources team to manage employee records and facilitate communication efficiently. This access is necessary for timely onboarding and offboarding processes.
Reviewer: IT Security Team
Comments: The request was thoroughly reviewed by the IT Security Team and deemed to not meet current security protocols. Further clarification may be needed to address the specific access requirements.
Approval: Rejected
Approver: IT Manager
Signature: Authorized signature
Date: 2027-01-05",no,no,no,no,no,no,no,no,no,no,no,no,no,,NONE,0,0,easy,no,none,no,test,yes,openrouter_gpt4o_mini_field,field_llm_v1,no,,,v2,Synthetic document generated for controlled PII training data.,[],{},[],[],[],False,False,True,local_non_pii,no_meaningful_signal,False,20260909_112021,rule_based,local,rules,regex_presidio_fusion_v1,not_applicable,rules,False
SYN-IT_ACCESS_REQUEST-0148,synthetic_it_access_request_0148.txt,form,it_access_request,de,synthetic_generation,,,synthetic,2026-08-28,2026-08-28,2026-08-28,0,"IT-Zugriffsantrag

Name: Antragstellerangaben nicht angegeben
Kontakt: Abteilungskontakt
Abteilung: Finance
Vorgesetzter: Teamleitung
System: Microsoft 365
Zugriffsstufe: Editor
Begründung: Der Zugriff auf Microsoft 365 als Editor ist erforderlich, um die finanziellen Berichte effizient zu bearbeiten und die Zusammenarbeit im Team zu unterstützen.
Prüfer: Access Management
Kommentare: Die Anfrage wurde abgelehnt, da die Notwendigkeit des Zugriffs nicht ausreichend begründet wurde. Eine erneute Überprüfung könnte nach Klärung der Anforderungen erfolgen.
Genehmigung: Rejected
Genehmigende Person: Department Manager
Unterschrift: Unterschrift ausstehend
Datum: 2025-07-30",no,no,no,no,no,no,no,no,no,no,no,no,no,,NONE,0,0,easy,no,none,no,test,yes,openrouter_gpt4o_mini_field,field_llm_v1,no,,,v2,Synthetic document generated for controlled PII training data.,"[{'type': 'LOCATION', 'value': 'Antragstellerangaben', 'confidence': 0.85, 'source': 'presidio', 'start': 25, 'end': 45}]",{'LOCATION': 0.85},['LOCATION'],[],[],False,False,True,local_non_pii,no_meaningful_signal,False,20260909_112021,rule_based,local,rules,regex_presidio_fusion_v1,not_applicable,rules,False
SYN-IT_ACCESS_REQUEST-0149,synthetic_it_access_request_0149.txt,form,it_access_request,en,synthetic_generation,,,synthetic,2026-08-28,2026-08-28,2026-08-28,0,"It Access Request

Name: Requester details not provided
Contact: Central Contact Point
Department: IT
Manager: Team Lead
System: Microsoft 365
Access Level: Power User
Justification: The request for access to Microsoft 365 at the Power User level is essential for the requester to efficiently manage team collaboration and enhance productivity within the IT department. This access will enable the requester to utilize advanced features necessary for document sharing, project management, and communication, which are critical for ongoing initiatives. Given the current workload and the importance of seamless collaboration, this access is justified to ensure that project deadlines are met and deliverables are achieved without any delays.
Reviewer: Access Management
Comments: The review by Access Management has confirmed that granting Power User access aligns with our security protocols and operational requirements. The request has been thoroughly vetted, and no compliance issues were identified. The IT Manager has reviewed the request and approved it, ensuring that all necessary safeguards are in place to protect sensitive information. The signature for this approval is still pending but is expected shortly.
Approval: Approved
Approver: IT Manager
Signature: Signature pending
Date: 2024-10-14",no,no,no,no,no,no,no,no,no,no,no,no,no,,NONE,0,0,easy,no,none,no,test,yes,openrouter_gpt4o_mini_field,field_llm_v1,no,,,v2,Synthetic document generated for controlled PII training data.,[],{},[],[],[],False,False,True,local_non_pii,no_meaningful_signal,False,20260909_112021,rule_based,local,rules,regex_presidio_fusion_v1,not_applicable,rules,False
SYN-IT_ACCESS_REQUEST-0150,synthetic_it_access_request_0150.txt,form,it_access_request,de,synthetic_generation,,,synthetic,2026-08-28,2026-08-28,2026-08-28,0,"IT-Zugriffsantrag

Name: Antragstellerangaben nicht angegeben
Kontakt: Serviceteam
Abteilung: IT
Vorgesetzter: Teamleitung
System: CRM Platform
Zugriffsstufe: Power User
Begründung: Die Beantragung von Zugriff auf die CRM-Plattform ist entscheidend für die Effizienz und Effektivität unserer IT-Abteilung. Mit dem erforderlichen Zugang als Power User kann ich in der Lage sein, wichtige Daten zu verwalten, die Zusammenarbeit zwischen den Teams zu fördern und die Servicequalität für unsere Kunden zu verbessern. Ohne diesen Zugriff ist es nicht möglich, meine Aufgaben vollständig zu erfüllen, was negative Auswirkungen auf die Projektlaufzeiten und den Kundenservice haben könnte.
Prüfer: System Administration
Kommentare: Der Antrag wurde sorgfältig geprüft, und ich unterstütze die Erteilung des Zugriffs, da die IT-Abteilung einen reibungslosen Informationsfluss benötigt, um ihre Aufgaben effizient zu erledigen. Es ist wichtig, dass der Antragsteller schnellstmöglich die erforderlichen Berechtigungen erhält, um die geplanten Projekte fristgerecht voranzutreiben. Ich empfehle die zeitnahe Genehmigung, um mögliche Verzögerungen zu vermeiden.
Genehmigung: Pending
Genehmigende Person: IT Manager
Unterschrift: Autorisierte Unterschrift
Datum: 2027-07-06",no,no,no,no,no,no,no,no,no,no,no,no,no,,NONE,0,0,easy,no,none,no,test,yes,openrouter_gpt4o_mini_field,field_llm_v1,no,,,v2,Synthetic document generated for controlled PII training data.,"[{'type': 'LOCATION', 'value': 'Antragstellerangaben', 'confidence': 0.85, 'source': 'presidio', 'start': 25, 'end': 45}]",{'LOCATION': 0.85},['LOCATION'],[],[],False,False,True,local_non_pii,no_meaningful_signal,False,20260909_112021,rule_based,local,rules,regex_presidio_fusion_v1,not_applicable,rules,False
SYN-IT_ACCESS_REQUEST-0163,synthetic_it_access_request_0163.txt,form,it_access_request,en,synthetic_generation,,,synthetic,2026-08-28,2026-08-28,2026-08-28,0,"It Access Request

Name: Charles Cooper
Contact: Central Contact Point
Department: Finance
Manager: Department Manager
System: ServiceNow
Access Level: Power User
Justification: The request for access to ServiceNow is essential for Charles Cooper in his role within the Finance department. He requires Power User access to effectively manage and oversee financial requests and workflows. This access will enable him to streamline processes, enhance reporting capabilities, and ensure compliance with departmental policies. Additionally, it will facilitate better collaboration with other teams, ultimately improving the overall efficiency of financial operations.
Reviewer: IT Security Team
Comments: The IT Security Team has reviewed the access request and noted that Charles Cooper has demonstrated a clear need for the requested access level. They recommend approval, pending final confirmation from the Department Manager, as this will significantly aid in the finance team’s operational effectiveness. Further monitoring of access activities is suggested to ensure compliance with security protocols.
Approval: Pending
Approver: Department Manager
Signature: Signature pending
Date: 2025-05-28",yes,yes,no,no,no,no,no,no,no,no,no,no,no,PERSON,PERSON,1,1,easy,no,none,no,test,yes,openrouter_gpt4o_mini_field,field_llm_v1,no,,,v2,Synthetic document generated for controlled PII training data.,"[{'type': 'PERSON', 'value': 'Charles Cooper\nContact:', 'confidence': 0.85, 'source': 'presidio', 'start': 25, 'end': 48}, {'type': 'PERSON', 'value': 'Charles Cooper', 'confidence': 0.85, 'source': 'presidio', 'start': 232, 'end': 246}, {'type': 'PERSON', 'value': 'Charles Cooper', 'confidence': 0.85, 'source': 'presidio', 'start': 769, 'end': 783}]",{'PERSON': 0.85},['PERSON'],[],['PERSON'],False,True,True,low_cost_llm,potential_pii_evidence,True,20260909_112021,rule_based,local,rules,regex_presidio_fusion_v1,not_applicable,rules,False
SYN-IT_ACCESS_REQUEST-0166,synthetic_it_access_request_0166.txt,form,it_access_request,de,synthetic_generation,,,synthetic,2026-08-28,2026-08-28,2026-08-28,0,"IT-Zugriffsantrag

Name: 
Kontakt: 
Abteilung: 
Vorgesetzter: 
System: 
Zugriffsstufe: 
Begründung: 
Prüfer: 
Kommentare: 
Genehmigung: 
Genehmigende Person: 
Unterschrift: 
Datum: ",no,no,no,no,no,no,no,no,no,no,no,no,no,,NONE,0,0,easy,no,none,no,test,yes,faker_archetype_v1,template_v1,no,,,v2,Synthetic document generated for controlled PII training data.,[],{},[],[],[],False,False,True,local_non_pii,no_meaningful_signal,False,20260909_112021,rule_based,local,rules,regex_presidio_fusion_v1,not_applicable,rules,False
SYN-IT_ACCESS_REQUEST-0172,synthetic_it_access_request_0172.txt,form,it_access_request,de,synthetic_generation,,,synthetic,2026-08-28,2026-08-28,2026-08-28,0,"IT-Zugriffsantrag

Name: Abteilungsantrag
Kontakt: Abteilungskontakt
Abteilung: IT
Vorgesetzter: Teamleitung
System: Microsoft 365
Zugriffsstufe: Administrator
Begründung: Die Administratorrechte für Microsoft 365 sind erforderlich, um die IT-Infrastruktur effizient zu verwalten und um sicherzustellen, dass alle Nutzer in der Abteilung die notwendigen Ressourcen erhalten.
Prüfer: IT Security Team
Kommentare: Die Anfrage wird zurzeit vom IT Security Team überprüft. Eine zeitnahe Genehmigung durch die Teamleitung wird erwartet, um die Arbeitsabläufe nicht zu stören.
Genehmigung: Pending
Genehmigende Person: Department Manager
Unterschrift: Unterschrift ausstehend
Datum: 2026-05-21",no,no,no,no,no,no,no,no,no,no,no,no,no,,NONE,0,0,easy,no,none,no,test,yes,openrouter_gpt4o_mini_field,field_llm_v1,no,,,v2,Synthetic document generated for controlled PII training data.,[],{},[],[],[],False,False,True,local_non_pii,no_meaningful_signal,False,20260909_112021,rule_based,local,rules,regex_presidio_fusion_v1,not_applicable,rules,False
SYN-IT_ACCESS_REQUEST-0175,synthetic_it_access_request_0175.txt,form,it_access_request,en,synthetic_generation,,,synthetic,2026-08-28,2026-08-28,2026-08-28,0,"It Access Request

Name: Department request
Contact: Service Team
Department: Human Resources
Manager: Team Lead
System: ServiceNow
Access Level: Administrator
Justification: Access is required to perform administrative tasks within ServiceNow to manage HR operations effectively. This access will facilitate timely updates and maintenance of employee records.
Reviewer: IT Security Team
Comments: The request for administrator access has been reviewed and ultimately rejected. Further clarification or additional justification may be required for future submissions.
Approval: Rejected
Approver: Access Control Team
Signature: Signature pending
Date: 2024-11-05",no,no,no,no,no,no,no,no,no,no,no,no,no,,NONE,0,0,easy,no,none,no,test,yes,openrouter_gpt4o_mini_field,field_llm_v1,no,,,v2,Synthetic document generated for controlled PII training data.,[],{},[],[],[],False,False,True,local_non_pii,no_meaningful_signal,False,20260909_112021,rule_based,local,rules,regex_presidio_fusion_v1,not_applicable,rules,False
SYN-IT_ACCESS_REQUEST-0202,synthetic_it_access_request_0202.txt,form,it_access_request,de,synthetic_generation,,,synthetic,2026-08-28,2026-08-28,2026-08-28,0,"IT-Zugriffsantrag

Name: Abteilungsantrag
Kontakt: Serviceteam
Abteilung: Procurement
Vorgesetzter: Verantwortliche Führungskraft
System: CRM Platform
Zugriffsstufe: Read Only
Begründung: Der Zugriff auf die CRM-Plattform ist erforderlich, um die aktuellen Lieferanteninformationen einsehen und die Beschaffungsprozesse effizient unterstützen zu können.
Prüfer: Access Management
Kommentare: Bitte beachten Sie, dass dieser Antrag auf Lesezugriff auf die CRM-Plattform zur Verbesserung der internen Kommunikationsabläufe dient.
Genehmigung: Pending
Genehmigende Person: IT Manager
Unterschrift: Autorisierte Unterschrift
Datum: 2025-02-25",no,no,no,no,no,no,no,no,no,no,no,no,no,,NONE,0,0,easy,no,none,no,test,yes,openrouter_gpt4o_mini_field,field_llm_v1,no,,,v2,Synthetic document generated for controlled PII training data.,[],{},[],[],[],False,False,True,local_non_pii,no_meaningful_signal,False,20260909_112021,rule_based,local,rules,regex_presidio_fusion_v1,not_applicable,rules,False
SYN-IT_ACCESS_REQUEST-0206,synthetic_it_access_request_0206.txt,form,it_access_request,de,synthetic_generation,,,synthetic,2026-08-28,2026-08-28,2026-08-28,0,"IT-Zugriffsantrag

Name: Abteilungsantrag
Kontakt: Abteilungskontakt
Abteilung: Human Resources
Vorgesetzter: Teamleitung
System: Microsoft 365
Zugriffsstufe: Power User
Begründung: Die Bereitstellung von Microsoft 365 mit dem Zugriffslevel 'Power User' wird benötigt, um die Effizienz bei der Bearbeitung von Personalangelegenheiten zu steigern. Die Abteilung Human Resources sollte in der Lage sein, umfassende Analysen durchzuführen und die Zusammenarbeit innerhalb des Teams zu verbessern, insbesondere im Hinblick auf die Verwaltung von Mitarbeiterdaten und die Durchführung von Schulungen. Diese Zugriffsrechte sind entscheidend, um die digitalisierten Prozesse zu optimieren und die Datenintegrität zu gewährleisten.
Prüfer: System Administration
Kommentare: Die Entscheidung zur Ablehnung des Antrags wurde nach sorgfältiger Überprüfung der aktuellen Ressourcen und der bestehenden Zugriffsrechte getroffen. Es wird empfohlen, alternative Lösungen zu prüfen, um den Anforderungen der Abteilung Human Resources gerecht zu werden, ohne die Sicherheitsrichtlinien unseres Unternehmens zu gefährden. Eine erneute Überprüfung des Antrags könnte in sechs Monaten in Betracht gezogen werden, sofern sich die Umstände ändern.
Genehmigung: Rejected
Genehmigende Person: Department Manager
Unterschrift: Autorisierte Unterschrift
Datum: 2025-10-10",no,no,no,no,no,no,no,no,no,no,no,no,no,,NONE,0,0,easy,no,none,no,test,yes,openrouter_gpt4o_mini_field,field_llm_v1,no,,,v2,Synthetic document generated for controlled PII training data.,[],{},[],[],[],False,False,True,local_non_pii,no_meaningful_signal,False,20260909_112021,rule_based,local,rules,regex_presidio_fusion_v1,not_applicable,rules,False
SYN-IT_ACCESS_REQUEST-0208,synthetic_it_access_request_0208.txt,form,it_access_request,en,synthetic_generation,,,synthetic,2026-08-28,2026-08-28,2026-08-28,0,"It Access Request

Name: Requester details not provided
Contact: Service Team
Department: IT
Manager: Team Lead
System: CRM Platform
Access Level: Administrator
Justification: The purpose of this access request is to facilitate the efficient management and administration of the CRM Platform, which is critical for the IT department's operations. The requester requires Administrator access to troubleshoot issues, manage user accounts, and implement necessary updates that align with departmental goals. This access will enable the team to enhance system performance and ensure compliance with organizational standards.
Reviewer: System Administration
Comments: The review conducted by System Administration indicates that granting Administrator access is essential for the requester to perform their job effectively. It is recommended that access be monitored periodically to ensure it aligns with the operational needs of the IT department. Approval is granted based on the understanding that the requester will adhere to all security protocols while using the CRM Platform.
Approval: Approved
Approver: IT Manager
Signature: Signature pending
Date: 2025-05-18",no,no,no,no,no,no,no,no,no,no,no,no,no,,NONE,0,0,easy,no,none,no,test,yes,openrouter_gpt4o_mini_field,field_llm_v1,no,,,v2,Synthetic document generated for controlled PII training data.,[],{},[],[],[],False,False,True,local_non_pii,no_meaningful_signal,False,20260909_112021,rule_based,local,rules,regex_presidio_fusion_v1,not_applicable,rules,False
SYN-IT_ACCESS_REQUEST-0227,synthetic_it_access_request_0227.txt,form,it_access_request,de,synthetic_generation,,,synthetic,2026-08-28,2026-08-28,2026-08-28,0,"IT-Zugriffsantrag

Name: Dipl.-Ing. Mechthilde Wieloch MBA.
Kontakt: Serviceteam
Abteilung: IT
Vorgesetzter: Teamleitung
System: CRM Platform
Zugriffsstufe: Read Only
Begründung: 189.201.89.42
Prüfer: Access Management
Kommentare: Die Zugriffsanfrage auf die CRM-Plattform wurde gestellt, um sicherzustellen, dass Dipl.-Ing. Mechthilde Wieloch MBA. alle notwendigen Informationen für die effektive Bearbeitung von Kundenanfragen einsehen kann. Dies ist entscheidend für die Optimierung der Arbeitsabläufe in der IT-Abteilung und zur Unterstützung der Teamleitung bei der Verwaltung von Kundenbeziehungen. Die beantragte Zugriffsebene ""Read Only"" stellt sicher, dass keine Änderungen an den Daten vorgenommen werden können, wodurch die Integrität der Informationen gewahrt bleibt. Die Überprüfung durch das Access Management hat bereits stattgefunden und die Genehmigung wurde von der Abteilungsleitung erteilt.
Genehmigung: Approved
Genehmigende Person: Department Manager
Unterschrift: Unterschrift ausstehend
Datum: 2027-01-31",yes,yes,no,no,no,no,no,no,no,no,yes,no,no,PERSON; IP_ADDRESS,MULTIPLE,2,2,easy,no,none,no,test,yes,openrouter_gpt4o_mini_field,field_llm_v1,no,,,v2,Synthetic document generated for controlled PII training data.,"[{'type': 'PERSON', 'value': 'Dipl.-Ing. Mechthilde Wieloch', 'confidence': 0.85, 'source': 'presidio', 'start': 25, 'end': 54}, {'type': 'PERSON', 'value': 'Dipl.-Ing. Mechthilde Wieloch', 'confidence': 0.85, 'source': 'presidio', 'start': 314, 'end': 343}, {'type': 'PERSON', 'value': 'Zugriffsebene ""Read Only', 'confidence': 0.85, 'source': 'presidio', 'start': 620, 'end': 644}, {'type': 'IP_ADDRESS', 'value': '189.201.89.42', 'confidence': 0.6, 'source': 'presidio', 'start': 179, 'end': 192}]","{'PERSON': 0.85, 'IP_ADDRESS': 0.6}","['IP_ADDRESS', 'PERSON']",['IP_ADDRESS'],['PERSON'],True,True,True,local_pii,strong_pii_detected,False,20260909_112021,rule_based,local,rules,regex_presidio_fusion_v1,not_applicable,rules,True
SYN-IT_ACCESS_REQUEST-0234,synthetic_it_access_request_0234.txt,form,it_access_request,de,synthetic_generation,,,synthetic,2026-08-28,2026-08-28,2026-08-28,0,"IT-Zugriffsantrag

Name: Eileen Klotz
Kontakt: Abteilungskontakt
Abteilung: Operations
Vorgesetzter: Abteilungsleitung
System: Analytics Workspace
Zugriffsstufe: Read Only
Begründung: Eileen Klotz benötigt Lesezugriff auf das Analytics Workspace, um Datenanalysen im Rahmen ihrer Aufgaben in der Abteilung Operations durchzuführen.
Prüfer: System Administration
Kommentare: 16.34.116.115
Genehmigung: Rejected
Genehmigende Person: Access Control Team
Unterschrift: Unterschrift ausstehend
Datum: 2025-11-23",yes,yes,no,no,no,no,no,no,no,no,yes,no,no,PERSON; IP_ADDRESS,MULTIPLE,2,2,easy,no,none,no,test,yes,openrouter_gpt4o_mini_field,field_llm_v1,no,,,v2,Synthetic document generated for controlled PII training data.,"[{'type': 'PERSON', 'value': 'Eileen Klotz', 'confidence': 0.85, 'source': 'presidio', 'start': 25, 'end': 37}, {'type': 'PERSON', 'value': 'Eileen Klotz', 'confidence': 0.85, 'source': 'presidio', 'start': 184, 'end': 196}, {'type': 'IP_ADDRESS', 'value': '16.34.116.115', 'confidence': 0.6, 'source': 'presidio', 'start': 374, 'end': 387}]","{'PERSON': 0.85, 'IP_ADDRESS': 0.6}","['IP_ADDRESS', 'PERSON']",['IP_ADDRESS'],['PERSON'],True,True,True,local_pii,strong_pii_detected,False,20260909_112021,rule_based,local,rules,regex_presidio_fusion_v1,not_applicable,rules,True
SYN-IT_ACCESS_REQUEST-0239,synthetic_it_access_request_0239.txt,form,it_access_request,de,synthetic_generation,,,synthetic,2026-08-28,2026-08-28,2026-08-28,0,"IT-Zugriffsantrag

Name: Antragstellerangaben nicht angegeben
Kontakt: Abteilungskontakt
Abteilung: Human Resources
Vorgesetzter: Teamleitung
System: Analytics Workspace
Zugriffsstufe: Standard User
Begründung: Der Antragsteller benötigt Zugang zu Analytics Workspace, um relevante HR-Daten zu analysieren und Berichte zu erstellen, die für die Personalplanung erforderlich sind. Dies unterstützt die Abteilung Human Resources bei der Optimierung von Prozessen und der Entscheidungsfindung.
Prüfer: Access Management
Kommentare: Der Zugang wurde von der Teamleitung genehmigt, um sicherzustellen, dass die benötigten Daten rechtzeitig zur Verfügung stehen. Die Überprüfung durch Access Management hat stattgefunden und der Antrag wurde als genehmigt markiert.
Genehmigung: Approved
Genehmigende Person: IT Manager
Unterschrift: Unterschrift ausstehend
Datum: 2025-01-16",no,no,no,no,no,no,no,no,no,no,no,no,no,,NONE,0,0,easy,no,none,no,test,yes,openrouter_gpt4o_mini_field,field_llm_v1,no,,,v2,Synthetic document generated for controlled PII training data.,"[{'type': 'LOCATION', 'value': 'Antragstellerangaben', 'confidence': 0.85, 'source': 'presidio', 'start': 25, 'end': 45}]",{'LOCATION': 0.85},['LOCATION'],[],[],False,False,True,local_non_pii,no_meaningful_signal,False,20260909_112021,rule_based,local,rules,regex_presidio_fusion_v1,not_applicable,rules,False
SYN-IT_ACCESS_REQUEST-0247,synthetic_it_access_request_0247.txt,form,it_access_request,en,synthetic_generation,,,synthetic,2026-08-28,2026-08-28,2026-08-28,0,"It Access Request

Name: Requester details not provided
Contact: Department Contact
Department: IT
Manager: Team Lead
System: ServiceNow
Access Level: Editor
Justification: The request for access to ServiceNow at the Editor level is crucial for the requester to efficiently manage project tasks within the IT department. With this access, they will be able to update ticket statuses, assign tasks to team members, and contribute to documentation updates. This level of access aligns with the team's operational needs and supports the overall project management process, ensuring timely responses to IT service requests.
Reviewer: Access Management
Comments: Upon review, it was determined that granting Editor access to ServiceNow is appropriate for this role. The requester has demonstrated a need for this level of access to enhance their productivity and collaboration within the team. Regular audits will be conducted to ensure adherence to access policies and to maintain security compliance.
Approval: Approved
Approver: Access Control Team
Signature: Signature pending
Date: 2027-07-24",no,no,no,no,no,no,no,no,no,no,no,no,no,,NONE,0,0,easy,no,none,no,test,yes,openrouter_gpt4o_mini_field,field_llm_v1,no,,,v2,Synthetic document generated for controlled PII training data.,[],{},[],[],[],False,False,True,local_non_pii,no_meaningful_signal,False,20260909_112021,rule_based,local,rules,regex_presidio_fusion_v1,not_applicable,rules,False
SYN-IT_ACCESS_REQUEST-0249,synthetic_it_access_request_0249.txt,form,it_access_request,en,synthetic_generation,,,synthetic,2026-08-28,2026-08-28,2026-08-28,0,"It Access Request

Name: Department request
Contact: Service Team
Department: Operations
Manager: Team Lead
System: Microsoft 365
Access Level: Power User
Justification: Access is required to perform data analysis and reporting tasks using Microsoft 365 tools to enhance operational efficiency.
Reviewer: IT Security Team
Comments: The request was thoroughly reviewed, but due to security protocols, access cannot be granted at this time. Further justification may be needed for future considerations.
Approval: Rejected
Approver: Department Manager
Signature: Signature pending
Date: 2025-08-28",no,no,no,no,no,no,no,no,no,no,no,no,no,,NONE,0,0,easy,no,none,no,test,yes,openrouter_gpt4o_mini_field,field_llm_v1,no,,,v2,Synthetic document generated for controlled PII training data.,[],{},[],[],[],False,False,True,local_non_pii,no_meaningful_signal,False,20260909_112021,rule_based,local,rules,regex_presidio_fusion_v1,not_applicable,rules,False
SYN-MEDICAL_RECORD-0005,synthetic_medical_record_0005.txt,medical_record,medical_record,de,synthetic_generation,,,synthetic,2026-08-28,2026-08-28,2026-08-28,0,"Medizinische Dokumentation

Patient: Patienteninformationen zurückgehalten
Datum: 2027-07-26
Behandler: Betriebsärztlicher Dienst
Ort: Hauptstandort
Grund: Der Patient kam aufgrund starker Kopfschmerzen und allgemeiner Müdigkeit in die Praxis.
Beurteilung: Die Untersuchung ergab keine Auffälligkeiten. Mögliche Ursachen könnten Stress oder Dehydration sein.
Behandlung: Empfohlen wurde eine ausreichende Flüssigkeitszufuhr und die Einnahme von Schmerzmitteln bei Bedarf.
Nachsorge: Eine Nachuntersuchung wurde in zwei Wochen angesetzt, um den Fortschritt zu überprüfen.
Notizen: Der Patient wurde darüber informiert, Stressbewältigungstechniken auszuprobieren und bei anhaltenden Symptomen früher wiederzukommen.",no,no,no,no,no,no,no,no,no,no,no,no,no,,NONE,0,0,easy,no,none,no,test,yes,openrouter_gpt4o_mini_field,field_llm_v1,no,,,v2,Synthetic document generated for controlled PII training data.,[],{},[],[],[],False,False,False,local_non_pii,no_meaningful_signal,False,20260909_112021,rule_based,local,rules,regex_presidio_fusion_v1,not_applicable,rules,False
SYN-MEDICAL_RECORD-0019,synthetic_medical_record_0019.txt,medical_record,medical_record,en,synthetic_generation,,,synthetic,2026-08-28,2026-08-28,2026-08-28,0,"Medical Record

Patient: Patient details not provided
Date: 2026-01-24
Provider: Medical Team
Location: Operations Area
Reason: Patient presents with persistent cough and shortness of breath, worsening over the past week.
Assessment: Physical examination reveals bilateral wheezing and decreased breath sounds. Chest X-ray indicates mild infiltrates.
Treatment: Initiated bronchodilator therapy and prescribed a course of oral corticosteroids for inflammation management.
Follow Up: Reassess in one week to evaluate response to treatment and consider further imaging if symptoms persist.
Notes: Patient advised on inhaler technique and the importance of adherence to medication regimen. Allergy history reviewed; potential triggers discussed.",no,no,no,no,no,no,no,no,no,no,no,no,no,,NONE,0,0,easy,no,none,no,test,yes,openrouter_gpt4o_mini_field,field_llm_v1,no,,,v2,Synthetic document generated for controlled PII training data.,[],{},[],[],[],False,False,False,local_non_pii,no_meaningful_signal,False,20260909_112021,rule_based,local,rules,regex_presidio_fusion_v1,not_applicable,rules,False
SYN-MEDICAL_RECORD-0020,synthetic_medical_record_0020.txt,medical_record,medical_record,en,synthetic_generation,,,synthetic,2026-08-28,2026-08-28,2026-08-28,0,"Medical Record

Patient: Patient information withheld
Date: 2025-03-11
Provider: Clinical Department
Location: IT Department
Reason: Patient presents with persistent headaches and visual disturbances.
Assessment: Neurological examination shows no focal deficits. Imaging studies suggest possible migraines.
Treatment: Initiated treatment with triptans for headache management. Advised lifestyle modifications.
Follow Up: Schedule follow-up appointment in six weeks to reassess symptoms and treatment efficacy.
Notes: Patient education provided regarding headache triggers and management strategies.",no,no,no,no,no,no,no,no,no,no,no,no,no,,NONE,0,0,easy,no,none,no,test,yes,openrouter_gpt4o_mini_field,field_llm_v1,no,,,v2,Synthetic document generated for controlled PII training data.,[],{},[],[],[],False,False,False,local_non_pii,no_meaningful_signal,False,20260909_112021,rule_based,local,rules,regex_presidio_fusion_v1,not_applicable,rules,False
SYN-MEDICAL_RECORD-0045,synthetic_medical_record_0045.txt,medical_record,medical_record,en,synthetic_generation,,,synthetic,2026-08-28,2026-08-28,2026-08-28,0,"Medical Record

Patient: Patient information withheld
Date: 2026-01-28
Provider: Medical Team
Location: Operations Area
Reason: Samantha Cain presented with persistent headaches and fatigue, seeking evaluation and management.
Assessment: The medical team assessed that the symptoms are likely related to stress and possible dehydration. No acute conditions were identified.
Treatment: Recommended a hydration regimen and stress management techniques. Prescribed a mild analgesic for headache relief as needed.
Follow Up: Samantha Cain is advised to return in two weeks for a follow-up appointment to monitor symptom progress and response to treatment.
Notes: Samantha Cain",yes,yes,no,no,no,no,no,no,no,no,no,no,no,PERSON,PERSON,1,1,easy,no,none,no,test,yes,openrouter_gpt4o_mini_field,field_llm_v1,no,,,v2,Synthetic document generated for controlled PII training data.,"[{'type': 'DATE_TIME', 'value': '2026-01-28', 'confidence': 0.95, 'source': 'presidio', 'start': 60, 'end': 70}, {'type': 'PERSON', 'value': 'Samantha Cain', 'confidence': 0.85, 'source': 'presidio', 'start': 128, 'end': 141}, {'type': 'PERSON', 'value': 'Samantha Cain', 'confidence': 0.85, 'source': 'presidio', 'start': 521, 'end': 534}, {'type': 'DATE_TIME', 'value': 'two weeks', 'confidence': 0.85, 'source': 'presidio', 'start': 559, 'end': 568}, {'type': 'PERSON', 'value': 'Samantha Cain', 'confidence': 0.85, 'source': 'presidio', 'start': 659, 'end': 672}]","{'DATE_TIME': 0.95, 'PERSON': 0.85}","['DATE_TIME', 'PERSON']",[],"['DATE_TIME', 'PERSON']",False,True,False,low_cost_llm,potential_pii_evidence,True,20260909_112021,rule_based,local,rules,regex_presidio_fusion_v1,not_applicable,rules,False
SYN-MEDICAL_RECORD-0047,synthetic_medical_record_0047.txt,medical_record,medical_record,en,synthetic_generation,,,synthetic,2026-08-28,2026-08-28,2026-08-28,0,"Medical Record

Patient: Patient details not provided
Date: 2027-06-04
Provider: Occupational Health Service
Location: Operations Area
Reason: The patient presented with complaints of repetitive strain injuries related to prolonged computer use in the Operations Area, specifically wrist and forearm discomfort.
Assessment: Upon examination, the patient exhibited signs of mild tendonitis in both wrists. Range of motion was slightly reduced, and tenderness was noted upon palpation of the affected areas. No neurological deficits were observed.
Treatment: The recommended treatment plan includes ergonomic adjustments to the workstation, application of ice packs to reduce inflammation, and a regimen of stretching exercises to improve flexibility. Additionally, a referral to physical therapy for further evaluation and treatment is advised.
Follow Up: A follow-up appointment is scheduled for two weeks from today, on 2027-06-18, to assess progress and determine the effectiveness of the treatment plan.
Notes: The patient was advised to take regular breaks during work hours to prevent exacerbation of symptoms. Educational materials on proper ergonomics were provided, and the importance of adhering to the treatment plan was emphasized.",no,no,no,no,no,no,no,no,no,no,no,no,no,,NONE,0,0,easy,no,none,no,test,yes,openrouter_gpt4o_mini_field,field_llm_v1,no,,,v2,Synthetic document generated for controlled PII training data.,"[{'type': 'DATE_TIME', 'value': '2027-06-04', 'confidence': 0.95, 'source': 'presidio', 'start': 60, 'end': 70}, {'type': 'LOCATION', 'value': 'the Operations Area', 'confidence': 0.85, 'source': 'presidio', 'start': 248, 'end': 267}]","{'DATE_TIME': 0.95, 'LOCATION': 0.85}","['DATE_TIME', 'LOCATION']",[],[],False,False,False,local_non_pii,no_meaningful_signal,False,20260909_112021,rule_based,local,rules,regex_presidio_fusion_v1,not_applicable,rules,False
SYN-MEDICAL_RECORD-0053,synthetic_medical_record_0053.txt,medical_record,medical_record,en,synthetic_generation,,,synthetic,2026-08-28,2026-08-28,2026-08-28,0,"Medical Record

Patient: Patient details not provided
Date: 2025-10-07
Provider: Medical Team
Location: Operations Area
Reason: The patient presented with persistent headaches and mild dizziness experienced over the past week.
Assessment: Upon examination, the patient showed no signs of neurological deficits, and vital signs were stable. Possible tension headaches were considered.
Treatment: The patient was advised to increase hydration and reduce stress. A prescription for ibuprofen was provided for pain relief.
Follow Up: A follow-up appointment is scheduled for two weeks from the date of the visit to reassess symptoms and determine if further investigation is needed.
Notes: The patient was encouraged to keep a headache diary to track frequency and triggers, which will be discussed at the next appointment.",no,no,no,no,no,no,no,no,no,no,no,no,no,,NONE,0,0,easy,no,none,no,test,yes,openrouter_gpt4o_mini_field,field_llm_v1,no,,,v2,Synthetic document generated for controlled PII training data.,[],{},[],[],[],False,False,False,local_non_pii,no_meaningful_signal,False,20260909_112021,rule_based,local,rules,regex_presidio_fusion_v1,not_applicable,rules,False
SYN-MEDICAL_RECORD-0059,synthetic_medical_record_0059.txt,medical_record,medical_record,de,synthetic_generation,,,synthetic,2026-08-28,2026-08-28,2026-08-28,0,"Medizinische Dokumentation

Patient: Patientenangaben nicht angegeben
Datum: 2024-12-26
Behandler: Medizinische Fachabteilung
Ort: Hauptstandort
Grund: Der Patient hat über anhaltende Rückenbeschwerden berichtet, die möglicherweise mit seiner Tätigkeit am Computer zusammenhängen.
Beurteilung: Die körperliche Untersuchung zeigt eine eingeschränkte Beweglichkeit der Lendenwirbelsäule. Es gibt Anzeichen von Muskelverspannungen im unteren Rückenbereich, die auf eine Überlastung hindeuten.
Behandlung: Es wurde ein individuelles Ergonomie-Training empfohlen, um die Haltung am Arbeitsplatz zu verbessern. Darüber hinaus wurde eine physiotherapeutische Behandlung zur Linderung der Beschwerden verordnet.
Nachsorge: Eine Nachuntersuchung ist in zwei Wochen geplant, um den Fortschritt zu bewerten und gegebenenfalls weitere Maßnahmen zu besprechen.
Notizen: Der Patient wurde darüber informiert, dass regelmäßige Pausen und Dehnübungen während der Arbeitszeit wichtig sind, um die Beschwerden zu reduzieren. Ein Informationsblatt zur Ergonomie am Arbeitsplatz wurde ausgehändigt.",no,no,no,no,no,no,no,no,no,no,no,no,no,,NONE,0,0,easy,no,none,no,test,yes,openrouter_gpt4o_mini_field,field_llm_v1,no,,,v2,Synthetic document generated for controlled PII training data.,"[{'type': 'LOCATION', 'value': 'Patientenangaben', 'confidence': 0.85, 'source': 'presidio', 'start': 37, 'end': 53}, {'type': 'DATE_TIME', 'value': '2024-12-26', 'confidence': 0.6, 'source': 'presidio', 'start': 77, 'end': 87}]","{'LOCATION': 0.85, 'DATE_TIME': 0.6}","['DATE_TIME', 'LOCATION']",[],[],False,False,False,local_non_pii,no_meaningful_signal,False,20260909_112021,rule_based,local,rules,regex_presidio_fusion_v1,not_applicable,rules,False
SYN-MEDICAL_RECORD-0064,synthetic_medical_record_0064.txt,medical_record,medical_record,en,synthetic_generation,,,synthetic,2026-08-28,2026-08-28,2026-08-28,0,"Medical Record

Patient: Patient details not provided
Date: 2026-08-19
Provider: Occupational Health Service
Location: Operations Area
Reason: The patient presented with complaints of persistent fatigue and musculoskeletal discomfort, particularly in the lower back, attributed to prolonged sitting and repetitive tasks in the Operations Area.
Assessment: Upon examination, the patient displayed signs of minor strain in the lumbar region and exhibited decreased range of motion. Fatigue levels were reported as high, likely due to workplace conditions and workload demands.
Treatment: A treatment plan was initiated, including recommendations for ergonomic adjustments in the workplace, such as a more supportive chair and regular breaks to alleviate pressure on the back. Additionally, light stretching exercises were advised to improve mobility.
Follow Up: The patient is scheduled for a follow-up appointment in two weeks to monitor progress and reassess symptoms. A review of workplace ergonomics will also be conducted to ensure compliance with health standards.
Notes: The patient was advised to maintain a log of symptoms and any changes in workload. Educational materials on workplace ergonomics were provided to support the patient in making necessary adjustments at work.",no,no,no,no,no,no,no,no,no,no,no,no,no,,NONE,0,0,easy,no,none,no,test,yes,openrouter_gpt4o_mini_field,field_llm_v1,no,,,v2,Synthetic document generated for controlled PII training data.,"[{'type': 'LOCATION', 'value': 'the Operations Area', 'confidence': 0.85, 'source': 'presidio', 'start': 323, 'end': 342}]",{'LOCATION': 0.85},['LOCATION'],[],[],False,False,False,local_non_pii,no_meaningful_signal,False,20260909_112021,rule_based,local,rules,regex_presidio_fusion_v1,not_applicable,rules,False
SYN-MEDICAL_RECORD-0066,synthetic_medical_record_0066.txt,medical_record,medical_record,de,synthetic_generation,,,synthetic,2026-08-28,2026-08-28,2026-08-28,0,"Medizinische Dokumentation

Patient: Patienteninformationen zurückgehalten
Datum: 2027-05-03
Behandler: Medizinische Fachabteilung
Ort: IT-Abteilung
Grund: Der Patient stellte sich mit akuten Atembeschwerden und Husten vor, was auf eine mögliche bronchiale Obstruktion hindeutet.
Beurteilung: Die Untersuchung ergab eine eingeschränkte Atemfunktion. Röntgenaufnahmen des Thorax zeigen keine Anzeichen einer Pneumonie, jedoch eine leichte Hyperinflation der Lungen.
Behandlung: Eine inhalative Bronchodilatation wurde verordnet, um die Atemwege zu erweitern. Zusätzlich erhielt der Patient eine kortikosteroid-haltige Therapie zur Entzündungsreduktion.
Nachsorge: Der Patient wurde angewiesen, in einer Woche zur Nachuntersuchung zu erscheinen, um den Behandlungserfolg zu evaluieren und gegebenenfalls die Medikation anzupassen.
Notizen: Es wurde empfohlen, die Auslöser für die Atembeschwerden zu identifizieren und zu vermeiden. Eine Schulung zur richtigen Anwendung des Inhalators wurde durchgeführt.",no,no,no,no,no,no,no,no,no,no,no,no,no,,NONE,0,0,easy,no,none,no,test,yes,openrouter_gpt4o_mini_field,field_llm_v1,no,,,v2,Synthetic document generated for controlled PII training data.,[],{},[],[],[],False,False,False,local_non_pii,no_meaningful_signal,False,20260909_112021,rule_based,local,rules,regex_presidio_fusion_v1,not_applicable,rules,False
SYN-MEDICAL_RECORD-0079,synthetic_medical_record_0079.txt,medical_record,medical_record,en,synthetic_generation,,,synthetic,2026-08-28,2026-08-28,2026-08-28,0,"Medical Record

Patient: Patient details not provided
Date: 2027-01-07
Provider: Medical Team
Location: Main Office
Reason: The patient reported recurring headaches associated with prolonged computer use at their workstation, which has raised concerns regarding ergonomic factors and workplace stressors.
Assessment: Upon examination, the patient displayed signs of eye strain and tension in the neck and shoulders. A detailed ergonomic assessment of the workstation was conducted, revealing improper monitor height and inadequate seating support.
Treatment: Recommended adjustments to the workstation setup, including raising the monitor to eye level, providing a supportive chair, and implementing regular breaks to reduce strain. The patient was also advised to practice eye exercises to alleviate symptoms and improve comfort.
Follow Up: Schedule a follow-up appointment in four weeks to assess the effectiveness of the workstation modifications and monitor the patient's symptoms. Encourage the patient to report any changes in their condition before the next appointment.
Notes: The patient expressed a willingness to implement the suggested changes and is motivated to improve their comfort at work. Additional resources on ergonomic practices will be provided to support the patient in maintaining a healthier work environment.",no,no,no,no,no,no,no,no,no,no,no,no,no,,NONE,0,0,easy,no,none,no,test,yes,openrouter_gpt4o_mini_field,field_llm_v1,no,,,v2,Synthetic document generated for controlled PII training data.,[],{},[],[],[],False,False,False,local_non_pii,no_meaningful_signal,False,20260909_112021,rule_based,local,rules,regex_presidio_fusion_v1,not_applicable,rules,False
SYN-MEDICAL_RECORD-0081,synthetic_medical_record_0081.txt,medical_record,medical_record,de,synthetic_generation,,,synthetic,2026-08-28,2026-08-28,2026-08-28,0,"Medizinische Dokumentation

Patient: Helfried Rohleder
Datum: 2024-12-31
Behandler: Approbationsnummer 5140914
Ort: Betriebsbereich
Grund: Helfried Rohleder kam aufgrund von wiederholten Beschwerden über Rücken- und Nackenschmerzen in die Untersuchung. Diese Beschwerden wurden im Zusammenhang mit seiner Arbeit am Computer festgestellt.
Beurteilung: Die körperliche Untersuchung ergab eine eingeschränkte Beweglichkeit der Halswirbelsäule sowie muskuläre Verspannungen im Bereich des Nackens und oberen Rückens. Es besteht der Verdacht auf eine arbeitsbedingte Überlastung.
Behandlung: Es wurde empfohlen, regelmäßige Pausen während der Arbeit einzulegen und ergonomische Anpassungen am Arbeitsplatz vorzunehmen. Zudem wurde eine Physiotherapie für die nächsten vier Wochen verordnet, um die Verspannungen zu lösen.
Nachsorge: Ein Follow-up-Termin wurde für den 15. Januar 2025 vereinbart, um den Fortschritt der Behandlung zu überprüfen und gegebenenfalls weitere Maßnahmen zu besprechen.
Notizen: Helfried Rohleder sollte darauf achten, seine Haltung während der Arbeit zu verbessern und gegebenenfalls einen Ergonomie-Workshop zu besuchen, um langfristige Beschwerden zu vermeiden. Approbationsnummer 5140914.",yes,yes,no,no,no,no,no,no,no,no,no,no,yes,PERSON; MEDICAL_LICENSE,MULTIPLE,2,2,easy,no,none,no,test,yes,openrouter_gpt4o_mini_field,field_llm_v1,no,,,v2,Synthetic document generated for controlled PII training data.,"[{'type': 'PERSON', 'value': 'Helfried Rohleder', 'confidence': 0.85, 'source': 'presidio', 'start': 37, 'end': 54}, {'type': 'LOCATION', 'value': 'Approbationsnummer', 'confidence': 0.85, 'source': 'presidio', 'start': 84, 'end': 102}, {'type': 'PERSON', 'value': 'Helfried Rohleder', 'confidence': 0.85, 'source': 'presidio', 'start': 139, 'end': 156}, {'type': 'PERSON', 'value': 'Helfried Rohleder', 'confidence': 0.85, 'source': 'presidio', 'start': 1000, 'end': 1017}, {'type': 'DATE_TIME', 'value': '2024-12-31', 'confidence': 0.6, 'source': 'presidio', 'start': 62, 'end': 72}, {'type': 'MEDICAL_LICENSE', 'value': 'Approbationsnummer', 'confidence': 0.9, 'source': 'custom_regex', 'start': 84, 'end': 102}, {'type': 'MEDICAL_LICENSE', 'value': 'Approbationsnummer', 'confidence': 0.9, 'source': 'custom_regex', 'start': 1186, 'end': 1204}]","{'PERSON': 0.85, 'LOCATION': 0.85, 'DATE_TIME': 0.6, 'MEDICAL_LICENSE': 0.9}","['DATE_TIME', 'LOCATION', 'MEDICAL_LICENSE', 'PERSON']",['MEDICAL_LICENSE'],"['PERSON', 'LOCATION', 'DATE_TIME']",True,True,False,local_pii,strong_pii_detected,False,20260909_112021,rule_based,local,rules,regex_presidio_fusion_v1,not_applicable,rules,True
SYN-MEDICAL_RECORD-0082,synthetic_medical_record_0082.txt,medical_record,medical_record,de,synthetic_generation,,,synthetic,2026-08-28,2026-08-28,2026-08-28,0,"Medizinische Dokumentation

Patient: Patientenangaben nicht angegeben
Datum: 2024-08-29
Behandler: Medizinische Fachabteilung
Ort: Hauptstandort
Grund: Der Patient wurde aufgrund von wiederkehrenden Beschwerden im Bereich des unteren Rückens zur Untersuchung vorgestellt. Diese Beschwerden sind während der Arbeit an einem Computer am häufigsten aufgetreten.
Beurteilung: Bei der Untersuchung zeigte der Patient Anzeichen von Muskelverspannungen und eine eingeschränkte Beweglichkeit im Lendenbereich. Es wurden keine schwerwiegenden strukturellen Probleme festgestellt, jedoch bestehen Hinweise auf arbeitsbedingte Überlastungen.
Behandlung: Es wurde empfohlen, regelmäßige Pausen einzulegen und ergonomische Anpassungen am Arbeitsplatz vorzunehmen. Zusätzlich wurden physiotherapeutische Maßnahmen zur Linderung der Beschwerden verordnet.
Nachsorge: Ein Follow-up-Termin wurde in zwei Wochen vereinbart, um den Fortschritt zu überprüfen und gegebenenfalls weitere Behandlungsoptionen zu besprechen.
Notizen: Der Patient wurde über die Bedeutung von Ergonomie am Arbeitsplatz aufgeklärt und erhielt Informationsmaterial zu Übungen zur Verbesserung der Rückengesundheit.",no,no,no,no,no,no,no,no,no,no,no,no,no,,NONE,0,0,easy,no,none,no,test,yes,openrouter_gpt4o_mini_field,field_llm_v1,no,,,v2,Synthetic document generated for controlled PII training data.,"[{'type': 'LOCATION', 'value': 'Patientenangaben', 'confidence': 0.85, 'source': 'presidio', 'start': 37, 'end': 53}, {'type': 'DATE_TIME', 'value': '2024-08-29', 'confidence': 0.6, 'source': 'presidio', 'start': 77, 'end': 87}]","{'LOCATION': 0.85, 'DATE_TIME': 0.6}","['DATE_TIME', 'LOCATION']",[],[],False,False,False,local_non_pii,no_meaningful_signal,False,20260909_112021,rule_based,local,rules,regex_presidio_fusion_v1,not_applicable,rules,False
SYN-MEDICAL_RECORD-0084,synthetic_medical_record_0084.txt,medical_record,medical_record,de,synthetic_generation,,,synthetic,2026-08-28,2026-08-28,2026-08-28,0,"Medizinische Dokumentation

Patient: Patientenangaben nicht angegeben
Datum: 2024-12-29
Behandler: Medizinisches Team
Ort: Betriebsbereich
Grund: Der Patient kam wegen anhaltender Rückenschmerzen in die Praxis.
Beurteilung: Die Untersuchung ergab Verspannungen im unteren Rückenbereich und eine eingeschränkte Beweglichkeit.
Behandlung: Es wurde eine physiotherapeutische Behandlung empfohlen, um die Muskulatur zu stärken und die Beweglichkeit zu verbessern.
Nachsorge: Ein Folgetermin zur Überprüfung des Fortschritts wurde für in zwei Wochen vereinbart.
Notizen: Der Patient wurde über Übungen zur Linderung der Beschwerden informiert und erhält Informationsmaterial dazu.",no,no,no,no,no,no,no,no,no,no,no,no,no,,NONE,0,0,easy,no,none,no,test,yes,openrouter_gpt4o_mini_field,field_llm_v1,no,,,v2,Synthetic document generated for controlled PII training data.,"[{'type': 'LOCATION', 'value': 'Patientenangaben', 'confidence': 0.85, 'source': 'presidio', 'start': 37, 'end': 53}, {'type': 'DATE_TIME', 'value': '2024-12-29', 'confidence': 0.6, 'source': 'presidio', 'start': 77, 'end': 87}]","{'LOCATION': 0.85, 'DATE_TIME': 0.6}","['DATE_TIME', 'LOCATION']",[],[],False,False,False,local_non_pii,no_meaningful_signal,False,20260909_112021,rule_based,local,rules,regex_presidio_fusion_v1,not_applicable,rules,False
SYN-MEDICAL_RECORD-0099,synthetic_medical_record_0099.txt,medical_record,medical_record,en,synthetic_generation,,,synthetic,2026-08-28,2026-08-28,2026-08-28,0,"Medical Record

Patient: Patient details not provided
Date: 2026-03-15
Provider: Medical Team
Location: IT Department
Reason: The patient presented with persistent headaches and dizziness, prompting a comprehensive evaluation.
Assessment: Upon examination, the medical team noted signs of potential tension-type headaches, possibly exacerbated by stress and dehydration.
Treatment: The recommended treatment includes hydration, over-the-counter analgesics, and stress management techniques.
Follow Up: A follow-up appointment is suggested in two weeks to reassess symptoms and treatment efficacy.
Notes: The patient was advised to maintain a headache diary and report any changes in symptoms before the next visit.",no,no,no,no,no,no,no,no,no,no,no,no,no,,NONE,0,0,easy,no,none,no,test,yes,openrouter_gpt4o_mini_field,field_llm_v1,no,,,v2,Synthetic document generated for controlled PII training data.,[],{},[],[],[],False,False,False,local_non_pii,no_meaningful_signal,False,20260909_112021,rule_based,local,rules,regex_presidio_fusion_v1,not_applicable,rules,False
SYN-MEDICAL_RECORD-0105,synthetic_medical_record_0105.txt,medical_record,medical_record,en,synthetic_generation,,,synthetic,2026-08-28,2026-08-28,2026-08-28,0,"Medical Record

Patient: Patient information withheld
Date: 2025-12-17
Provider: Medical Team
Location: IT Department
Reason: Patient presents with recurrent headaches and dizziness over the past month.
Assessment: Neurological examination indicates no focal deficits. Differential diagnosis includes tension-type headaches versus migraine.
Treatment: Initiated a trial of over-the-counter analgesics. Recommended lifestyle modifications, including hydration and regular sleep patterns.
Follow Up: Schedule follow-up appointment in four weeks to evaluate response to treatment and consider further imaging if symptoms persist.
Notes: Patient advised to maintain a headache diary to track frequency and triggers. Educated on potential side effects of medication.",no,no,no,no,no,no,no,no,no,no,no,no,no,,NONE,0,0,easy,no,none,no,test,yes,openrouter_gpt4o_mini_field,field_llm_v1,no,,,v2,Synthetic document generated for controlled PII training data.,[],{},[],[],[],False,False,False,local_non_pii,no_meaningful_signal,False,20260909_112021,rule_based,local,rules,regex_presidio_fusion_v1,not_applicable,rules,False
SYN-MEDICAL_RECORD-0109,synthetic_medical_record_0109.txt,medical_record,medical_record,de,synthetic_generation,,,synthetic,2026-08-28,2026-08-28,2026-08-28,0,"Medizinische Dokumentation

Patient: Patienteninformationen zurückgehalten
Datum: 2026-03-28
Behandler: Betriebsärztlicher Dienst
Ort: Lagerbereich
Grund: Der Patient wurde wegen wiederholter Beschwerden im unteren Rückenbereich zur Untersuchung überwiesen, die durch langes Stehen und Heben von schweren Lasten im Lagerbereich verursacht werden.
Beurteilung: Bei der körperlichen Untersuchung zeigte der Patient Anzeichen von Muskelverspannungen und eine eingeschränkte Beweglichkeit im Lendenwirbelsäulenbereich. Ein orthopädisches Gutachten wird empfohlen, um strukturelle Probleme auszuschließen.
Behandlung: Empfohlen wird eine Kombination aus physiotherapeutischen Sitzungen zur Stärkung der Rückenmuskulatur und ergonomischen Schulungen zur Verbesserung der Hebetechniken im Lager. Schmerzmittel können bei Bedarf zur Linderung der Symptome eingesetzt werden.
Nachsorge: Ein Follow-up-Termin sollte in vier Wochen vereinbart werden, um den Fortschritt zu überprüfen und gegebenenfalls weitere Maßnahmen zu besprechen.
Notizen: Es ist wichtig, dass der Patient die Empfehlungen zur Ergonomie im Arbeitsbereich befolgt und regelmäßige Pausen einlegt, um die Belastung des Rückens zu verringern.",no,no,no,no,no,no,no,no,no,no,no,no,no,,NONE,0,0,easy,no,none,no,test,yes,openrouter_gpt4o_mini_field,field_llm_v1,no,,,v2,Synthetic document generated for controlled PII training data.,"[{'type': 'LOCATION', 'value': 'Lendenwirbelsäulenbereich', 'confidence': 0.85, 'source': 'presidio', 'start': 488, 'end': 513}]",{'LOCATION': 0.85},['LOCATION'],[],[],False,False,False,local_non_pii,no_meaningful_signal,False,20260909_112021,rule_based,local,rules,regex_presidio_fusion_v1,not_applicable,rules,False
SYN-MEDICAL_RECORD-0115,synthetic_medical_record_0115.txt,medical_record,medical_record,de,synthetic_generation,,,synthetic,2026-08-28,2026-08-28,2026-08-28,0,"Medizinische Dokumentation

Patient: Patienteninformationen zurückgehalten
Datum: 2024-11-07
Behandler: Medizinisches Team
Ort: Lagerbereich
Grund: Der Patient wurde aufgrund wiederholter Beschwerden über Rückenschmerzen in der Lagerarbeit überwiesen. Diese Beschwerden werden als Folge von schwerem Heben und unzureichenden ergonomischen Bedingungen am Arbeitsplatz angesehen.
Beurteilung: Bei der Untersuchung zeigte der Patient eingeschränkte Beweglichkeit im Lendenbereich und Anzeichen von Muskelverspannungen. Eine eingehende Anamnese ergab, dass die Symptome seit mehreren Wochen bestehen und durch die Arbeitsbedingungen im Lagerbereich verstärkt werden.
Behandlung: Es wird empfohlen, ein individuelles Ergonomie-Training zu absolvieren, um die Haltung während der Arbeit zu verbessern. Zusätzlich wird eine physiotherapeutische Behandlung zur Linderung der Muskelverspannungen und zur Stärkung der Rückenmuskulatur angeordnet.
Nachsorge: Eine Nachuntersuchung ist in zwei Wochen geplant, um den Fortschritt der Behandlung zu bewerten und gegebenenfalls Anpassungen vorzunehmen. Der Patient sollte auch regelmäßig Feedback zu seinen Beschwerden geben.
Notizen: Es wurde empfohlen, die Arbeitsplätze im Lagerbereich ergonomisch zu gestalten, um zukünftige Beschwerden zu vermeiden. Der Patient wird dazu ermutigt, aktiv an der Verbesserung seiner Arbeitsbedingungen mitzuwirken.",no,no,no,no,no,no,no,no,no,no,no,no,no,,NONE,0,0,easy,no,none,no,test,yes,openrouter_gpt4o_mini_field,field_llm_v1,no,,,v2,Synthetic document generated for controlled PII training data.,[],{},[],[],[],False,False,False,local_non_pii,no_meaningful_signal,False,20260909_112021,rule_based,local,rules,regex_presidio_fusion_v1,not_applicable,rules,False
SYN-MEDICAL_RECORD-0116,synthetic_medical_record_0116.txt,medical_record,medical_record,en,synthetic_generation,,,synthetic,2026-08-28,2026-08-28,2026-08-28,0,"Medical Record

Patient: Patient details not provided
Date: 2027-03-12
Provider: Occupational Health Service
Location: Warehouse Area
Reason: Employee reports discomfort in the right wrist following repetitive motion tasks.
Assessment: Physical examination reveals mild swelling and tenderness over the wrist joint. Range of motion is slightly limited, but no neurological deficits noted.
Treatment: Recommend rest and application of ice to the affected area. A wrist brace may be beneficial to immobilize the joint during work hours.
Follow Up: Reassess in one week to monitor progress. If symptoms persist, consider referral to physical therapy.
Notes: Educated the employee on proper ergonomic techniques and the importance of taking regular breaks to prevent further injury.",no,no,no,no,no,no,no,no,no,no,no,no,no,,NONE,0,0,easy,no,none,no,test,yes,openrouter_gpt4o_mini_field,field_llm_v1,no,,,v2,Synthetic document generated for controlled PII training data.,[],{},[],[],[],False,False,True,local_non_pii,no_meaningful_signal,False,20260909_112021,rule_based,local,rules,regex_presidio_fusion_v1,not_applicable,rules,False
SYN-MEDICAL_RECORD-0120,synthetic_medical_record_0120.txt,medical_record,medical_record,en,synthetic_generation,,,synthetic,2026-08-28,2026-08-28,2026-08-28,0,"Medical Record

Patient: Patient details not provided
Date: 2025-03-28
Provider: Clinical Department
Location: Operations Area
Reason: Patient presents with persistent abdominal pain and nausea over the past week.
Assessment: Physical examination reveals tenderness in the lower quadrants. Differential diagnosis includes appendicitis and gastroenteritis.
Treatment: Initiated intravenous hydration and ordered a complete blood count and abdominal ultrasound to evaluate for underlying pathology.
Follow Up: Patient to return in 48 hours for re-evaluation or sooner if symptoms worsen.
Notes: Discussed potential need for surgical intervention depending on ultrasound results. Patient advised to maintain a clear liquid diet until further assessment.",no,no,no,no,no,no,no,no,no,no,no,no,no,,NONE,0,0,easy,no,none,no,test,yes,openrouter_gpt4o_mini_field,field_llm_v1,no,,,v2,Synthetic document generated for controlled PII training data.,[],{},[],[],[],False,False,False,local_non_pii,no_meaningful_signal,False,20260909_112021,rule_based,local,rules,regex_presidio_fusion_v1,not_applicable,rules,False
SYN-MEDICAL_RECORD-0134,synthetic_medical_record_0134.txt,medical_record,medical_record,de,synthetic_generation,,,synthetic,2026-08-28,2026-08-28,2026-08-28,0,"Medizinische Dokumentation

Patient: Emanuel Hiller
Datum: 2025-12-13
Behandler: Approbationsnummer 5000681
Ort: IT-Abteilung
Grund: Emanuel Hiller kam zur Untersuchung seiner anhaltenden Beschwerden im unteren Rückenbereich. Er berichtete von Schmerzen, die sich in die Beine ausbreiten.
Beurteilung: Die Untersuchung ergab, dass die Schmerzen durch muskuläre Verspannungen und mögliche Nervenreizungen verursacht werden. Die Beweglichkeit ist leicht eingeschränkt, aber keine schwerwiegenden strukturellen Probleme wurden festgestellt.
Behandlung: Eine Kombination aus Physiotherapie und Schmerzmanagement wurde empfohlen. Emanuel Hiller erhielt ein Rezept für entzündungshemmende Medikamente und eine Überweisung zur Physiotherapie.
Nachsorge: Ein Folgetermin in zwei Wochen wurde vereinbart, um den Fortschritt zu überprüfen und die Behandlung gegebenenfalls anzupassen.
Notizen: Emanuel Hiller wurde geraten, regelmäßige Dehnübungen durchzuführen und auf eine ergonomische Sitzposition am Arbeitsplatz zu achten. Er sollte sich bei Verschlechterung der Symptome unverzüglich melden.",yes,yes,no,no,no,no,no,no,no,no,no,no,yes,PERSON; MEDICAL_LICENSE,MULTIPLE,2,2,easy,no,none,no,test,yes,openrouter_gpt4o_mini_field,field_llm_v1,no,,,v2,Synthetic document generated for controlled PII training data.,"[{'type': 'PERSON', 'value': 'Emanuel Hiller', 'confidence': 0.85, 'source': 'presidio', 'start': 37, 'end': 51}, {'type': 'LOCATION', 'value': 'Approbationsnummer', 'confidence': 0.85, 'source': 'presidio', 'start': 81, 'end': 99}, {'type': 'PERSON', 'value': 'Emanuel Hiller', 'confidence': 0.85, 'source': 'presidio', 'start': 133, 'end': 147}, {'type': 'PERSON', 'value': 'Emanuel Hiller', 'confidence': 0.85, 'source': 'presidio', 'start': 625, 'end': 639}, {'type': 'PERSON', 'value': 'Emanuel Hiller', 'confidence': 0.85, 'source': 'presidio', 'start': 884, 'end': 898}, {'type': 'DATE_TIME', 'value': '2025-12-13', 'confidence': 0.6, 'source': 'presidio', 'start': 59, 'end': 69}, {'type': 'MEDICAL_LICENSE', 'value': 'Approbationsnummer', 'confidence': 0.9, 'source': 'custom_regex', 'start': 81, 'end': 99}]","{'PERSON': 0.85, 'LOCATION': 0.85, 'DATE_TIME': 0.6, 'MEDICAL_LICENSE': 0.9}","['DATE_TIME', 'LOCATION', 'MEDICAL_LICENSE', 'PERSON']",['MEDICAL_LICENSE'],"['PERSON', 'LOCATION', 'DATE_TIME']",True,True,False,local_pii,strong_pii_detected,False,20260909_112021,rule_based,local,rules,regex_presidio_fusion_v1,not_applicable,rules,True
SYN-MEDICAL_RECORD-0139,synthetic_medical_record_0139.txt,medical_record,medical_record,de,synthetic_generation,,,synthetic,2026-08-28,2026-08-28,2026-08-28,0,"Medizinische Dokumentation

Patient: Ewald Bender-Schinke
Datum: 2026-12-17
Behandler: Betriebsärztlicher Dienst
Ort: Adolfine-Radisch-Platz 35/61, 39916 Bad Mergentheim
Grund: Ewald Bender-Schinke stellte sich mit Beschwerden im Bereich des oberen Bauchraums vor, die seit zwei Wochen bestehen.
Beurteilung: Klinische Untersuchung ergab eine Druckempfindlichkeit im Epigastrium. Verdacht auf gastrische Beschwerden oder Ulkus.
Behandlung: Empfohlene diätetische Anpassungen und die Verordnung von Antazida zur Linderung der Symptome.
Nachsorge: Kontrolltermin in zwei Wochen zur Neubewertung der Symptome und Anpassung der Therapie, falls erforderlich.
Notizen: Patient wurde über die Bedeutung der Nachsorge und mögliche Warnzeichen informiert. Adresse: Adolfine-Radisch-Platz 35/61, 39916 Bad Mergentheim.",yes,yes,no,no,yes,no,no,no,no,no,no,no,no,PERSON; LOCATION,MULTIPLE,2,2,easy,no,none,no,test,yes,openrouter_gpt4o_mini_field,field_llm_v1,no,,,v2,Synthetic document generated for controlled PII training data.,"[{'type': 'PERSON', 'value': 'Ewald Bender-Schinke', 'confidence': 0.85, 'source': 'presidio', 'start': 37, 'end': 57}, {'type': 'LOCATION', 'value': 'Adolfine-Radisch-Platz', 'confidence': 0.85, 'source': 'presidio', 'start': 118, 'end': 140}, {'type': 'LOCATION', 'value': 'Bad Mergentheim', 'confidence': 0.85, 'source': 'presidio', 'start': 154, 'end': 169}, {'type': 'PERSON', 'value': 'Ewald Bender-Schinke', 'confidence': 0.85, 'source': 'presidio', 'start': 177, 'end': 197}, {'type': 'LOCATION', 'value': 'Epigastrium', 'confidence': 0.85, 'source': 'presidio', 'start': 367, 'end': 378}, {'type': 'LOCATION', 'value': 'Adolfine-Radisch-Platz', 'confidence': 0.85, 'source': 'presidio', 'start': 756, 'end': 778}, {'type': 'LOCATION', 'value': 'Bad Mergentheim', 'confidence': 0.85, 'source': 'presidio', 'start': 792, 'end': 807}, {'type': 'DATE_TIME', 'value': '2026-12-17', 'confidence': 0.6, 'source': 'presidio', 'start': 65, 'end': 75}]","{'PERSON': 0.85, 'LOCATION': 0.85, 'DATE_TIME': 0.6}","['DATE_TIME', 'LOCATION', 'PERSON']",[],"['PERSON', 'LOCATION', 'DATE_TIME']",False,True,True,low_cost_llm,potential_pii_evidence,True,20260909_112021,rule_based,local,rules,regex_presidio_fusion_v1,not_applicable,rules,False
SYN-MEDICAL_RECORD-0140,synthetic_medical_record_0140.txt,medical_record,medical_record,de,synthetic_generation,,,synthetic,2026-08-28,2026-08-28,2026-08-28,0,"Medizinische Dokumentation

Patient: Patientenangaben nicht angegeben
Datum: 2025-07-14
Behandler: Medizinisches Team
Ort: Betriebsbereich
Grund: Der Patient stellte sich mit akuten Brustschmerzen vor, die seit zwei Stunden bestehen.
Beurteilung: Klinische Untersuchung zeigt Druckempfindlichkeit im Brustbereich. EKG und Blutdruck sind stabil. Verdacht auf Angina pectoris.
Behandlung: Verabreichung von Nitroglycerin zur Schmerzlinderung und Überwachung der Vitalzeichen. Beruhigung des Patienten empfohlen.
Nachsorge: Empfohlene Nachuntersuchung in einer Woche zur Beurteilung des Schmerzverlaufs und weiterer diagnostischer Maßnahmen.
Notizen: Patient wurde über die Notwendigkeit einer weiteren Abklärung informiert. Vorsichtige Beobachtung auf mögliche Herzkomplikationen erforderlich.",no,no,no,no,no,no,no,no,no,no,no,no,no,,NONE,0,0,easy,no,none,no,test,yes,openrouter_gpt4o_mini_field,field_llm_v1,no,,,v2,Synthetic document generated for controlled PII training data.,"[{'type': 'LOCATION', 'value': 'Patientenangaben', 'confidence': 0.85, 'source': 'presidio', 'start': 37, 'end': 53}, {'type': 'DATE_TIME', 'value': '2025-07-14', 'confidence': 0.6, 'source': 'presidio', 'start': 77, 'end': 87}]","{'LOCATION': 0.85, 'DATE_TIME': 0.6}","['DATE_TIME', 'LOCATION']",[],[],False,False,False,local_non_pii,no_meaningful_signal,False,20260909_112021,rule_based,local,rules,regex_presidio_fusion_v1,not_applicable,rules,False
SYN-MEDICAL_RECORD-0143,synthetic_medical_record_0143.txt,medical_record,medical_record,de,synthetic_generation,,,synthetic,2026-08-28,2026-08-28,2026-08-28,0,"Medizinische Dokumentation

Patient: Patientenangaben nicht angegeben
Datum: 2026-04-29
Behandler: Betriebsärztlicher Dienst
Ort: Hauptstandort
Grund: Der Patient stellte sich mit anhaltenden Kopfschmerzen und Schwindelgefühl vor, die seit mehreren Wochen bestehen.
Beurteilung: Klinische Untersuchung ergab keine Anzeichen für neurologische Defizite. Blutdruck im Normbereich, jedoch erhöhte Muskelverspannungen im Nackenbereich festgestellt.
Behandlung: Empfehlung zur Physiotherapie zur Linderung der Nackenverspannungen. Zusätzlich rezeptfreie Schmerzmittel zur symptomatischen Behandlung verschrieben.
Nachsorge: Kontrolle in vier Wochen zur Neubewertung der Symptome und Anpassung der Therapie bei Bedarf.
Notizen: Patient wurde über ergonomische Arbeitsplatzgestaltung informiert. Aufklärung zur Stressbewältigung gegeben.",no,no,no,no,no,no,no,no,no,no,no,no,no,,NONE,0,0,easy,no,none,no,test,yes,openrouter_gpt4o_mini_field,field_llm_v1,no,,,v2,Synthetic document generated for controlled PII training data.,"[{'type': 'LOCATION', 'value': 'Patientenangaben', 'confidence': 0.85, 'source': 'presidio', 'start': 37, 'end': 53}, {'type': 'DATE_TIME', 'value': '2026-04-29', 'confidence': 0.6, 'source': 'presidio', 'start': 77, 'end': 87}]","{'LOCATION': 0.85, 'DATE_TIME': 0.6}","['DATE_TIME', 'LOCATION']",[],[],False,False,False,local_non_pii,no_meaningful_signal,False,20260909_112021,rule_based,local,rules,regex_presidio_fusion_v1,not_applicable,rules,False
SYN-MEDICAL_RECORD-0148,synthetic_medical_record_0148.txt,medical_record,medical_record,en,synthetic_generation,,,synthetic,2026-08-28,2026-08-28,2026-08-28,0,"Medical Record

Patient: Patient details not provided
Date: 2026-03-17
Provider: Clinical Department
Location: Operations Area
Reason: The patient presented with symptoms related to potential exposure to hazardous materials in the workplace, including respiratory irritation and fatigue.
Assessment: Upon examination, the patient exhibited signs of mild respiratory distress. Vital signs were stable, but there was a noted decrease in lung function based on spirometry results. The symptoms appear consistent with occupational exposure, warranting further investigation.
Treatment: The recommended treatment includes the use of a bronchodilator as needed, along with monitoring of symptoms. The patient should also be advised to avoid exposure to irritants and to use personal protective equipment when working in potentially hazardous environments.
Follow Up: A follow-up appointment is scheduled for April 3, 2026, to reassess respiratory function and review any changes in symptoms. The patient is advised to report any worsening of symptoms immediately.
Notes: It is essential to communicate with the patient's employer regarding potential workplace hazards. A review of workplace safety protocols may be necessary to prevent further exposure and ensure employee health and safety.",no,no,no,no,no,no,no,no,no,no,no,no,no,,NONE,0,0,easy,no,none,no,test,yes,openrouter_gpt4o_mini_field,field_llm_v1,no,,,v2,Synthetic document generated for controlled PII training data.,[],{},[],[],[],False,False,True,local_non_pii,no_meaningful_signal,False,20260909_112021,rule_based,local,rules,regex_presidio_fusion_v1,not_applicable,rules,False
SYN-MEDICAL_RECORD-0149,synthetic_medical_record_0149.txt,medical_record,medical_record,en,synthetic_generation,,,synthetic,2026-08-28,2026-08-28,2026-08-28,0,"Medical Record

Patient: Patient information withheld
Date: 2026-11-28
Provider: Medical Team
Location: IT Department
Reason: The patient presented with complaints of persistent headaches and fatigue, which have been exacerbated by prolonged screen time and stress associated with project deadlines.
Assessment: Upon examination, the patient exhibits signs of tension-type headaches likely linked to ergonomic factors and stress. No neurological deficits were noted during the assessment.
Treatment: Recommendations include ergonomic adjustments to the workstation, regular breaks from screen time, and stress management techniques. A referral to a workplace ergonomics specialist is advised.
Follow Up: The patient is to return for a follow-up appointment in two weeks to assess the effectiveness of the implemented changes and make further adjustments as necessary.
Notes: It is important for the patient to communicate any changes in symptoms or new issues that may arise during the follow-up period. Documentation of workplace conditions should be reviewed to ensure a conducive work environment.",no,no,no,no,no,no,no,no,no,no,no,no,no,,NONE,0,0,easy,no,none,no,test,yes,openrouter_gpt4o_mini_field,field_llm_v1,no,,,v2,Synthetic document generated for controlled PII training data.,[],{},[],[],[],False,False,False,local_non_pii,no_meaningful_signal,False,20260909_112021,rule_based,local,rules,regex_presidio_fusion_v1,not_applicable,rules,False
SYN-MEDICAL_RECORD-0155,synthetic_medical_record_0155.txt,medical_record,medical_record,de,synthetic_generation,,,synthetic,2026-08-28,2026-08-28,2026-08-28,0,"Medizinische Dokumentation

Patient: Patientenangaben nicht angegeben
Datum: 2026-11-11
Behandler: Medizinisches Team
Ort: Betriebsbereich
Grund: Der Patient wurde aufgrund von anhaltenden Rückenschmerzen, die durch wiederholtes Heben schwerer Lasten am Arbeitsplatz verursacht wurden, zur Untersuchung überwiesen.
Beurteilung: Die Untersuchung ergab, dass der Patient an einer muskulären Verspannung im Lendenbereich leidet. Es ist wahrscheinlich, dass die Symptome durch die ergonomischen Bedingungen am Arbeitsplatz verschärft wurden.
Behandlung: Es wird empfohlen, ein individuelles Ergonomie-Training zu absolvieren, um die Körperhaltung zu verbessern und die Belastung zu reduzieren. Zusätzlich sollte der Patient regelmäßig Dehnübungen durchführen und gegebenenfalls physiotherapeutische Sitzungen in Anspruch nehmen.
Nachsorge: Ein Follow-up-Termin in zwei Wochen wird empfohlen, um den Fortschritt der Behandlung zu überprüfen und gegebenenfalls Anpassungen vorzunehmen.
Notizen: Es wurde empfohlen, die Arbeitsbedingungen zu überprüfen und sicherzustellen, dass geeignete Hilfsmittel zur Verfügung stehen, um die körperliche Belastung zu minimieren. Der Patient wurde über die Wichtigkeit von Pausen während der Arbeit informiert.",no,no,no,no,no,no,no,no,no,no,no,no,no,,NONE,0,0,easy,no,none,no,test,yes,openrouter_gpt4o_mini_field,field_llm_v1,no,,,v2,Synthetic document generated for controlled PII training data.,"[{'type': 'LOCATION', 'value': 'Patientenangaben', 'confidence': 0.85, 'source': 'presidio', 'start': 37, 'end': 53}, {'type': 'DATE_TIME', 'value': '2026-11-11', 'confidence': 0.6, 'source': 'presidio', 'start': 77, 'end': 87}]","{'LOCATION': 0.85, 'DATE_TIME': 0.6}","['DATE_TIME', 'LOCATION']",[],[],False,False,False,local_non_pii,no_meaningful_signal,False,20260909_112021,rule_based,local,rules,regex_presidio_fusion_v1,not_applicable,rules,False
SYN-MEDICAL_RECORD-0162,synthetic_medical_record_0162.txt,medical_record,medical_record,en,synthetic_generation,,,synthetic,2026-08-28,2026-08-28,2026-08-28,0,"Medical Record

Patient: Patient details not provided
Date: 2024-09-03
Provider: Occupational Health Service
Location: Main Office
Reason: The patient presented with recurring shoulder pain, likely related to repetitive strain from their workstation.
Assessment: Upon examination, there is tenderness and reduced range of motion in the right shoulder. No signs of acute injury were noted.
Treatment: Recommended physical therapy sessions twice a week for four weeks, along with ergonomic adjustments to the workstation.
Follow Up: The patient should return for a follow-up appointment in one month to assess progress and make any necessary adjustments to the treatment plan.
Notes: Patient was advised to perform gentle stretching exercises at home and to monitor pain levels. Additional resources on ergonomic practices were provided.",no,no,no,no,no,no,no,no,no,no,no,no,no,,NONE,0,0,easy,no,none,no,test,yes,openrouter_gpt4o_mini_field,field_llm_v1,no,,,v2,Synthetic document generated for controlled PII training data.,[],{},[],[],[],False,False,False,local_non_pii,no_meaningful_signal,False,20260909_112021,rule_based,local,rules,regex_presidio_fusion_v1,not_applicable,rules,False
SYN-MEDICAL_RECORD-0163,synthetic_medical_record_0163.txt,medical_record,medical_record,de,synthetic_generation,,,synthetic,2026-08-28,2026-08-28,2026-08-28,0,"Medizinische Dokumentation

Patient: Patientenangaben nicht angegeben
Datum: 2025-12-29
Behandler: Medizinische Fachabteilung
Ort: Lagerbereich
Grund: Der Patient kam zur Untersuchung aufgrund von anhaltenden Rückenschmerzen.
Beurteilung: Die Untersuchung ergab eine muskuläre Verspannung im Lendenbereich.
Behandlung: Es wurde eine Physiotherapie empfohlen, um die Muskulatur zu stärken und die Schmerzen zu lindern.
Nachsorge: Ein Folgetermin in vier Wochen zur erneuten Beurteilung wurde vereinbart.
Notizen: Der Patient wurde über Übungen zur Entspannung und Schmerzbewältigung informiert.",no,no,no,no,no,no,no,no,no,no,no,no,no,,NONE,0,0,easy,no,none,no,test,yes,openrouter_gpt4o_mini_field,field_llm_v1,no,,,v2,Synthetic document generated for controlled PII training data.,"[{'type': 'LOCATION', 'value': 'Patientenangaben', 'confidence': 0.85, 'source': 'presidio', 'start': 37, 'end': 53}, {'type': 'DATE_TIME', 'value': '2025-12-29', 'confidence': 0.6, 'source': 'presidio', 'start': 77, 'end': 87}]","{'LOCATION': 0.85, 'DATE_TIME': 0.6}","['DATE_TIME', 'LOCATION']",[],[],False,False,False,local_non_pii,no_meaningful_signal,False,20260909_112021,rule_based,local,rules,regex_presidio_fusion_v1,not_applicable,rules,False
SYN-MEDICAL_RECORD-0179,synthetic_medical_record_0179.txt,medical_record,medical_record,de,synthetic_generation,,,synthetic,2026-08-28,2026-08-28,2026-08-28,0,"Medizinische Dokumentation

Patient: Patientenangaben nicht angegeben
Datum: 2025-06-04
Behandler: Medizinisches Team
Ort: Betriebsbereich
Grund: Der Patient berichtet über wiederholte Beschwerden im unteren Rückenbereich, die während der Arbeit am Montageband verstärkt auftreten. Diese Beschwerden werden als muskuläre Verspannungen beschrieben.
Beurteilung: Eine eingehende Untersuchung ergab keine strukturellen Schäden, jedoch deutet die klinische Untersuchung auf eine Überlastung der Muskulatur hin. Der Patient zeigt Anzeichen von Stress aufgrund der körperlichen Anforderungen seines Arbeitsplatzes.
Behandlung: Empfohlen wird eine Kombination aus physiotherapeutischen Übungen zur Stärkung der Rumpfmuskulatur und regelmäßige Pausen während der Arbeitszeit, um eine Überanstrengung zu vermeiden.
Nachsorge: Ein Follow-up-Termin in vier Wochen wird empfohlen, um den Fortschritt der Therapie zu bewerten und gegebenenfalls Anpassungen vorzunehmen.
Notizen: Es wird auch empfohlen, den Arbeitsplatz ergonomisch zu überprüfen, um optimale Bedingungen zu schaffen und weiteren Beschwerden vorzubeugen.",no,no,no,no,no,no,no,no,no,no,no,no,no,,NONE,0,0,easy,no,none,no,test,yes,openrouter_gpt4o_mini_field,field_llm_v1,no,,,v2,Synthetic document generated for controlled PII training data.,"[{'type': 'LOCATION', 'value': 'Patientenangaben', 'confidence': 0.85, 'source': 'presidio', 'start': 37, 'end': 53}, {'type': 'DATE_TIME', 'value': '2025-06-04', 'confidence': 0.6, 'source': 'presidio', 'start': 77, 'end': 87}]","{'LOCATION': 0.85, 'DATE_TIME': 0.6}","['DATE_TIME', 'LOCATION']",[],[],False,False,False,local_non_pii,no_meaningful_signal,False,20260909_112021,rule_based,local,rules,regex_presidio_fusion_v1,not_applicable,rules,False
SYN-MEDICAL_RECORD-0182,synthetic_medical_record_0182.txt,medical_record,medical_record,en,synthetic_generation,,,synthetic,2026-08-28,2026-08-28,2026-08-28,0,"Medical Record

Patient: Steven Oconnell
Date: 2026-11-21
Provider: Clinical Department
Location: Warehouse Area
Reason: Steven Oconnell presented with complaints of persistent back pain following manual lifting tasks in the Warehouse Area. The pain has been affecting his ability to perform his job effectively.
Assessment: Upon examination, Steven demonstrated limited range of motion in the lumbar region and reported discomfort during flexion. No neurological deficits were noted, and the symptoms appear to be musculoskeletal in nature, likely related to his occupational duties.
Treatment: A treatment plan has been established, including physical therapy sessions focused on strengthening and flexibility exercises. Pain management will also be addressed with over-the-counter analgesics recommended for use as needed. Ergonomic adjustments to his workstation will be discussed to prevent further injury.
Follow Up: A follow-up appointment is scheduled in two weeks to assess progress and adjust the treatment plan as necessary. Steven will also be encouraged to maintain a daily log of his symptoms and any activities that exacerbate the pain.
Notes: Medical ID 5574068",yes,yes,no,no,no,no,no,no,no,no,no,no,yes,PERSON; MEDICAL_LICENSE,MULTIPLE,2,2,easy,no,none,no,test,yes,openrouter_gpt4o_mini_field,field_llm_v1,no,,,v2,Synthetic document generated for controlled PII training data.,"[{'type': 'DATE_TIME', 'value': '2026-11-21', 'confidence': 0.95, 'source': 'presidio', 'start': 47, 'end': 57}, {'type': 'PERSON', 'value': 'Steven Oconnell', 'confidence': 0.85, 'source': 'presidio', 'start': 25, 'end': 40}, {'type': 'PERSON', 'value': 'Steven Oconnell', 'confidence': 0.85, 'source': 'presidio', 'start': 121, 'end': 136}, {'type': 'LOCATION', 'value': 'the Warehouse Area', 'confidence': 0.85, 'source': 'presidio', 'start': 221, 'end': 239}, {'type': 'MEDICAL_LICENSE', 'value': 'Medical ID', 'confidence': 0.9, 'source': 'custom_regex', 'start': 1159, 'end': 1169}]","{'DATE_TIME': 0.95, 'PERSON': 0.85, 'LOCATION': 0.85, 'MEDICAL_LICENSE': 0.9}","['DATE_TIME', 'LOCATION', 'MEDICAL_LICENSE', 'PERSON']",['MEDICAL_LICENSE'],"['DATE_TIME', 'PERSON', 'LOCATION']",True,True,False,local_pii,strong_pii_detected,False,20260909_112021,rule_based,local,rules,regex_presidio_fusion_v1,not_applicable,rules,True
SYN-MEDICAL_RECORD-0184,synthetic_medical_record_0184.txt,medical_record,medical_record,en,synthetic_generation,,,synthetic,2026-08-28,2026-08-28,2026-08-28,0,"Medical Record

Patient: Emily Fisher
Date: 2027-01-18
Provider: Medical ID 4100436
Location: Main Office
Reason: Emily Fisher presents for evaluation following complaints of persistent fatigue and headaches, which she attributes to long hours at her workstation and increased screen time.
Assessment: Upon examination, Emily demonstrates signs of eye strain and tension-related headaches, likely exacerbated by her work environment. No significant neurological deficits were noted, and her vital signs are within normal limits.
Treatment: Recommendations include ergonomic adjustments to her workstation, regular breaks during work hours to alleviate eye strain, and the use of anti-fatigue eyewear. Additionally, a regimen of hydration and stress management techniques was suggested.
Follow Up: Emily is advised to return for a follow-up appointment in four weeks to reassess her symptoms and evaluate the effectiveness of the implemented changes to her work environment.
Notes: Emily Fisher has been informed about the importance of maintaining good posture and taking frequent breaks. Educational materials on managing workplace stress and fatigue were provided during this visit.",yes,yes,no,no,no,no,no,no,no,no,no,no,yes,PERSON; MEDICAL_LICENSE,MULTIPLE,2,2,easy,no,none,no,test,yes,openrouter_gpt4o_mini_field,field_llm_v1,no,,,v2,Synthetic document generated for controlled PII training data.,"[{'type': 'DATE_TIME', 'value': '2027-01-18', 'confidence': 0.95, 'source': 'presidio', 'start': 44, 'end': 54}, {'type': 'PERSON', 'value': 'Emily Fisher', 'confidence': 0.85, 'source': 'presidio', 'start': 25, 'end': 37}, {'type': 'PERSON', 'value': 'Emily Fisher', 'confidence': 0.85, 'source': 'presidio', 'start': 114, 'end': 126}, {'type': 'DATE_TIME', 'value': 'four weeks', 'confidence': 0.85, 'source': 'presidio', 'start': 855, 'end': 865}, {'type': 'PERSON', 'value': 'Emily Fisher', 'confidence': 0.85, 'source': 'presidio', 'start': 981, 'end': 993}, {'type': 'MEDICAL_LICENSE', 'value': 'Medical ID', 'confidence': 0.9, 'source': 'custom_regex', 'start': 65, 'end': 75}]","{'DATE_TIME': 0.95, 'PERSON': 0.85, 'MEDICAL_LICENSE': 0.9}","['DATE_TIME', 'MEDICAL_LICENSE', 'PERSON']",['MEDICAL_LICENSE'],"['DATE_TIME', 'PERSON']",True,True,False,local_pii,strong_pii_detected,False,20260909_112021,rule_based,local,rules,regex_presidio_fusion_v1,not_applicable,rules,True
SYN-MEDICAL_RECORD-0191,synthetic_medical_record_0191.txt,medical_record,medical_record,de,synthetic_generation,,,synthetic,2026-08-28,2026-08-28,2026-08-28,0,"Medizinische Dokumentation

Patient: Patienteninformationen zurückgehalten
Datum: 2024-11-17
Behandler: Medizinisches Team
Ort: Lagerbereich
Grund: Der Patient kam zu einem regulären Kontrolltermin, um seine Symptome zu besprechen.
Beurteilung: Die Untersuchung ergab leichte Beschwerden, die auf eine mögliche Allergie hindeuten könnten.
Behandlung: Es wurde empfohlen, Antihistaminika einzunehmen und allergieauslösende Substanzen zu vermeiden.
Nachsorge: Ein Folgetermin wird in zwei Wochen empfohlen, um die Reaktion auf die Behandlung zu überprüfen.
Notizen: Der Patient wurde über die Bedeutung der Vermeidung von Allergenen informiert und erhielt Informationsmaterial.",no,no,no,no,no,no,no,no,no,no,no,no,no,,NONE,0,0,easy,no,none,no,test,yes,openrouter_gpt4o_mini_field,field_llm_v1,no,,,v2,Synthetic document generated for controlled PII training data.,[],{},[],[],[],False,False,False,local_non_pii,no_meaningful_signal,False,20260909_112021,rule_based,local,rules,regex_presidio_fusion_v1,not_applicable,rules,False
SYN-MEDICAL_RECORD-0214,synthetic_medical_record_0214.txt,medical_record,medical_record,en,synthetic_generation,,,synthetic,2026-08-28,2026-08-28,2026-08-28,0,"Medical Record

Patient: Patient details not provided
Date: 2027-04-20
Provider: Medical Team
Location: Operations Area
Reason: The patient presented with persistent headaches and fatigue, prompting a thorough evaluation.
Assessment: The assessment indicated possible tension-type headaches exacerbated by stress and lack of sleep. No serious underlying condition was identified during the examination.
Treatment: Treatment recommendations include a combination of over-the-counter pain relief and lifestyle modifications, such as stress management techniques and improved sleep hygiene.
Follow Up: A follow-up appointment is scheduled in four weeks to monitor symptoms and adjust the treatment plan if necessary.
Notes: Patient was advised to keep a headache diary to track frequency and triggers, which will aid in future assessments.",no,no,no,no,no,no,no,no,no,no,no,no,no,,NONE,0,0,easy,no,none,no,test,yes,openrouter_gpt4o_mini_field,field_llm_v1,no,,,v2,Synthetic document generated for controlled PII training data.,[],{},[],[],[],False,False,False,local_non_pii,no_meaningful_signal,False,20260909_112021,rule_based,local,rules,regex_presidio_fusion_v1,not_applicable,rules,False
SYN-MEDICAL_RECORD-0216,synthetic_medical_record_0216.txt,medical_record,medical_record,en,synthetic_generation,,,synthetic,2026-08-28,2026-08-28,2026-08-28,0,"Medical Record

Patient: Patient details not provided
Date: 2026-12-06
Provider: Medical Team
Location: IT Department
Reason: Patient presents with persistent headaches and dizziness over the past week.
Assessment: Neurological examination shows no focal deficits. Symptoms are suggestive of tension-type headaches, possibly exacerbated by stress.
Treatment: Recommended over-the-counter analgesics as needed. Patient advised to reduce stress and maintain hydration.
Follow Up: Schedule follow-up appointment in two weeks to reassess symptoms and response to treatment.
Notes: Patient educated on headache triggers and coping strategies. No immediate imaging required at this time.",no,no,no,no,no,no,no,no,no,no,no,no,no,,NONE,0,0,easy,no,none,no,test,yes,openrouter_gpt4o_mini_field,field_llm_v1,no,,,v2,Synthetic document generated for controlled PII training data.,[],{},[],[],[],False,False,False,local_non_pii,no_meaningful_signal,False,20260909_112021,rule_based,local,rules,regex_presidio_fusion_v1,not_applicable,rules,False
SYN-MEDICAL_RECORD-0222,synthetic_medical_record_0222.txt,medical_record,medical_record,de,synthetic_generation,,,synthetic,2026-08-28,2026-08-28,2026-08-28,0,"Medizinische Dokumentation

Patient: Dr. Volkmar Geißler B.Eng.
Datum: 2025-03-21
Behandler: Medizinische Fachabteilung
Ort: Hauptstandort
Grund: Patient klagt über anhaltende Rückenschmerzen, die seit zwei Wochen bestehen.
Beurteilung: Untersuchung zeigt muskuläre Verspannungen im Lendenbereich. Keine neurologischen Ausfälle festgestellt.
Behandlung: Physiotherapie empfohlen, um die Muskulatur zu entspannen. Einnahme von Schmerzmitteln bei Bedarf.
Nachsorge: 2024-02-16
Notizen: Patient wird gebeten, ein Schmerztagebuch zu führen. Überprüfung der Symptome im nächsten Termin.",yes,yes,no,no,no,no,no,no,no,yes,no,no,no,PERSON; DATE_TIME,MULTIPLE,2,2,easy,no,none,no,test,yes,openrouter_gpt4o_mini_field,field_llm_v1,no,,,v2,Synthetic document generated for controlled PII training data.,"[{'type': 'PERSON', 'value': 'Volkmar Geißler', 'confidence': 0.85, 'source': 'presidio', 'start': 41, 'end': 56}, {'type': 'DATE_TIME', 'value': '2025-03-21', 'confidence': 0.6, 'source': 'presidio', 'start': 71, 'end': 81}]","{'PERSON': 0.85, 'DATE_TIME': 0.6}","['DATE_TIME', 'PERSON']",[],"['PERSON', 'DATE_TIME']",False,True,True,low_cost_llm,potential_pii_evidence,True,20260909_112021,rule_based,local,rules,regex_presidio_fusion_v1,not_applicable,rules,False
SYN-MEDICAL_RECORD-0229,synthetic_medical_record_0229.txt,medical_record,medical_record,en,synthetic_generation,,,synthetic,2026-08-28,2026-08-28,2026-08-28,0,"Medical Record

Patient: Patient details not provided
Date: 2025-04-13
Provider: Occupational Health Service
Location: IT Department
Reason: Employee reported symptoms of repetitive strain injury due to prolonged computer use.
Assessment: Physical examination revealed tenderness in the wrist and forearm. Range of motion is slightly restricted but no significant swelling noted.
Treatment: Recommended ergonomic assessment of workstation setup. Initiated a regimen of wrist exercises and advised on proper posture during computer use.
Follow Up: Schedule a follow-up appointment in two weeks to monitor progress and reassess symptoms.
Notes: Patient educated on the importance of taking regular breaks and performing stretching exercises to alleviate discomfort.",no,no,no,no,no,no,no,no,no,no,no,no,no,,NONE,0,0,easy,no,none,no,test,yes,openrouter_gpt4o_mini_field,field_llm_v1,no,,,v2,Synthetic document generated for controlled PII training data.,[],{},[],[],[],False,False,True,local_non_pii,no_meaningful_signal,False,20260909_112021,rule_based,local,rules,regex_presidio_fusion_v1,not_applicable,rules,False
SYN-MEDICAL_RECORD-0239,synthetic_medical_record_0239.txt,medical_record,medical_record,de,synthetic_generation,,,synthetic,2026-08-28,2026-08-28,2026-08-28,0,"Medizinische Dokumentation

Patient: Patienteninformationen zurückgehalten
Datum: 2026-12-31
Behandler: Medizinische Fachabteilung
Ort: IT-Abteilung
Grund: Der Patient stellte sich mit Beschwerden im Bereich des unteren Rückens vor, die seit mehreren Wochen bestehen.
Beurteilung: Die Untersuchung ergab Anzeichen einer muskulären Verspannung. Keine akuten Hinweise auf schwerwiegende Erkrankungen.
Behandlung: Empfohlene Behandlung umfasst Physiotherapie und Schmerzmittel zur Linderung der Beschwerden.
Nachsorge: Eine Nachuntersuchung sollte in vier Wochen erfolgen, um den Fortschritt zu bewerten.
Notizen: Der Patient wurde über Übungen zur Stärkung der Rumpfmuskulatur informiert und erhält zusätzlich Informationsmaterial zur Selbsthilfe.",no,no,no,no,no,no,no,no,no,no,no,no,no,,NONE,0,0,easy,no,none,no,test,yes,openrouter_gpt4o_mini_field,field_llm_v1,no,,,v2,Synthetic document generated for controlled PII training data.,[],{},[],[],[],False,False,False,local_non_pii,no_meaningful_signal,False,20260909_112021,rule_based,local,rules,regex_presidio_fusion_v1,not_applicable,rules,False
SYN-MEETING_NOTES-0004,synthetic_meeting_notes_0004.txt,meeting_notes,meeting_notes,de,synthetic_generation,,,synthetic,2026-08-28,2026-08-28,2026-08-28,0,"Besprechungsnotizen

Titel: Protokoll der Projektbesprechung vom 04. Januar 2027
Datum: 2027-01-04
Ort: Betriebsbereich
Teilnehmer: Projektteam
Kontakt: Serviceteam
Agenda: 1. Begrüßung und Feststellung der Anwesenheit 2. Genehmigung des letzten Protokolls 3. Statusberichte der einzelnen Teams 4. Diskussion über anstehende Aufgaben 5. Abschluss und nächste Schritte
Diskussion: Die Sitzung wurde um 10:00 Uhr eröffnet. Anwesend waren die Mitglieder des Projektteams, die den aktuellen Stand der jeweiligen Aufgaben berichteten. Es wurde festgestellt, dass das Team für die Softwareentwicklung im Zeitplan liegt, während das Marketingteam aufgrund unerwarteter Herausforderungen bei der Marktforschung hinter dem Zeitplan zurückbleibt. Des Weiteren wurden neue Strategien zur Überwindung dieser Herausforderungen diskutiert, einschließlich der Möglichkeit, externe Beratungsressourcen in Anspruch zu nehmen. Die Teilnehmer waren sich einig, dass regelmäßige Updates notwendig sind, um die Fortschritte zu überwachen.
Entscheidungen: Es wurde beschlossen, dass das Marketingteam bis zum 15. Januar 2027 einen detaillierten Aktionsplan vorlegt, um die identifizierten Herausforderungen anzugehen. Zudem wurde einstimmig beschlossen, dass ein wöchentlicher Status-Update-Call eingerichtet wird, um die Transparenz und Kommunikation innerhalb des Projektteams zu verbessern.
Aufgaben: 1. Das Marketingteam wird bis zum 15. Januar 2027 einen Aktionsplan erstellen und präsentieren. 2. Der Projektleiter wird einen wöchentlichen Status-Update-Call einrichten und die Einladungen an alle Teammitglieder versenden. 3. Das Team für Softwareentwicklung wird die Fortschritte in der nächsten Sitzung am 18. Januar 2027 vorstellen.",no,no,no,no,no,no,no,no,no,no,no,no,no,,NONE,0,0,easy,no,none,no,test,yes,openrouter_gpt4o_mini_field,field_llm_v1,no,,,v2,Synthetic document generated for controlled PII training data.,[],{},[],[],[],False,False,False,local_non_pii,no_meaningful_signal,False,20260909_112021,rule_based,local,rules,regex_presidio_fusion_v1,not_applicable,rules,False
SYN-MEETING_NOTES-0006,synthetic_meeting_notes_0006.txt,meeting_notes,meeting_notes,en,synthetic_generation,,,synthetic,2026-08-28,2026-08-28,2026-08-28,0,"Meeting Notes

Title: IT Department Weekly Sync
Date: 2027-05-21
Location: IT Department
Participants: Working Group
Contact: Department Contact
Agenda: 1. Project Updates
2. Resource Allocation
3. Upcoming Deadlines
4. Feedback Session
Discussion: We reviewed project statuses:
- Team A is on track with their deliverables.
- Team B needs more resources; they’re behind schedule.
- Discussed potential collaboration between teams for efficiency.
- Shared feedback on the new software tool; some bugs reported.
Decisions: 1. Allocate two additional developers to Team B.
2. Schedule a follow-up meeting to address software tool issues next week.
Action Items: 1. Team leads to provide updated timelines by end of the week.
2. IT support to prioritize bug fixes on the software tool.
3. Next meeting to be scheduled for May 28, 2027.",no,no,no,no,no,no,no,no,no,no,no,no,no,,NONE,0,0,easy,no,none,no,test,yes,openrouter_gpt4o_mini_field,field_llm_v1,no,,,v2,Synthetic document generated for controlled PII training data.,"[{'type': 'DATE_TIME', 'value': '2027-05-21', 'confidence': 0.95, 'source': 'presidio', 'start': 54, 'end': 64}, {'type': 'PERSON', 'value': 'Weekly Sync', 'confidence': 0.85, 'source': 'presidio', 'start': 36, 'end': 47}, {'type': 'PERSON', 'value': 'Team B.\n2', 'confidence': 0.85, 'source': 'presidio', 'start': 563, 'end': 572}, {'type': 'DATE_TIME', 'value': 'next week', 'confidence': 0.85, 'source': 'presidio', 'start': 635, 'end': 644}]","{'DATE_TIME': 0.95, 'PERSON': 0.85}","['DATE_TIME', 'PERSON']",[],"['DATE_TIME', 'PERSON']",False,True,True,low_cost_llm,potential_pii_evidence,True,20260909_112021,rule_based,local,rules,regex_presidio_fusion_v1,not_applicable,rules,False
SYN-MEETING_NOTES-0008,synthetic_meeting_notes_0008.txt,meeting_notes,meeting_notes,en,synthetic_generation,,,synthetic,2026-08-28,2026-08-28,2026-08-28,0,"Meeting Notes

Title: Kickoff Meeting for Project Alpha
Date: 2027-01-14
Location: Main Office
Participants: Working Group
Contact: Department Contact
Agenda: 1. Introductions
2. Project Overview
3. Roles and Responsibilities
4. Timeline Discussion
5. Next Steps
Discussion: We kicked off the meeting with quick introductions. The project overview highlighted key goals:
- Improve efficiency in our processes
- Enhance customer satisfaction

Roles were assigned:
- Jane will lead the development team.
- Mark is responsible for marketing strategies.
- Sarah will handle client communications.

Timeline was discussed, aiming for a Q2 launch. Everyone shared thoughts on potential risks and roadblocks, especially around resource allocation.
Decisions: Agreed on main objectives:
- Focus on user-centric design.
- Schedule weekly check-ins every Tuesday.
- Prioritize development tasks for MVP by end of Q1.
Action Items: 1. Jane to draft project plan by next week.
2. Mark to prepare marketing strategy outline.
3. Sarah to set up client feedback sessions.",no,no,no,no,no,no,no,no,no,no,no,no,no,,NONE,0,0,easy,no,none,no,test,yes,openrouter_gpt4o_mini_field,field_llm_v1,no,,,v2,Synthetic document generated for controlled PII training data.,"[{'type': 'DATE_TIME', 'value': '2027-01-14', 'confidence': 0.95, 'source': 'presidio', 'start': 62, 'end': 72}, {'type': 'LOCATION', 'value': 'Project Alpha', 'confidence': 0.85, 'source': 'presidio', 'start': 42, 'end': 55}]","{'DATE_TIME': 0.95, 'LOCATION': 0.85}","['DATE_TIME', 'LOCATION']",[],[],False,False,False,local_non_pii,no_meaningful_signal,False,20260909_112021,rule_based,local,rules,regex_presidio_fusion_v1,not_applicable,rules,False
SYN-MEETING_NOTES-0022,synthetic_meeting_notes_0022.txt,meeting_notes,meeting_notes,de,synthetic_generation,,,synthetic,2026-08-28,2026-08-28,2026-08-28,0,"Besprechungsnotizen

Titel: Besprechungsnotizen vom 3. Juli 2026
Datum: 2026-07-03
Ort: Betriebsbereich
Teilnehmer: Projektteam
Kontakt: Zentrale Kontaktstelle
Agenda: Kurzes Update zu Projektfortschritt und nächste Schritte besprechen.
Diskussion: • Team hat die letzten Meilensteine erreicht.
• Herausforderungen bei der Datenmigration wurden angesprochen.
• Feedback zur Benutzeroberfläche war durchweg positiv.
• Nächste Woche: Schulung für das Team geplant.
• Offene Fragen zur Integration mit bestehenden Systemen.
Entscheidungen: • Einigung auf erweiterte Testphase für die Benutzeroberfläche.
• Entscheidung, externe Unterstützung für die Datenmigration zu suchen.
Aufgaben: • Max übernimmt die Koordination der Testphase.
• Lisa wird externe Dienstleister recherchieren und Angebote einholen.",no,no,no,no,no,no,no,no,no,no,no,no,no,,NONE,0,0,easy,no,none,no,test,yes,openrouter_gpt4o_mini_field,field_llm_v1,no,,,v2,Synthetic document generated for controlled PII training data.,[],{},[],[],[],False,False,False,local_non_pii,no_meaningful_signal,False,20260909_112021,rule_based,local,rules,regex_presidio_fusion_v1,not_applicable,rules,False
SYN-MEETING_NOTES-0023,synthetic_meeting_notes_0023.txt,meeting_notes,meeting_notes,en,synthetic_generation,,,synthetic,2026-08-28,2026-08-28,2026-08-28,0,"Meeting Notes

Title: Minutes of the Working Group Meeting on Operational Efficiency
Date: 2025-05-10
Location: Operations Area
Participants: Working Group
Contact: Central Contact Point
Agenda: 1. Review of previous meeting minutes
2. Discussion on current operational challenges
3. Proposal of new efficiency initiatives
4. Assignment of tasks for follow-up
5. Setting the date for the next meeting
Discussion: The meeting commenced at 10:00 AM with a review of the previous meeting minutes, which were approved unanimously. Participants expressed concerns regarding ongoing operational challenges, including delays in production schedules and inventory management inefficiencies. Various proposals for new efficiency initiatives were discussed, including the implementation of a digital inventory tracking system and enhanced training for staff. The group also deliberated on resource allocation to support these initiatives. Each participant provided insights and suggestions to improve overall workflow.
Decisions: It was decided to prioritize the implementation of the digital inventory tracking system as a means to enhance operational efficiency. Additionally, a timeline for staff training on this new system will be established. The next meeting is scheduled for June 15, 2025, to review progress on these initiatives.
Action Items: 1. Assign a project lead for the digital inventory tracking system by May 20, 2025.
2. Develop a training program outline for staff by May 30, 2025.
3. Prepare a report on current production delays for review at the next meeting.
4. Schedule follow-up discussions with relevant department heads by June 5, 2025.",no,no,no,no,no,no,no,no,no,no,no,no,no,,NONE,0,0,easy,no,none,no,test,yes,openrouter_gpt4o_mini_field,field_llm_v1,no,,,v2,Synthetic document generated for controlled PII training data.,[],{},[],[],[],False,False,False,local_non_pii,no_meaningful_signal,False,20260909_112021,rule_based,local,rules,regex_presidio_fusion_v1,not_applicable,rules,False
SYN-MEETING_NOTES-0026,synthetic_meeting_notes_0026.txt,meeting_notes,meeting_notes,en,synthetic_generation,,,synthetic,2026-08-28,2026-08-28,2026-08-28,0,"Meeting Notes

Title: IT Project Update Meeting - August 2026
Date: 2026-08-14
Location: IT Department
Participants: Project Team
Contact: Service Team
Agenda: 1. Review project milestones
2. Discuss challenges encountered
3. Plan next steps and responsibilities
Discussion: The team reviewed the progress of the current IT project, focusing on key milestones achieved and challenges faced. Notably, the integration of the new software system has encountered unexpected delays due to compatibility issues. The team discussed potential solutions, including additional testing and collaboration with the software vendor. There was a consensus on the importance of maintaining clear communication with all stakeholders throughout the process to ensure transparency and accountability.
Decisions: It was decided to extend the project timeline by two weeks to allow for thorough testing and to mitigate risks associated with the software integration. Additionally, it was agreed that weekly check-ins will be implemented to monitor progress closely.
Action Items: 1. John to coordinate with the software vendor by August 20 to address compatibility issues.
2. Sarah to update the project timeline and distribute it to all team members by August 18.
3. All team members to prepare for the weekly check-in meeting on August 21.",no,no,no,no,no,no,no,no,no,no,no,no,no,,NONE,0,0,easy,no,none,no,test,yes,openrouter_gpt4o_mini_field,field_llm_v1,no,,,v2,Synthetic document generated for controlled PII training data.,[],{},[],[],[],False,False,True,local_non_pii,no_meaningful_signal,False,20260909_112021,rule_based,local,rules,regex_presidio_fusion_v1,not_applicable,rules,False
SYN-MEETING_NOTES-0047,synthetic_meeting_notes_0047.txt,meeting_notes,meeting_notes,en,synthetic_generation,,,synthetic,2026-08-28,2026-08-28,2026-08-28,0,"Meeting Notes

Title: Project Team Meeting - Decision Log
Date: 2027-05-30
Location: Operations Area
Participants: Project Team
Contact: Department Contact
Agenda: 1. Review project milestones
2. Discuss resource allocation
3. Identify risks and mitigation strategies
4. Confirm next steps
Discussion: The team reviewed the current status of the project milestones and noted that several deadlines are approaching. Resource allocation was discussed, with a focus on ensuring that critical tasks are staffed adequately. Risks related to vendor delays were identified, and potential mitigation strategies were suggested. The team emphasized the importance of clear communication moving forward and the need for regular updates to avoid any last-minute issues.
Decisions: The team agreed to extend the deadline for the Phase 2 deliverables by two weeks to accommodate unforeseen delays. It was decided that a weekly check-in would be implemented to monitor progress more closely. The team also agreed to allocate additional resources for the upcoming testing phase to ensure quality assurance.
Action Items: 1. John to update the project timeline by June 5, 2027.
2. Sarah to draft a communication plan for vendor updates by June 7, 2027.
3. Mark to arrange weekly check-in meetings starting June 12, 2027.",no,no,no,no,no,no,no,no,no,no,no,no,no,,NONE,0,0,easy,no,none,no,test,yes,openrouter_gpt4o_mini_field,field_llm_v1,no,,,v2,Synthetic document generated for controlled PII training data.,[],{},[],[],[],False,False,False,local_non_pii,no_meaningful_signal,False,20260909_112021,rule_based,local,rules,regex_presidio_fusion_v1,not_applicable,rules,False
SYN-MEETING_NOTES-0048,synthetic_meeting_notes_0048.txt,meeting_notes,meeting_notes,en,synthetic_generation,,,synthetic,2026-08-28,2026-08-28,2026-08-28,0,"Meeting Notes

Title: Weekly Project Sync-Up
Date: 2025-01-29
Location: Main Office
Participants: Project Team
Contact: Central Contact Point
Agenda: 1. Project Updates
2. Roadblocks Discussion
3. Next Steps
Discussion: We kicked off with a round of updates:
- Team members shared progress on individual tasks.
- Highlighted some ongoing roadblocks, particularly around resource allocation.
- Discussed potential solutions, including reassigning tasks to balance workloads.
- Reviewed timeline adjustments for upcoming deliverables.
Decisions: Agreed to prioritize resolving resource issues in the next week.
Decided to extend the deadline for the current phase by one week to accommodate necessary changes.
Action Items: 1. John to follow up with HR on resource allocation by Thursday.
2. Sarah to update the project timeline and share with the team.
3. All team members to submit any further roadblock concerns by end of day Friday.",no,no,no,no,no,no,no,no,no,no,no,no,no,,NONE,0,0,easy,no,none,no,test,yes,openrouter_gpt4o_mini_field,field_llm_v1,no,,,v2,Synthetic document generated for controlled PII training data.,[],{},[],[],[],False,False,False,local_non_pii,no_meaningful_signal,False,20260909_112021,rule_based,local,rules,regex_presidio_fusion_v1,not_applicable,rules,False
SYN-MEETING_NOTES-0062,synthetic_meeting_notes_0062.txt,meeting_notes,meeting_notes,en,synthetic_generation,,,synthetic,2026-08-28,2026-08-28,2026-08-28,0,"Meeting Notes

Title: October Working Group Catch-Up
Date: 2024-10-20
Location: IT Department
Participants: Working Group
Contact: Service Team
Agenda: 1. Project Updates
2. Resource Allocation
3. Upcoming Deadlines
4. Open Floor
Discussion: We kicked off with updates on the current projects:
- Team A is on track with the app development, aiming for a beta release next month.
- Team B is facing some delays due to resource constraints but expects to catch up soon.

Resource allocation was next:
- Discussed the need for additional support for Team B.
- Agreed to redistribute some tasks from Team C to balance the workload.

Upcoming deadlines:
- Reminder that the next major milestone is due in two weeks.
- Everyone needs to ensure their parts are ready by then.

Open floor:
- A few concerns raised about inter-team communication. Suggested a weekly check-in to improve collaboration.
Decisions: We decided to:
- Allocate 1 additional developer to Team B for a month.
- Implement weekly check-ins to enhance communication between teams.
Action Items: 1. Team leads to adjust their task allocations by end of this week.
2. Set up the first weekly check-in for next Tuesday.
3. Team A to prepare a demo of the app for next meeting.",no,no,no,no,no,no,no,no,no,no,no,no,no,,NONE,0,0,easy,no,none,no,test,yes,openrouter_gpt4o_mini_field,field_llm_v1,no,,,v2,Synthetic document generated for controlled PII training data.,[],{},[],[],[],False,False,False,local_non_pii,no_meaningful_signal,False,20260909_112021,rule_based,local,rules,regex_presidio_fusion_v1,not_applicable,rules,False
SYN-MEETING_NOTES-0070,synthetic_meeting_notes_0070.txt,meeting_notes,meeting_notes,de,synthetic_generation,,,synthetic,2026-08-28,2026-08-28,2026-08-28,0,"Besprechungsnotizen

Titel: Team-Meeting zum Projektfortschritt
Datum: 2025-05-31
Ort: Hauptstandort
Teilnehmer: Abteilungsvertretungen
Kontakt: Serviceteam
Agenda: 1. Begrüßung und Einführung 2. Aktueller Stand der Projekte 3. Herausforderungen und Lösungen 4. Nächste Schritte
Diskussion: Wir haben die Fortschritte der aktuellen Projekte besprochen. Einige Abteilungen haben Verzögerungen aufgrund von Ressourcenmangel gemeldet. Wichtig ist, dass alle Abteilungen ihre aktuellen Herausforderungen offen kommunizieren. Es wurde angeregt, regelmäßige Updates aus den Teams zu erhalten, um frühzeitig auf Probleme reagieren zu können.
Entscheidungen: Es wurde entschieden, wöchentliche Statusmeetings einzuführen, um den Austausch zu fördern. Außerdem sollen zusätzliche Ressourcen für die betroffenen Abteilungen bereitgestellt werden, um die Verzögerungen zu minimieren.
Aufgaben: 1. Serviceteam wird die wöchentlichen Meetings organisieren. 2. Abteilungsvertretungen sollen bis Ende der Woche ihre Ressourcenbedarfe melden. 3. Nächste Besprechung am 07.06.2025 planen.",no,no,no,no,no,no,no,no,no,no,no,no,no,,NONE,0,0,easy,no,none,no,test,yes,openrouter_gpt4o_mini_field,field_llm_v1,no,,,v2,Synthetic document generated for controlled PII training data.,[],{},[],[],[],False,False,False,local_non_pii,no_meaningful_signal,False,20260909_112021,rule_based,local,rules,regex_presidio_fusion_v1,not_applicable,rules,False
SYN-MEETING_NOTES-0074,synthetic_meeting_notes_0074.txt,meeting_notes,meeting_notes,de,synthetic_generation,,,synthetic,2026-08-28,2026-08-28,2026-08-28,0,"Besprechungsnotizen

Titel: Team-Meeting am 02.06.2025
Datum: 2025-06-02
Ort: Warmerallee 8-1, 25675 Luckenwalde
Teilnehmer: Arbeitsgruppe
Kontakt: Serviceteam
Agenda: 1. Rückblick auf letzte Woche
2. Aktuelle Projekte
3. Nächste Schritte
4. Sonstiges
Diskussion: Wir haben über die letzten Erfolge bei den Projekten gesprochen. Besonders positiv war das Feedback zu den neuen Marketingstrategien. Die aktuellen Herausforderungen im Kundenservice wurden ebenfalls angesprochen, da wir hier mehr Ressourcen brauchen. Einige Teammitglieder haben Ideen zu Verbesserungen eingebracht. Es gab auch Vorschläge für die nächste Team-Building-Veranstaltung, die für Juli geplant ist.
Entscheidungen: Wir haben entschieden, dass wir die Marketingstrategien weiterverfolgen und die Kundenservice-Anfragen priorisieren. Außerdem wird das Team-Building-Event am 15. Juli stattfinden. Verantwortlich dafür ist das Serviceteam.
Aufgaben: 1. Marketingteam: Weitere Analysen der aktuellen Kampagnen bis zum 09.06.2025
2. Serviceteam: Ressourcenbedarf für Kundenservice bis zum 12.06.2025 klären
3. Alle: Vorschläge für das Team-Building-Event bis zum 10.06.2025 einreichen",yes,no,no,no,yes,no,no,no,no,yes,no,no,no,LOCATION; DATE_TIME,MULTIPLE,2,2,easy,no,none,no,test,yes,openrouter_gpt4o_mini_field,field_llm_v1,no,,,v2,Synthetic document generated for controlled PII training data.,"[{'type': 'LOCATION', 'value': 'Warmerallee', 'confidence': 0.85, 'source': 'presidio', 'start': 78, 'end': 89}, {'type': 'LOCATION', 'value': 'Luckenwalde', 'confidence': 0.85, 'source': 'presidio', 'start': 101, 'end': 112}, {'type': 'DATE_TIME', 'value': '02.06.2025', 'confidence': 0.6, 'source': 'presidio', 'start': 44, 'end': 54}, {'type': 'DATE_TIME', 'value': '2025-06-02', 'confidence': 0.6, 'source': 'presidio', 'start': 62, 'end': 72}]","{'LOCATION': 0.85, 'DATE_TIME': 0.6}","['DATE_TIME', 'LOCATION']",[],[],False,False,False,local_non_pii,no_meaningful_signal,False,20260909_112021,rule_based,local,rules,regex_presidio_fusion_v1,not_applicable,rules,False
SYN-MEETING_NOTES-0077,synthetic_meeting_notes_0077.txt,meeting_notes,meeting_notes,en,synthetic_generation,,,synthetic,2026-08-28,2026-08-28,2026-08-28,0,"Meeting Notes

Title: IT Department Strategy Meeting - November 2025
Date: 2025-11-21
Location: IT Department
Participants: Working Group
Contact: Central Contact Point
Agenda: 1. Review previous action items
2. Discuss upcoming project timelines
3. Identify resource allocation needs
4. Finalize team roles for new initiatives
Discussion: The meeting began with a review of previous action items, focusing on their completion status. The team discussed upcoming project timelines, emphasizing the importance of adhering to deadlines for successful implementation. Resource allocation needs were addressed, with various departments raising concerns about staffing shortages. Finally, the group explored team roles for new initiatives, ensuring clarity in responsibilities moving forward.
Decisions: The team agreed to prioritize the new project timeline over other tasks. It was decided that additional resources would be allocated to the data migration project. Furthermore, it was concluded that each member would take on specific roles to enhance accountability.
Action Items: 1. John to finalize the project timeline by December 1st.
2. Sarah to assess staffing needs and report back by November 28th.
3. Each team member to submit their role outlines by November 30th.",no,no,no,no,no,no,no,no,no,no,no,no,no,,NONE,0,0,easy,no,none,no,test,yes,openrouter_gpt4o_mini_field,field_llm_v1,no,,,v2,Synthetic document generated for controlled PII training data.,[],{},[],[],[],False,False,False,local_non_pii,no_meaningful_signal,False,20260909_112021,rule_based,local,rules,regex_presidio_fusion_v1,not_applicable,rules,False
SYN-MEETING_NOTES-0084,synthetic_meeting_notes_0084.txt,meeting_notes,meeting_notes,de,synthetic_generation,,,synthetic,2026-08-28,2026-08-28,2026-08-28,0,"Besprechungsnotizen

Titel: Protokoll der Abteilungsbesprechung vom 6. November 2026
Datum: 2026-11-06
Ort: IT-Abteilung
Teilnehmer: Abteilungsvertretungen
Kontakt: Serviceteam
Agenda: 1. Begrüßung und Feststellung der Beschlussfähigkeit
2. Genehmigung des Protokolls der letzten Sitzung
3. Aktuelle Projekte und deren Status
4. Ressourcenplanung für das kommende Quartal
5. Sonstiges
Diskussion: Die Sitzung begann mit der Begrüßung der Teilnehmer und der Feststellung der Beschlussfähigkeit. Das Protokoll der letzten Sitzung wurde einstimmig genehmigt. Im Anschluss wurden die aktuellen Projekte besprochen, wobei der Fokus auf den Fortschritten und Herausforderungen lag. Die Ressourcenzuteilung für das kommende Quartal wurde eingehend diskutiert, insbesondere in Bezug auf die IT-Infrastruktur und die Personalplanung. Es wurden verschiedene Vorschläge zur Optimierung der Arbeitsabläufe in der Abteilung unterbreitet. Unter dem Punkt ""Sonstiges"" wurden zusätzliche Anliegen der Abteilungsvertretungen angesprochen.
Entscheidungen: Es wurde beschlossen, die Ressourcenplanung für das kommende Quartal bis zum 20. November 2026 abzuschließen. Zudem wurde vereinbart, dass alle Abteilungsvertretungen bis zur nächsten Sitzung einen Statusbericht zu ihren Projekten einreichen.
Aufgaben: 1. Alle Abteilungsvertretungen sind aufgefordert, ihre Statusberichte bis zum 15. November 2026 einzureichen.
2. Das Serviceteam wird bis zum 20. November 2026 eine Übersicht der benötigten IT-Ressourcen für das nächste Quartal bereitstellen.",no,no,no,no,no,no,no,no,no,no,no,no,no,,NONE,0,0,easy,no,none,no,test,yes,openrouter_gpt4o_mini_field,field_llm_v1,no,,,v2,Synthetic document generated for controlled PII training data.,[],{},[],[],[],False,False,False,local_non_pii,no_meaningful_signal,False,20260909_112021,rule_based,local,rules,regex_presidio_fusion_v1,not_applicable,rules,False
SYN-MEETING_NOTES-0101,synthetic_meeting_notes_0101.txt,meeting_notes,meeting_notes,de,synthetic_generation,,,synthetic,2026-08-28,2026-08-28,2026-08-28,0,"Besprechungsnotizen

Titel: Protokoll der Besprechung vom 10. August 2025
Datum: 2025-08-10
Ort: Hauptstandort
Teilnehmer: Abteilungsvertretungen
Kontakt: Zentrale Kontaktstelle
Agenda: 1. Begrüßung und Feststellung der Tagesordnung
2. Rückblick auf die Maßnahmen des letzten Treffens
3. Diskussion über aktuelle Projekte
4. Ausblick auf zukünftige Initiativen
5. Sonstiges
Diskussion: Die Sitzung wurde um 10:00 Uhr eröffnet. Zunächst wurde die Tagesordnung genehmigt. Im Rückblick auf die Maßnahmen des letzten Treffens wurde festgestellt, dass die meisten Punkte erfolgreich umgesetzt wurden. Besonders hervorzuheben ist das Projekt zur Effizienzsteigerung, welches bereits erste positive Ergebnisse gezeigt hat. Im Anschluss wurden die aktuellen Projekte besprochen, wobei alle Teilnehmer ihre Fortschritte und Herausforderungen darlegten. Ein besonderes Augenmerk lag auf der geplanten Einführung neuer Technologien, die eine Optimierung der Arbeitsabläufe versprechen. Schließlich wurden mögliche zukünftige Initiativen diskutiert, um die Wettbewerbsfähigkeit der Abteilung zu stärken.
Entscheidungen: Es wurde beschlossen, dass die nächsten Schritte zur Implementierung der neuen Technologien in der kommenden Sitzung detailliert vorgestellt werden. Zudem wurde vereinbart, dass ein regelmäßiger Austausch zwischen den Abteilungen stattfinden soll, um Synergien zu nutzen und Probleme schneller zu identifizieren.
Aufgaben: 1. Herr Müller wird einen detaillierten Bericht zu den neuen Technologien vorbereiten und bis zum 15. September 2025 an alle Teilnehmer versenden.
2. Frau Schmidt koordiniert die Einrichtung eines monatlichen Austauschtreffens zwischen den Abteilungen und wird die ersten Termine bis Ende August 2025 bekannt geben.",no,no,no,no,no,no,no,no,no,no,no,no,no,,NONE,0,0,easy,no,none,no,test,yes,openrouter_gpt4o_mini_field,field_llm_v1,no,,,v2,Synthetic document generated for controlled PII training data.,[],{},[],[],[],False,False,True,local_non_pii,no_meaningful_signal,False,20260909_112021,rule_based,local,rules,regex_presidio_fusion_v1,not_applicable,rules,False
SYN-MEETING_NOTES-0109,synthetic_meeting_notes_0109.txt,meeting_notes,meeting_notes,en,synthetic_generation,,,synthetic,2026-08-28,2026-08-28,2026-08-28,0,"Meeting Notes

Title: Department Strategy Alignment Meeting
Date: 2026-04-25
Location: Main Office
Participants: Department Representatives
Contact: Department Contact
Agenda: 1. Review departmental objectives for Q2 2026
2. Discuss interdepartmental collaboration opportunities
3. Establish key performance indicators (KPIs) for upcoming projects
4. Address any departmental challenges and propose solutions
Discussion: The meeting commenced with a review of the departmental objectives for Q2 2026, where each representative presented their goals and anticipated challenges. The discussion highlighted the need for enhanced interdepartmental collaboration, particularly between the Marketing and Sales departments, to streamline the customer engagement process. Additionally, the necessity of establishing clear key performance indicators (KPIs) for the upcoming projects was emphasized to ensure alignment with overall company objectives. Various challenges were raised, including resource allocation and timeline constraints, leading to a productive dialogue on potential solutions.
Decisions: It was decided that each department will finalize their objectives and KPIs by May 15, 2026. Furthermore, the representatives agreed to hold a follow-up meeting on May 30, 2026, to assess progress and address any emerging issues. Collaboration initiatives between Marketing and Sales will be prioritized, with a task force established to facilitate this process.
Action Items: 1. Each department representative to submit finalized objectives and KPIs by May 15, 2026.
2. Schedule the follow-up meeting for May 30, 2026.
3. Form a task force to enhance collaboration between Marketing and Sales, with members identified by April 30, 2026.",no,no,no,no,no,no,no,no,no,no,no,no,no,,NONE,0,0,easy,no,none,no,test,yes,openrouter_gpt4o_mini_field,field_llm_v1,no,,,v2,Synthetic document generated for controlled PII training data.,[],{},[],[],[],False,False,True,local_non_pii,no_meaningful_signal,False,20260909_112021,rule_based,local,rules,regex_presidio_fusion_v1,not_applicable,rules,False
SYN-MEETING_NOTES-0111,synthetic_meeting_notes_0111.txt,meeting_notes,meeting_notes,de,synthetic_generation,,,synthetic,2026-08-28,2026-08-28,2026-08-28,0,"Besprechungsnotizen

Titel: Entscheidungsprotokoll des Projektteams
Datum: 2025-12-30
Ort: Betriebsbereich
Teilnehmer: Projektteam
Kontakt: Abteilungskontakt
Agenda: Diskussion über aktuelle Projektfortschritte und anstehende Entscheidungen
Diskussion: Im Verlauf des Meetings wurden die aktuellen Fortschritte der verschiedenen Projektphasen erörtert. Es wurde festgestellt, dass die Implementierung der neuen Softwarelösung planmäßig verläuft, jedoch einige Herausforderungen bei der Integration mit bestehenden Systemen auftreten. Die Teilnehmer haben Vorschläge zur Verbesserung der Kommunikation zwischen den Teams gemacht, um diese Herausforderungen zu bewältigen. Darüber hinaus wurde der Zeitplan für die nächsten Schritte überprüft, um sicherzustellen, dass alle Fristen eingehalten werden.
Entscheidungen: Es wurde beschlossen, die Projektmeilensteine um zwei Wochen zu verschieben, um den Teams ausreichend Zeit für die Behebung der bestehenden Probleme zu geben. Zudem wurde die Verantwortung für die Kommunikation mit den Stakeholdern an das Marketingteam übertragen.
Aufgaben: 1. Das IT-Team wird die Integrationsprobleme bis zum 15. Januar 2026 beheben. 2. Das Marketingteam wird bis zum 5. Januar 2026 einen Kommunikationsplan erstellen. 3. Das Projektteam trifft sich am 10. Januar 2026, um den Fortschritt zu überprüfen.",no,no,no,no,no,no,no,no,no,no,no,no,no,,NONE,0,0,easy,no,none,no,test,yes,openrouter_gpt4o_mini_field,field_llm_v1,no,,,v2,Synthetic document generated for controlled PII training data.,[],{},[],[],[],False,False,False,local_non_pii,no_meaningful_signal,False,20260909_112021,rule_based,local,rules,regex_presidio_fusion_v1,not_applicable,rules,False
SYN-MEETING_NOTES-0112,synthetic_meeting_notes_0112.txt,meeting_notes,meeting_notes,de,synthetic_generation,,,synthetic,2026-08-28,2026-08-28,2026-08-28,0,"Besprechungsnotizen

Titel: Entscheidungsprotokoll des Projektteams
Datum: 2027-04-01
Ort: Hauptstandort
Teilnehmer: Projektteam
Kontakt: Zentrale Kontaktstelle
Agenda: 1. Statusupdate der aktuellen Projekte 2. Diskussion über Ressourcenplanung 3. Festlegung der nächsten Schritte
Diskussion: Das Projektteam hat die Fortschritte der aktuellen Projekte besprochen. Es wurde festgestellt, dass die Ressourcenplanung optimiert werden muss, um Engpässe zu vermeiden. Zudem wurde die Notwendigkeit betont, klare Verantwortlichkeiten für die nächsten Schritte zu definieren.
Entscheidungen: Das Projektteam hat beschlossen, dass die Ressourcenplanung bis zum 15. April 2027 überarbeitet werden muss. Außerdem wurden die Projektziele für das zweite Quartal 2027 festgelegt.
Aufgaben: 1. Verantwortlicher für die Überarbeitung der Ressourcenplanung: Max Müller 2. Erstellung eines detaillierten Berichts über die Projektziele bis zum 10. April 2027: Lisa Schmidt 3. Nächstes Treffen zur Überprüfung der Fortschritte: 20. April 2027",no,no,no,no,no,no,no,no,no,no,no,no,no,,NONE,0,0,easy,no,none,no,test,yes,openrouter_gpt4o_mini_field,field_llm_v1,no,,,v2,Synthetic document generated for controlled PII training data.,"[{'type': 'PERSON', 'value': 'Max Müller', 'confidence': 0.85, 'source': 'presidio', 'start': 843, 'end': 853}, {'type': 'PERSON', 'value': 'Lisa Schmidt', 'confidence': 0.85, 'source': 'presidio', 'start': 943, 'end': 955}]",{'PERSON': 0.85},['PERSON'],[],['PERSON'],False,True,False,low_cost_llm,potential_pii_evidence,True,20260909_112021,rule_based,local,rules,regex_presidio_fusion_v1,not_applicable,rules,False
SYN-MEETING_NOTES-0118,synthetic_meeting_notes_0118.txt,meeting_notes,meeting_notes,en,synthetic_generation,,,synthetic,2026-08-28,2026-08-28,2026-08-28,0,"Meeting Notes

Title: Decisions from the December 2025 Service Team Meeting
Date: 2025-12-18
Location: Main Office
Participants: Julie Simmons
Contact: Service Team
Agenda: 1. Review of current service initiatives
2. Identification of key decision points
3. Assignment of action items for follow-up
Discussion: During the meeting, Julie Simmons led a review of the ongoing service initiatives. The team discussed the progress made on customer feedback implementation and the impact on service delivery. Key decision points were highlighted, particularly around resources needed for upcoming projects. The importance of timely follow-up on action items was emphasized to ensure continuity and accountability.
Decisions: The team decided to allocate additional resources to the customer feedback project, with Julie Simmons as the owner responsible for overseeing the implementation. It was agreed that a follow-up meeting would be scheduled for January 2026 to assess progress.
Action Items: 1. Julie Simmons will prepare a resource allocation plan by December 30, 2025.
2. Schedule the follow-up meeting for January 2026 to review progress on the customer feedback project.",yes,yes,no,no,no,no,no,no,no,no,no,no,no,PERSON,PERSON,1,1,easy,no,none,no,test,yes,openrouter_gpt4o_mini_field,field_llm_v1,no,,,v2,Synthetic document generated for controlled PII training data.,"[{'type': 'DATE_TIME', 'value': '2025-12-18', 'confidence': 0.95, 'source': 'presidio', 'start': 82, 'end': 92}, {'type': 'DATE_TIME', 'value': 'December', 'confidence': 0.85, 'source': 'presidio', 'start': 41, 'end': 49}, {'type': 'PERSON', 'value': 'Julie Simmons', 'confidence': 0.85, 'source': 'presidio', 'start': 129, 'end': 142}, {'type': 'PERSON', 'value': 'Julie Simmons', 'confidence': 0.85, 'source': 'presidio', 'start': 331, 'end': 344}, {'type': 'PERSON', 'value': 'Julie Simmons', 'confidence': 0.85, 'source': 'presidio', 'start': 808, 'end': 821}, {'type': 'DATE_TIME', 'value': 'January 2026', 'confidence': 0.85, 'source': 'presidio', 'start': 944, 'end': 956}, {'type': 'PERSON', 'value': 'Julie Simmons', 'confidence': 0.85, 'source': 'presidio', 'start': 994, 'end': 1007}, {'type': 'DATE_TIME', 'value': 'December 30, 2025', 'confidence': 0.85, 'source': 'presidio', 'start': 1051, 'end': 1068}, {'type': 'DATE_TIME', 'value': 'January 2026', 'confidence': 0.85, 'source': 'presidio', 'start': 1108, 'end': 1120}]","{'DATE_TIME': 0.95, 'PERSON': 0.85}","['DATE_TIME', 'PERSON']",[],"['DATE_TIME', 'PERSON']",False,True,False,low_cost_llm,potential_pii_evidence,True,20260909_112021,rule_based,local,rules,regex_presidio_fusion_v1,not_applicable,rules,False
SYN-MEETING_NOTES-0126,synthetic_meeting_notes_0126.txt,meeting_notes,meeting_notes,de,synthetic_generation,,,synthetic,2026-08-28,2026-08-28,2026-08-28,0,"Besprechungsnotizen

Titel: Entscheidungen aus dem Projektteam-Meeting
Datum: 2025-04-24
Ort: Hauptstandort
Teilnehmer: Projektteam
Kontakt: Abteilungskontakt
Agenda: Besprechung der aktuellen Projektfortschritte, Identifikation von Herausforderungen und Festlegung von nächsten Schritten.
Diskussion: Im Meeting wurden die Fortschritte des Projekts erörtert, insbesondere die Herausforderungen bei der Implementierung neuer Funktionen. Es wurde festgestellt, dass einige Teammitglieder zusätzliche Unterstützung benötigen, um bestimmte Aufgaben fristgerecht abzuschließen. Die Bedeutung einer klaren Kommunikation wurde hervorgehoben, um Missverständnisse zu vermeiden.
Entscheidungen: Es wurde entschieden, dass das Team wöchentliche Statusupdates einführen wird, um den Fortschritt besser zu überwachen. Zudem soll ein zusätzliches Meeting in der nächsten Woche stattfinden, um die spezifischen Herausforderungen zu besprechen.
Aufgaben: 1. Max Müller wird die wöchentlichen Statusupdates organisieren. 2. Sarah Schmidt wird die Agenda für das nächste Meeting vorbereiten. 3. Alle Teammitglieder sollen bis Ende der Woche ihre aktuellen Aufgaben und Herausforderungen an das Projektteam kommunizieren.",no,no,no,no,no,no,no,no,no,no,no,no,no,,NONE,0,0,easy,no,none,no,test,yes,openrouter_gpt4o_mini_field,field_llm_v1,no,,,v2,Synthetic document generated for controlled PII training data.,"[{'type': 'LOCATION', 'value': 'Projektteam-Meeting', 'confidence': 0.85, 'source': 'presidio', 'start': 51, 'end': 70}, {'type': 'PERSON', 'value': 'Max Müller', 'confidence': 0.85, 'source': 'presidio', 'start': 944, 'end': 954}, {'type': 'PERSON', 'value': 'Sarah Schmidt', 'confidence': 0.85, 'source': 'presidio', 'start': 1009, 'end': 1022}, {'type': 'DATE_TIME', 'value': '2025-04-24', 'confidence': 0.6, 'source': 'presidio', 'start': 78, 'end': 88}]","{'LOCATION': 0.85, 'PERSON': 0.85, 'DATE_TIME': 0.6}","['DATE_TIME', 'LOCATION', 'PERSON']",[],"['LOCATION', 'PERSON', 'DATE_TIME']",False,True,False,low_cost_llm,potential_pii_evidence,True,20260909_112021,rule_based,local,rules,regex_presidio_fusion_v1,not_applicable,rules,False
SYN-MEETING_NOTES-0140,synthetic_meeting_notes_0140.txt,meeting_notes,meeting_notes,en,synthetic_generation,,,synthetic,2026-08-28,2026-08-28,2026-08-28,0,"Meeting Notes

Title: Minutes of IT Department Meeting - May 30, 2026
Date: 2026-05-30
Location: IT Department
Participants: Department Representatives
Contact: Service Team
Agenda: 1. Review of current IT projects
2. Discussion on resource allocation
3. Update on cybersecurity measures
4. Future technology initiatives
Discussion: The meeting commenced with a review of current IT projects, highlighting the progress made on the software development initiative. Participants discussed the need for improved resource allocation to meet project deadlines effectively. The cybersecurity measures were evaluated, with recent assessments indicating a need for enhanced protocols. Furthermore, future technology initiatives were proposed, focusing on cloud solutions and data analytics.
Decisions: It was decided that a detailed resource allocation plan will be developed and presented at the next meeting. Additionally, the team agreed to initiate a review of cybersecurity protocols by the end of the month. The potential adoption of cloud solutions will be further explored, with a follow-up discussion scheduled for the next meeting.
Action Items: 1. Develop a detailed resource allocation plan by June 15, 2026.
2. Review and enhance cybersecurity protocols by June 30, 2026.
3. Explore cloud solutions and prepare a report for the next meeting.",no,no,no,no,no,no,no,no,no,no,no,no,no,,NONE,0,0,easy,no,none,no,test,yes,openrouter_gpt4o_mini_field,field_llm_v1,no,,,v2,Synthetic document generated for controlled PII training data.,[],{},[],[],[],False,False,False,local_non_pii,no_meaningful_signal,False,20260909_112021,rule_based,local,rules,regex_presidio_fusion_v1,not_applicable,rules,False
SYN-MEETING_NOTES-0141,synthetic_meeting_notes_0141.txt,meeting_notes,meeting_notes,en,synthetic_generation,,,synthetic,2026-08-28,2026-08-28,2026-08-28,0,"Meeting Notes

Title: IT Department Strategy Alignment Meeting
Date: 2027-07-29
Location: IT Department
Participants: Department Representatives
Contact: Central Contact Point
Agenda: 1. Review current project statuses
2. Discuss upcoming initiatives
3. Assign ownership for new tasks
Discussion: The meeting commenced with a review of the ongoing projects. Each representative provided updates, highlighting successes and areas needing improvement. There was a thorough discussion on the upcoming initiatives that align with the department's strategic goals, focusing on resource allocation and timeline expectations. The importance of collaboration across teams was emphasized to ensure all initiatives are successfully executed.
Decisions: It was decided to prioritize the development of the new project management tool and to allocate additional resources to the cybersecurity initiative. Additionally, each team will submit a weekly progress report to maintain transparency and accountability.
Action Items: 1. John Smith will lead the development of the project management tool by August 15.
2. Sarah Johnson is tasked with enhancing the cybersecurity initiative and will report back on progress by August 22.
3. All teams are to submit their weekly progress reports starting next week.",no,no,no,no,no,no,no,no,no,no,no,no,no,,NONE,0,0,easy,no,none,no,test,yes,openrouter_gpt4o_mini_field,field_llm_v1,no,,,v2,Synthetic document generated for controlled PII training data.,"[{'type': 'DATE_TIME', 'value': 'weekly', 'confidence': 0.85, 'source': 'presidio', 'start': 931, 'end': 937}, {'type': 'PERSON', 'value': 'John Smith', 'confidence': 0.85, 'source': 'presidio', 'start': 1016, 'end': 1026}, {'type': 'DATE_TIME', 'value': 'August 15', 'confidence': 0.85, 'source': 'presidio', 'start': 1087, 'end': 1096}, {'type': 'PERSON', 'value': 'Sarah Johnson', 'confidence': 0.85, 'source': 'presidio', 'start': 1101, 'end': 1114}, {'type': 'DATE_TIME', 'value': 'August 22', 'confidence': 0.85, 'source': 'presidio', 'start': 1205, 'end': 1214}, {'type': 'DATE_TIME', 'value': 'weekly', 'confidence': 0.85, 'source': 'presidio', 'start': 1249, 'end': 1255}, {'type': 'DATE_TIME', 'value': 'next week', 'confidence': 0.85, 'source': 'presidio', 'start': 1282, 'end': 1291}]","{'DATE_TIME': 0.85, 'PERSON': 0.85}","['DATE_TIME', 'PERSON']",[],"['DATE_TIME', 'PERSON']",False,True,False,low_cost_llm,potential_pii_evidence,True,20260909_112021,rule_based,local,rules,regex_presidio_fusion_v1,not_applicable,rules,False
SYN-MEETING_NOTES-0159,synthetic_meeting_notes_0159.txt,meeting_notes,meeting_notes,de,synthetic_generation,,,synthetic,2026-08-28,2026-08-28,2026-08-28,0,"Besprechungsnotizen

Titel: Besprechung zur Projektplanung 2026
Datum: 2026-02-14
Ort: Betriebsbereich
Teilnehmer: Abteilungsvertretungen
Kontakt: Zentrale Kontaktstelle
Agenda: 1. Updates zu laufenden Projekten
2. Ressourcenplanung für Q2
3. Feedback zur letzten Sitzung
4. Offene Punkte klären
Diskussion: Wir haben die Fortschritte zu den aktuellen Projekten besprochen. Die Teams haben gute Ergebnisse erzielt, vor allem im Bereich der Produktentwicklung. Einige Ressourcen müssen jedoch neu zugewiesen werden, um die Zeitpläne einzuhalten. Feedback zur letzten Sitzung war positiv; die meisten fanden die neuen Tools hilfreich. Es gab einige Fragen zu den offenen Punkten, die wir klären müssen, bevor wir fortfahren.
Entscheidungen: Es wurde beschlossen, die Ressourcenplanung für Q2 anzupassen und zusätzliche Schulungen für die neuen Tools anzubieten. Auch die nächste Sitzung ist für den 28. Februar 2026 festgelegt.
Aufgaben: 1. Update der Ressourcenplanung bis Ende dieser Woche
2. Schulungsunterlagen für neue Tools erstellen
3. Einladung zur nächsten Sitzung versenden",no,no,no,no,no,no,no,no,no,no,no,no,no,,NONE,0,0,easy,no,none,no,test,yes,openrouter_gpt4o_mini_field,field_llm_v1,no,,,v2,Synthetic document generated for controlled PII training data.,[],{},[],[],[],False,False,False,local_non_pii,no_meaningful_signal,False,20260909_112021,rule_based,local,rules,regex_presidio_fusion_v1,not_applicable,rules,False
SYN-MEETING_NOTES-0161,synthetic_meeting_notes_0161.txt,meeting_notes,meeting_notes,en,synthetic_generation,,,synthetic,2026-08-28,2026-08-28,2026-08-28,0,"Meeting Notes

Title: IT Department Weekly Project Review
Date: 2024-10-24
Location: IT Department
Participants: Joshua Jennings
Contact: Service Team
Agenda: 1. Review of current project statuses
2. Discussion of upcoming deadlines
3. Addressing challenges faced by team members
4. Planning for next week's tasks
Discussion: The meeting commenced with Joshua Jennings presenting the current status of ongoing projects within the IT Department. Each project team provided updates, highlighting progress and any obstacles encountered. The team discussed the approaching deadlines for the software deployment scheduled for November 15, 2024, and reviewed the necessary adjustments to meet these timelines. Challenges related to resource allocation and inter-departmental communications were addressed, with team members encouraged to voice any additional concerns.
Decisions: It was decided that a follow-up meeting will be scheduled for November 7, 2024, to ensure all teams are on track for the upcoming software deployment. Additionally, it was agreed that a dedicated channel will be established for real-time updates on project challenges.
Action Items: 1. Joshua Jennings will coordinate the setup of the new communication channel by October 31, 2024.
2. Each project team is to submit a revised timeline for their respective tasks by November 3, 2024.
3. All team members are to prepare a brief summary of their current challenges for discussion at the next meeting.",yes,yes,no,no,no,no,no,no,no,yes,no,no,no,PERSON; DATE_TIME,MULTIPLE,2,2,easy,no,none,no,test,yes,openrouter_gpt4o_mini_field,field_llm_v1,no,,,v2,Synthetic document generated for controlled PII training data.,"[{'type': 'DATE_TIME', 'value': '2024-10-24', 'confidence': 0.95, 'source': 'presidio', 'start': 64, 'end': 74}, {'type': 'PERSON', 'value': 'Joshua Jennings', 'confidence': 0.85, 'source': 'presidio', 'start': 113, 'end': 128}, {'type': 'DATE_TIME', 'value': ""next week's"", 'confidence': 0.85, 'source': 'presidio', 'start': 296, 'end': 307}, {'type': 'PERSON', 'value': 'Joshua Jennings', 'confidence': 0.85, 'source': 'presidio', 'start': 353, 'end': 368}, {'type': 'PERSON', 'value': 'Joshua Jennings', 'confidence': 0.85, 'source': 'presidio', 'start': 1160, 'end': 1175}, {'type': 'DATE_TIME', 'value': 'October 31, 2024', 'confidence': 0.85, 'source': 'presidio', 'start': 1238, 'end': 1254}, {'type': 'DATE_TIME', 'value': 'November 3, 2024', 'confidence': 0.85, 'source': 'presidio', 'start': 1339, 'end': 1355}]","{'DATE_TIME': 0.95, 'PERSON': 0.85}","['DATE_TIME', 'PERSON']",[],"['DATE_TIME', 'PERSON']",False,True,False,low_cost_llm,potential_pii_evidence,True,20260909_112021,rule_based,local,rules,regex_presidio_fusion_v1,not_applicable,rules,False
SYN-MEETING_NOTES-0172,synthetic_meeting_notes_0172.txt,meeting_notes,meeting_notes,en,synthetic_generation,,,synthetic,2026-08-28,2026-08-28,2026-08-28,0,"Meeting Notes

Title: Meeting Notes - Working Group Strategy Session
Date: 2024-11-24
Location: Main Office
Participants: Working Group
Contact: Department Contact
Agenda: 1. Review of previous action items
2. Discussion on project timelines
3. Allocation of resources for upcoming tasks
4. Open floor for team updates
Discussion: The team began by reviewing the action items from the last meeting, confirming completion of the assigned tasks. The project timelines were then discussed in detail, with an emphasis on meeting upcoming deadlines. There was a consensus on the need for additional resources to support the current workload, particularly in the areas of development and marketing. Team members provided updates on their respective projects, highlighting both challenges and successes.
Decisions: The group decided to extend the project timeline by two weeks to accommodate additional development requirements. It was also agreed that resources would be reallocated from less critical tasks to ensure project milestones are met.
Action Items: 1. John to update the project timeline and share it with the team by December 1, 2024.
2. Sarah to prepare a resource allocation plan and present it at the next meeting.
3. Each team member is to submit a brief project update by December 5, 2024.",no,no,no,no,no,no,no,no,no,no,no,no,no,,NONE,0,0,easy,no,none,no,test,yes,openrouter_gpt4o_mini_field,field_llm_v1,no,,,v2,Synthetic document generated for controlled PII training data.,[],{},[],[],[],False,False,False,local_non_pii,no_meaningful_signal,False,20260909_112021,rule_based,local,rules,regex_presidio_fusion_v1,not_applicable,rules,False
SYN-MEETING_NOTES-0178,synthetic_meeting_notes_0178.txt,meeting_notes,meeting_notes,en,synthetic_generation,,,synthetic,2026-08-28,2026-08-28,2026-08-28,0,"Meeting Notes

Title: Departmental Coordination Meeting Minutes
Date: 2027-06-06
Location: Operations Area
Participants: Department Representatives
Contact: Central Contact Point
Agenda: 1. Review of previous meeting actions
2. Discussion on current departmental projects
3. Resource allocation and budget considerations
4. Planning for upcoming initiatives
5. Open floor for additional comments
Discussion: The meeting commenced with a review of previous meeting actions, where each department representative provided updates on their assigned tasks. Notably, the Marketing Department reported progress on the recent campaign, which is expected to launch by the end of the month. The Operations team discussed current projects, emphasizing the need for cross-departmental collaboration to optimize resource usage. Additionally, the finance representative highlighted the importance of adhering to budget constraints while planning for upcoming initiatives. A robust discussion ensued regarding potential areas for improvement in resource allocation and the necessity for regular updates between departments to ensure alignment on objectives.
Decisions: It was collectively decided that departmental representatives will submit a detailed report on their current projects by the next meeting. Furthermore, it was agreed that a new resource allocation strategy will be developed to support upcoming initiatives, ensuring all departments have the necessary tools to succeed.
Action Items: 1. All department representatives to submit project reports by 2027-06-13.
2. Finance to draft a new resource allocation strategy by 2027-06-20.
3. Schedule the next coordination meeting for 2027-06-21.",no,no,no,no,no,no,no,no,no,no,no,no,no,,NONE,0,0,easy,no,none,no,test,yes,openrouter_gpt4o_mini_field,field_llm_v1,no,,,v2,Synthetic document generated for controlled PII training data.,[],{},[],[],[],False,False,False,local_non_pii,no_meaningful_signal,False,20260909_112021,rule_based,local,rules,regex_presidio_fusion_v1,not_applicable,rules,False
SYN-MEETING_NOTES-0182,synthetic_meeting_notes_0182.txt,meeting_notes,meeting_notes,de,synthetic_generation,,,synthetic,2026-08-28,2026-08-28,2026-08-28,0,"Besprechungsnotizen

Titel: Protokoll der Sitzung des Projektteams
Datum: 2026-08-06
Ort: Betriebsbereich
Teilnehmer: Projektteam
Kontakt: Serviceteam
Agenda: 1. Begrüßung und Feststellung der Beschlussfähigkeit
2. Rückblick auf die letzten Fortschritte
3. Diskussion über anstehende Herausforderungen
4. Festlegung der nächsten Schritte
5. Sonstiges
Diskussion: Die Sitzung begann mit einer Begrüßung durch den Vorsitzenden, gefolgt von der Feststellung der Beschlussfähigkeit. Es wurde ein Rückblick auf die letzten Fortschritte im Projekt gegeben, wobei die erzielten Meilensteine und die geleistete Arbeit der Teammitglieder hervorgehoben wurden. Anschließend wurden anstehende Herausforderungen diskutiert, insbesondere in Bezug auf die Ressourcenzuweisung und Zeitplanung. Die Teilnehmer äußerten Bedenken hinsichtlich möglicher Verzögerungen und einigten sich darauf, Lösungen zu erarbeiten. Zuletzt wurden die nächsten Schritte festgelegt, um den Projektzeitplan einzuhalten.
Entscheidungen: Das Projektteam hat beschlossen, die Ressourcen neu zu verteilen, um den identifizierten Herausforderungen entgegenzuwirken. Zudem wurde festgelegt, dass regelmäßige Statusmeetings stattfinden sollen, um den Fortschritt zu überwachen und rechtzeitig Anpassungen vorzunehmen.
Aufgaben: 1. Die Projektleitung wird eine neue Ressourcenplanung erstellen und bis zum 15. August 2026 vorlegen.
2. Alle Teammitglieder sind aufgefordert, bis zum 10. August 2026 ihre aktuellen Statusberichte einzureichen.
3. Ein weiteres Meeting wird für den 20. August 2026 angesetzt, um die Fortschritte zu überprüfen.",no,no,no,no,no,no,no,no,no,no,no,no,no,,NONE,0,0,easy,no,none,no,test,yes,openrouter_gpt4o_mini_field,field_llm_v1,no,,,v2,Synthetic document generated for controlled PII training data.,[],{},[],[],[],False,False,False,local_non_pii,no_meaningful_signal,False,20260909_112021,rule_based,local,rules,regex_presidio_fusion_v1,not_applicable,rules,False
SYN-MEETING_NOTES-0185,synthetic_meeting_notes_0185.txt,meeting_notes,meeting_notes,en,synthetic_generation,,,synthetic,2026-08-28,2026-08-28,2026-08-28,0,"Meeting Notes

Title: Warehouse Operations Review
Date: 2025-08-24
Location: Warehouse Area
Participants: Department Representatives
Contact: Department Contact
Agenda: 1. Current inventory status
2. Safety protocols
3. Upcoming shipments
4. Team feedback
Discussion: We discussed the current inventory levels, which are looking good overall. However, a few items are running low, and we need to reorder soon. Safety protocols were reviewed, and everyone agreed on the importance of following them strictly. Upcoming shipments were also a hot topic; we expect delays due to supplier issues. Team feedback was constructive, with suggestions for improving workflow.
Decisions: It was decided that we will place orders for low-stock items by the end of the week. A safety training session will be scheduled for next month. We agreed to monitor supplier communications closely to manage shipment expectations.
Action Items: 1. Reorder low-stock items by Friday
2. Schedule safety training session
3. Follow up with suppliers regarding shipment delays",no,no,no,no,no,no,no,no,no,no,no,no,no,,NONE,0,0,easy,no,none,no,test,yes,openrouter_gpt4o_mini_field,field_llm_v1,no,,,v2,Synthetic document generated for controlled PII training data.,[],{},[],[],[],False,False,False,local_non_pii,no_meaningful_signal,False,20260909_112021,rule_based,local,rules,regex_presidio_fusion_v1,not_applicable,rules,False
SYN-MEETING_NOTES-0186,synthetic_meeting_notes_0186.txt,meeting_notes,meeting_notes,de,synthetic_generation,,,synthetic,2026-08-28,2026-08-28,2026-08-28,0,"Besprechungsnotizen

Titel: Entscheidungen und Maßnahmen aus dem Projektteam-Meeting
Datum: 2027-08-02
Ort: Lagerbereich
Teilnehmer: Projektteam
Kontakt: Serviceteam
Agenda: Überprüfung der aktuellen Projektstatus, Festlegung von Verantwortlichkeiten und nächste Schritte.
Diskussion: Das Projektteam hat den aktuellen Fortschritt der verschiedenen Teilprojekte besprochen. Es wurden Herausforderungen bei der Materialbeschaffung und den Lieferzeiten festgestellt, die die Zeitpläne beeinflussen könnten. Darüber hinaus wurde die Notwendigkeit betont, die Kommunikation zwischen den Abteilungen zu verbessern, um Missverständnisse zu vermeiden. Jeder Teilnehmer hat Feedback zu seinen spezifischen Aufgaben gegeben, und es wurden Vorschläge für neue Ansätze zur Problemlösung unterbreitet.
Entscheidungen: Es wurde beschlossen, einen wöchentlichen Statusbericht einzuführen, um die Kommunikation zu verbessern. Außerdem wurde festgelegt, dass das Serviceteam für die Koordination der Lieferantenkontakte verantwortlich ist.
Aufgaben: 1. Erstellung eines wöchentlichen Statusberichts durch das Projektteam. 2. Serviceteam kontaktiert alle Lieferanten zur Klärung der Lieferzeiten. 3. Jedes Teammitglied soll bis zum nächsten Meeting ein Update zu seinen Aufgaben vorbereiten.",no,no,no,no,no,no,no,no,no,no,no,no,no,,NONE,0,0,easy,no,none,no,test,yes,openrouter_gpt4o_mini_field,field_llm_v1,no,,,v2,Synthetic document generated for controlled PII training data.,"[{'type': 'LOCATION', 'value': 'Projektteam-Meeting', 'confidence': 0.85, 'source': 'presidio', 'start': 65, 'end': 84}, {'type': 'LOCATION', 'value': 'Lieferantenkontakte', 'confidence': 0.85, 'source': 'presidio', 'start': 984, 'end': 1003}, {'type': 'DATE_TIME', 'value': '2027-08-02', 'confidence': 0.6, 'source': 'presidio', 'start': 92, 'end': 102}]","{'LOCATION': 0.85, 'DATE_TIME': 0.6}","['DATE_TIME', 'LOCATION']",[],[],False,False,False,local_non_pii,no_meaningful_signal,False,20260909_112021,rule_based,local,rules,regex_presidio_fusion_v1,not_applicable,rules,False
SYN-MEETING_NOTES-0188,synthetic_meeting_notes_0188.txt,meeting_notes,meeting_notes,de,synthetic_generation,,,synthetic,2026-08-28,2026-08-28,2026-08-28,0,"Besprechungsnotizen

Titel: Besprechung zur Lageroptimierung
Datum: 2025-04-26
Ort: Lagerbereich
Teilnehmer: Abteilungsvertretungen
Kontakt: Serviceteam
Agenda: 1. Aktueller Stand der Lagerbestände
2. Identifikation von Engpässen
3. Verbesserungsvorschläge
4. Nächste Schritte
Diskussion: Wir haben die aktuellen Lagerbestände durchgesehen und festgestellt, dass einige Artikel überbestellt sind. 
- Engpass bei den Artikeln A und B festgestellt.
- Vorschläge zur besseren Bestandsverwaltung wurden diskutiert, inklusive regelmäßigerer Überprüfungen und Anpassungen.
- Das Team hat auch die Notwendigkeit betont, die Lieferantenbeziehungen zu überprüfen.
Entscheidungen: Entscheidung, die Bestandsüberprüfung monatlich statt vierteljährlich durchzuführen. 
- Zustimmung zu den Vorschlägen zur Verbesserung der Lagerverwaltung.
Aufgaben: 1. Verantwortlichkeiten für die monatliche Bestandsüberprüfung festlegen.
2. Kontaktaufnahme mit Lieferanten zur Klärung von Lieferzeiten.
3. Nächste Besprechung in einem Monat ansetzen.",no,no,no,no,no,no,no,no,no,no,no,no,no,,NONE,0,0,easy,no,none,no,test,yes,openrouter_gpt4o_mini_field,field_llm_v1,no,,,v2,Synthetic document generated for controlled PII training data.,[],{},[],[],[],False,False,False,local_non_pii,no_meaningful_signal,False,20260909_112021,rule_based,local,rules,regex_presidio_fusion_v1,not_applicable,rules,False
SYN-MEETING_NOTES-0207,synthetic_meeting_notes_0207.txt,meeting_notes,meeting_notes,de,synthetic_generation,,,synthetic,2026-08-28,2026-08-28,2026-08-28,0,"Besprechungsnotizen

Titel: Entscheidungen zur Projektumsetzung
Datum: 2025-11-10
Ort: IT-Abteilung
Teilnehmer: Projektteam
Kontakt: Zentrale Kontaktstelle
Agenda: Besprechung der aktuellen Fortschritte und Festlegung weiterer Schritte.
Diskussion: Im Rahmen der Sitzung hat das Projektteam die bisherigen Fortschritte bei der Umsetzung des Projekts bewertet. Es wurden mehrere Herausforderungen identifiziert, darunter Verzögerungen bei der Softwareentwicklung und benötigte Ressourcen für die nächsten Phasen. Die Teilnehmer haben Vorschläge zur Optimierung der Arbeitsabläufe diskutiert, wobei der Schwerpunkt auf der Verbesserung der Kommunikation zwischen den Abteilungen lag.
Entscheidungen: Es wurde beschlossen, die Frist für die nächsten Meilensteine um zwei Wochen zu verlängern, um den Entwicklungsprozess nicht zu behindern. Zudem wurde ein wöchentlicher Statusbericht eingeführt, um die Fortschritte besser überwachen zu können.
Aufgaben: 1. Max Müller wird die aktualisierten Fristen im Projektplan einpflegen. 2. Sarah Schmidt übernimmt die Verantwortung für die Erstellung des ersten wöchentlichen Statusberichts. 3. Das Team wird ein Follow-up-Meeting in einer Woche ansetzen, um den Fortschritt zu überprüfen.",no,no,no,no,no,no,no,no,no,no,no,no,no,,NONE,0,0,easy,no,none,no,test,yes,openrouter_gpt4o_mini_field,field_llm_v1,no,,,v2,Synthetic document generated for controlled PII training data.,"[{'type': 'PERSON', 'value': 'Max Müller', 'confidence': 0.85, 'source': 'presidio', 'start': 955, 'end': 965}, {'type': 'PERSON', 'value': 'Sarah Schmidt', 'confidence': 0.85, 'source': 'presidio', 'start': 1028, 'end': 1041}]",{'PERSON': 0.85},['PERSON'],[],['PERSON'],False,True,False,low_cost_llm,potential_pii_evidence,True,20260909_112021,rule_based,local,rules,regex_presidio_fusion_v1,not_applicable,rules,False
SYN-MEETING_NOTES-0217,synthetic_meeting_notes_0217.txt,meeting_notes,meeting_notes,de,synthetic_generation,,,synthetic,2026-08-28,2026-08-28,2026-08-28,0,"Besprechungsnotizen

Titel: Entscheidungen zur Optimierung des Lagerbetriebs
Datum: 2024-10-17
Ort: Lagerbereich
Teilnehmer: Arbeitsgruppe
Kontakt: Zentrale Kontaktstelle
Agenda: 1. Begrüßung und Einführung
2. Vorstellung der aktuellen Lagerkennzahlen
3. Diskussion über Optimierungsmöglichkeiten
4. Festlegung von Maßnahmen und Verantwortlichkeiten
5. Abschluss und nächste Schritte
Diskussion: Die Teilnehmer haben die aktuellen Lagerkennzahlen analysiert und verschiedene Optimierungsmöglichkeiten erörtert. Es wurden Herausforderungen im Bereich der Bestandsführung identifiziert, die durch den Einsatz neuer Technologien und verbesserte Prozesse angegangen werden können. Die Wichtigkeit der Schulung des Personals wurde ebenfalls hervorgehoben, um eine reibungslose Implementierung der neuen Systeme zu gewährleisten.
Entscheidungen: Es wurde beschlossen, die Implementierung eines neuen Lagerverwaltungssystems zu priorisieren, um die Effizienz zu steigern. Zudem wurde die Schulung des Lagerpersonals als entscheidend angesehen, um die Akzeptanz der neuen Technologien zu fördern.
Aufgaben: 1. Verantwortlicher: Max Müller – Recherche und Auswahl eines geeigneten Lagerverwaltungssystems bis zum 31.10.2024.
2. Verantwortlicher: Anna Schmidt – Entwicklung eines Schulungsplans für das Lagerpersonal bis zum 15.11.2024.",no,no,no,no,no,no,no,no,no,no,no,no,no,,NONE,0,0,easy,no,none,no,test,yes,openrouter_gpt4o_mini_field,field_llm_v1,no,,,v2,Synthetic document generated for controlled PII training data.,"[{'type': 'LOCATION', 'value': 'Lagerpersonals', 'confidence': 0.85, 'source': 'presidio', 'start': 994, 'end': 1008}, {'type': 'PERSON', 'value': 'Max Müller', 'confidence': 0.85, 'source': 'presidio', 'start': 1120, 'end': 1130}, {'type': 'PERSON', 'value': 'Anna Schmidt', 'confidence': 0.85, 'source': 'presidio', 'start': 1237, 'end': 1249}, {'type': 'LOCATION', 'value': 'Lagerpersonal', 'confidence': 0.85, 'source': 'presidio', 'start': 1293, 'end': 1306}, {'type': 'LOCATION', 'value': '15.11.2024.', 'confidence': 0.85, 'source': 'presidio', 'start': 1315, 'end': 1326}, {'type': 'DATE_TIME', 'value': '31.10.2024', 'confidence': 0.6, 'source': 'presidio', 'start': 1204, 'end': 1214}, {'type': 'DATE_TIME', 'value': '15.11.2024', 'confidence': 0.6, 'source': 'presidio', 'start': 1315, 'end': 1325}]","{'LOCATION': 0.85, 'PERSON': 0.85, 'DATE_TIME': 0.6}","['DATE_TIME', 'LOCATION', 'PERSON']",[],"['LOCATION', 'PERSON', 'DATE_TIME']",False,True,False,low_cost_llm,potential_pii_evidence,True,20260909_112021,rule_based,local,rules,regex_presidio_fusion_v1,not_applicable,rules,False
SYN-MEETING_NOTES-0223,synthetic_meeting_notes_0223.txt,meeting_notes,meeting_notes,en,synthetic_generation,,,synthetic,2026-08-28,2026-08-28,2026-08-28,0,"Meeting Notes

Title: Project Update Meeting - December 2024
Date: 2024-12-18
Location: Main Office
Participants: Project Team
Contact: Service Team
Agenda: 1. Review project milestones
2. Discuss current challenges
3. Plan next steps
Discussion: We went over the recent milestones achieved, including the completion of phase 2. 

- Current challenges: 
  - Resource allocation issues affecting timelines. 
  - Need for additional feedback from stakeholders on recent deliverables.
- Suggestions for improvement: 
  - Consider reallocating team members to balance workload. 
  - Schedule a check-in with stakeholders to gather feedback sooner.
Decisions: Agreed to adjust project timelines slightly to accommodate resource challenges. 
Decided to implement bi-weekly stakeholder check-ins for better communication.
Action Items: 1. John to review team allocations by end of week.
2. Sarah to set up the first stakeholder check-in for next week.
3. Team to prepare a summary of feedback needed for the next meeting.",no,no,no,no,no,no,no,no,no,no,no,no,no,,NONE,0,0,easy,no,none,no,test,yes,openrouter_gpt4o_mini_field,field_llm_v1,no,,,v2,Synthetic document generated for controlled PII training data.,[],{},[],[],[],False,False,False,local_non_pii,no_meaningful_signal,False,20260909_112021,rule_based,local,rules,regex_presidio_fusion_v1,not_applicable,rules,False
SYN-MEETING_NOTES-0225,synthetic_meeting_notes_0225.txt,meeting_notes,meeting_notes,en,synthetic_generation,,,synthetic,2026-08-28,2026-08-28,2026-08-28,0,"Meeting Notes

Title: Meeting Minutes from the Working Group Session
Date: 2024-11-03
Location: Warehouse Area
Participants: Working Group
Contact: Central Contact Point
Agenda: 1. Review of previous meeting minutes
2. Update on ongoing projects
3. Discussion of resource allocation
4. Future planning and scheduling
Discussion: The meeting commenced at 10:00 AM with a review of the previous meeting minutes, which were approved unanimously. Updates on ongoing projects were provided by various team leads. The group discussed the current status of the inventory management system, highlighting the need for additional resources to expedite the implementation phase. Concerns regarding the allocation of personnel were raised, leading to a thorough discussion on how to optimize team assignments without impacting productivity. The meeting concluded with a brainstorming session on future planning, focusing on potential timelines for upcoming initiatives and scheduling the next meeting to ensure continued progress.
Decisions: It was decided that additional personnel will be allocated to the inventory management project to meet the implementation deadlines. The next meeting will be scheduled for December 5, 2024, to review progress and address any new issues that may arise.
Action Items: 1. Team leads to submit their resource needs by November 10, 2024.
2. Schedule the next meeting for December 5, 2024, and confirm participant availability.
3. Compile a report on the current status of all ongoing projects to be shared with the Working Group by November 15, 2024.",no,no,no,no,no,no,no,no,no,no,no,no,no,,NONE,0,0,easy,no,none,no,test,yes,openrouter_gpt4o_mini_field,field_llm_v1,no,,,v2,Synthetic document generated for controlled PII training data.,[],{},[],[],[],False,False,True,local_non_pii,no_meaningful_signal,False,20260909_112021,rule_based,local,rules,regex_presidio_fusion_v1,not_applicable,rules,False
SYN-MEETING_NOTES-0231,synthetic_meeting_notes_0231.txt,meeting_notes,meeting_notes,en,synthetic_generation,,,synthetic,2026-08-28,2026-08-28,2026-08-28,0,"Meeting Notes

Title: Meeting Minutes of the IT Department Working Group
Date: 2027-03-11
Location: IT Department
Participants: Working Group
Contact: Service Team
Agenda: 1. Review of ongoing projects
2. Updates on team performance metrics
3. Discussion of upcoming initiatives
4. Open floor for team concerns
Discussion: The meeting commenced at 10:00 AM with a review of ongoing projects. The participants discussed the status of the current software development projects, highlighting that Project Alpha is on track for its next milestone. Team performance metrics were presented, showing an overall increase in productivity over the last quarter. The group also discussed upcoming initiatives, specifically the implementation of new tools to enhance workflow efficiency. Additionally, participants raised concerns regarding resource allocation and the need for additional training sessions for team members.
Decisions: It was unanimously decided to allocate additional resources to Project Beta to ensure timely completion. The Working Group agreed to schedule bi-weekly training sessions starting in April 2027 to address the skill gaps identified in the team performance metrics. Furthermore, it was decided to prioritize the integration of new tools by the end of Q2 2027.
Action Items: 1. Allocate additional resources to Project Beta by March 18, 2027.
2. Schedule and announce bi-weekly training sessions by March 20, 2027.
3. Complete the integration of new tools by June 30, 2027.",no,no,no,no,no,no,no,no,no,no,no,no,no,,NONE,0,0,easy,no,none,no,test,yes,openrouter_gpt4o_mini_field,field_llm_v1,no,,,v2,Synthetic document generated for controlled PII training data.,[],{},[],[],[],False,False,True,local_non_pii,no_meaningful_signal,False,20260909_112021,rule_based,local,rules,regex_presidio_fusion_v1,not_applicable,rules,False
SYN-MEETING_NOTES-0232,synthetic_meeting_notes_0232.txt,meeting_notes,meeting_notes,de,synthetic_generation,,,synthetic,2026-08-28,2026-08-28,2026-08-28,0,"Besprechungsnotizen

Titel: Protokoll der Abteilungsbesprechung vom 15. April 2027
Datum: 2027-04-15
Ort: Lagerbereich
Teilnehmer: Abteilungsvertretungen
Kontakt: Abteilungskontakt
Agenda: 1. Begrüßung und Feststellung der Beschlussfähigkeit
2. Genehmigung des letzten Protokolls
3. Aktuelle Themen im Lagerbereich
4. Maßnahmen zur Effizienzsteigerung
5. Verschiedenes
Diskussion: Die Sitzung wurde um 10:00 Uhr von der Vorsitzenden eröffnet. Nach der Feststellung der Beschlussfähigkeit wurde das Protokoll der letzten Sitzung genehmigt. Im Rahmen des Punktes zu aktuellen Themen im Lagerbereich wurde die Notwendigkeit einer Überprüfung der Lagerbestände angesprochen, um Engpässe zu vermeiden. Des Weiteren wurde diskutiert, wie die Effizienz im Lagerbereich durch optimierte Arbeitsabläufe gesteigert werden kann. Verschiedene Vorschläge zur Implementierung von neuen Softwarelösungen wurden vorgestellt und deren Vor- und Nachteile erörtert.
Entscheidungen: Es wurde beschlossen, eine Arbeitsgruppe zu bilden, die bis zur nächsten Sitzung konkrete Vorschläge zur Effizienzsteigerung im Lagerbereich ausarbeiten soll. Darüber hinaus wurde die Überprüfung der Lagerbestände bis Ende April 2027 als dringlich eingestuft.
Aufgaben: 1. Bildung einer Arbeitsgruppe zur Effizienzsteigerung, verantwortlich: Herr Müller, bis zum 30. April 2027.
2. Durchführung der Lagerbestandsüberprüfung, verantwortlich: Frau Schmidt, bis zum 28. April 2027.",no,no,no,no,no,no,no,no,no,no,no,no,no,,NONE,0,0,easy,no,none,no,test,yes,openrouter_gpt4o_mini_field,field_llm_v1,no,,,v2,Synthetic document generated for controlled PII training data.,"[{'type': 'PERSON', 'value': 'Herr Müller', 'confidence': 0.85, 'source': 'presidio', 'start': 1305, 'end': 1316}, {'type': 'PERSON', 'value': 'Frau Schmidt', 'confidence': 0.85, 'source': 'presidio', 'start': 1404, 'end': 1416}]",{'PERSON': 0.85},['PERSON'],[],['PERSON'],False,True,True,low_cost_llm,potential_pii_evidence,True,20260909_112021,rule_based,local,rules,regex_presidio_fusion_v1,not_applicable,rules,False
SYN-MEETING_NOTES-0237,synthetic_meeting_notes_0237.txt,meeting_notes,meeting_notes,de,synthetic_generation,,,synthetic,2026-08-28,2026-08-28,2026-08-28,0,"Besprechungsnotizen

Titel: Protokoll der Sitzung vom 5. Februar 2027
Datum: 2027-02-05
Ort: IT-Abteilung
Teilnehmer: Günther Steckel
Kontakt: Serviceteam
Agenda: 1. Begrüßung und Feststellung der Tagesordnung
2. Rückblick auf die letzten Projekte
3. Diskussion über die IT-Infrastruktur
4. Planung der nächsten Schritte
5. Sonstiges
Diskussion: In der heutigen Sitzung sprach Günther Steckel über die Fortschritte der letzten Projekte und hob dabei die Erfolge hervor. Es wurde zudem die aktuelle IT-Infrastruktur besprochen, wobei Anregungen zur Optimierung gegeben wurden. Die Teilnehmer diskutierten verschiedene Ansätze zur Verbesserung der Netzwerkgeschwindigkeit und der Datensicherheit. Des Weiteren wurden Vorschläge zur Einführung neuer Tools zur Effizienzsteigerung erörtert.
Entscheidungen: Es wurde beschlossen, ein weiteres Treffen für den 20. Februar 2027 anzusetzen, um die Fortschritte der vorgeschlagenen Maßnahmen zu überprüfen. Zudem wird ein IT-Experte kontaktiert, um eine detaillierte Analyse der bestehenden Infrastruktur durchzuführen.
Aufgaben: ursulaplath@example.net",yes,yes,yes,no,no,no,no,no,no,no,no,no,no,PERSON; EMAIL_ADDRESS,MULTIPLE,2,2,easy,no,none,no,test,yes,openrouter_gpt4o_mini_field,field_llm_v1,no,,,v2,Synthetic document generated for controlled PII training data.,"[{'type': 'EMAIL_ADDRESS', 'value': 'ursulaplath@example.net', 'confidence': 1.0, 'source': 'presidio', 'start': 1071, 'end': 1094}, {'type': 'PERSON', 'value': 'Günther Steckel', 'confidence': 0.85, 'source': 'presidio', 'start': 118, 'end': 133}, {'type': 'PERSON', 'value': 'Günther Steckel', 'confidence': 0.85, 'source': 'presidio', 'start': 377, 'end': 392}, {'type': 'DATE_TIME', 'value': '2027-02-05', 'confidence': 0.6, 'source': 'presidio', 'start': 77, 'end': 87}, {'type': 'URL', 'value': 'example.net', 'confidence': 0.5, 'source': 'presidio', 'start': 1083, 'end': 1094}, {'type': 'EMAIL_ADDRESS', 'value': 'ursulaplath@example.net', 'confidence': 0.9, 'source': 'custom_regex', 'start': 1071, 'end': 1094}]","{'EMAIL_ADDRESS': 1.0, 'PERSON': 0.85, 'DATE_TIME': 0.6, 'URL': 0.5}","['DATE_TIME', 'EMAIL_ADDRESS', 'PERSON', 'URL']",['EMAIL_ADDRESS'],"['PERSON', 'DATE_TIME', 'URL']",True,True,False,local_pii,strong_pii_detected,False,20260909_112021,rule_based,local,rules,regex_presidio_fusion_v1,not_applicable,rules,True
SYN-MEETING_NOTES-0242,synthetic_meeting_notes_0242.txt,meeting_notes,meeting_notes,de,synthetic_generation,,,synthetic,2026-08-28,2026-08-28,2026-08-28,0,"Besprechungsnotizen

Titel: Besprechung zur Lageroptimierung
Datum: 2025-09-09
Ort: Lagerbereich
Teilnehmer: Projektteam
Kontakt: Abteilungskontakt
Agenda: 1. Aktueller Stand der Lagerbestände
2. Herausforderungen im Lagerbetrieb
3. Ideen für Effizienzsteigerungen
4. Nächste Schritte
Diskussion: Wir haben die Lagerbestände durchgesprochen. Einige Artikel sind überbestellt, während andere knapp werden. 
- Herausforderung: Platzmangel im Lager.
- Vorschlag: Einführung eines Rotationssystems für die Artikel.
- Team hat einige gute Ideen zur Verbesserung der Abläufe eingebracht, z.B. bessere Nutzung des verfügbaren Raums.
Entscheidungen: Wir haben beschlossen, ein Pilotprojekt für das Rotationssystem zu starten. Das Team wird bis zur nächsten Sitzung eine detaillierte Planung ausarbeiten.
Aufgaben: 1. Teammitglied A kümmert sich um die Analyse der aktuellen Bestände.
2. Teammitglied B erstellt einen ersten Entwurf für das Rotationssystem.
3. Nächste Besprechung in zwei Wochen, um Fortschritte zu besprechen.",no,no,no,no,no,no,no,no,no,no,no,no,no,,NONE,0,0,easy,no,none,no,test,yes,openrouter_gpt4o_mini_field,field_llm_v1,no,,,v2,Synthetic document generated for controlled PII training data.,[],{},[],[],[],False,False,False,local_non_pii,no_meaningful_signal,False,20260909_112021,rule_based,local,rules,regex_presidio_fusion_v1,not_applicable,rules,False
SYN-PASSPORT_RECORD-0013,synthetic_passport_record_0013.txt,identity_record,passport_record,en,synthetic_generation,,,synthetic,2026-08-28,2026-08-28,2026-08-28,0,"Passport Record

Holder: Holder details not provided
Passport Number: Document number unavailable
Nationality: Nationality not provided
Date Of Birth: 1966-01-03
Issue Date: 2010-08-12
Expiry Date: 2020-08-09
Verification Status: Verified",no,no,no,no,no,no,no,no,no,no,no,no,no,,NONE,0,0,easy,no,none,no,test,yes,faker_archetype_v1,template_v1,no,,,v2,Synthetic document generated for controlled PII training data.,[],{},[],[],[],False,False,True,local_non_pii,no_meaningful_signal,False,20260909_112021,rule_based,local,rules,regex_presidio_fusion_v1,not_applicable,rules,False
SYN-PASSPORT_RECORD-0028,synthetic_passport_record_0028.txt,identity_record,passport_record,en,synthetic_generation,,,synthetic,2026-08-28,2026-08-28,2026-08-28,0,"Passport Record

Holder: Holder information unavailable
Passport Number: Document number unavailable
Nationality: Nationality not provided
Date Of Birth: 1979-04-27
Issue Date: 2004-01-18
Expiry Date: 2014-01-15
Verification Status: Pending",no,no,no,no,no,no,no,no,no,no,no,no,no,,NONE,0,0,easy,no,none,no,test,yes,faker_archetype_v1,template_v1,no,,,v2,Synthetic document generated for controlled PII training data.,[],{},[],[],[],False,False,True,local_non_pii,no_meaningful_signal,False,20260909_112021,rule_based,local,rules,regex_presidio_fusion_v1,not_applicable,rules,False
SYN-PASSPORT_RECORD-0039,synthetic_passport_record_0039.txt,identity_record,passport_record,en,synthetic_generation,,,synthetic,2026-08-28,2026-08-28,2026-08-28,0,"Passport Record

Holder: Holder information unavailable
Passport Number: Document number unavailable
Nationality: Nationality not provided
Date Of Birth: 1975-12-11
Issue Date: 2020-01-12
Expiry Date: 2030-01-09
Verification Status: Review Required",no,no,no,no,no,no,no,no,no,no,no,no,no,,NONE,0,0,easy,no,none,no,test,yes,faker_archetype_v1,template_v1,no,,,v2,Synthetic document generated for controlled PII training data.,[],{},[],[],[],False,False,True,local_non_pii,no_meaningful_signal,False,20260909_112021,rule_based,local,rules,regex_presidio_fusion_v1,not_applicable,rules,False
SYN-PASSPORT_RECORD-0044,synthetic_passport_record_0044.txt,identity_record,passport_record,de,synthetic_generation,,,synthetic,2026-08-28,2026-08-28,2026-08-28,0,"Identitätsprüfung

Inhaber: Inhaberangaben nicht angegeben
Passnummer: Dokumentennummer nicht verfügbar
Nationalität: Nationalität nicht angegeben
Geburtsdatum: 1964-08-03
Ausstellungsdatum: 1997-10-04
Ablaufdatum: 2007-10-02
Prüfstatus: Geprüft",no,no,no,no,no,no,no,no,no,no,no,no,no,,NONE,0,0,easy,no,none,no,test,yes,faker_archetype_v1,template_v1,no,,,v2,Synthetic document generated for controlled PII training data.,"[{'type': 'LOCATION', 'value': 'Inhaberangaben', 'confidence': 0.85, 'source': 'presidio', 'start': 28, 'end': 42}, {'type': 'DATE_TIME', 'value': '1964-08-03', 'confidence': 0.6, 'source': 'presidio', 'start': 161, 'end': 171}, {'type': 'DATE_TIME', 'value': '1997-10-04', 'confidence': 0.6, 'source': 'presidio', 'start': 191, 'end': 201}, {'type': 'DATE_TIME', 'value': '2007-10-02', 'confidence': 0.6, 'source': 'presidio', 'start': 215, 'end': 225}]","{'LOCATION': 0.85, 'DATE_TIME': 0.6}","['DATE_TIME', 'LOCATION']",[],[],False,False,True,local_non_pii,no_meaningful_signal,False,20260909_112021,rule_based,local,rules,regex_presidio_fusion_v1,not_applicable,rules,False
SYN-PASSPORT_RECORD-0047,synthetic_passport_record_0047.txt,identity_record,passport_record,en,synthetic_generation,,,synthetic,2026-08-28,2026-08-28,2026-08-28,0,"Passport Record

Holder: Holder information unavailable
Passport Number: Document number not provided
Nationality: Nationality not provided
Date Of Birth: 1977-06-01
Issue Date: 2024-02-04
Expiry Date: 2034-02-01
Verification Status: Pending",no,no,no,no,no,no,no,no,no,no,no,no,no,,NONE,0,0,easy,no,none,no,test,yes,faker_archetype_v1,template_v1,no,,,v2,Synthetic document generated for controlled PII training data.,[],{},[],[],[],False,False,True,local_non_pii,no_meaningful_signal,False,20260909_112021,rule_based,local,rules,regex_presidio_fusion_v1,not_applicable,rules,False
SYN-PASSPORT_RECORD-0051,synthetic_passport_record_0051.txt,identity_record,passport_record,de,synthetic_generation,,,synthetic,2026-08-28,2026-08-28,2026-08-28,0,"Identitätsprüfung

Inhaber: Inhaberinformationen nicht verfügbar
Passnummer: Dokumentennummer nicht angegeben
Nationalität: Nationalität nicht angegeben
Geburtsdatum: 1979-10-14
Ausstellungsdatum: 2006-01-07
Ablaufdatum: 2016-01-05
Prüfstatus: Geprüft",no,no,no,no,no,no,no,no,no,no,no,no,no,,NONE,0,0,easy,no,none,no,test,yes,faker_archetype_v1,template_v1,no,,,v2,Synthetic document generated for controlled PII training data.,[],{},[],[],[],False,False,True,local_non_pii,no_meaningful_signal,False,20260909_112021,rule_based,local,rules,regex_presidio_fusion_v1,not_applicable,rules,False
SYN-PASSPORT_RECORD-0052,synthetic_passport_record_0052.txt,identity_record,passport_record,de,synthetic_generation,,,synthetic,2026-08-28,2026-08-28,2026-08-28,0,"Identitätsprüfung

Inhaber: Inhaberangaben nicht angegeben
Passnummer: Dokumentennummer nicht angegeben
Nationalität: Nationalität nicht angegeben
Geburtsdatum: 1963-08-25
Ausstellungsdatum: 1984-04-19
Ablaufdatum: 1994-04-17
Prüfstatus: Geprüft",no,no,no,no,no,no,no,no,no,no,no,no,no,,NONE,0,0,easy,no,none,no,test,yes,faker_archetype_v1,template_v1,no,,,v2,Synthetic document generated for controlled PII training data.,"[{'type': 'LOCATION', 'value': 'Inhaberangaben', 'confidence': 0.85, 'source': 'presidio', 'start': 28, 'end': 42}, {'type': 'DATE_TIME', 'value': '1963-08-25', 'confidence': 0.6, 'source': 'presidio', 'start': 161, 'end': 171}, {'type': 'DATE_TIME', 'value': '1984-04-19', 'confidence': 0.6, 'source': 'presidio', 'start': 191, 'end': 201}, {'type': 'DATE_TIME', 'value': '1994-04-17', 'confidence': 0.6, 'source': 'presidio', 'start': 215, 'end': 225}]","{'LOCATION': 0.85, 'DATE_TIME': 0.6}","['DATE_TIME', 'LOCATION']",[],[],False,False,True,local_non_pii,no_meaningful_signal,False,20260909_112021,rule_based,local,rules,regex_presidio_fusion_v1,not_applicable,rules,False
SYN-PASSPORT_RECORD-0061,synthetic_passport_record_0061.txt,identity_record,passport_record,de,synthetic_generation,,,synthetic,2026-08-28,2026-08-28,2026-08-28,0,"Identitätsprüfung

Inhaber: Inhaberangaben nicht angegeben
Passnummer: Dokumentennummer nicht angegeben
Nationalität: Nationalität nicht angegeben
Geburtsdatum: 1994-04-06
Ausstellungsdatum: 2017-06-13
Ablaufdatum: 2027-06-11
Prüfstatus: Geprüft",no,no,no,no,no,no,no,no,no,no,no,no,no,,NONE,0,0,easy,no,none,no,test,yes,faker_archetype_v1,template_v1,no,,,v2,Synthetic document generated for controlled PII training data.,"[{'type': 'LOCATION', 'value': 'Inhaberangaben', 'confidence': 0.85, 'source': 'presidio', 'start': 28, 'end': 42}, {'type': 'DATE_TIME', 'value': '1994-04-06', 'confidence': 0.6, 'source': 'presidio', 'start': 161, 'end': 171}, {'type': 'DATE_TIME', 'value': '2017-06-13', 'confidence': 0.6, 'source': 'presidio', 'start': 191, 'end': 201}, {'type': 'DATE_TIME', 'value': '2027-06-11', 'confidence': 0.6, 'source': 'presidio', 'start': 215, 'end': 225}]","{'LOCATION': 0.85, 'DATE_TIME': 0.6}","['DATE_TIME', 'LOCATION']",[],[],False,False,True,local_non_pii,no_meaningful_signal,False,20260909_112021,rule_based,local,rules,regex_presidio_fusion_v1,not_applicable,rules,False
SYN-PASSPORT_RECORD-0068,synthetic_passport_record_0068.txt,identity_record,passport_record,de,synthetic_generation,,,synthetic,2026-08-28,2026-08-28,2026-08-28,0,"Identitätsprüfung

Inhaber: Inhaberangaben nicht angegeben
Passnummer: Dokumentennummer nicht angegeben
Nationalität: Angabe zur Nationalität nicht verfügbar
Geburtsdatum: 1988-12-20
Ausstellungsdatum: 2009-08-03
Ablaufdatum: 2019-08-01
Prüfstatus: Geprüft",no,no,no,no,no,no,no,no,no,no,no,no,no,,NONE,0,0,easy,no,none,no,test,yes,faker_archetype_v1,template_v1,no,,,v2,Synthetic document generated for controlled PII training data.,"[{'type': 'LOCATION', 'value': 'Inhaberangaben', 'confidence': 0.85, 'source': 'presidio', 'start': 28, 'end': 42}, {'type': 'DATE_TIME', 'value': '1988-12-20', 'confidence': 0.6, 'source': 'presidio', 'start': 172, 'end': 182}, {'type': 'DATE_TIME', 'value': '2009-08-03', 'confidence': 0.6, 'source': 'presidio', 'start': 202, 'end': 212}, {'type': 'DATE_TIME', 'value': '2019-08-01', 'confidence': 0.6, 'source': 'presidio', 'start': 226, 'end': 236}]","{'LOCATION': 0.85, 'DATE_TIME': 0.6}","['DATE_TIME', 'LOCATION']",[],[],False,False,True,local_non_pii,no_meaningful_signal,False,20260909_112021,rule_based,local,rules,regex_presidio_fusion_v1,not_applicable,rules,False
SYN-PASSPORT_RECORD-0075,synthetic_passport_record_0075.txt,identity_record,passport_record,en,synthetic_generation,,,synthetic,2026-08-28,2026-08-28,2026-08-28,0,"Passport Record

Holder: Holder information unavailable
Passport Number: Document number unavailable
Nationality: Nationality not provided
Date Of Birth: 1999-07-18
Issue Date: 2023-01-20
Expiry Date: 2033-01-17
Verification Status: Review Required",no,no,no,no,no,no,no,no,no,no,no,no,no,,NONE,0,0,easy,no,none,no,test,yes,faker_archetype_v1,template_v1,no,,,v2,Synthetic document generated for controlled PII training data.,[],{},[],[],[],False,False,True,local_non_pii,no_meaningful_signal,False,20260909_112021,rule_based,local,rules,regex_presidio_fusion_v1,not_applicable,rules,False
SYN-PASSPORT_RECORD-0080,synthetic_passport_record_0080.txt,identity_record,passport_record,de,synthetic_generation,,,synthetic,2026-08-28,2026-08-28,2026-08-28,0,"Identitätsprüfung

Inhaber: Inhaberangaben nicht angegeben
Passnummer: Dokumentennummer nicht angegeben
Nationalität: Angabe zur Nationalität nicht verfügbar
Geburtsdatum: 1992-06-19
Ausstellungsdatum: 2021-01-14
Ablaufdatum: 2031-01-12
Prüfstatus: Ausstehend",no,no,no,no,no,no,no,no,no,no,no,no,no,,NONE,0,0,easy,no,none,no,test,yes,faker_archetype_v1,template_v1,no,,,v2,Synthetic document generated for controlled PII training data.,"[{'type': 'LOCATION', 'value': 'Inhaberangaben', 'confidence': 0.85, 'source': 'presidio', 'start': 28, 'end': 42}, {'type': 'DATE_TIME', 'value': '1992-06-19', 'confidence': 0.6, 'source': 'presidio', 'start': 172, 'end': 182}, {'type': 'DATE_TIME', 'value': '2021-01-14', 'confidence': 0.6, 'source': 'presidio', 'start': 202, 'end': 212}, {'type': 'DATE_TIME', 'value': '2031-01-12', 'confidence': 0.6, 'source': 'presidio', 'start': 226, 'end': 236}]","{'LOCATION': 0.85, 'DATE_TIME': 0.6}","['DATE_TIME', 'LOCATION']",[],[],False,False,True,local_non_pii,no_meaningful_signal,False,20260909_112021,rule_based,local,rules,regex_presidio_fusion_v1,not_applicable,rules,False
SYN-PASSPORT_RECORD-0082,synthetic_passport_record_0082.txt,identity_record,passport_record,de,synthetic_generation,,,synthetic,2026-08-28,2026-08-28,2026-08-28,0,"Identitätsprüfung

Inhaber: Inhaberinformationen nicht verfügbar
Passnummer: Dokumentennummer nicht verfügbar
Nationalität: Nationalität nicht angegeben
Geburtsdatum: 1984-01-19
Ausstellungsdatum: 2020-10-27
Ablaufdatum: 2030-10-25
Prüfstatus: Ausstehend",no,no,no,no,no,no,no,no,no,no,no,no,no,,NONE,0,0,easy,no,none,no,test,yes,faker_archetype_v1,template_v1,no,,,v2,Synthetic document generated for controlled PII training data.,[],{},[],[],[],False,False,True,local_non_pii,no_meaningful_signal,False,20260909_112021,rule_based,local,rules,regex_presidio_fusion_v1,not_applicable,rules,False
SYN-PASSPORT_RECORD-0087,synthetic_passport_record_0087.txt,identity_record,passport_record,en,synthetic_generation,,,synthetic,2026-08-28,2026-08-28,2026-08-28,0,"Passport Record

Holder: Lynn Petersen
Passport Number: P33845961
Nationality: Swiss
Date Of Birth: 1986-12-30
Issue Date: 2018-09-05
Expiry Date: 2028-09-02
Verification Status: Verified",yes,yes,no,no,no,no,no,yes,yes,no,no,no,no,PERSON; PASSPORT; NRP,MULTIPLE,3,3,easy,no,none,no,test,yes,faker_archetype_v1,template_v1,no,,,v2,Synthetic document generated for controlled PII training data.,"[{'type': 'DATE_TIME', 'value': '1986-12-30', 'confidence': 0.95, 'source': 'presidio', 'start': 100, 'end': 110}, {'type': 'DATE_TIME', 'value': '2018-09-05', 'confidence': 0.95, 'source': 'presidio', 'start': 123, 'end': 133}, {'type': 'DATE_TIME', 'value': '2028-09-02', 'confidence': 0.95, 'source': 'presidio', 'start': 147, 'end': 157}, {'type': 'PERSON', 'value': 'Lynn Petersen', 'confidence': 0.85, 'source': 'presidio', 'start': 25, 'end': 38}, {'type': 'NRP', 'value': 'Swiss', 'confidence': 0.85, 'source': 'presidio', 'start': 79, 'end': 84}, {'type': 'PASSPORT', 'value': 'P33845961', 'confidence': 0.9, 'source': 'custom_regex', 'start': 56, 'end': 65}, {'type': 'NRP', 'value': 'Swiss', 'confidence': 0.9, 'source': 'custom_regex', 'start': 79, 'end': 84}]","{'DATE_TIME': 0.95, 'PERSON': 0.85, 'NRP': 1.0, 'PASSPORT': 0.9}","['DATE_TIME', 'NRP', 'PASSPORT', 'PERSON']",['PASSPORT'],"['DATE_TIME', 'PERSON', 'NRP']",True,True,True,local_pii,strong_pii_detected,False,20260909_112021,rule_based,local,rules,regex_presidio_fusion_v1,not_applicable,rules,True
SYN-PASSPORT_RECORD-0103,synthetic_passport_record_0103.txt,identity_record,passport_record,de,synthetic_generation,,,synthetic,2026-08-28,2026-08-28,2026-08-28,0,"Identitätsprüfung

Inhaber: Inhaberinformationen nicht verfügbar
Passnummer: Dokumentennummer nicht angegeben
Nationalität: Angabe zur Nationalität nicht verfügbar
Geburtsdatum: 1992-04-26
Ausstellungsdatum: 2025-10-02
Ablaufdatum: 2035-09-30
Prüfstatus: Ausstehend",no,no,no,no,no,no,no,no,no,no,no,no,no,,NONE,0,0,easy,no,none,no,test,yes,faker_archetype_v1,template_v1,no,,,v2,Synthetic document generated for controlled PII training data.,[],{},[],[],[],False,False,True,local_non_pii,no_meaningful_signal,False,20260909_112021,rule_based,local,rules,regex_presidio_fusion_v1,not_applicable,rules,False
SYN-PASSPORT_RECORD-0105,synthetic_passport_record_0105.txt,identity_record,passport_record,de,synthetic_generation,,,synthetic,2026-08-28,2026-08-28,2026-08-28,0,"Identitätsprüfung

Inhaber: Inhaberinformationen nicht verfügbar
Passnummer: Dokumentennummer nicht angegeben
Nationalität: Angabe zur Nationalität nicht verfügbar
Geburtsdatum: 2003-02-05
Ausstellungsdatum: 2025-08-26
Ablaufdatum: 2035-08-24
Prüfstatus: Geprüft",no,no,no,no,no,no,no,no,no,no,no,no,no,,NONE,0,0,easy,no,none,no,test,yes,faker_archetype_v1,template_v1,no,,,v2,Synthetic document generated for controlled PII training data.,[],{},[],[],[],False,False,True,local_non_pii,no_meaningful_signal,False,20260909_112021,rule_based,local,rules,regex_presidio_fusion_v1,not_applicable,rules,False
SYN-PASSPORT_RECORD-0106,synthetic_passport_record_0106.txt,identity_record,passport_record,de,synthetic_generation,,,synthetic,2026-08-28,2026-08-28,2026-08-28,0,"Identitätsprüfung

Inhaber: Inhaberangaben nicht angegeben
Passnummer: Dokumentennummer nicht verfügbar
Nationalität: Angabe zur Nationalität nicht verfügbar
Geburtsdatum: 1964-03-13
Ausstellungsdatum: 1988-02-10
Ablaufdatum: 1998-02-07
Prüfstatus: Geprüft",no,no,no,no,no,no,no,no,no,no,no,no,no,,NONE,0,0,easy,no,none,no,test,yes,faker_archetype_v1,template_v1,no,,,v2,Synthetic document generated for controlled PII training data.,"[{'type': 'LOCATION', 'value': 'Inhaberangaben', 'confidence': 0.85, 'source': 'presidio', 'start': 28, 'end': 42}, {'type': 'DATE_TIME', 'value': '1964-03-13', 'confidence': 0.6, 'source': 'presidio', 'start': 172, 'end': 182}, {'type': 'DATE_TIME', 'value': '1988-02-10', 'confidence': 0.6, 'source': 'presidio', 'start': 202, 'end': 212}, {'type': 'DATE_TIME', 'value': '1998-02-07', 'confidence': 0.6, 'source': 'presidio', 'start': 226, 'end': 236}]","{'LOCATION': 0.85, 'DATE_TIME': 0.6}","['DATE_TIME', 'LOCATION']",[],[],False,False,True,local_non_pii,no_meaningful_signal,False,20260909_112021,rule_based,local,rules,regex_presidio_fusion_v1,not_applicable,rules,False
SYN-PASSPORT_RECORD-0111,synthetic_passport_record_0111.txt,identity_record,passport_record,de,synthetic_generation,,,synthetic,2026-08-28,2026-08-28,2026-08-28,0,"Identitätsprüfung

Inhaber: Inhaberinformationen nicht verfügbar
Passnummer: Dokumentennummer nicht verfügbar
Nationalität: Angabe zur Nationalität nicht verfügbar
Geburtsdatum: 1981-10-15
Ausstellungsdatum: 2015-01-27
Ablaufdatum: 2025-01-24
Prüfstatus: Ausstehend",no,no,no,no,no,no,no,no,no,no,no,no,no,,NONE,0,0,easy,no,none,no,test,yes,faker_archetype_v1,template_v1,no,,,v2,Synthetic document generated for controlled PII training data.,[],{},[],[],[],False,False,True,local_non_pii,no_meaningful_signal,False,20260909_112021,rule_based,local,rules,regex_presidio_fusion_v1,not_applicable,rules,False
SYN-PASSPORT_RECORD-0133,synthetic_passport_record_0133.txt,identity_record,passport_record,de,synthetic_generation,,,synthetic,2026-08-28,2026-08-28,2026-08-28,0,"Identitätsprüfung

Inhaber: Dr. Diethard Hövel
Passnummer: P60524320
Nationalität: niederländisch
Geburtsdatum: 1965-05-05
Ausstellungsdatum: 1990-12-03
Ablaufdatum: 2000-11-30
Prüfstatus: Ausstehend",yes,yes,no,no,no,no,no,yes,yes,no,no,no,no,PERSON; PASSPORT; NRP,MULTIPLE,3,3,easy,no,none,no,test,yes,faker_archetype_v1,template_v1,no,,,v2,Synthetic document generated for controlled PII training data.,"[{'type': 'PERSON', 'value': 'Diethard Hövel', 'confidence': 0.85, 'source': 'presidio', 'start': 32, 'end': 46}, {'type': 'DATE_TIME', 'value': '1965-05-05', 'confidence': 0.6, 'source': 'presidio', 'start': 112, 'end': 122}, {'type': 'DATE_TIME', 'value': '1990-12-03', 'confidence': 0.6, 'source': 'presidio', 'start': 142, 'end': 152}, {'type': 'DATE_TIME', 'value': '2000-11-30', 'confidence': 0.6, 'source': 'presidio', 'start': 166, 'end': 176}, {'type': 'PASSPORT', 'value': 'P60524320', 'confidence': 0.9, 'source': 'custom_regex', 'start': 59, 'end': 68}, {'type': 'NRP', 'value': 'niederländisch', 'confidence': 0.9, 'source': 'custom_regex', 'start': 83, 'end': 97}]","{'PERSON': 0.85, 'DATE_TIME': 0.6, 'PASSPORT': 0.9, 'NRP': 0.9}","['DATE_TIME', 'NRP', 'PASSPORT', 'PERSON']",['PASSPORT'],"['PERSON', 'DATE_TIME', 'NRP']",True,True,True,local_pii,strong_pii_detected,False,20260909_112021,rule_based,local,rules,regex_presidio_fusion_v1,not_applicable,rules,True
SYN-PASSPORT_RECORD-0137,synthetic_passport_record_0137.txt,identity_record,passport_record,en,synthetic_generation,,,synthetic,2026-08-28,2026-08-28,2026-08-28,0,"Passport Record

Holder: Robert Ryan
Passport Number: P41343448
Nationality: Nationality not provided
Date Of Birth: 1964-02-21
Issue Date: 2017-10-13
Expiry Date: 2027-10-11
Verification Status: Review Required",yes,yes,no,no,no,no,no,yes,no,no,no,no,no,PERSON; PASSPORT,MULTIPLE,2,2,easy,no,none,no,test,yes,faker_archetype_v1,template_v1,no,,,v2,Synthetic document generated for controlled PII training data.,"[{'type': 'DATE_TIME', 'value': '1964-02-21', 'confidence': 0.95, 'source': 'presidio', 'start': 117, 'end': 127}, {'type': 'DATE_TIME', 'value': '2017-10-13', 'confidence': 0.95, 'source': 'presidio', 'start': 140, 'end': 150}, {'type': 'DATE_TIME', 'value': '2027-10-11', 'confidence': 0.95, 'source': 'presidio', 'start': 164, 'end': 174}, {'type': 'PERSON', 'value': 'Robert Ryan', 'confidence': 0.85, 'source': 'presidio', 'start': 25, 'end': 36}, {'type': 'PASSPORT', 'value': 'P41343448', 'confidence': 0.9, 'source': 'custom_regex', 'start': 54, 'end': 63}]","{'DATE_TIME': 0.95, 'PERSON': 0.85, 'PASSPORT': 0.9}","['DATE_TIME', 'PASSPORT', 'PERSON']",['PASSPORT'],"['DATE_TIME', 'PERSON']",True,True,True,local_pii,strong_pii_detected,False,20260909_112021,rule_based,local,rules,regex_presidio_fusion_v1,not_applicable,rules,True
SYN-PASSPORT_RECORD-0152,synthetic_passport_record_0152.txt,identity_record,passport_record,en,synthetic_generation,,,synthetic,2026-08-28,2026-08-28,2026-08-28,0,"Passport Record

Holder: Holder information unavailable
Passport Number: Document number not provided
Nationality: Nationality not provided
Date Of Birth: 2006-12-21
Issue Date: 2025-01-07
Expiry Date: 2035-01-05
Verification Status: Pending",no,no,no,no,no,no,no,no,no,no,no,no,no,,NONE,0,0,easy,no,none,no,test,yes,faker_archetype_v1,template_v1,no,,,v2,Synthetic document generated for controlled PII training data.,[],{},[],[],[],False,False,True,local_non_pii,no_meaningful_signal,False,20260909_112021,rule_based,local,rules,regex_presidio_fusion_v1,not_applicable,rules,False
SYN-PASSPORT_RECORD-0153,synthetic_passport_record_0153.txt,identity_record,passport_record,en,synthetic_generation,,,synthetic,2026-08-28,2026-08-28,2026-08-28,0,"Passport Record

Holder: Holder details not provided
Passport Number: Document number not provided
Nationality: Nationality not provided
Date Of Birth: 1959-05-25
Issue Date: 2022-09-29
Expiry Date: 2032-09-26
Verification Status: Review Required",no,no,no,no,no,no,no,no,no,no,no,no,no,,NONE,0,0,easy,no,none,no,test,yes,faker_archetype_v1,template_v1,no,,,v2,Synthetic document generated for controlled PII training data.,[],{},[],[],[],False,False,True,local_non_pii,no_meaningful_signal,False,20260909_112021,rule_based,local,rules,regex_presidio_fusion_v1,not_applicable,rules,False
SYN-PASSPORT_RECORD-0154,synthetic_passport_record_0154.txt,identity_record,passport_record,de,synthetic_generation,,,synthetic,2026-08-28,2026-08-28,2026-08-28,0,"Identitätsprüfung

Inhaber: Inhaberangaben nicht angegeben
Passnummer: Dokumentennummer nicht angegeben
Nationalität: Nationalität nicht angegeben
Geburtsdatum: 2008-04-26
Ausstellungsdatum: 2026-07-17
Ablaufdatum: 2036-07-14
Prüfstatus: Geprüft",no,no,no,no,no,no,no,no,no,no,no,no,no,,NONE,0,0,easy,no,none,no,test,yes,faker_archetype_v1,template_v1,no,,,v2,Synthetic document generated for controlled PII training data.,"[{'type': 'LOCATION', 'value': 'Inhaberangaben', 'confidence': 0.85, 'source': 'presidio', 'start': 28, 'end': 42}, {'type': 'DATE_TIME', 'value': '2008-04-26', 'confidence': 0.6, 'source': 'presidio', 'start': 161, 'end': 171}, {'type': 'DATE_TIME', 'value': '2026-07-17', 'confidence': 0.6, 'source': 'presidio', 'start': 191, 'end': 201}, {'type': 'DATE_TIME', 'value': '2036-07-14', 'confidence': 0.6, 'source': 'presidio', 'start': 215, 'end': 225}]","{'LOCATION': 0.85, 'DATE_TIME': 0.6}","['DATE_TIME', 'LOCATION']",[],[],False,False,True,local_non_pii,no_meaningful_signal,False,20260909_112021,rule_based,local,rules,regex_presidio_fusion_v1,not_applicable,rules,False
SYN-PASSPORT_RECORD-0156,synthetic_passport_record_0156.txt,identity_record,passport_record,de,synthetic_generation,,,synthetic,2026-08-28,2026-08-28,2026-08-28,0,"Identitätsprüfung

Inhaber: Univ.Prof. Andree Sontag B.Eng.
Passnummer: P26430312
Nationalität: schweizerisch
Geburtsdatum: 1968-05-20
Ausstellungsdatum: 2011-10-02
Ablaufdatum: 2021-09-29
Prüfstatus: Ausstehend",yes,yes,no,no,no,no,no,yes,yes,no,no,no,no,PERSON; PASSPORT; NRP,MULTIPLE,3,3,easy,no,none,no,test,yes,faker_archetype_v1,template_v1,no,,,v2,Synthetic document generated for controlled PII training data.,"[{'type': 'PERSON', 'value': 'Andree Sontag', 'confidence': 0.85, 'source': 'presidio', 'start': 39, 'end': 52}, {'type': 'LOCATION', 'value': 'P26430312', 'confidence': 0.85, 'source': 'presidio', 'start': 72, 'end': 81}, {'type': 'DATE_TIME', 'value': '1968-05-20', 'confidence': 0.6, 'source': 'presidio', 'start': 124, 'end': 134}, {'type': 'DATE_TIME', 'value': '2011-10-02', 'confidence': 0.6, 'source': 'presidio', 'start': 154, 'end': 164}, {'type': 'DATE_TIME', 'value': '2021-09-29', 'confidence': 0.6, 'source': 'presidio', 'start': 178, 'end': 188}, {'type': 'URL', 'value': 'Univ.Pro', 'confidence': 0.5, 'source': 'presidio', 'start': 28, 'end': 36}, {'type': 'PASSPORT', 'value': 'P26430312', 'confidence': 0.9, 'source': 'custom_regex', 'start': 72, 'end': 81}, {'type': 'NRP', 'value': 'schweizerisch', 'confidence': 0.9, 'source': 'custom_regex', 'start': 96, 'end': 109}]","{'PERSON': 0.85, 'LOCATION': 0.85, 'DATE_TIME': 0.6, 'URL': 0.5, 'PASSPORT': 0.9, 'NRP': 0.9}","['DATE_TIME', 'LOCATION', 'NRP', 'PASSPORT', 'PERSON', 'URL']",['PASSPORT'],"['PERSON', 'LOCATION', 'DATE_TIME', 'URL', 'NRP']",True,True,True,local_pii,strong_pii_detected,False,20260909_112021,rule_based,local,rules,regex_presidio_fusion_v1,not_applicable,rules,True
SYN-PASSPORT_RECORD-0166,synthetic_passport_record_0166.txt,identity_record,passport_record,en,synthetic_generation,,,synthetic,2026-08-28,2026-08-28,2026-08-28,0,"Passport Record

Holder: Holder details not provided
Passport Number: P35289822
Nationality: Nationality not provided
Date Of Birth: 1966-06-15
Issue Date: 2021-01-17
Expiry Date: 2031-01-15
Verification Status: Verified",yes,no,no,no,no,no,no,yes,no,no,no,no,no,PASSPORT,PASSPORT,1,1,easy,no,none,no,test,yes,faker_archetype_v1,template_v1,no,,,v2,Synthetic document generated for controlled PII training data.,"[{'type': 'PASSPORT', 'value': 'P35289822', 'confidence': 0.9, 'source': 'custom_regex', 'start': 70, 'end': 79}]",{'PASSPORT': 0.9},['PASSPORT'],['PASSPORT'],[],True,True,True,local_pii,strong_pii_detected,False,20260909_112021,rule_based,local,rules,regex_presidio_fusion_v1,not_applicable,rules,True
SYN-PASSPORT_RECORD-0178,synthetic_passport_record_0178.txt,identity_record,passport_record,en,synthetic_generation,,,synthetic,2026-08-28,2026-08-28,2026-08-28,0,"Passport Record

Holder: Holder information unavailable
Passport Number: Document number unavailable
Nationality: Nationality not provided
Date Of Birth: 1988-11-14
Issue Date: 2013-01-27
Expiry Date: 2023-01-25
Verification Status: Verified",no,no,no,no,no,no,no,no,no,no,no,no,no,,NONE,0,0,easy,no,none,no,test,yes,faker_archetype_v1,template_v1,no,,,v2,Synthetic document generated for controlled PII training data.,[],{},[],[],[],False,False,True,local_non_pii,no_meaningful_signal,False,20260909_112021,rule_based,local,rules,regex_presidio_fusion_v1,not_applicable,rules,False
SYN-PASSPORT_RECORD-0184,synthetic_passport_record_0184.txt,identity_record,passport_record,de,synthetic_generation,,,synthetic,2026-08-28,2026-08-28,2026-08-28,0,"Identitätsprüfung

Inhaber: Inhaberinformationen nicht verfügbar
Passnummer: Dokumentennummer nicht verfügbar
Nationalität: Nationalität nicht angegeben
Geburtsdatum: 2000-08-07
Ausstellungsdatum: 2020-04-01
Ablaufdatum: 2030-03-30
Prüfstatus: Geprüft",no,no,no,no,no,no,no,no,no,no,no,no,no,,NONE,0,0,easy,no,none,no,test,yes,faker_archetype_v1,template_v1,no,,,v2,Synthetic document generated for controlled PII training data.,[],{},[],[],[],False,False,True,local_non_pii,no_meaningful_signal,False,20260909_112021,rule_based,local,rules,regex_presidio_fusion_v1,not_applicable,rules,False
SYN-PASSPORT_RECORD-0188,synthetic_passport_record_0188.txt,identity_record,passport_record,de,synthetic_generation,,,synthetic,2026-08-28,2026-08-28,2026-08-28,0,"Identitätsprüfung

Inhaber: Inhaberangaben nicht angegeben
Passnummer: Dokumentennummer nicht verfügbar
Nationalität: Angabe zur Nationalität nicht verfügbar
Geburtsdatum: 1987-02-24
Ausstellungsdatum: 2022-01-28
Ablaufdatum: 2032-01-26
Prüfstatus: Ausstehend",no,no,no,no,no,no,no,no,no,no,no,no,no,,NONE,0,0,easy,no,none,no,test,yes,faker_archetype_v1,template_v1,no,,,v2,Synthetic document generated for controlled PII training data.,"[{'type': 'LOCATION', 'value': 'Inhaberangaben', 'confidence': 0.85, 'source': 'presidio', 'start': 28, 'end': 42}, {'type': 'DATE_TIME', 'value': '1987-02-24', 'confidence': 0.6, 'source': 'presidio', 'start': 172, 'end': 182}, {'type': 'DATE_TIME', 'value': '2022-01-28', 'confidence': 0.6, 'source': 'presidio', 'start': 202, 'end': 212}, {'type': 'DATE_TIME', 'value': '2032-01-26', 'confidence': 0.6, 'source': 'presidio', 'start': 226, 'end': 236}]","{'LOCATION': 0.85, 'DATE_TIME': 0.6}","['DATE_TIME', 'LOCATION']",[],[],False,False,True,local_non_pii,no_meaningful_signal,False,20260909_112021,rule_based,local,rules,regex_presidio_fusion_v1,not_applicable,rules,False
SYN-PASSPORT_RECORD-0199,synthetic_passport_record_0199.txt,identity_record,passport_record,de,synthetic_generation,,,synthetic,2026-08-28,2026-08-28,2026-08-28,0,"Identitätsprüfung

Inhaber: Walter Kensy-Schönland
Passnummer: Dokumentennummer nicht verfügbar
Nationalität: Nationalität nicht angegeben
Geburtsdatum: 2024-03-23
Ausstellungsdatum: 2026-08-28
Ablaufdatum: 2036-08-25
Prüfstatus: Ausstehend",yes,yes,no,no,no,no,no,no,no,yes,no,no,no,PERSON; DATE_TIME,MULTIPLE,2,2,easy,no,none,no,test,yes,faker_archetype_v1,template_v1,no,,,v2,Synthetic document generated for controlled PII training data.,"[{'type': 'PERSON', 'value': 'Walter Kensy-Schönland', 'confidence': 0.85, 'source': 'presidio', 'start': 28, 'end': 50}, {'type': 'DATE_TIME', 'value': '2024-03-23', 'confidence': 0.6, 'source': 'presidio', 'start': 153, 'end': 163}, {'type': 'DATE_TIME', 'value': '2026-08-28', 'confidence': 0.6, 'source': 'presidio', 'start': 183, 'end': 193}, {'type': 'DATE_TIME', 'value': '2036-08-25', 'confidence': 0.6, 'source': 'presidio', 'start': 207, 'end': 217}]","{'PERSON': 0.85, 'DATE_TIME': 0.6}","['DATE_TIME', 'PERSON']",[],"['PERSON', 'DATE_TIME']",False,True,True,low_cost_llm,potential_pii_evidence,True,20260909_112021,rule_based,local,rules,regex_presidio_fusion_v1,not_applicable,rules,False
SYN-PASSPORT_RECORD-0202,synthetic_passport_record_0202.txt,identity_record,passport_record,en,synthetic_generation,,,synthetic,2026-08-28,2026-08-28,2026-08-28,0,"Passport Record

Holder: Holder information unavailable
Passport Number: Document number not provided
Nationality: Nationality information unavailable
Date Of Birth: 2001-11-05
Issue Date: 2025-06-08
Expiry Date: 2035-06-06
Verification Status: Review Required",no,no,no,no,no,no,no,no,no,no,no,no,no,,NONE,0,0,easy,no,none,no,test,yes,faker_archetype_v1,template_v1,no,,,v2,Synthetic document generated for controlled PII training data.,[],{},[],[],[],False,False,True,local_non_pii,no_meaningful_signal,False,20260909_112021,rule_based,local,rules,regex_presidio_fusion_v1,not_applicable,rules,False
SYN-PASSPORT_RECORD-0203,synthetic_passport_record_0203.txt,identity_record,passport_record,en,synthetic_generation,,,synthetic,2026-08-28,2026-08-28,2026-08-28,0,"Passport Record

Holder: Holder details not provided
Passport Number: Document number unavailable
Nationality: Nationality not provided
Date Of Birth: 2000-11-25
Issue Date: 2025-09-09
Expiry Date: 2035-09-07
Verification Status: Pending",no,no,no,no,no,no,no,no,no,no,no,no,no,,NONE,0,0,easy,no,none,no,test,yes,faker_archetype_v1,template_v1,no,,,v2,Synthetic document generated for controlled PII training data.,[],{},[],[],[],False,False,True,local_non_pii,no_meaningful_signal,False,20260909_112021,rule_based,local,rules,regex_presidio_fusion_v1,not_applicable,rules,False
SYN-PASSPORT_RECORD-0204,synthetic_passport_record_0204.txt,identity_record,passport_record,en,synthetic_generation,,,synthetic,2026-08-28,2026-08-28,2026-08-28,0,"Passport Record

Holder: Holder information unavailable
Passport Number: Document number not provided
Nationality: Nationality information unavailable
Date Of Birth: 1980-01-03
Issue Date: 2001-12-19
Expiry Date: 2011-12-17
Verification Status: Review Required",no,no,no,no,no,no,no,no,no,no,no,no,no,,NONE,0,0,easy,no,none,no,test,yes,faker_archetype_v1,template_v1,no,,,v2,Synthetic document generated for controlled PII training data.,[],{},[],[],[],False,False,True,local_non_pii,no_meaningful_signal,False,20260909_112021,rule_based,local,rules,regex_presidio_fusion_v1,not_applicable,rules,False
SYN-PASSPORT_RECORD-0217,synthetic_passport_record_0217.txt,identity_record,passport_record,en,synthetic_generation,,,synthetic,2026-08-28,2026-08-28,2026-08-28,0,"Passport Record

Holder: Holder information unavailable
Passport Number: Document number unavailable
Nationality: Nationality not provided
Date Of Birth: 1996-06-16
Issue Date: 2020-05-27
Expiry Date: 2030-05-25
Verification Status: Review Required",no,no,no,no,no,no,no,no,no,no,no,no,no,,NONE,0,0,easy,no,none,no,test,yes,faker_archetype_v1,template_v1,no,,,v2,Synthetic document generated for controlled PII training data.,[],{},[],[],[],False,False,True,local_non_pii,no_meaningful_signal,False,20260909_112021,rule_based,local,rules,regex_presidio_fusion_v1,not_applicable,rules,False
SYN-PASSPORT_RECORD-0220,synthetic_passport_record_0220.txt,identity_record,passport_record,en,synthetic_generation,,,synthetic,2026-08-28,2026-08-28,2026-08-28,0,"Passport Record

Holder: Melanie Campbell
Passport Number: P70165931
Nationality: Swiss
Date Of Birth: 2003-09-29
Issue Date: 2025-01-31
Expiry Date: 2035-01-29
Verification Status: Pending",yes,yes,no,no,no,no,no,yes,yes,no,no,no,no,PERSON; PASSPORT; NRP,MULTIPLE,3,3,easy,no,none,no,test,yes,faker_archetype_v1,template_v1,no,,,v2,Synthetic document generated for controlled PII training data.,"[{'type': 'DATE_TIME', 'value': '2003-09-29', 'confidence': 0.95, 'source': 'presidio', 'start': 103, 'end': 113}, {'type': 'DATE_TIME', 'value': '2025-01-31', 'confidence': 0.95, 'source': 'presidio', 'start': 126, 'end': 136}, {'type': 'DATE_TIME', 'value': '2035-01-29', 'confidence': 0.95, 'source': 'presidio', 'start': 150, 'end': 160}, {'type': 'PERSON', 'value': 'Melanie Campbell', 'confidence': 0.85, 'source': 'presidio', 'start': 25, 'end': 41}, {'type': 'NRP', 'value': 'Swiss', 'confidence': 0.85, 'source': 'presidio', 'start': 82, 'end': 87}, {'type': 'PASSPORT', 'value': 'P70165931', 'confidence': 0.9, 'source': 'custom_regex', 'start': 59, 'end': 68}, {'type': 'NRP', 'value': 'Swiss', 'confidence': 0.9, 'source': 'custom_regex', 'start': 82, 'end': 87}]","{'DATE_TIME': 0.95, 'PERSON': 0.85, 'NRP': 1.0, 'PASSPORT': 0.9}","['DATE_TIME', 'NRP', 'PASSPORT', 'PERSON']",['PASSPORT'],"['DATE_TIME', 'PERSON', 'NRP']",True,True,True,local_pii,strong_pii_detected,False,20260909_112021,rule_based,local,rules,regex_presidio_fusion_v1,not_applicable,rules,True
SYN-PASSPORT_RECORD-0231,synthetic_passport_record_0231.txt,identity_record,passport_record,en,synthetic_generation,,,synthetic,2026-08-28,2026-08-28,2026-08-28,0,"Passport Record

Holder: Angela Johns
Passport Number: P10657802
Nationality: French
Date Of Birth: 1996-10-19
Issue Date: 2015-10-14
Expiry Date: 2025-10-11
Verification Status: Pending",yes,yes,no,no,no,no,no,yes,yes,no,no,no,no,PERSON; PASSPORT; NRP,MULTIPLE,3,3,easy,no,none,no,test,yes,faker_archetype_v1,template_v1,no,,,v2,Synthetic document generated for controlled PII training data.,"[{'type': 'DATE_TIME', 'value': '1996-10-19', 'confidence': 0.95, 'source': 'presidio', 'start': 100, 'end': 110}, {'type': 'DATE_TIME', 'value': '2015-10-14', 'confidence': 0.95, 'source': 'presidio', 'start': 123, 'end': 133}, {'type': 'DATE_TIME', 'value': '2025-10-11', 'confidence': 0.95, 'source': 'presidio', 'start': 147, 'end': 157}, {'type': 'PERSON', 'value': 'Angela Johns', 'confidence': 0.85, 'source': 'presidio', 'start': 25, 'end': 37}, {'type': 'NRP', 'value': 'French', 'confidence': 0.85, 'source': 'presidio', 'start': 78, 'end': 84}, {'type': 'DATE_TIME', 'value': '2015-10-14\nExpiry Date', 'confidence': 0.85, 'source': 'presidio', 'start': 123, 'end': 145}, {'type': 'PASSPORT', 'value': 'P10657802', 'confidence': 0.9, 'source': 'custom_regex', 'start': 55, 'end': 64}, {'type': 'NRP', 'value': 'French', 'confidence': 0.9, 'source': 'custom_regex', 'start': 78, 'end': 84}]","{'DATE_TIME': 0.95, 'PERSON': 0.85, 'NRP': 1.0, 'PASSPORT': 0.9}","['DATE_TIME', 'NRP', 'PASSPORT', 'PERSON']",['PASSPORT'],"['DATE_TIME', 'PERSON', 'NRP']",True,True,True,local_pii,strong_pii_detected,False,20260909_112021,rule_based,local,rules,regex_presidio_fusion_v1,not_applicable,rules,True
SYN-PASSPORT_RECORD-0235,synthetic_passport_record_0235.txt,identity_record,passport_record,en,synthetic_generation,,,synthetic,2026-08-28,2026-08-28,2026-08-28,0,"Passport Record

Holder: Holder details not provided
Passport Number: Document number not provided
Nationality: Nationality not provided
Date Of Birth: 1964-05-04
Issue Date: 2015-09-11
Expiry Date: 2025-09-08
Verification Status: Review Required",no,no,no,no,no,no,no,no,no,no,no,no,no,,NONE,0,0,easy,no,none,no,test,yes,faker_archetype_v1,template_v1,no,,,v2,Synthetic document generated for controlled PII training data.,[],{},[],[],[],False,False,True,local_non_pii,no_meaningful_signal,False,20260909_112021,rule_based,local,rules,regex_presidio_fusion_v1,not_applicable,rules,False
SYN-PASSPORT_RECORD-0245,synthetic_passport_record_0245.txt,identity_record,passport_record,en,synthetic_generation,,,synthetic,2026-08-28,2026-08-28,2026-08-28,0,"Passport Record

Holder: Holder details not provided
Passport Number: Document number unavailable
Nationality: Nationality information unavailable
Date Of Birth: 1967-04-24
Issue Date: 2014-08-20
Expiry Date: 2024-08-17
Verification Status: Review Required",no,no,no,no,no,no,no,no,no,no,no,no,no,,NONE,0,0,easy,no,none,no,test,yes,faker_archetype_v1,template_v1,no,,,v2,Synthetic document generated for controlled PII training data.,[],{},[],[],[],False,False,True,local_non_pii,no_meaningful_signal,False,20260909_112021,rule_based,local,rules,regex_presidio_fusion_v1,not_applicable,rules,False
SYN-PASSPORT_RECORD-0248,synthetic_passport_record_0248.txt,identity_record,passport_record,de,synthetic_generation,,,synthetic,2026-08-28,2026-08-28,2026-08-28,0,"Identitätsprüfung

Inhaber: Inhaberangaben nicht angegeben
Passnummer: Dokumentennummer nicht verfügbar
Nationalität: Angabe zur Nationalität nicht verfügbar
Geburtsdatum: 2000-06-12
Ausstellungsdatum: 2020-02-22
Ablaufdatum: 2030-02-19
Prüfstatus: Ausstehend",no,no,no,no,no,no,no,no,no,no,no,no,no,,NONE,0,0,easy,no,none,no,test,yes,faker_archetype_v1,template_v1,no,,,v2,Synthetic document generated for controlled PII training data.,"[{'type': 'LOCATION', 'value': 'Inhaberangaben', 'confidence': 0.85, 'source': 'presidio', 'start': 28, 'end': 42}, {'type': 'DATE_TIME', 'value': '2000-06-12', 'confidence': 0.6, 'source': 'presidio', 'start': 172, 'end': 182}, {'type': 'DATE_TIME', 'value': '2020-02-22', 'confidence': 0.6, 'source': 'presidio', 'start': 202, 'end': 212}, {'type': 'DATE_TIME', 'value': '2030-02-19', 'confidence': 0.6, 'source': 'presidio', 'start': 226, 'end': 236}]","{'LOCATION': 0.85, 'DATE_TIME': 0.6}","['DATE_TIME', 'LOCATION']",[],[],False,False,True,local_non_pii,no_meaningful_signal,False,20260909_112021,rule_based,local,rules,regex_presidio_fusion_v1,not_applicable,rules,False
SYN-SUPPLIER_ONBOARDING-0018,synthetic_supplier_onboarding_0018.txt,form,supplier_onboarding,de,synthetic_generation,,,synthetic,2026-08-28,2026-08-28,2026-08-28,0,"Lieferantenaufnahme

Unternehmen: Anbieterorganisation
Adresse: Angaben zum Geschäftssitz ausstehend
Kontakt: Zentrale Kontaktstelle
Steuernummer: REF-8083929
Certification: Environmental Compliance
Risk Level: Low
Zahlungsdaten: Zahlungsbedingungen hinterlegt
Prüfer: Procurement Team
Kommentare: Die Einhaltung der Umweltvorschriften wurde durch die Zertifizierung in Environmental Compliance bestätigt. Weitere Informationen zur Compliance sind in den Anhängen zu finden.
Genehmigung: Approved
Notizen: Die Prüfung des Antrags wurde erfolgreich abgeschlossen. Das Procurement Team hat die Genehmigung erteilt, basierend auf der Risikobewertung 'Low'.
Nationalität: Nationalität nicht angegeben
Ausweisnummer: REF-1675420",no,no,no,no,no,no,no,no,no,no,no,no,no,,NONE,0,0,easy,no,none,no,test,yes,openrouter_gpt4o_mini_field,field_llm_v1,no,,,v2,Synthetic document generated for controlled PII training data.,[],{},[],[],[],False,False,True,local_non_pii,no_meaningful_signal,False,20260909_112021,rule_based,local,rules,regex_presidio_fusion_v1,not_applicable,rules,False
SYN-SUPPLIER_ONBOARDING-0025,synthetic_supplier_onboarding_0025.txt,form,supplier_onboarding,de,synthetic_generation,,,synthetic,2026-08-28,2026-08-28,2026-08-28,0,"Lieferantenaufnahme

Unternehmen: Lieferantenorganisation
Adresse: Angaben zum Geschäftssitz ausstehend
Kontakt: Abteilungskontakt
Steuernummer: REF-2519153
Certification: ISO 9001
Risk Level: Low
Zahlungsdaten: Standardmäßiger geschäftlicher Zahlungsprozess
Prüfer: Procurement Team
Kommentare: Die Unterlagen entsprechen nicht den erforderlichen Standards für die Genehmigung. Eine erneute Prüfung wird empfohlen.
Genehmigung: Rejected
Notizen: Die Ablehnung basiert auf unzureichenden Informationen zur Nationalität und dem fehlenden Nachweis des Geschäftssitzes. Eine vollständige Dokumentation ist erforderlich.
Nationalität: Angabe zur Nationalität nicht verfügbar
Ausweisnummer: REF-2908324",no,no,no,no,no,no,no,no,no,no,no,no,no,,NONE,0,0,easy,no,none,no,test,yes,openrouter_gpt4o_mini_field,field_llm_v1,no,,,v2,Synthetic document generated for controlled PII training data.,[],{},[],[],[],False,False,True,local_non_pii,no_meaningful_signal,False,20260909_112021,rule_based,local,rules,regex_presidio_fusion_v1,not_applicable,rules,False
SYN-SUPPLIER_ONBOARDING-0027,synthetic_supplier_onboarding_0027.txt,form,supplier_onboarding,en,synthetic_generation,,,synthetic,2026-08-28,2026-08-28,2026-08-28,0,"Supplier Onboarding

Company: Supplier Organization
Address: Business address not provided
Contact: Department Contact
Tax Id: REF-1675420
Certification: Supplier Code of Conduct
Risk Level: Low
Payment Details: Standard corporate payment process
Reviewer: Supplier Management
Comments: The supplier has submitted all required documentation, including the Supplier Code of Conduct. A review of the tax information, REF-1675420, is in progress to ensure compliance with our standards.
Approval: Pending Review
Notes: Pending Review status indicates that the Supplier Management team will conduct a thorough assessment of the onboarding application. It's essential to verify that all necessary details are accurate and in accordance with our onboarding guidelines before proceeding.
Nationality: Nationality information unavailable
Identification Number: REF-9709303",no,no,no,no,no,no,no,no,no,no,no,no,no,,NONE,0,0,easy,no,none,no,test,yes,openrouter_gpt4o_mini_field,field_llm_v1,no,,,v2,Synthetic document generated for controlled PII training data.,[],{},[],[],[],False,False,True,local_non_pii,no_meaningful_signal,False,20260909_112021,rule_based,local,rules,regex_presidio_fusion_v1,not_applicable,rules,False
SYN-SUPPLIER_ONBOARDING-0033,synthetic_supplier_onboarding_0033.txt,form,supplier_onboarding,en,synthetic_generation,,,synthetic,2026-08-28,2026-08-28,2026-08-28,0,"Supplier Onboarding

Company: Business Partner
Address: Business address not provided
Contact: Service Team
Tax Id: REF-7127847
Certification: ISO 9001
Risk Level: Medium
Payment Details: Standard corporate payment process
Reviewer: Procurement Team
Comments: The supplier has successfully met all onboarding requirements. Further evaluations may be necessary in the future to ensure ongoing compliance.
Approval: Approved
Notes: This supplier has been assessed with a risk level of Medium, and their ISO 9001 certification is valid. Regular reviews should be conducted to maintain compliance with our standards.
Nationality: Nationality information unavailable
Identification Number: REF-1762296",no,no,no,no,no,no,no,no,no,no,no,no,no,,NONE,0,0,easy,no,none,no,test,yes,openrouter_gpt4o_mini_field,field_llm_v1,no,,,v2,Synthetic document generated for controlled PII training data.,[],{},[],[],[],False,False,True,local_non_pii,no_meaningful_signal,False,20260909_112021,rule_based,local,rules,regex_presidio_fusion_v1,not_applicable,rules,False
SYN-SUPPLIER_ONBOARDING-0046,synthetic_supplier_onboarding_0046.txt,form,supplier_onboarding,de,synthetic_generation,,,synthetic,2026-08-28,2026-08-28,2026-08-28,0,"Lieferantenaufnahme

Unternehmen: Lieferantenorganisation
Adresse: Geschäftsadresse nicht angegeben
Kontakt: Zentrale Kontaktstelle
Steuernummer: REF-9132735
Certification: Environmental Compliance
Risk Level: Low
Zahlungsdaten: Zahlungsbedingungen hinterlegt
Prüfer: Supplier Management
Kommentare: Die Überprüfung der Unterlagen ist abgeschlossen. Es fehlen jedoch noch einige Informationen zur Identifikation des Lieferanten.
Genehmigung: Pending Review
Notizen: Die Zahlungskonditionen sind gemäß den Unternehmensrichtlinien dokumentiert. Eine erneute Prüfung der Umweltzertifizierung ist in sechs Monaten erforderlich.
Nationalität: Angabe zur Nationalität nicht verfügbar
Ausweisnummer: REF-6981512",no,no,no,no,no,no,no,no,no,no,no,no,no,,NONE,0,0,easy,no,none,no,test,yes,openrouter_gpt4o_mini_field,field_llm_v1,no,,,v2,Synthetic document generated for controlled PII training data.,[],{},[],[],[],False,False,True,local_non_pii,no_meaningful_signal,False,20260909_112021,rule_based,local,rules,regex_presidio_fusion_v1,not_applicable,rules,False
SYN-SUPPLIER_ONBOARDING-0048,synthetic_supplier_onboarding_0048.txt,form,supplier_onboarding,en,synthetic_generation,,,synthetic,2026-08-28,2026-08-28,2026-08-28,0,"Supplier Onboarding

Company: Vendor Organization
Address: Registered office information pending
Contact: Central Contact Point
Tax Id: REF-3662308
Certification: ISO 27001
Risk Level: High
Payment Details: Payment terms on file
Reviewer: Compliance Team
Comments: The Compliance Team has thoroughly reviewed the submitted documents from Vendor Organization. However, due to the high-risk level associated with their operations, further verification of their risk management strategies is necessary before any approval can be considered.
Approval: Rejected
Notes: It is important to note that the current approval status is rejected based on the lack of sufficient identification information, specifically the nationality information which is unavailable. This leaves significant gaps in our due diligence process for onboarding this supplier.
Nationality: Nationality information unavailable
Identification Number: REF-3863920",no,no,no,no,no,no,no,no,no,no,no,no,no,,NONE,0,0,easy,no,none,no,test,yes,openrouter_gpt4o_mini_field,field_llm_v1,no,,,v2,Synthetic document generated for controlled PII training data.,[],{},[],[],[],False,False,True,local_non_pii,no_meaningful_signal,False,20260909_112021,rule_based,local,rules,regex_presidio_fusion_v1,not_applicable,rules,False
SYN-SUPPLIER_ONBOARDING-0073,synthetic_supplier_onboarding_0073.txt,form,supplier_onboarding,en,synthetic_generation,,,synthetic,2026-08-28,2026-08-28,2026-08-28,0,"Supplier Onboarding

Company: Vendor Organization
Address: Registered office information pending
Contact: Central Contact Point
Tax Id: REF-2977297
Certification: ISO 9001
Risk Level: High
Payment Details: Standard corporate payment process
Reviewer: Procurement Team
Comments: The supplier has met all compliance requirements to proceed with onboarding. No outstanding issues were identified during the review.
Approval: Approved
Notes: Ensure that all documentation is maintained for future audits. Monitor supplier performance closely due to the high risk level associated with this vendor.
Nationality: Nationality information unavailable
Identification Number: REF-8488900",no,no,no,no,no,no,no,no,no,no,no,no,no,,NONE,0,0,easy,no,none,no,test,yes,openrouter_gpt4o_mini_field,field_llm_v1,no,,,v2,Synthetic document generated for controlled PII training data.,[],{},[],[],[],False,False,True,local_non_pii,no_meaningful_signal,False,20260909_112021,rule_based,local,rules,regex_presidio_fusion_v1,not_applicable,rules,False
SYN-SUPPLIER_ONBOARDING-0078,synthetic_supplier_onboarding_0078.txt,form,supplier_onboarding,de,synthetic_generation,,,synthetic,2026-08-28,2026-08-28,2026-08-28,0,"Lieferantenaufnahme

Unternehmen: Anbieterorganisation
Adresse: Angaben zum Geschäftssitz ausstehend
Kontakt: Abteilungskontakt
Steuernummer: REF-4958343
Certification: ISO 9001
Risk Level: High
Zahlungsdaten: Standardmäßiger geschäftlicher Zahlungsprozess
Prüfer: Compliance Team
Kommentare: Die Ablehnung des Antrags basiert auf dem hohen Risikoniveau, das mit der aktuellen Compliance-Überprüfung verbunden ist. Weitere Informationen zur Risikobewertung sind notwendig, um die Entscheidung zu reevaluieren.
Genehmigung: Rejected
Notizen: Es wurde festgestellt, dass die Nationalität nicht angegeben ist, was gegen die Richtlinien für die Lieferantenregistrierung verstößt. Das Compliance-Team empfiehlt, die erforderlichen Angaben nachzureichen, bevor eine erneute Prüfung erfolgen kann.
Nationalität: Nationalität nicht angegeben
Ausweisnummer: REF-2513718",no,no,no,no,no,no,no,no,no,no,no,no,no,,NONE,0,0,easy,no,none,no,test,yes,openrouter_gpt4o_mini_field,field_llm_v1,no,,,v2,Synthetic document generated for controlled PII training data.,[],{},[],[],[],False,False,True,local_non_pii,no_meaningful_signal,False,20260909_112021,rule_based,local,rules,regex_presidio_fusion_v1,not_applicable,rules,False
SYN-SUPPLIER_ONBOARDING-0082,synthetic_supplier_onboarding_0082.txt,form,supplier_onboarding,en,synthetic_generation,,,synthetic,2026-08-28,2026-08-28,2026-08-28,0,"Supplier Onboarding

Company: Supplier Organization
Address: Business address not provided
Contact: Central Contact Point
Tax Id: REF-8488900
Certification: Supplier Code of Conduct
Risk Level: High
Payment Details: Payment terms on file
Reviewer: Procurement Team
Comments: The onboarding process for Supplier Organization has highlighted several concerns regarding compliance with our Supplier Code of Conduct. Given the high-risk level associated with this supplier, further investigation is warranted before proceeding.
Approval: Rejected
Notes: The Procurement Team has reviewed the submitted documentation and, despite payment terms being on file, the approval for onboarding has been marked as rejected. Additional scrutiny is needed regarding identification_number REF-5197578 to ensure all regulatory requirements are met.
Nationality: Nationality not provided
Identification Number: REF-5197578",no,no,no,no,no,no,no,no,no,no,no,no,no,,NONE,0,0,easy,no,none,no,test,yes,openrouter_gpt4o_mini_field,field_llm_v1,no,,,v2,Synthetic document generated for controlled PII training data.,[],{},[],[],[],False,False,True,local_non_pii,no_meaningful_signal,False,20260909_112021,rule_based,local,rules,regex_presidio_fusion_v1,not_applicable,rules,False
SYN-SUPPLIER_ONBOARDING-0093,synthetic_supplier_onboarding_0093.txt,form,supplier_onboarding,en,synthetic_generation,,,synthetic,2026-08-28,2026-08-28,2026-08-28,0,"Supplier Onboarding

Company: Vendor Organization
Address: Registered office information pending
Contact: Service Team
Tax Id: REF-7371752
Certification: Medical ID 4800387
Risk Level: High
Payment Details: Standard corporate payment process
Reviewer: Mrs. Laura Johnson
Comments: The onboarding process for Vendor Organization has been thorough, ensuring that all necessary compliance checks have been completed. We have confirmed that they hold the required certification: Medical ID 4800387, which is essential for our operations. Given the high-risk level associated with this supplier, additional monitoring will be implemented during the initial phases of our collaboration.
Approval: Approved
Notes: During the review, Mrs. Laura Johnson highlighted the importance of adhering to our payment details, which follow a standard corporate payment process. It's crucial for Vendor Organization to understand these terms fully to avoid any delays in future transactions. The registered office information is still pending, and this should be addressed promptly to ensure all documentation is complete.
Nationality: Nationality not provided
Identification Number: REF-9480026",yes,yes,no,no,no,no,no,no,no,no,no,no,yes,PERSON; MEDICAL_LICENSE,MULTIPLE,2,2,easy,no,none,no,test,yes,openrouter_gpt4o_mini_field,field_llm_v1,no,,,v2,Synthetic document generated for controlled PII training data.,"[{'type': 'PERSON', 'value': 'Laura Johnson', 'confidence': 0.85, 'source': 'presidio', 'start': 257, 'end': 270}, {'type': 'PERSON', 'value': 'Laura Johnson', 'confidence': 0.85, 'source': 'presidio', 'start': 731, 'end': 744}, {'type': 'MEDICAL_LICENSE', 'value': 'Medical ID', 'confidence': 0.9, 'source': 'custom_regex', 'start': 154, 'end': 164}, {'type': 'MEDICAL_LICENSE', 'value': 'Medical ID', 'confidence': 0.9, 'source': 'custom_regex', 'start': 475, 'end': 485}]","{'PERSON': 0.85, 'MEDICAL_LICENSE': 0.9}","['MEDICAL_LICENSE', 'PERSON']",['MEDICAL_LICENSE'],['PERSON'],True,True,True,local_pii,strong_pii_detected,False,20260909_112021,rule_based,local,rules,regex_presidio_fusion_v1,not_applicable,rules,True
SYN-SUPPLIER_ONBOARDING-0099,synthetic_supplier_onboarding_0099.txt,form,supplier_onboarding,en,synthetic_generation,,,synthetic,2026-08-28,2026-08-28,2026-08-28,0,"Supplier Onboarding

Company: 
Address: 
Contact: 
Tax Id: 
Certification: 
Risk Level: 
Payment Details: 
Reviewer: 
Comments: 
Approval: 
Notes: 
Nationality: 
Identification Number: ",no,no,no,no,no,no,no,no,no,no,no,no,no,,NONE,0,0,easy,no,none,no,test,yes,faker_archetype_v1,template_v1,no,,,v2,Synthetic document generated for controlled PII training data.,[],{},[],[],[],False,False,True,local_non_pii,no_meaningful_signal,False,20260909_112021,rule_based,local,rules,regex_presidio_fusion_v1,not_applicable,rules,False
SYN-SUPPLIER_ONBOARDING-0100,synthetic_supplier_onboarding_0100.txt,form,supplier_onboarding,en,synthetic_generation,,,synthetic,2026-08-28,2026-08-28,2026-08-28,0,"Supplier Onboarding

Company: 
Address: 
Contact: 
Tax Id: 
Certification: 
Risk Level: 
Payment Details: 
Reviewer: 
Comments: 
Approval: 
Notes: 
Nationality: 
Identification Number: ",no,no,no,no,no,no,no,no,no,no,no,no,no,,NONE,0,0,easy,no,none,no,test,yes,faker_archetype_v1,template_v1,no,,,v2,Synthetic document generated for controlled PII training data.,[],{},[],[],[],False,False,True,local_non_pii,no_meaningful_signal,False,20260909_112021,rule_based,local,rules,regex_presidio_fusion_v1,not_applicable,rules,False
SYN-SUPPLIER_ONBOARDING-0101,synthetic_supplier_onboarding_0101.txt,form,supplier_onboarding,de,synthetic_generation,,,synthetic,2026-08-28,2026-08-28,2026-08-28,0,"Lieferantenaufnahme

Unternehmen: Geschäftspartner
Adresse: Geschäftsadresse nicht angegeben
Kontakt: Abteilungskontakt
Steuernummer: REF-4999916
Certification: ISO 27001
Risk Level: Low
Zahlungsdaten: Standardmäßiger geschäftlicher Zahlungsprozess
Prüfer: Supplier Management
Kommentare: Die Überprüfung der Zertifizierung gemäß ISO 27001 wurde eingeleitet und die erforderlichen Unterlagen werden derzeit gesichtet. Es wird empfohlen, die Risiken regelmäßig zu bewerten, um sicherzustellen, dass der Risikolevel von 'Low' weiterhin zutrifft.
Genehmigung: Pending Review
Notizen: Die Zahlungsdetails folgen dem standardmäßigen geschäftlichen Zahlungsprozess. Die Abteilungskontakt wird gebeten, alle notwendigen Informationen zur Unterstützung des Genehmigungsprozesses bereitzustellen. Der Status der Genehmigung bleibt 'Pending Review', bis alle erforderlichen Unterlagen vollständig sind.
Nationalität: Angabe zur Nationalität nicht verfügbar
Ausweisnummer: REF-3928563",no,no,no,no,no,no,no,no,no,no,no,no,no,,NONE,0,0,easy,no,none,no,test,yes,openrouter_gpt4o_mini_field,field_llm_v1,no,,,v2,Synthetic document generated for controlled PII training data.,[],{},[],[],[],False,False,True,local_non_pii,no_meaningful_signal,False,20260909_112021,rule_based,local,rules,regex_presidio_fusion_v1,not_applicable,rules,False
SYN-SUPPLIER_ONBOARDING-0104,synthetic_supplier_onboarding_0104.txt,form,supplier_onboarding,de,synthetic_generation,,,synthetic,2026-08-28,2026-08-28,2026-08-28,0,"Lieferantenaufnahme

Unternehmen: Lieferantenorganisation
Adresse: Geschäftsadresse nicht angegeben
Kontakt: Abteilungskontakt
Steuernummer: REF-7151736
Certification: ISO 9001
Risk Level: High
Zahlungsdaten: Standardmäßiger geschäftlicher Zahlungsprozess
Prüfer: Compliance Team
Kommentare: Die Lieferantenorganisation hat alle erforderlichen Unterlagen eingereicht, einschließlich der ISO 9001-Zertifizierung. Es wurden keine Abweichungen festgestellt, die die Genehmigung gefährden könnten. Das Compliance-Team hat die Unterlagen gründlich geprüft und keine zusätzlichen Informationen angefordert.
Genehmigung: Approved
Notizen: Die Risikobewertung hat ergeben, dass der Risikograd als hoch eingestuft wird. Es wird empfohlen, regelmäßige Überprüfungen und Audits durchzuführen, um die Einhaltung der Standards sicherzustellen. Der Standardmäßige geschäftlicher Zahlungsprozess wurde akzeptiert, und alle Zahlungen erfolgen gemäß den festgelegten Bedingungen.
Nationalität: Angabe zur Nationalität nicht verfügbar
Ausweisnummer: REF-6084237",no,no,no,no,no,no,no,no,no,no,no,no,no,,NONE,0,0,easy,no,none,no,test,yes,openrouter_gpt4o_mini_field,field_llm_v1,no,,,v2,Synthetic document generated for controlled PII training data.,[],{},[],[],[],False,False,True,local_non_pii,no_meaningful_signal,False,20260909_112021,rule_based,local,rules,regex_presidio_fusion_v1,not_applicable,rules,False
SYN-SUPPLIER_ONBOARDING-0107,synthetic_supplier_onboarding_0107.txt,form,supplier_onboarding,en,synthetic_generation,,,synthetic,2026-08-28,2026-08-28,2026-08-28,0,"Supplier Onboarding

Company: Business Partner
Address: Business address not provided
Contact: Eric Snyder, (265)448-2495x70827
Tax Id: REF-7640756
Certification: Environmental Compliance
Risk Level: Medium
Payment Details: Payment terms on file
Reviewer: Compliance Team
Comments: After thorough evaluation, the supplier does not meet the necessary compliance requirements at this time. Further information may be needed for future assessments.
Approval: Rejected
Notes: Contact Eric Snyder at (265)448-2495x70827 for any follow-up questions regarding the application. Additional documentation may strengthen future submissions.
Nationality: Nationality information unavailable
Identification Number: REF-2729161",yes,yes,no,yes,no,no,no,no,no,no,no,no,no,PERSON; PHONE_NUMBER,MULTIPLE,2,2,easy,no,none,no,test,yes,openrouter_gpt4o_mini_field,field_llm_v1,no,,,v2,Synthetic document generated for controlled PII training data.,"[{'type': 'PERSON', 'value': 'Eric Snyder', 'confidence': 0.85, 'source': 'presidio', 'start': 95, 'end': 106}, {'type': 'PERSON', 'value': 'Eric Snyder', 'confidence': 0.85, 'source': 'presidio', 'start': 480, 'end': 491}, {'type': 'PHONE_NUMBER', 'value': '(265)448-2495x70827', 'confidence': 0.9, 'source': 'custom_regex', 'start': 108, 'end': 127}, {'type': 'PHONE_NUMBER', 'value': '(265)448-2495x70827', 'confidence': 0.9, 'source': 'custom_regex', 'start': 495, 'end': 514}]","{'PERSON': 0.85, 'PHONE_NUMBER': 0.9}","['PERSON', 'PHONE_NUMBER']",['PHONE_NUMBER'],['PERSON'],True,True,True,local_pii,strong_pii_detected,False,20260909_112021,rule_based,local,rules,regex_presidio_fusion_v1,not_applicable,rules,True
SYN-SUPPLIER_ONBOARDING-0111,synthetic_supplier_onboarding_0111.txt,form,supplier_onboarding,de,synthetic_generation,,,synthetic,2026-08-28,2026-08-28,2026-08-28,0,"Lieferantenaufnahme

Unternehmen: Geschäftspartner
Adresse: Angaben zum Geschäftssitz ausstehend
Kontakt: Wenke Süßebier
Steuernummer: REF-5395168
Certification: Approbationsnummer 1760156
Risk Level: High
Zahlungsdaten: Standardmäßiger geschäftlicher Zahlungsprozess
Prüfer: Compliance Team
Kommentare: Die Überprüfung der Unterlagen von Wenke Süßebier hat ergeben, dass die geforderten Nachweise unvollständig sind. Insbesondere fehlt die Angabe des Geschäftssitzes, was für die weitere Bearbeitung des Antrags entscheidend ist. Die Approbationsnummer 1760156 ist zwar vorhanden, jedoch sind zusätzlich Zertifikate und Referenzen erforderlich, um die hohe Risikostufe angemessen zu berücksichtigen.
Genehmigung: Rejected
Notizen: Das Compliance Team hat nach eingehender Prüfung entschieden, dass der Antrag abgelehnt wird. Es wird empfohlen, die fehlenden Informationen, insbesondere die Angaben zum Geschäftssitz, so schnell wie möglich nachzureichen, um eine erneute Bewertung des Antrags zu ermöglichen. Die Nationalität wurde nicht angegeben, was ebenfalls ein weiterer Punkt ist, der adressiert werden muss.
Nationalität: Nationalität nicht angegeben
Ausweisnummer: REF-4572595",yes,yes,no,no,no,no,no,no,no,no,no,no,yes,PERSON; MEDICAL_LICENSE,MULTIPLE,2,2,easy,no,none,no,test,yes,openrouter_gpt4o_mini_field,field_llm_v1,no,,,v2,Synthetic document generated for controlled PII training data.,"[{'type': 'PERSON', 'value': 'Wenke Süßebier', 'confidence': 0.85, 'source': 'presidio', 'start': 106, 'end': 120}, {'type': 'PERSON', 'value': 'Wenke Süßebier', 'confidence': 0.85, 'source': 'presidio', 'start': 339, 'end': 353}, {'type': 'LOCATION', 'value': 'Approbationsnummer 1760156', 'confidence': 0.85, 'source': 'presidio', 'start': 535, 'end': 561}, {'type': 'MEDICAL_LICENSE', 'value': 'Approbationsnummer', 'confidence': 0.9, 'source': 'custom_regex', 'start': 162, 'end': 180}, {'type': 'MEDICAL_LICENSE', 'value': 'Approbationsnummer', 'confidence': 0.9, 'source': 'custom_regex', 'start': 535, 'end': 553}]","{'PERSON': 0.85, 'LOCATION': 0.85, 'MEDICAL_LICENSE': 0.9}","['LOCATION', 'MEDICAL_LICENSE', 'PERSON']",['MEDICAL_LICENSE'],"['PERSON', 'LOCATION']",True,True,True,local_pii,strong_pii_detected,False,20260909_112021,rule_based,local,rules,regex_presidio_fusion_v1,not_applicable,rules,True
SYN-SUPPLIER_ONBOARDING-0114,synthetic_supplier_onboarding_0114.txt,form,supplier_onboarding,de,synthetic_generation,,,synthetic,2026-08-28,2026-08-28,2026-08-28,0,"Lieferantenaufnahme

Unternehmen: Geschäftspartner
Adresse: Angaben zum Geschäftssitz ausstehend
Kontakt: Zentrale Kontaktstelle
Steuernummer: REF-7699161
Certification: Supplier Code of Conduct
Risk Level: Low
Zahlungsdaten: Zahlungsbedingungen hinterlegt
Prüfer: Procurement Team
Kommentare: Die Überprüfung der Unterlagen hat ergeben, dass alle erforderlichen Informationen bereitgestellt wurden, um den Onboarding-Prozess fortzusetzen. Insbesondere sind die Zahlungsbedingungen hinterlegt und die Risikobewertung wurde als niedrig eingestuft, was eine zügige Genehmigung ermöglicht.
Genehmigung: Approved
Notizen: Das Procurement Team hat die Einhaltung des Supplier Code of Conduct bekräftigt. Weitere Informationen zum Geschäftssitz fehlen noch, die Klärung sollte zeitnah erfolgen, um Verzögerungen im Prozess zu vermeiden.
Nationalität: Nationalität nicht angegeben
Ausweisnummer: REF-8590042",no,no,no,no,no,no,no,no,no,no,no,no,no,,NONE,0,0,easy,no,none,no,test,yes,openrouter_gpt4o_mini_field,field_llm_v1,no,,,v2,Synthetic document generated for controlled PII training data.,[],{},[],[],[],False,False,True,local_non_pii,no_meaningful_signal,False,20260909_112021,rule_based,local,rules,regex_presidio_fusion_v1,not_applicable,rules,False
SYN-SUPPLIER_ONBOARDING-0125,synthetic_supplier_onboarding_0125.txt,form,supplier_onboarding,en,synthetic_generation,,,synthetic,2026-08-28,2026-08-28,2026-08-28,0,"Supplier Onboarding

Company: Supplier Organization
Address: Registered office information pending
Contact: James Carroll
Tax Id: REF-1213736
Certification: Medical ID 5598515
Risk Level: Medium
Payment Details: Payment terms on file
Reviewer: Supplier Management
Comments: The onboarding process for Supplier Organization has revealed some inconsistencies in their documentation. Specifically, while their Medical ID 5598515 is valid, additional verification is required to ensure compliance with our standards.
Approval: Rejected
Notes: Supplier Management has reviewed the application and determined that further information is needed. The lack of a registered office address and confirmation of nationality are critical areas that need to be addressed before reconsidering their application.
Nationality: Nationality not provided
Identification Number: REF-6298526",yes,yes,no,no,no,no,no,no,no,no,no,no,yes,PERSON; MEDICAL_LICENSE,MULTIPLE,2,2,easy,no,none,no,test,yes,openrouter_gpt4o_mini_field,field_llm_v1,no,,,v2,Synthetic document generated for controlled PII training data.,"[{'type': 'PERSON', 'value': 'James Carroll', 'confidence': 0.85, 'source': 'presidio', 'start': 108, 'end': 121}, {'type': 'MEDICAL_LICENSE', 'value': 'Medical ID', 'confidence': 0.9, 'source': 'custom_regex', 'start': 157, 'end': 167}, {'type': 'MEDICAL_LICENSE', 'value': 'Medical ID', 'confidence': 0.9, 'source': 'custom_regex', 'start': 407, 'end': 417}]","{'PERSON': 0.85, 'MEDICAL_LICENSE': 0.9}","['MEDICAL_LICENSE', 'PERSON']",['MEDICAL_LICENSE'],['PERSON'],True,True,True,local_pii,strong_pii_detected,False,20260909_112021,rule_based,local,rules,regex_presidio_fusion_v1,not_applicable,rules,True
SYN-SUPPLIER_ONBOARDING-0127,synthetic_supplier_onboarding_0127.txt,form,supplier_onboarding,de,synthetic_generation,,,synthetic,2026-08-28,2026-08-28,2026-08-28,0,"Lieferantenaufnahme

Unternehmen: Lieferantenorganisation
Adresse: Geschäftsadresse nicht angegeben
Kontakt: Serviceteam
Steuernummer: REF-9047879
Certification: ISO 27001
Risk Level: High
Zahlungsdaten: Zahlungsbedingungen hinterlegt
Prüfer: Supplier Management
Kommentare: Die Lieferantenorganisation erfüllt alle erforderlichen Kriterien gemäß den Compliance-Anforderungen und hat eine hohe Risikobewertung, die regelmäßig überprüft wird.
Genehmigung: Approved
Notizen: Die Zahlungsbedingungen sind hinterlegt, und die ISO 27001-Zertifizierung gewährleistet die Einhaltung von Sicherheitsstandards. Eine weitere Überprüfung der Risikoeinstufung wird in sechs Monaten empfohlen.
Nationalität: Nationalität nicht angegeben
Ausweisnummer: REF-3345988",no,no,no,no,no,no,no,no,no,no,no,no,no,,NONE,0,0,easy,no,none,no,test,yes,openrouter_gpt4o_mini_field,field_llm_v1,no,,,v2,Synthetic document generated for controlled PII training data.,[],{},[],[],[],False,False,True,local_non_pii,no_meaningful_signal,False,20260909_112021,rule_based,local,rules,regex_presidio_fusion_v1,not_applicable,rules,False
SYN-SUPPLIER_ONBOARDING-0136,synthetic_supplier_onboarding_0136.txt,form,supplier_onboarding,de,synthetic_generation,,,synthetic,2026-08-28,2026-08-28,2026-08-28,0,"Lieferantenaufnahme

Unternehmen: Lieferantenorganisation
Adresse: Angaben zum Geschäftssitz ausstehend
Kontakt: Zentrale Kontaktstelle
Steuernummer: REF-3345988
Certification: Environmental Compliance
Risk Level: Medium
Zahlungsdaten: Standardmäßiger geschäftlicher Zahlungsprozess
Prüfer: Procurement Team
Kommentare: Die Lieferantenorganisation hat alle erforderlichen Dokumente zur Umweltzertifizierung vorgelegt. Der aktuelle Risikolevel wurde als mittel eingestuft, was eine Überprüfung der finanziellen Stabilität und der bisherigen Leistungen erfordert. Die zentrale Kontaktstelle steht für Rückfragen zur Verfügung.
Genehmigung: Approved
Notizen: Die Angaben zum Geschäftssitz sind noch ausstehend und sollten zeitnah beigefügt werden. Es ist wichtig, die Nationalität des Lieferanten zu klären, um mögliche rechtliche Anforderungen zu erfüllen. Der genehmigte Zahlungsprozess sollte regelmäßig überprüft werden, um sicherzustellen, dass alle Zahlungen fristgerecht erfolgen.
Nationalität: Nationalität nicht angegeben
Ausweisnummer: REF-8423845",no,no,no,no,no,no,no,no,no,no,no,no,no,,NONE,0,0,easy,no,none,no,test,yes,openrouter_gpt4o_mini_field,field_llm_v1,no,,,v2,Synthetic document generated for controlled PII training data.,[],{},[],[],[],False,False,True,local_non_pii,no_meaningful_signal,False,20260909_112021,rule_based,local,rules,regex_presidio_fusion_v1,not_applicable,rules,False
SYN-SUPPLIER_ONBOARDING-0141,synthetic_supplier_onboarding_0141.txt,form,supplier_onboarding,de,synthetic_generation,,,synthetic,2026-08-28,2026-08-28,2026-08-28,0,"Lieferantenaufnahme

Unternehmen: Geschäftspartner
Adresse: Angaben zum Geschäftssitz ausstehend
Kontakt: Jeanette Conradi
Steuernummer: REF-9902045
Certification: Approbationsnummer 2579415
Risk Level: Low
Zahlungsdaten: Zahlungsbedingungen hinterlegt
Prüfer: Compliance Team
Kommentare: Die Entscheidung zur Ablehnung basiert auf unzureichenden Informationen über die Nationalität des Geschäftspartners sowie auf fehlenden Angaben zum Geschäftssitz. Diese Punkte müssen vor einer erneuten Prüfung geklärt werden.
Genehmigung: Rejected
Notizen: Das Compliance Team hat die Unterlagen eingehend geprüft. Es wurde festgestellt, dass die Approbationsnummer 2579415 zwar vorhanden ist, jedoch fehlen wichtige Details, um die Anforderungen für die Genehmigung zu erfüllen. Bitte sicherstellen, dass Jeanette Conradi die notwendigen Informationen bereitstellt.
Nationalität: Nationalität nicht angegeben
Ausweisnummer: REF-3492070",yes,yes,no,no,no,no,no,no,no,no,no,no,yes,PERSON; MEDICAL_LICENSE,MULTIPLE,2,2,easy,no,none,no,test,yes,openrouter_gpt4o_mini_field,field_llm_v1,no,,,v2,Synthetic document generated for controlled PII training data.,"[{'type': 'PERSON', 'value': 'Jeanette Conradi', 'confidence': 0.85, 'source': 'presidio', 'start': 106, 'end': 122}, {'type': 'LOCATION', 'value': 'Approbationsnummer', 'confidence': 0.85, 'source': 'presidio', 'start': 636, 'end': 654}, {'type': 'PERSON', 'value': 'Jeanette Conradi', 'confidence': 0.85, 'source': 'presidio', 'start': 795, 'end': 811}, {'type': 'MEDICAL_LICENSE', 'value': 'Approbationsnummer', 'confidence': 0.9, 'source': 'custom_regex', 'start': 164, 'end': 182}, {'type': 'MEDICAL_LICENSE', 'value': 'Approbationsnummer', 'confidence': 0.9, 'source': 'custom_regex', 'start': 636, 'end': 654}]","{'PERSON': 0.85, 'LOCATION': 0.85, 'MEDICAL_LICENSE': 0.9}","['LOCATION', 'MEDICAL_LICENSE', 'PERSON']",['MEDICAL_LICENSE'],"['PERSON', 'LOCATION']",True,True,True,local_pii,strong_pii_detected,False,20260909_112021,rule_based,local,rules,regex_presidio_fusion_v1,not_applicable,rules,True
SYN-SUPPLIER_ONBOARDING-0147,synthetic_supplier_onboarding_0147.txt,form,supplier_onboarding,de,synthetic_generation,,,synthetic,2026-08-28,2026-08-28,2026-08-28,0,"Lieferantenaufnahme

Unternehmen: Lieferantenorganisation
Adresse: Angaben zum Geschäftssitz ausstehend
Kontakt: Zentrale Kontaktstelle
Steuernummer: REF-3123344
Certification: ISO 27001
Risk Level: Low
Zahlungsdaten: Zahlungsbedingungen hinterlegt
Prüfer: Supplier Management
Kommentare: Die Anfrage zur Registrierung wurde aufgrund unvollständiger Angaben abgelehnt. Bitte reichen Sie die erforderlichen Informationen nach.
Genehmigung: Rejected
Notizen: Die Nationalität des Lieferanten ist nicht angegeben, was die weitere Bearbeitung der Anfrage erschwert. Eine vollständige Klärung wird benötigt.
Nationalität: Nationalität nicht angegeben
Ausweisnummer: REF-1689545",no,no,no,no,no,no,no,no,no,no,no,no,no,,NONE,0,0,easy,no,none,no,test,yes,openrouter_gpt4o_mini_field,field_llm_v1,no,,,v2,Synthetic document generated for controlled PII training data.,[],{},[],[],[],False,False,True,local_non_pii,no_meaningful_signal,False,20260909_112021,rule_based,local,rules,regex_presidio_fusion_v1,not_applicable,rules,False
SYN-SUPPLIER_ONBOARDING-0153,synthetic_supplier_onboarding_0153.txt,form,supplier_onboarding,en,synthetic_generation,,,synthetic,2026-08-28,2026-08-28,2026-08-28,0,"Supplier Onboarding

Company: Vendor Organization
Address: Registered office information pending
Contact: Department Contact
Tax Id: REF-4054412
Certification: ISO 27001
Risk Level: High
Payment Details: Payment terms on file
Reviewer: Procurement Team
Comments: The application has been reviewed by the Procurement Team. Further clarification is required regarding risk mitigation strategies due to the high-risk level associated with this supplier.
Approval: Rejected
Notes: The supplier's ISO 27001 certification is noted, but additional documentation is necessary to support compliance. The approval status has been marked as rejected pending further assessment.
Nationality: Nationality not provided
Identification Number: REF-2197369",no,no,no,no,no,no,no,no,no,no,no,no,no,,NONE,0,0,easy,no,none,no,test,yes,openrouter_gpt4o_mini_field,field_llm_v1,no,,,v2,Synthetic document generated for controlled PII training data.,[],{},[],[],[],False,False,True,local_non_pii,no_meaningful_signal,False,20260909_112021,rule_based,local,rules,regex_presidio_fusion_v1,not_applicable,rules,False
SYN-SUPPLIER_ONBOARDING-0155,synthetic_supplier_onboarding_0155.txt,form,supplier_onboarding,en,synthetic_generation,,,synthetic,2026-08-28,2026-08-28,2026-08-28,0,"Supplier Onboarding

Company: Supplier Organization
Address: Business address not provided
Contact: Department Contact
Tax Id: REF-1411384
Certification: ISO 9001
Risk Level: Low
Payment Details: Standard corporate payment process
Reviewer: Supplier Management
Comments: The onboarding process for Supplier Organization has been streamlined to enhance efficiency. All necessary documentation, including the certification under ISO 9001, has been successfully verified. The low-risk assessment aligns with our standards, ensuring a smooth transition into our supply chain.
Approval: Approved
Notes: During the review by Supplier Management, it was noted that the payment details follow the standard corporate payment process, which should facilitate timely transactions. Further discussions may be needed regarding the lack of a business address, as it could impact logistics planning.
Nationality: Nationality information unavailable
Identification Number: REF-8619454",no,no,no,no,no,no,no,no,no,no,no,no,no,,NONE,0,0,easy,no,none,no,test,yes,openrouter_gpt4o_mini_field,field_llm_v1,no,,,v2,Synthetic document generated for controlled PII training data.,[],{},[],[],[],False,False,True,local_non_pii,no_meaningful_signal,False,20260909_112021,rule_based,local,rules,regex_presidio_fusion_v1,not_applicable,rules,False
SYN-SUPPLIER_ONBOARDING-0176,synthetic_supplier_onboarding_0176.txt,form,supplier_onboarding,de,synthetic_generation,,,synthetic,2026-08-28,2026-08-28,2026-08-28,0,"Lieferantenaufnahme

Unternehmen: Lieferantenorganisation
Adresse: Angaben zum Geschäftssitz ausstehend
Kontakt: Zentrale Kontaktstelle
Steuernummer: REF-6118653
Certification: Supplier Code of Conduct
Risk Level: Medium
Zahlungsdaten: Zahlungsbedingungen hinterlegt
Prüfer: Supplier Management
Kommentare: Die eingereichten Dokumente entsprechen nicht den Anforderungen des Supplier Code of Conduct.
Genehmigung: Rejected
Notizen: Die Nationalität wurde nicht angegeben, was für die weitere Bearbeitung erforderlich ist. Eine Überprüfung der Zahlungsbedingungen ist notwendig.
Nationalität: Nationalität nicht angegeben
Ausweisnummer: REF-9677374",no,no,no,no,no,no,no,no,no,no,no,no,no,,NONE,0,0,easy,no,none,no,test,yes,openrouter_gpt4o_mini_field,field_llm_v1,no,,,v2,Synthetic document generated for controlled PII training data.,[],{},[],[],[],False,False,True,local_non_pii,no_meaningful_signal,False,20260909_112021,rule_based,local,rules,regex_presidio_fusion_v1,not_applicable,rules,False
SYN-SUPPLIER_ONBOARDING-0187,synthetic_supplier_onboarding_0187.txt,form,supplier_onboarding,de,synthetic_generation,,,synthetic,2026-08-28,2026-08-28,2026-08-28,0,"Lieferantenaufnahme

Unternehmen: Anbieterorganisation
Adresse: Angaben zum Geschäftssitz ausstehend
Kontakt: Abteilungskontakt
Steuernummer: REF-6842310
Certification: ISO 27001
Risk Level: High
Zahlungsdaten: Standardmäßiger geschäftlicher Zahlungsprozess
Prüfer: Procurement Team
Kommentare: Die Entscheidung zur Ablehnung basiert auf dem hohen Risikolevel, das aufgrund der unzureichenden Informationen zur Anbieterorganisation festgestellt wurde. Weitere Informationen zu den Sicherheitsprotokollen wären erforderlich gewesen, um eine positive Bewertung zu ermöglichen.
Genehmigung: Rejected
Notizen: Die Abteilungskontakt hat darauf hingewiesen, dass wichtige Dokumente zur Identifikation und zur Nationalität des Anbieters fehlen. Es wird empfohlen, die Anbieterorganisation in der Zukunft nochmals zu prüfen, sobald die erforderlichen Unterlagen vorgelegt werden können.
Nationalität: Angabe zur Nationalität nicht verfügbar
Ausweisnummer: REF-8700475",no,no,no,no,no,no,no,no,no,no,no,no,no,,NONE,0,0,easy,no,none,no,test,yes,openrouter_gpt4o_mini_field,field_llm_v1,no,,,v2,Synthetic document generated for controlled PII training data.,[],{},[],[],[],False,False,True,local_non_pii,no_meaningful_signal,False,20260909_112021,rule_based,local,rules,regex_presidio_fusion_v1,not_applicable,rules,False
SYN-SUPPLIER_ONBOARDING-0190,synthetic_supplier_onboarding_0190.txt,form,supplier_onboarding,en,synthetic_generation,,,synthetic,2026-08-28,2026-08-28,2026-08-28,0,"Supplier Onboarding

Company: Business Partner
Address: Business address not provided
Contact: Central Contact Point
Tax Id: REF-6676194
Certification: Medical ID 4699242
Risk Level: Medium
Payment Details: Standard corporate payment process
Reviewer: Morgan Snow
Comments: The onboarding process for Business Partner requires careful review due to the medium risk level associated with their profile. It is crucial to ensure that all compliance measures are being met before proceeding further. Morgan Snow will oversee the final assessment to confirm adherence to our standards.
Approval: Pending Review
Notes: The supplier has provided their Medical ID 4699242 as part of their certification documentation. This should be verified against our records to ensure accuracy. Additionally, any outstanding documentation related to their risk evaluation must be addressed prior to final approval, which is currently pending review.
Nationality: Nationality not provided
Identification Number: REF-9660116",yes,yes,no,no,no,no,no,no,no,no,no,no,yes,PERSON; MEDICAL_LICENSE,MULTIPLE,2,2,easy,no,none,no,test,yes,openrouter_gpt4o_mini_field,field_llm_v1,no,,,v2,Synthetic document generated for controlled PII training data.,"[{'type': 'PERSON', 'value': 'Morgan Snow', 'confidence': 0.85, 'source': 'presidio', 'start': 252, 'end': 263}, {'type': 'MEDICAL_LICENSE', 'value': 'Medical ID', 'confidence': 0.9, 'source': 'custom_regex', 'start': 152, 'end': 162}, {'type': 'MEDICAL_LICENSE', 'value': 'Medical ID', 'confidence': 0.9, 'source': 'custom_regex', 'start': 645, 'end': 655}]","{'PERSON': 0.85, 'MEDICAL_LICENSE': 0.9}","['MEDICAL_LICENSE', 'PERSON']",['MEDICAL_LICENSE'],['PERSON'],True,True,True,local_pii,strong_pii_detected,False,20260909_112021,rule_based,local,rules,regex_presidio_fusion_v1,not_applicable,rules,True
SYN-SUPPLIER_ONBOARDING-0195,synthetic_supplier_onboarding_0195.txt,form,supplier_onboarding,en,synthetic_generation,,,synthetic,2026-08-28,2026-08-28,2026-08-28,0,"Supplier Onboarding

Company: Business Partner
Address: Registered office information pending
Contact: Department Contact
Tax Id: REF-6856720
Certification: Supplier Code of Conduct
Risk Level: Medium
Payment Details: Payment terms on file
Reviewer: Supplier Management
Comments: No additional comments at this time.
Approval: Pending Review
Notes: Please ensure all documentation aligns with the Supplier Code of Conduct. Current approval status is Pending Review.
Nationality: Nationality information unavailable
Identification Number: REF-2971917",no,no,no,no,no,no,no,no,no,no,no,no,no,,NONE,0,0,easy,no,none,no,test,yes,openrouter_gpt4o_mini_field,field_llm_v1,no,,,v2,Synthetic document generated for controlled PII training data.,[],{},[],[],[],False,False,True,local_non_pii,no_meaningful_signal,False,20260909_112021,rule_based,local,rules,regex_presidio_fusion_v1,not_applicable,rules,False
SYN-SUPPLIER_ONBOARDING-0199,synthetic_supplier_onboarding_0199.txt,form,supplier_onboarding,en,synthetic_generation,,,synthetic,2026-08-28,2026-08-28,2026-08-28,0,"Supplier Onboarding

Company: Business Partner
Address: Registered office information pending
Contact: Department Contact
Tax Id: REF-9660116
Certification: ISO 9001
Risk Level: Medium
Payment Details: Standard corporate payment process
Reviewer: Compliance Team
Comments: Supplier onboarding is in process. Ensure all compliance checks are completed before proceeding further.
Approval: Pending Review
Notes: Awaiting confirmation of registered office information. Compliance Team to review documentation once submitted.
Nationality: Nationality not provided
Identification Number: REF-2233838",no,no,no,no,no,no,no,no,no,no,no,no,no,,NONE,0,0,easy,no,none,no,test,yes,openrouter_gpt4o_mini_field,field_llm_v1,no,,,v2,Synthetic document generated for controlled PII training data.,[],{},[],[],[],False,False,True,local_non_pii,no_meaningful_signal,False,20260909_112021,rule_based,local,rules,regex_presidio_fusion_v1,not_applicable,rules,False
SYN-SUPPLIER_ONBOARDING-0203,synthetic_supplier_onboarding_0203.txt,form,supplier_onboarding,de,synthetic_generation,,,synthetic,2026-08-28,2026-08-28,2026-08-28,0,"Lieferantenaufnahme

Unternehmen: Lieferantenorganisation
Adresse: Angaben zum Geschäftssitz ausstehend
Kontakt: Serviceteam
Steuernummer: REF-6666523
Certification: ISO 9001
Risk Level: Medium
Zahlungsdaten: Zahlungsbedingungen hinterlegt
Prüfer: Procurement Team
Kommentare: Die Entscheidung zur Ablehnung wurde getroffen, nachdem die erforderlichen Unterlagen für die Nationalität nicht vorgelegt wurden. Dies könnte die Einschätzung des Risikopotenzials beeinflussen, da die Nationalität bei der Risikobewertung von Lieferanten eine Rolle spielt.
Genehmigung: Rejected
Notizen: Das Procurement Team hat während des Überprüfungsprozesses festgestellt, dass die Zertifizierung nach ISO 9001 vorhanden ist, jedoch zusätzliche Informationen über den Geschäftssitz und die Nationalität fehlen. Es wird empfohlen, die ausstehenden Angaben zeitnah anzufordern, um den Onboarding-Prozess gegebenenfalls wieder aufzunehmen.
Nationalität: Nationalität nicht angegeben
Ausweisnummer: REF-3943906",no,no,no,no,no,no,no,no,no,no,no,no,no,,NONE,0,0,easy,no,none,no,test,yes,openrouter_gpt4o_mini_field,field_llm_v1,no,,,v2,Synthetic document generated for controlled PII training data.,[],{},[],[],[],False,False,True,local_non_pii,no_meaningful_signal,False,20260909_112021,rule_based,local,rules,regex_presidio_fusion_v1,not_applicable,rules,False
SYN-SUPPLIER_ONBOARDING-0221,synthetic_supplier_onboarding_0221.txt,form,supplier_onboarding,en,synthetic_generation,,,synthetic,2026-08-28,2026-08-28,2026-08-28,0,"Supplier Onboarding

Company: Vendor Organization
Address: Business address not provided
Contact: Central Contact Point
Tax Id: REF-6536235
Certification: Supplier Code of Conduct
Risk Level: High
Payment Details: Payment terms on file
Reviewer: Procurement Team
Comments: Supplier Organization has met all onboarding requirements as per the Supplier Code of Conduct. Compliance documentation reviewed by the Procurement Team indicates adherence to standards despite the high risk level.
Approval: Approved
Notes: Further evaluation may be necessary to address the high risk level associated with Vendor Organization. Continuous monitoring is recommended to ensure ongoing compliance with payment terms on file.
Nationality: Nationality not provided
Identification Number: REF-1680850",no,no,no,no,no,no,no,no,no,no,no,no,no,,NONE,0,0,easy,no,none,no,test,yes,openrouter_gpt4o_mini_field,field_llm_v1,no,,,v2,Synthetic document generated for controlled PII training data.,"[{'type': 'PHONE_NUMBER', 'value': '1680850', 'confidence': 0.75, 'source': 'presidio', 'start': 777, 'end': 784}]",{'PHONE_NUMBER': 0.75},['PHONE_NUMBER'],['PHONE_NUMBER'],[],True,True,True,local_pii,strong_pii_detected,False,20260909_112021,rule_based,local,rules,regex_presidio_fusion_v1,not_applicable,rules,True
SYN-SUPPLIER_ONBOARDING-0227,synthetic_supplier_onboarding_0227.txt,form,supplier_onboarding,de,synthetic_generation,,,synthetic,2026-08-28,2026-08-28,2026-08-28,0,"Lieferantenaufnahme

Unternehmen: Lieferantenorganisation
Adresse: Geschäftsadresse nicht angegeben
Kontakt: Saban Heydrich
Steuernummer: REF-1126006
Certification: Supplier Code of Conduct
Risk Level: Low
Zahlungsdaten: Zahlungsbedingungen hinterlegt
Prüfer: Procurement Team
Kommentare: Die Überprüfung der Lieferantenorganisation verlief reibungslos. Saban Heydrich hat alle erforderlichen Unterlagen eingereicht und die Einhaltung des Supplier Code of Conduct bestätigt. Die Risikobewertung wurde als niedrig eingestuft, was positiv für die zukünftige Zusammenarbeit ist.
Genehmigung: Approved
Notizen: Die Zahlungsbedingungen wurden erfolgreich hinterlegt. Es wird empfohlen, regelmäßig den Kontakt zu Saban Heydrich aufrechtzuerhalten, um mögliche zukünftige Herausforderungen frühzeitig zu erkennen und zu adressieren. Die dänische Herkunft des Unternehmens könnte auch potenzielle Vorteile in der Zusammenarbeit mit skandinavischen Märkten bieten.
Nationalität: dänisch
Ausweisnummer: REF-8610916",yes,yes,no,no,no,no,no,no,yes,no,no,no,no,PERSON; NRP,MULTIPLE,2,2,easy,no,none,no,test,yes,openrouter_gpt4o_mini_field,field_llm_v1,no,,,v2,Synthetic document generated for controlled PII training data.,"[{'type': 'PERSON', 'value': 'Saban Heydrich', 'confidence': 0.85, 'source': 'presidio', 'start': 109, 'end': 123}, {'type': 'PERSON', 'value': 'Saban Heydrich', 'confidence': 0.85, 'source': 'presidio', 'start': 354, 'end': 368}, {'type': 'PERSON', 'value': 'Saban Heydrich', 'confidence': 0.85, 'source': 'presidio', 'start': 707, 'end': 721}, {'type': 'NRP', 'value': 'dänisch', 'confidence': 0.9, 'source': 'custom_regex', 'start': 970, 'end': 977}]","{'PERSON': 0.85, 'NRP': 0.9}","['NRP', 'PERSON']",[],"['PERSON', 'NRP']",False,True,True,low_cost_llm,potential_pii_evidence,True,20260909_112021,rule_based,local,rules,regex_presidio_fusion_v1,not_applicable,rules,False
SYN-SUPPLIER_ONBOARDING-0230,synthetic_supplier_onboarding_0230.txt,form,supplier_onboarding,de,synthetic_generation,,,synthetic,2026-08-28,2026-08-28,2026-08-28,0,"Lieferantenaufnahme

Unternehmen: Lieferantenorganisation
Adresse: Angaben zum Geschäftssitz ausstehend
Kontakt: Tilman Kuhl (seifertsimon@example.org)
Steuernummer: REF-1680850
Certification: ISO 9001
Risk Level: Medium
Zahlungsdaten: Zahlungsbedingungen hinterlegt
Prüfer: Compliance Team
Kommentare: Bitte beachten Sie, dass die Zahlungsbedingungen bereits hinterlegt sind und eine Überprüfung der Nationalität noch aussteht.
Genehmigung: Pending Review
Notizen: Die Risikobewertung wurde auf mittel eingestuft. Für weitere Informationen kontaktieren Sie Tilman Kuhl unter seifertsimon@example.org.
Nationalität: Angabe zur Nationalität nicht verfügbar
Ausweisnummer: REF-5162802",yes,yes,yes,no,no,no,no,no,no,no,no,no,no,PERSON; EMAIL_ADDRESS,MULTIPLE,2,2,easy,no,none,no,test,yes,openrouter_gpt4o_mini_field,field_llm_v1,no,,,v2,Synthetic document generated for controlled PII training data.,"[{'type': 'EMAIL_ADDRESS', 'value': 'seifertsimon@example.org', 'confidence': 1.0, 'source': 'presidio', 'start': 126, 'end': 150}, {'type': 'EMAIL_ADDRESS', 'value': 'seifertsimon@example.org', 'confidence': 1.0, 'source': 'presidio', 'start': 576, 'end': 600}, {'type': 'PERSON', 'value': 'Tilman Kuhl', 'confidence': 0.85, 'source': 'presidio', 'start': 113, 'end': 124}, {'type': 'PERSON', 'value': 'Tilman Kuhl', 'confidence': 0.85, 'source': 'presidio', 'start': 558, 'end': 569}, {'type': 'URL', 'value': 'example.org', 'confidence': 0.5, 'source': 'presidio', 'start': 139, 'end': 150}, {'type': 'URL', 'value': 'example.org', 'confidence': 0.5, 'source': 'presidio', 'start': 589, 'end': 600}, {'type': 'EMAIL_ADDRESS', 'value': 'seifertsimon@example.org', 'confidence': 0.9, 'source': 'custom_regex', 'start': 126, 'end': 150}, {'type': 'EMAIL_ADDRESS', 'value': 'seifertsimon@example.org', 'confidence': 0.9, 'source': 'custom_regex', 'start': 576, 'end': 600}]","{'EMAIL_ADDRESS': 1.0, 'PERSON': 0.85, 'URL': 0.5}","['EMAIL_ADDRESS', 'PERSON', 'URL']",['EMAIL_ADDRESS'],"['PERSON', 'URL']",True,True,True,local_pii,strong_pii_detected,False,20260909_112021,rule_based,local,rules,regex_presidio_fusion_v1,not_applicable,rules,True
SYN-SUPPLIER_ONBOARDING-0236,synthetic_supplier_onboarding_0236.txt,form,supplier_onboarding,de,synthetic_generation,,,synthetic,2026-08-28,2026-08-28,2026-08-28,0,"Lieferantenaufnahme

Unternehmen: Lieferantenorganisation
Adresse: Angaben zum Geschäftssitz ausstehend
Kontakt: Serviceteam
Steuernummer: REF-8610916
Certification: Supplier Code of Conduct
Risk Level: High
Zahlungsdaten: Zahlungsbedingungen hinterlegt
Prüfer: Compliance Team
Kommentare: Die Überprüfung der Lieferantenorganisation hat ergeben, dass alle wesentlichen Dokumente eingereicht wurden. Allerdings fehlen noch einige Informationen zum Geschäftssitz, die dringend benötigt werden, um den Onboarding-Prozess abzuschließen.
Genehmigung: Approved
Notizen: Das Compliance Team hat den hohen Risikograd der Lieferantenorganisation zur Kenntnis genommen. Weitere Prüfungen sind erforderlich, um sicherzustellen, dass die Anforderungen des Supplier Code of Conduct vollständig erfüllt werden. Eine regelmäßige Überwachung wird empfohlen.
Nationalität: Nationalität nicht angegeben
Ausweisnummer: REF-7862760",no,no,no,no,no,no,no,no,no,no,no,no,no,,NONE,0,0,easy,no,none,no,test,yes,openrouter_gpt4o_mini_field,field_llm_v1,no,,,v2,Synthetic document generated for controlled PII training data.,[],{},[],[],[],False,False,True,local_non_pii,no_meaningful_signal,False,20260909_112021,rule_based,local,rules,regex_presidio_fusion_v1,not_applicable,rules,False
SYN-SUPPLIER_ONBOARDING-0243,synthetic_supplier_onboarding_0243.txt,form,supplier_onboarding,en,synthetic_generation,,,synthetic,2026-08-28,2026-08-28,2026-08-28,0,"Supplier Onboarding

Company: Business Partner
Address: Registered office information pending
Contact: Department Contact
Tax Id: REF-4166118
Certification: ISO 9001
Risk Level: High
Payment Details: Standard corporate payment process
Reviewer: Supplier Management
Comments: The onboarding process for Business Partner has been comprehensive, ensuring all necessary documentation is collected and reviewed. The high-risk level associated with this supplier requires careful monitoring moving forward.
Approval: Approved
Notes: Supplier Management has confirmed that the ISO 9001 certification is valid and up to date. Further investigation into the registered office information is ongoing, and updates will be provided as available.
Nationality: Nationality information unavailable
Identification Number: REF-1435590",no,no,no,no,no,no,no,no,no,no,no,no,no,,NONE,0,0,easy,no,none,no,test,yes,openrouter_gpt4o_mini_field,field_llm_v1,no,,,v2,Synthetic document generated for controlled PII training data.,[],{},[],[],[],False,False,True,local_non_pii,no_meaningful_signal,False,20260909_112021,rule_based,local,rules,regex_presidio_fusion_v1,not_applicable,rules,False
SYN-SUPPLIER_ONBOARDING-0244,synthetic_supplier_onboarding_0244.txt,form,supplier_onboarding,en,synthetic_generation,,,synthetic,2026-08-28,2026-08-28,2026-08-28,0,"Supplier Onboarding

Company: Business Partner
Address: Business address not provided
Contact: Department Contact
Tax Id: REF-2879744
Certification: Supplier Code of Conduct
Risk Level: High
Payment Details: Standard corporate payment process
Reviewer: Supplier Management
Comments: The supplier onboarding process for Business Partner has been initiated. We will monitor compliance with the Supplier Code of Conduct closely due to the identified high risk level. Regular audits are recommended to ensure adherence to our standards.
Approval: Approved
Notes: It is crucial that the Supplier Management team reviews the payment details and ensures that the standard corporate payment process aligns with our internal financial policies. Further evaluations will be conducted periodically to assess any shifts in risk level.
Nationality: Nationality not provided
Identification Number: REF-3210279",no,no,no,no,no,no,no,no,no,no,no,no,no,,NONE,0,0,easy,no,none,no,test,yes,openrouter_gpt4o_mini_field,field_llm_v1,no,,,v2,Synthetic document generated for controlled PII training data.,[],{},[],[],[],False,False,True,local_non_pii,no_meaningful_signal,False,20260909_112021,rule_based,local,rules,regex_presidio_fusion_v1,not_applicable,rules,False
SYN-SUPPLIER_ONBOARDING-0245,synthetic_supplier_onboarding_0245.txt,form,supplier_onboarding,en,synthetic_generation,,,synthetic,2026-08-28,2026-08-28,2026-08-28,0,"Supplier Onboarding

Company: Supplier Organization
Address: Business address not provided
Contact: Department Contact
Tax Id: REF-7862760
Certification: Supplier Code of Conduct
Risk Level: High
Payment Details: Payment terms on file
Reviewer: Procurement Team
Comments: Supplier Organization has not provided sufficient documentation to mitigate the high risk level associated with their onboarding. Further verification required.
Approval: Rejected
Notes: The Procurement Team notes that the approval status is currently rejected due to non-compliance with the Supplier Code of Conduct. Additional information may be required to reconsider this application.
Nationality: Nationality not provided
Identification Number: REF-5807641",no,no,no,no,no,no,no,no,no,no,no,no,no,,NONE,0,0,easy,no,none,no,test,yes,openrouter_gpt4o_mini_field,field_llm_v1,no,,,v2,Synthetic document generated for controlled PII training data.,[],{},[],[],[],False,False,True,local_non_pii,no_meaningful_signal,False,20260909_112021,rule_based,local,rules,regex_presidio_fusion_v1,not_applicable,rules,False
SYN-TRAINING_EVALUATION-0001,synthetic_training_evaluation_0001.txt,form,training_evaluation,en,synthetic_generation,,,synthetic,2026-08-28,2026-08-28,2026-08-28,0,"Training Evaluation

Participant: Participant details not provided
Contact: Service Team
Course: Data Protection Essentials
Date: 2026-08-05
Content: The training session on Data Protection Essentials conducted on 2026-08-05 provided a comprehensive overview of key data protection principles. However, participants expressed a need for more interactive elements such as case studies and real-life scenarios to enhance understanding and retention of the material. Additionally, incorporating group discussions could facilitate deeper engagement with the content.
Trainer: External Training Provider
Material: Needs Improvement
Comments: Feedback from the participants indicated that while the foundational concepts were covered adequately, the delivery could benefit from a more dynamic approach. Participants suggested that incorporating more hands-on activities could improve their learning experience. They felt that the current format was somewhat passive, which might not cater to all learning styles effectively.
Recommendation: It is recommended that future sessions of the Data Protection Essentials course include more interactive components, such as practical exercises, group discussions, and real-life scenario analyses. This would not only enhance participant engagement but also reinforce the application of data protection concepts in practical settings. Consider gathering participant input on specific topics of interest prior to the training to tailor the content more effectively.",no,no,no,no,no,no,no,no,no,no,no,no,no,,NONE,0,0,easy,no,none,no,test,yes,openrouter_gpt4o_mini_field,field_llm_v1,no,,,v2,Synthetic document generated for controlled PII training data.,[],{},[],[],[],False,False,False,local_non_pii,no_meaningful_signal,False,20260909_112021,rule_based,local,rules,regex_presidio_fusion_v1,not_applicable,rules,False
SYN-TRAINING_EVALUATION-0002,synthetic_training_evaluation_0002.txt,form,training_evaluation,de,synthetic_generation,,,synthetic,2026-08-28,2026-08-28,2026-08-28,0,"Schulungsbewertung

Teilnehmer: Anonyme teilnehmende Person
Kontakt: Abteilungskontakt
Kurs: Leadership Development
Datum: 2027-08-26
Inhalt: Die Teilnahme an dem Leadership Development Kurs am 26. August 2027 war insgesamt eine wertvolle Erfahrung. Die vermittelten Konzepte zur Führung und Teamentwicklung bieten eine solide Grundlage. Besonders hervorzuheben ist die praxisnahe Anwendung der Inhalte, die es den Teilnehmenden ermöglicht, das Gelernte direkt in ihre tägliche Arbeit zu integrieren. Dennoch gab es Bereiche, in denen das Material als verbesserungswürdig erachtet wurde. Einige Teilnehmende äußerten, dass die Beispiele nicht immer auf ihre spezifischen Herausforderungen zugeschnitten waren, was die Relevanz beeinträchtigte.
Trainer: Learning and Development
Material: Needs Improvement
Kommentare: Die Rückmeldungen der Teilnehmenden sind überwiegend positiv, insbesondere in Bezug auf die Interaktivität der Sessions und die Kompetenz des Trainers aus der Abteilung Learning and Development. Es wurde jedoch angemerkt, dass mehr individuelle Fallstudien integriert werden sollten, um die unterschiedlichen Branchen und Unternehmensgrößen der Teilnehmenden besser zu reflektieren. Die Anonymität der teilnehmenden Personen wurde gewahrt, was eine offene Diskussion förderte.
Empfehlung: Es wird empfohlen, das Kursmaterial weiter zu verfeinern, indem spezifischere Fallstudien und Beispiele aus verschiedenen Branchen aufgenommen werden. Zudem könnte eine Umfrage vor dem Kurs helfen, die spezifischen Bedürfnisse der Teilnehmenden besser zu erfassen. Dies würde die Relevanz und den praktischen Nutzen des Leadership Development Kurses erhöhen und die Teilnehmenden noch engagierter machen.",no,no,no,no,no,no,no,no,no,no,no,no,no,,NONE,0,0,easy,no,none,no,test,yes,openrouter_gpt4o_mini_field,field_llm_v1,no,,,v2,Synthetic document generated for controlled PII training data.,[],{},[],[],[],False,False,False,local_non_pii,no_meaningful_signal,False,20260909_112021,rule_based,local,rules,regex_presidio_fusion_v1,not_applicable,rules,False
SYN-TRAINING_EVALUATION-0005,synthetic_training_evaluation_0005.txt,form,training_evaluation,en,synthetic_generation,,,synthetic,2026-08-28,2026-08-28,2026-08-28,0,"Training Evaluation

Participant: Participant details not provided
Contact: Central Contact Point
Course: Leadership Development
Date: 2026-10-22
Content: The Leadership Development course provided essential insights into effective team management and strategic decision-making. Participants appreciated the interactive sessions and case studies that facilitated practical learning. However, some expressed a need for more in-depth discussions on conflict resolution strategies.
Trainer: Internal Training Team
Material: Needs Improvement
Comments: Overall, the feedback from participants was positive, highlighting the engaging training style of the Internal Training Team. Some participants noted that the material could benefit from updated examples relevant to current industry challenges, as the existing material appears outdated.
Recommendation: It is recommended that the Internal Training Team revise the course material to include more contemporary case studies and examples. Additionally, incorporating a dedicated module on conflict resolution could enhance the overall effectiveness of the Leadership Development course.",no,no,no,no,no,no,no,no,no,no,no,no,no,,NONE,0,0,easy,no,none,no,test,yes,openrouter_gpt4o_mini_field,field_llm_v1,no,,,v2,Synthetic document generated for controlled PII training data.,[],{},[],[],[],False,False,False,local_non_pii,no_meaningful_signal,False,20260909_112021,rule_based,local,rules,regex_presidio_fusion_v1,not_applicable,rules,False
SYN-TRAINING_EVALUATION-0008,synthetic_training_evaluation_0008.txt,form,training_evaluation,en,synthetic_generation,,,synthetic,2026-08-28,2026-08-28,2026-08-28,0,"Training Evaluation

Participant: Evaluation respondent
Contact: Department Contact
Course: Project Management Fundamentals
Date: 2027-08-20
Content: The course 'Project Management Fundamentals' provided a comprehensive overview of essential project management principles. The training covered key concepts such as project scope, time management, and risk assessment effectively. The use of real-world case studies facilitated a deeper understanding of the material and allowed participants to engage in practical application of the concepts. Overall, the course was well-structured and paced appropriately, catering to both novice and experienced project managers.
Trainer: External Training Provider
Material: Satisfactory
Comments: Participants expressed appreciation for the interactive nature of the sessions and the expertise of the trainer from the External Training Provider. The feedback indicated that the course met expectations and provided valuable insights. However, some participants suggested that more time could be allocated for group discussions to enhance collaborative learning. This could foster greater engagement and knowledge sharing among attendees.
Recommendation: To build on the positive feedback received, it is recommended that future iterations of the 'Project Management Fundamentals' course include additional interactive elements, such as breakout sessions for group discussions. Furthermore, incorporating more hands-on exercises related to specific project management tools could significantly enhance the learning experience. Continuing to solicit participant feedback after each session will also be beneficial in refining the course content and delivery.",no,no,no,no,no,no,no,no,no,no,no,no,no,,NONE,0,0,easy,no,none,no,test,yes,openrouter_gpt4o_mini_field,field_llm_v1,no,,,v2,Synthetic document generated for controlled PII training data.,[],{},[],[],[],False,False,False,local_non_pii,no_meaningful_signal,False,20260909_112021,rule_based,local,rules,regex_presidio_fusion_v1,not_applicable,rules,False
SYN-TRAINING_EVALUATION-0017,synthetic_training_evaluation_0017.txt,form,training_evaluation,en,synthetic_generation,,,synthetic,2026-08-28,2026-08-28,2026-08-28,0,"Training Evaluation

Participant: Anonymous participant
Contact: Central Contact Point
Course: Leadership Development
Date: 2025-11-18
Content: The Leadership Development course provided insightful strategies for effective team management and decision-making. Participants appreciated the practical exercises that encouraged collaboration and critical thinking. The balance between theory and practice was particularly beneficial.
Trainer: Internal Training Team
Material: Satisfactory
Comments: Overall, the course received positive feedback for its engaging format and relevant content. Participants felt that the trainer was knowledgeable and approachable, fostering a supportive learning environment. However, a few suggested more time for Q&A sessions to clarify complex topics.
Recommendation: To enhance future sessions, consider incorporating more case studies related to real-world leadership challenges. Additionally, extending the duration for group discussions could further enrich participant engagement and understanding.",no,no,no,no,no,no,no,no,no,no,no,no,no,,NONE,0,0,easy,no,none,no,test,yes,openrouter_gpt4o_mini_field,field_llm_v1,no,,,v2,Synthetic document generated for controlled PII training data.,[],{},[],[],[],False,False,False,local_non_pii,no_meaningful_signal,False,20260909_112021,rule_based,local,rules,regex_presidio_fusion_v1,not_applicable,rules,False
SYN-TRAINING_EVALUATION-0023,synthetic_training_evaluation_0023.txt,form,training_evaluation,de,synthetic_generation,,,synthetic,2026-08-28,2026-08-28,2026-08-28,0,"Schulungsbewertung

Teilnehmer: Bewertungsteilnehmende Person
Kontakt: Serviceteam
Kurs: Project Management Fundamentals
Datum: 2027-02-12
Inhalt: Die Schulung zu den Grundlagen des Projektmanagements bot einen umfassenden Überblick über essentielle Konzepte. Die Teilnehmer schätzten die praxisnahen Beispiele, die direkt auf ihre Projekte anwendbar waren. Zudem wurde die Interaktivität der Sessions positiv hervorgehoben, was zu einem engagierten Austausch führte.
Trainer: External Training Provider
Material: Satisfactory
Kommentare: Die Teilnehmer fanden die Schulungsunterlagen zufriedenstellend und gut strukturiert. Einige wünschten sich jedoch mehr tiefgehende Fallstudien, um komplexere Themen besser zu verstehen. Die allgemeine Trainerkompetenz wurde als sehr hoch bewertet.
Empfehlung: Es wird empfohlen, zukünftige Schulungen um spezifischere Fallstudien zu erweitern und eventuell einen Follow-up-Workshop anzubieten, um die erlernten Inhalte praktisch anzuwenden und zu vertiefen.",no,no,no,no,no,no,no,no,no,no,no,no,no,,NONE,0,0,easy,no,none,no,test,yes,openrouter_gpt4o_mini_field,field_llm_v1,no,,,v2,Synthetic document generated for controlled PII training data.,[],{},[],[],[],False,False,False,local_non_pii,no_meaningful_signal,False,20260909_112021,rule_based,local,rules,regex_presidio_fusion_v1,not_applicable,rules,False
SYN-TRAINING_EVALUATION-0033,synthetic_training_evaluation_0033.txt,form,training_evaluation,en,synthetic_generation,,,synthetic,2026-08-28,2026-08-28,2026-08-28,0,"Training Evaluation

Participant: Anonymous participant
Contact: Service Team
Course: Project Management Fundamentals
Date: 2026-02-14
Content: The 'Project Management Fundamentals' course delivered on 2026-02-14 was well-structured and provided participants with a comprehensive understanding of essential project management concepts. The material was rated as 'Very Good', indicating that it met the expectations of the attendees, which suggests that the course content was engaging and relevant. Participants appreciated the interactive elements and real-world examples integrated into the training sessions, which enhanced their learning experience.
Trainer: Learning and Development
Material: Very Good
Comments: Overall, the feedback from the Anonymous participant was positive, highlighting the effectiveness of the trainer from Learning and Development. The clarity of the presentations and the ability to address questions in real-time were particularly noted. However, there were suggestions for incorporating more case studies or practical exercises to further deepen the understanding of project management scenarios.
Recommendation: To enhance future sessions of the 'Project Management Fundamentals' course, it is recommended to include additional practical exercises and case studies. This could provide participants with more hands-on experience, allowing them to apply the concepts learned in a controlled environment. Additionally, consider collecting more detailed feedback from participants to identify specific areas for improvement, which can help in refining the course further.",no,no,no,no,no,no,no,no,no,no,no,no,no,,NONE,0,0,easy,no,none,no,test,yes,openrouter_gpt4o_mini_field,field_llm_v1,no,,,v2,Synthetic document generated for controlled PII training data.,[],{},[],[],[],False,False,True,local_non_pii,no_meaningful_signal,False,20260909_112021,rule_based,local,rules,regex_presidio_fusion_v1,not_applicable,rules,False
SYN-TRAINING_EVALUATION-0034,synthetic_training_evaluation_0034.txt,form,training_evaluation,de,synthetic_generation,,,synthetic,2026-08-28,2026-08-28,2026-08-28,0,"Schulungsbewertung

Teilnehmer: Anonyme teilnehmende Person
Kontakt: Abteilungskontakt
Kurs: Leadership Development
Datum: 2025-10-21
Inhalt: Das Leadership Development-Programm hat mir wertvolle Einblicke in effektives Teammanagement gegeben. Besonders die praxisnahen Übungen haben dazu beigetragen, mein Verständnis für Führungsstrategien zu vertiefen.
Trainer: Internal Training Team
Material: Very Good
Kommentare: Die interaktiven Elemente waren besonders hilfreich. Ich empfehle, noch mehr Fallstudien aus der Praxis einzubeziehen, um den realen Bezug zu stärken.
Empfehlung: Zukünftige Schulungen könnten von einer stärkeren Fokussierung auf individuelle Führungsstile profitieren. Eine personalisierte Herangehensweise würde den Teilnehmern helfen, ihre Stärken besser zu nutzen.",no,no,no,no,no,no,no,no,no,no,no,no,no,,NONE,0,0,easy,no,none,no,test,yes,openrouter_gpt4o_mini_field,field_llm_v1,no,,,v2,Synthetic document generated for controlled PII training data.,[],{},[],[],[],False,False,False,local_non_pii,no_meaningful_signal,False,20260909_112021,rule_based,local,rules,regex_presidio_fusion_v1,not_applicable,rules,False
SYN-TRAINING_EVALUATION-0045,synthetic_training_evaluation_0045.txt,form,training_evaluation,de,synthetic_generation,,,synthetic,2026-08-28,2026-08-28,2026-08-28,0,"Schulungsbewertung

Teilnehmer: Bewertungsteilnehmende Person
Kontakt: Serviceteam
Kurs: Data Protection Essentials
Datum: 2026-03-28
Inhalt: Die Schulung ""Data Protection Essentials"" war insgesamt gut strukturiert und informativ. Die Inhalte wurden klar und verständlich vermittelt, was es den Teilnehmern erleichterte, die grundlegenden Prinzipien des Datenschutzes zu erfassen. Besonders positiv hervorzuheben ist die Interaktivität der Schulung, die es ermöglichte, Fragen direkt zu klären und praktische Beispiele zu diskutieren. Dennoch könnten einige Themen, wie die spezifischen rechtlichen Anforderungen, noch tiefer behandelt werden, um den Teilnehmern ein umfassenderes Verständnis zu bieten.
Trainer: Internal Training Team
Material: Satisfactory
Kommentare: Die Bewertungsteilnehmende Person hat aktiv am Kurs teilgenommen und sich regelmäßig in die Diskussionen eingebracht. Dies zeigt ein hohes Maß an Engagement und Interesse am Thema. Die Rückmeldungen der Teilnehmer waren überwiegend positiv, jedoch äußerten einige den Wunsch nach weiteren Fallstudien, um das Gelernte besser anwenden zu können. Das Serviceteam sollte diese Anregungen in zukünftige Schulungen einbeziehen.
Empfehlung: Es wird empfohlen, die Schulungsinhalte in zukünftigen Veranstaltungen zu erweitern, insbesondere in Bezug auf die praktischen Anwendungen der Datenschutzgesetze in verschiedenen Geschäftsszenarien. Des Weiteren könnte eine vertiefende Diskussion über die neuesten Entwicklungen im Datenschutzrecht von Vorteil sein. Auch die Integration von Fallstudien könnte dazu beitragen, das Verständnis der Teilnehmer zu fördern und die Anwendung des Wissens in der Praxis zu erleichtern.",no,no,no,no,no,no,no,no,no,no,no,no,no,,NONE,0,0,easy,no,none,no,test,yes,openrouter_gpt4o_mini_field,field_llm_v1,no,,,v2,Synthetic document generated for controlled PII training data.,[],{},[],[],[],False,False,False,local_non_pii,no_meaningful_signal,False,20260909_112021,rule_based,local,rules,regex_presidio_fusion_v1,not_applicable,rules,False
SYN-TRAINING_EVALUATION-0062,synthetic_training_evaluation_0062.txt,form,training_evaluation,en,synthetic_generation,,,synthetic,2026-08-28,2026-08-28,2026-08-28,0,"Training Evaluation

Participant: Evaluation respondent
Contact: Central Contact Point
Course: Project Management Fundamentals
Date: 2025-09-02
Content: The Project Management Fundamentals course provided a foundational understanding of project management principles. Participants engaged with various project management tools and techniques, which were beneficial in grasping the core concepts. However, the pacing of the course may have been too fast for some attendees, potentially hindering their ability to fully absorb the information presented. It would be advantageous to include more interactive elements and practical case studies to enhance engagement and application of the material.
Trainer: Learning and Development
Material: Needs Improvement
Comments: Overall, the course had a solid structure, but there were areas that could be improved. Some participants expressed that certain topics were not covered in enough depth, particularly risk management and stakeholder engagement. Feedback indicated that additional examples and scenarios could help clarify these concepts. Moreover, a few attendees mentioned the need for more time allocated to group discussions, which could foster better understanding through peer interaction.
Recommendation: To improve the Project Management Fundamentals course, it is recommended to extend the duration of the sessions to allow for deeper exploration of complex topics. Incorporating more real-world examples and case studies could significantly enhance learning outcomes. Additionally, consider implementing more hands-on activities or workshops that encourage collaboration and discussion among participants, which would help reinforce the material covered.",no,no,no,no,no,no,no,no,no,no,no,no,no,,NONE,0,0,easy,no,none,no,test,yes,openrouter_gpt4o_mini_field,field_llm_v1,no,,,v2,Synthetic document generated for controlled PII training data.,[],{},[],[],[],False,False,False,local_non_pii,no_meaningful_signal,False,20260909_112021,rule_based,local,rules,regex_presidio_fusion_v1,not_applicable,rules,False
SYN-TRAINING_EVALUATION-0064,synthetic_training_evaluation_0064.txt,form,training_evaluation,en,synthetic_generation,,,synthetic,2026-08-28,2026-08-28,2026-08-28,0,"Training Evaluation

Participant: Jacob Burke
Contact: Service Team
Course: Data Protection Essentials
Date: 2025-07-07
Content: The Data Protection Essentials course provided valuable insights into compliance requirements and best practices for handling personal data. Jacob Burke found the materials very engaging and relevant to everyday operations. The interactive elements enhanced understanding and retention of the subject matter. Overall, a beneficial experience for all participants.
Trainer: Internal Training Team
Material: Very Good
Comments: https://www.jordan-brady.com/
Recommendation: It would be helpful to include more case studies in future sessions to illustrate real-world applications of data protection principles.",yes,yes,no,no,no,no,no,no,no,no,no,yes,no,PERSON; URL,MULTIPLE,2,2,easy,no,none,no,test,yes,openrouter_gpt4o_mini_field,field_llm_v1,no,,,v2,Synthetic document generated for controlled PII training data.,"[{'type': 'DATE_TIME', 'value': '2025-07-07', 'confidence': 0.95, 'source': 'presidio', 'start': 109, 'end': 119}, {'type': 'PERSON', 'value': 'Jacob Burke\nContact', 'confidence': 0.85, 'source': 'presidio', 'start': 34, 'end': 53}, {'type': 'PERSON', 'value': 'Jacob Burke', 'confidence': 0.85, 'source': 'presidio', 'start': 270, 'end': 281}, {'type': 'URL', 'value': 'https://www.jordan-brady.com/', 'confidence': 0.6, 'source': 'presidio', 'start': 555, 'end': 584}, {'type': 'URL', 'value': 'https://www.jordan-brady.com', 'confidence': 0.9, 'source': 'custom_regex', 'start': 555, 'end': 583}]","{'DATE_TIME': 0.95, 'PERSON': 0.85, 'URL': 1.0}","['DATE_TIME', 'PERSON', 'URL']",[],"['DATE_TIME', 'PERSON', 'URL']",False,True,False,low_cost_llm,potential_pii_evidence,True,20260909_112021,rule_based,local,rules,regex_presidio_fusion_v1,not_applicable,rules,False
SYN-TRAINING_EVALUATION-0070,synthetic_training_evaluation_0070.txt,form,training_evaluation,en,synthetic_generation,,,synthetic,2026-08-28,2026-08-28,2026-08-28,0,"Training Evaluation

Participant: Evaluation respondent
Contact: Department Contact
Course: Process Improvement Workshop
Date: 2025-04-11
Content: The Process Improvement Workshop provided valuable insights into optimizing workflows. Participants engaged actively in discussions and practical exercises, which enhanced their understanding of process mapping and analysis techniques. Overall, the workshop met expectations and was beneficial for all attendees.
Trainer: Learning and Development
Material: Satisfactory
Comments: Most participants appreciated the hands-on approach and the relevance of the material to their daily tasks. Some suggested more time be allocated to group activities to foster collaboration and deeper exploration of concepts. The feedback indicated a strong interest in follow-up sessions focusing on specific areas of process improvement.
Recommendation: For future workshops, consider extending the duration to allow for more interactive sessions. Incorporating case studies related to the participants' departments could also enhance learning and application of concepts. Additionally, providing supplementary materials for post-workshop reference would be beneficial.",no,no,no,no,no,no,no,no,no,no,no,no,no,,NONE,0,0,easy,no,none,no,test,yes,openrouter_gpt4o_mini_field,field_llm_v1,no,,,v2,Synthetic document generated for controlled PII training data.,[],{},[],[],[],False,False,False,local_non_pii,no_meaningful_signal,False,20260909_112021,rule_based,local,rules,regex_presidio_fusion_v1,not_applicable,rules,False
SYN-TRAINING_EVALUATION-0072,synthetic_training_evaluation_0072.txt,form,training_evaluation,en,synthetic_generation,,,synthetic,2026-08-28,2026-08-28,2026-08-28,0,"Training Evaluation

Participant: Evaluation respondent
Contact: Department Contact
Course: Cybersecurity Awareness
Date: 2025-11-10
Content: The Cybersecurity Awareness course delivered by the Internal Training Team on 2025-11-10 was highly engaging and informative. Participants were actively involved in discussions about the latest cybersecurity threats and the importance of maintaining a secure digital environment. The training material was rated as 'Very Good', highlighting the clarity of the content and the relevance to our current operational challenges. Overall, the session effectively raised awareness and provided practical strategies for mitigating risks associated with cybersecurity threats.
Trainer: Internal Training Team
Material: Very Good
Comments: The session facilitated by the Internal Training Team effectively covered a range of topics relevant to cybersecurity. Participants expressed appreciation for the interactive elements and the real-life scenarios presented, which added context to the theoretical aspects of the training. However, some attendees suggested that more case studies could further enhance understanding of complex issues. Overall, the feedback indicates a strong positive response to the training material and delivery.
Recommendation: To build on the success of the Cybersecurity Awareness course, it is recommended that future sessions include more interactive case studies to deepen participants' understanding of cybersecurity challenges. Additionally, consider providing supplementary materials that participants can refer to post-training for ongoing learning. Maintaining the high quality of training materials will be essential in keeping the content relevant and engaging.",no,no,no,no,no,no,no,no,no,no,no,no,no,,NONE,0,0,easy,no,none,no,test,yes,openrouter_gpt4o_mini_field,field_llm_v1,no,,,v2,Synthetic document generated for controlled PII training data.,[],{},[],[],[],False,False,False,local_non_pii,no_meaningful_signal,False,20260909_112021,rule_based,local,rules,regex_presidio_fusion_v1,not_applicable,rules,False
SYN-TRAINING_EVALUATION-0076,synthetic_training_evaluation_0076.txt,form,training_evaluation,en,synthetic_generation,,,synthetic,2026-08-28,2026-08-28,2026-08-28,0,"Training Evaluation

Participant: Anonymous participant
Contact: Department Contact
Course: Data Protection Essentials
Date: 2025-10-02
Content: The Data Protection Essentials course provided a comprehensive overview of key principles and practices related to data protection. Participants appreciated the interactive elements and real-world examples that clarified complex concepts. Overall, the training was effective in enhancing understanding of data protection regulations.
Trainer: Internal Training Team
Material: Satisfactory
Comments: Participants suggested that more case studies be included to illustrate the application of data protection principles in various scenarios. Additionally, some expressed a desire for deeper discussions on recent legislative changes that could impact data handling.
Recommendation: To improve future sessions, consider incorporating more interactive case studies and updates on recent legal developments in data protection. This could enhance participant engagement and ensure that the content remains current and relevant.",no,no,no,no,no,no,no,no,no,no,no,no,no,,NONE,0,0,easy,no,none,no,test,yes,openrouter_gpt4o_mini_field,field_llm_v1,no,,,v2,Synthetic document generated for controlled PII training data.,[],{},[],[],[],False,False,False,local_non_pii,no_meaningful_signal,False,20260909_112021,rule_based,local,rules,regex_presidio_fusion_v1,not_applicable,rules,False
SYN-TRAINING_EVALUATION-0082,synthetic_training_evaluation_0082.txt,form,training_evaluation,de,synthetic_generation,,,synthetic,2026-08-28,2026-08-28,2026-08-28,0,"Schulungsbewertung

Teilnehmer: Zofia Hartmann
Kontakt: Zentrale Kontaktstelle
Kurs: Project Management Fundamentals
Datum: 2026-07-27
Inhalt: Die Schulung zum Projektmanagement-Grundlagen war informativ und gut strukturiert. Zofia Hartmann hat die vermittelten Inhalte als praxisnah empfunden, insbesondere die Gruppenarbeiten haben den Lernprozess gefördert. Die Verwendung von realen Fallstudien war besonders hilfreich, um die Theorie in der Praxis anzuwenden.
Trainer: External Training Provider
Material: Satisfactory
Kommentare: https://www.benthin.com/
Empfehlung: Für zukünftige Schulungen könnte die Einbeziehung weiterer interaktiver Elemente, wie Workshops oder Rollenspiele, die Teilnehmerengagement und den Lernerfolg weiter steigern.",yes,yes,no,no,no,no,no,no,no,no,no,yes,no,PERSON; URL,MULTIPLE,2,2,easy,no,none,no,test,yes,openrouter_gpt4o_mini_field,field_llm_v1,no,,,v2,Synthetic document generated for controlled PII training data.,"[{'type': 'PERSON', 'value': 'Zofia Hartmann', 'confidence': 0.85, 'source': 'presidio', 'start': 32, 'end': 46}, {'type': 'LOCATION', 'value': 'Projektmanagement-Grundlagen', 'confidence': 0.85, 'source': 'presidio', 'start': 160, 'end': 188}, {'type': 'DATE_TIME', 'value': '2026-07-27', 'confidence': 0.6, 'source': 'presidio', 'start': 124, 'end': 134}, {'type': 'URL', 'value': 'https://www.benthin.com/', 'confidence': 0.6, 'source': 'presidio', 'start': 536, 'end': 560}, {'type': 'URL', 'value': 'https://www.benthin.com', 'confidence': 0.9, 'source': 'custom_regex', 'start': 536, 'end': 559}]","{'PERSON': 0.85, 'LOCATION': 0.85, 'DATE_TIME': 0.6, 'URL': 1.0}","['DATE_TIME', 'LOCATION', 'PERSON', 'URL']",[],"['PERSON', 'LOCATION', 'DATE_TIME', 'URL']",False,True,False,low_cost_llm,potential_pii_evidence,True,20260909_112021,rule_based,local,rules,regex_presidio_fusion_v1,not_applicable,rules,False
SYN-TRAINING_EVALUATION-0089,synthetic_training_evaluation_0089.txt,form,training_evaluation,en,synthetic_generation,,,synthetic,2026-08-28,2026-08-28,2026-08-28,0,"Training Evaluation

Participant: Participant details not provided
Contact: Service Team
Course: Cybersecurity Awareness
Date: 2027-01-21
Content: The Cybersecurity Awareness course effectively highlighted the importance of recognizing phishing attempts and safeguarding sensitive information. Participants appreciated the interactive elements, which facilitated engagement and comprehension.
Trainer: Learning and Development
Material: Very Good
Comments: Feedback indicates that the pacing was appropriate, though some participants suggested including more real-world examples to enhance relatability. Overall, the material was well-received.
Recommendation: Consider incorporating additional case studies and scenarios in future sessions to further illustrate key concepts and maintain high levels of participant interest.",no,no,no,no,no,no,no,no,no,no,no,no,no,,NONE,0,0,easy,no,none,no,test,yes,openrouter_gpt4o_mini_field,field_llm_v1,no,,,v2,Synthetic document generated for controlled PII training data.,[],{},[],[],[],False,False,False,local_non_pii,no_meaningful_signal,False,20260909_112021,rule_based,local,rules,regex_presidio_fusion_v1,not_applicable,rules,False
SYN-TRAINING_EVALUATION-0095,synthetic_training_evaluation_0095.txt,form,training_evaluation,en,synthetic_generation,,,synthetic,2026-08-28,2026-08-28,2026-08-28,0,"Training Evaluation

Participant: Participant details not provided
Contact: Central Contact Point
Course: Leadership Development
Date: 2024-02-18
Content: The Leadership Development course delivered by the External Training Provider on 2024-02-18 was well-structured and engaging. Participants expressed appreciation for the interactive elements and real-world applications of the concepts discussed. The materials provided were comprehensive and supported the learning objectives effectively. However, there is room for improvement in the pacing of the sessions, as some participants felt that certain topics were rushed. Incorporating more time for discussion and Q&A could enhance the overall experience and understanding of the material.
Trainer: External Training Provider
Material: Good
Comments: Jennifer Owens
Recommendation: To improve future sessions, consider extending the duration of the course to allow for deeper exploration of each topic, particularly in areas where participants showed strong interest. Additionally, integrating more case studies relevant to the participants' industries could further enrich the learning experience.",yes,yes,no,no,no,no,no,no,no,yes,no,no,no,PERSON; DATE_TIME,MULTIPLE,2,2,easy,no,none,no,test,yes,openrouter_gpt4o_mini_field,field_llm_v1,no,,,v2,Synthetic document generated for controlled PII training data.,"[{'type': 'PERSON', 'value': 'Jennifer Owens', 'confidence': 0.85, 'source': 'presidio', 'start': 803, 'end': 817}]",{'PERSON': 0.85},['PERSON'],[],['PERSON'],False,True,False,low_cost_llm,potential_pii_evidence,True,20260909_112021,rule_based,local,rules,regex_presidio_fusion_v1,not_applicable,rules,False
SYN-TRAINING_EVALUATION-0108,synthetic_training_evaluation_0108.txt,form,training_evaluation,de,synthetic_generation,,,synthetic,2026-08-28,2026-08-28,2026-08-28,0,"Schulungsbewertung

Teilnehmer: Teilnehmerangaben nicht angegeben
Kontakt: Serviceteam
Kurs: Data Protection Essentials
Datum: 2026-12-29
Inhalt: Die Schulung zu den Grundlagen des Datenschutzes war informativ, jedoch fehlte es an praktischen Beispielen, um das Verständnis zu vertiefen. Die Teilnehmer wünschen sich mehr interaktive Elemente, um die Theorie besser anwenden zu können.
Trainer: Internal Training Team
Material: Needs Improvement
Kommentare: Einige Teilnehmer fanden die Präsentation gut strukturiert, jedoch könnte die Dauer der Schulung verkürzt werden, um die Aufmerksamkeit der Teilnehmer aufrechtzuerhalten. Es gab auch Anfragen nach zusätzlichen Materialien zur Nachbereitung.
Empfehlung: Es wird empfohlen, die Schulungsunterlagen zu überarbeiten und mehr praktische Fallstudien einzufügen. Zudem könnte eine kürzere, intensivere Schulung mit mehr Interaktion effektiver sein.",no,no,no,no,no,no,no,no,no,no,no,no,no,,NONE,0,0,easy,no,none,no,test,yes,openrouter_gpt4o_mini_field,field_llm_v1,no,,,v2,Synthetic document generated for controlled PII training data.,"[{'type': 'LOCATION', 'value': 'Teilnehmerangaben', 'confidence': 0.85, 'source': 'presidio', 'start': 32, 'end': 49}, {'type': 'DATE_TIME', 'value': '2026-12-29', 'confidence': 0.6, 'source': 'presidio', 'start': 127, 'end': 137}]","{'LOCATION': 0.85, 'DATE_TIME': 0.6}","['DATE_TIME', 'LOCATION']",[],[],False,False,False,local_non_pii,no_meaningful_signal,False,20260909_112021,rule_based,local,rules,regex_presidio_fusion_v1,not_applicable,rules,False
SYN-TRAINING_EVALUATION-0126,synthetic_training_evaluation_0126.txt,form,training_evaluation,de,synthetic_generation,,,synthetic,2026-08-28,2026-08-28,2026-08-28,0,"Schulungsbewertung

Teilnehmer: 
Kontakt: 
Kurs: 
Datum: 
Inhalt: 
Trainer: 
Material: 
Kommentare: 
Empfehlung: ",no,no,no,no,no,no,no,no,no,no,no,no,no,,NONE,0,0,easy,no,none,no,test,yes,faker_archetype_v1,template_v1,no,,,v2,Synthetic document generated for controlled PII training data.,[],{},[],[],[],False,False,False,local_non_pii,no_meaningful_signal,False,20260909_112021,rule_based,local,rules,regex_presidio_fusion_v1,not_applicable,rules,False
SYN-TRAINING_EVALUATION-0131,synthetic_training_evaluation_0131.txt,form,training_evaluation,de,synthetic_generation,,,synthetic,2026-08-28,2026-08-28,2026-08-28,0,"Schulungsbewertung

Teilnehmer: Teilnehmerangaben nicht angegeben
Kontakt: Zentrale Kontaktstelle
Kurs: Process Improvement Workshop
Datum: 2026-03-03
Inhalt: Der Workshop zur Prozessverbesserung hat wertvolle Einblicke in die aktuellen Abläufe gegeben. Die Teilnehmer konnten aktiv an Diskussionen teilnehmen und ihre Perspektiven einbringen. Dennoch gab es einige Bereiche, die zusätzliche Klarheit benötigten, insbesondere bei den praktischen Übungen.
Trainer: Learning and Development
Material: Needs Improvement
Kommentare: Die Rückmeldungen der Teilnehmer waren größtenteils positiv, jedoch wurde angemerkt, dass die Materialien unzureichend waren. Einige Teilnehmer fühlten sich durch die Präsentation der Inhalte überfordert. Ein einheitlicheres Format könnte hilfreich sein.
Empfehlung: Es wird empfohlen, die Materialien zu überarbeiten und klarere Anleitungen für die praktischen Übungen bereitzustellen. Zudem sollte eine umfassende Nachbesprechung eingeplant werden, um offene Fragen der Teilnehmer zu klären.",no,no,no,no,no,no,no,no,no,no,no,no,no,,NONE,0,0,easy,no,none,no,test,yes,openrouter_gpt4o_mini_field,field_llm_v1,no,,,v2,Synthetic document generated for controlled PII training data.,"[{'type': 'LOCATION', 'value': 'Teilnehmerangaben', 'confidence': 0.85, 'source': 'presidio', 'start': 32, 'end': 49}, {'type': 'DATE_TIME', 'value': '2026-03-03', 'confidence': 0.6, 'source': 'presidio', 'start': 140, 'end': 150}]","{'LOCATION': 0.85, 'DATE_TIME': 0.6}","['DATE_TIME', 'LOCATION']",[],[],False,False,False,local_non_pii,no_meaningful_signal,False,20260909_112021,rule_based,local,rules,regex_presidio_fusion_v1,not_applicable,rules,False
SYN-TRAINING_EVALUATION-0132,synthetic_training_evaluation_0132.txt,form,training_evaluation,en,synthetic_generation,,,synthetic,2026-08-28,2026-08-28,2026-08-28,0,"Training Evaluation

Participant: Evaluation respondent
Contact: Central Contact Point
Course: Process Improvement Workshop
Date: 2026-08-09
Content: The Process Improvement Workshop conducted on 2026-08-09 was well-structured and provided valuable insights into the methodologies that can enhance operational efficiency. The trainer from the External Training Provider demonstrated a thorough understanding of the subject matter, which greatly contributed to the learning experience. Participants were actively engaged, and the interactive elements of the workshop allowed for a practical application of the concepts discussed. Overall, the material presented was good, and the workshop met its objectives effectively.
Trainer: External Training Provider
Material: Good
Comments: The overall feedback from participants indicates that the workshop was beneficial in fostering a deeper understanding of process improvement strategies. However, some attendees noted that more real-world examples could be integrated into the sessions to illustrate the concepts more vividly. Additionally, there were suggestions regarding the pacing of the workshop, as certain sections felt rushed, potentially limiting comprehension. Addressing these points can enhance future workshops significantly.
Recommendation: To improve future iterations of the Process Improvement Workshop, it is recommended to incorporate more case studies that reflect real-world applications of the concepts being taught. Additionally, consider adjusting the workshop schedule to allow for extended discussions on complex topics, ensuring that participants have ample time to absorb and ask questions about the material. Facilitating small group discussions could also encourage collaborative learning and deeper engagement among attendees.",no,no,no,no,no,no,no,no,no,no,no,no,no,,NONE,0,0,easy,no,none,no,test,yes,openrouter_gpt4o_mini_field,field_llm_v1,no,,,v2,Synthetic document generated for controlled PII training data.,[],{},[],[],[],False,False,False,local_non_pii,no_meaningful_signal,False,20260909_112021,rule_based,local,rules,regex_presidio_fusion_v1,not_applicable,rules,False
SYN-TRAINING_EVALUATION-0137,synthetic_training_evaluation_0137.txt,form,training_evaluation,en,synthetic_generation,,,synthetic,2026-08-28,2026-08-28,2026-08-28,0,"Training Evaluation

Participant: Evaluation respondent
Contact: Central Contact Point
Course: Cybersecurity Awareness
Date: 2025-09-10
Content: The Cybersecurity Awareness course provided valuable insights into current threats and best practices. The interactive modules facilitated engagement and retention of information, making complex topics more accessible. Overall, the training met expectations and delivered relevant content for participants.
Trainer: Learning and Development
Material: Very Good
Comments: Participants appreciated the hands-on approach and real-life scenarios included in the course. Some suggested incorporating more case studies to enhance understanding of practical applications.
Recommendation: It is recommended that future sessions include a section dedicated to the latest cybersecurity trends and threats, as well as additional interactive elements to maintain participant engagement throughout the course.",no,no,no,no,no,no,no,no,no,no,no,no,no,,NONE,0,0,easy,no,none,no,test,yes,openrouter_gpt4o_mini_field,field_llm_v1,no,,,v2,Synthetic document generated for controlled PII training data.,[],{},[],[],[],False,False,False,local_non_pii,no_meaningful_signal,False,20260909_112021,rule_based,local,rules,regex_presidio_fusion_v1,not_applicable,rules,False
SYN-TRAINING_EVALUATION-0140,synthetic_training_evaluation_0140.txt,form,training_evaluation,en,synthetic_generation,,,synthetic,2026-08-28,2026-08-28,2026-08-28,0,"Training Evaluation

Participant: Anonymous participant
Contact: Central Contact Point
Course: Leadership Development
Date: 2024-11-27
Content: The Leadership Development course offered by the Internal Training Team on November 27, 2024, was well-structured and engaging. Participants were provided with comprehensive materials that facilitated a thorough understanding of key leadership concepts. The interactive sessions encouraged discussions that allowed attendees to share experiences and insights, enhancing the overall learning experience. Feedback indicated that real-world case studies were particularly effective in illustrating the application of theoretical concepts in practical scenarios.
Trainer: Internal Training Team
Material: Good
Comments: Participants expressed appreciation for the effectiveness of the course delivery and the relevance of the content. However, some suggested that more time be allocated for breakout sessions, as these were highly valued for networking and deeper discussions. Additionally, while the material was deemed good, a few participants noted that more visual aids could enhance retention of information during the sessions.
Recommendation: To further improve the Leadership Development course, it is recommended to incorporate additional interactive elements, such as group exercises and role-playing scenarios, which could facilitate greater participant engagement. Furthermore, consider extending the duration of the breakout sessions to allow for more in-depth discussions. Lastly, integrating more visual and multimedia resources into the training materials may provide a richer learning experience and help reinforce the concepts covered.",no,no,no,no,no,no,no,no,no,no,no,no,no,,NONE,0,0,easy,no,none,no,test,yes,openrouter_gpt4o_mini_field,field_llm_v1,no,,,v2,Synthetic document generated for controlled PII training data.,[],{},[],[],[],False,False,False,local_non_pii,no_meaningful_signal,False,20260909_112021,rule_based,local,rules,regex_presidio_fusion_v1,not_applicable,rules,False
SYN-TRAINING_EVALUATION-0161,synthetic_training_evaluation_0161.txt,form,training_evaluation,de,synthetic_generation,,,synthetic,2026-08-28,2026-08-28,2026-08-28,0,"Schulungsbewertung

Teilnehmer: 
Kontakt: 
Kurs: 
Datum: 
Inhalt: 
Trainer: 
Material: 
Kommentare: 
Empfehlung: ",no,no,no,no,no,no,no,no,no,no,no,no,no,,NONE,0,0,easy,no,none,no,test,yes,faker_archetype_v1,template_v1,no,,,v2,Synthetic document generated for controlled PII training data.,[],{},[],[],[],False,False,False,local_non_pii,no_meaningful_signal,False,20260909_112021,rule_based,local,rules,regex_presidio_fusion_v1,not_applicable,rules,False
SYN-TRAINING_EVALUATION-0168,synthetic_training_evaluation_0168.txt,form,training_evaluation,en,synthetic_generation,,,synthetic,2026-08-28,2026-08-28,2026-08-28,0,"Training Evaluation

Participant: Evaluation respondent
Contact: Central Contact Point
Course: Leadership Development
Date: 2025-05-01
Content: The Leadership Development course held on May 1, 2025, was structured to enhance participants' managerial skills and foster effective team leadership. However, the delivery of the course material did not meet the expected standards. Participants expressed a need for more engaging content and interactive sessions that could better facilitate learning. The course could benefit from incorporating real-world case studies and role-playing scenarios that align with the topics covered.
Trainer: Learning and Development
Material: Needs Improvement
Comments: Feedback from the participants highlighted several areas that require attention. While the foundational concepts of leadership were adequately covered, the lack of practical application led to a less impactful learning experience. Participants felt that the material was too theoretical and suggested that more hands-on activities would be beneficial. Additionally, the pacing of the course was noted as being too fast, leaving little room for discussion and clarification of complex topics.
Recommendation: To improve future iterations of the Leadership Development course, it is recommended that the Learning and Development team revises the course material to include more practical applications and interactive elements. This could involve integrating workshop-style sessions where participants can practice skills in a controlled environment. Furthermore, consider extending the duration of the course to allow for deeper exploration of topics and adequate time for participant interaction.",no,no,no,no,no,no,no,no,no,no,no,no,no,,NONE,0,0,easy,no,none,no,test,yes,openrouter_gpt4o_mini_field,field_llm_v1,no,,,v2,Synthetic document generated for controlled PII training data.,[],{},[],[],[],False,False,False,local_non_pii,no_meaningful_signal,False,20260909_112021,rule_based,local,rules,regex_presidio_fusion_v1,not_applicable,rules,False
SYN-TRAINING_EVALUATION-0174,synthetic_training_evaluation_0174.txt,form,training_evaluation,de,synthetic_generation,,,synthetic,2026-08-28,2026-08-28,2026-08-28,0,"Schulungsbewertung

Teilnehmer: Bewertungsteilnehmende Person
Kontakt: Serviceteam
Kurs: Project Management Fundamentals
Datum: 2025-04-23
Inhalt: Die Schulung von Dolores Gierschner-Hecker war informativ, aber die Materialien könnten klarer strukturiert sein. Einige Konzepte wurden nicht ausreichend vertieft, was zu Unsicherheiten bei den Teilnehmenden führte.
Trainer: Dolores Gierschner-Hecker
Material: Needs Improvement
Kommentare: http://gutknecht.de/
Empfehlung: Es wäre hilfreich, zusätzliche Beispiele und praktische Übungen anzubieten, um das Verständnis zu fördern und die Teilnehmenden aktiver einzubeziehen.",yes,yes,no,no,no,no,no,no,no,no,no,yes,no,PERSON; URL,MULTIPLE,2,2,easy,no,none,no,test,yes,openrouter_gpt4o_mini_field,field_llm_v1,no,,,v2,Synthetic document generated for controlled PII training data.,"[{'type': 'PERSON', 'value': 'Dolores Gierschner-Hecker', 'confidence': 0.85, 'source': 'presidio', 'start': 164, 'end': 189}, {'type': 'PERSON', 'value': 'Dolores Gierschner-Hecker', 'confidence': 0.85, 'source': 'presidio', 'start': 373, 'end': 398}, {'type': 'DATE_TIME', 'value': '2025-04-23', 'confidence': 0.6, 'source': 'presidio', 'start': 128, 'end': 138}, {'type': 'URL', 'value': 'http://gutknecht.de/', 'confidence': 0.6, 'source': 'presidio', 'start': 439, 'end': 459}, {'type': 'URL', 'value': 'http://gutknecht.de', 'confidence': 0.9, 'source': 'custom_regex', 'start': 439, 'end': 458}]","{'PERSON': 0.85, 'DATE_TIME': 0.6, 'URL': 1.0}","['DATE_TIME', 'PERSON', 'URL']",[],"['PERSON', 'DATE_TIME', 'URL']",False,True,False,low_cost_llm,potential_pii_evidence,True,20260909_112021,rule_based,local,rules,regex_presidio_fusion_v1,not_applicable,rules,False
SYN-TRAINING_EVALUATION-0178,synthetic_training_evaluation_0178.txt,form,training_evaluation,de,synthetic_generation,,,synthetic,2026-08-28,2026-08-28,2026-08-28,0,"Schulungsbewertung

Teilnehmer: Bewertungsteilnehmende Person
Kontakt: Serviceteam
Kurs: Leadership Development
Datum: 2026-01-06
Inhalt: Die Schulung zur Führungskräfteentwicklung bot wertvolle Einblicke in effektive Führungsstrategien. Besonders geschätzt wurde die interaktive Gestaltung, die den Austausch unter den Teilnehmenden förderte.
Trainer: Learning and Development
Material: Good
Kommentare: Die Referenten waren gut vorbereitet und haben die Inhalte klar und verständlich vermittelt. Die bereitgestellten Materialien waren hilfreich und unterstützten das Lernen.
Empfehlung: Es wäre sinnvoll, die Schulungsinhalte regelmäßig zu aktualisieren, um aktuelle Trends und Herausforderungen im Bereich Führung zu berücksichtigen.",no,no,no,no,no,no,no,no,no,no,no,no,no,,NONE,0,0,easy,no,none,no,test,yes,openrouter_gpt4o_mini_field,field_llm_v1,no,,,v2,Synthetic document generated for controlled PII training data.,[],{},[],[],[],False,False,False,local_non_pii,no_meaningful_signal,False,20260909_112021,rule_based,local,rules,regex_presidio_fusion_v1,not_applicable,rules,False
SYN-TRAINING_EVALUATION-0184,synthetic_training_evaluation_0184.txt,form,training_evaluation,en,synthetic_generation,,,synthetic,2026-08-28,2026-08-28,2026-08-28,0,"Training Evaluation

Participant: Participant details not provided
Contact: Department Contact
Course: Process Improvement Workshop
Date: 2026-11-06
Content: The Process Improvement Workshop held on 2026-11-06 was a productive session that aimed to enhance operational efficiencies within the department. Participants were engaged throughout the workshop, contributing valuable insights and suggestions that were documented for further analysis. The internal training team effectively facilitated the discussion, ensuring that all voices were heard and that the objectives of the workshop were met. Overall, the material presented was well-received, and the interactive format encouraged collaboration among attendees.
Trainer: Internal Training Team
Material: Good
Comments: Feedback from participants indicated a strong appreciation for the workshop's structure and content. Many noted that the practical examples provided were particularly helpful in understanding the concepts discussed. However, some participants expressed a desire for more in-depth case studies and real-world applications of the process improvement techniques covered. Additionally, a few attendees suggested that future workshops could benefit from a greater focus on specific departmental challenges to make the sessions even more relevant to their daily operations.
Recommendation: To enhance future workshops, it is recommended that the internal training team incorporate more detailed case studies that relate directly to the unique challenges faced by participants. This could involve pre-workshop surveys to identify key areas of interest and concern within the department. Furthermore, allocating time for breakout sessions could foster deeper discussions and allow for the development of tailored solutions. Overall, maintaining the engaging format while adding these elements could significantly increase the value and applicability of the training provided.",no,no,no,no,no,no,no,no,no,no,no,no,no,,NONE,0,0,easy,no,none,no,test,yes,openrouter_gpt4o_mini_field,field_llm_v1,no,,,v2,Synthetic document generated for controlled PII training data.,[],{},[],[],[],False,False,False,local_non_pii,no_meaningful_signal,False,20260909_112021,rule_based,local,rules,regex_presidio_fusion_v1,not_applicable,rules,False
SYN-TRAINING_EVALUATION-0185,synthetic_training_evaluation_0185.txt,form,training_evaluation,de,synthetic_generation,,,synthetic,2026-08-28,2026-08-28,2026-08-28,0,"Schulungsbewertung

Teilnehmer: Herr Juan Mangold B.Sc.
Kontakt: Zentrale Kontaktstelle
Kurs: Process Improvement Workshop
Datum: 2026-05-17
Inhalt: Herr Juan Mangold B.Sc. äußerte, dass die Schulungsinhalte in einigen Bereichen nicht ausreichend auf die praktischen Anwendungen eingehen. Besonders der Abschnitt zu Prozessoptimierungen könnte konkretere Beispiele und Übungen beinhalten, um die Theorie besser zu veranschaulichen.
Trainer: Internal Training Team
Material: Needs Improvement
Kommentare: http://www.beer.net/
Empfehlung: Es wird empfohlen, die Schulungsmaterialien zu überarbeiten, um praxisnahe Fallstudien und interaktive Elemente einzuführen. Dies könnte die Teilnehmerbindung erhöhen und die Lernziele effektiver erreichen.",yes,yes,no,no,no,no,no,no,no,no,no,yes,no,PERSON; URL,MULTIPLE,2,2,easy,no,none,no,test,yes,openrouter_gpt4o_mini_field,field_llm_v1,no,,,v2,Synthetic document generated for controlled PII training data.,"[{'type': 'PERSON', 'value': 'Juan Mangold', 'confidence': 0.85, 'source': 'presidio', 'start': 37, 'end': 49}, {'type': 'PERSON', 'value': 'Juan Mangold', 'confidence': 0.85, 'source': 'presidio', 'start': 154, 'end': 166}, {'type': 'DATE_TIME', 'value': '2026-05-17', 'confidence': 0.6, 'source': 'presidio', 'start': 130, 'end': 140}, {'type': 'URL', 'value': 'http://www.beer.net/', 'confidence': 0.6, 'source': 'presidio', 'start': 504, 'end': 524}, {'type': 'URL', 'value': 'B.Sc', 'confidence': 0.5, 'source': 'presidio', 'start': 50, 'end': 54}, {'type': 'URL', 'value': 'B.Sc', 'confidence': 0.5, 'source': 'presidio', 'start': 167, 'end': 171}, {'type': 'URL', 'value': 'http://www.beer.net', 'confidence': 0.9, 'source': 'custom_regex', 'start': 504, 'end': 523}]","{'PERSON': 0.85, 'DATE_TIME': 0.6, 'URL': 1.0}","['DATE_TIME', 'PERSON', 'URL']",[],"['PERSON', 'DATE_TIME', 'URL']",False,True,True,low_cost_llm,potential_pii_evidence,True,20260909_112021,rule_based,local,rules,regex_presidio_fusion_v1,not_applicable,rules,False
SYN-TRAINING_EVALUATION-0187,synthetic_training_evaluation_0187.txt,form,training_evaluation,de,synthetic_generation,,,synthetic,2026-08-28,2026-08-28,2026-08-28,0,"Schulungsbewertung

Teilnehmer: Bewertungsteilnehmende Person
Kontakt: Zentrale Kontaktstelle
Kurs: Data Protection Essentials
Datum: 2025-02-20
Inhalt: Die Schulung 'Data Protection Essentials' am 20. Februar 2025 vermittelte wertvolle Informationen zu den Grundlagen des Datenschutzes. Die Teilnehmer schätzten die praktischen Beispiele und die klare Struktur der Inhalte.
Trainer: External Training Provider
Material: Good
Kommentare: Die Rückmeldungen der Bewertungsteilnehmenden Person waren überwiegend positiv. Besonders hervorzuheben ist die verständliche Darstellung komplexer Themen.
Empfehlung: Es wird empfohlen, zukünftige Schulungen um interaktive Elemente zu erweitern, um die Teilnehmer noch stärker einzubeziehen.",no,no,no,no,no,no,no,no,no,no,no,no,no,,NONE,0,0,easy,no,none,no,test,yes,openrouter_gpt4o_mini_field,field_llm_v1,no,,,v2,Synthetic document generated for controlled PII training data.,[],{},[],[],[],False,False,False,local_non_pii,no_meaningful_signal,False,20260909_112021,rule_based,local,rules,regex_presidio_fusion_v1,not_applicable,rules,False
SYN-TRAINING_EVALUATION-0194,synthetic_training_evaluation_0194.txt,form,training_evaluation,de,synthetic_generation,,,synthetic,2026-08-28,2026-08-28,2026-08-28,0,"Schulungsbewertung

Teilnehmer: Teilnehmerangaben nicht angegeben
Kontakt: Serviceteam
Kurs: Cybersecurity Awareness
Datum: 2025-08-10
Inhalt: Die Schulung zum Thema Cybersecurity Awareness war informativ, jedoch fehlte es an interaktiven Elementen, um das Engagement der Teilnehmer zu steigern. Einige Themen wurden zu oberflächlich behandelt, was zu Verwirrung führte.
Trainer: Internal Training Team
Material: Needs Improvement
Kommentare: Die Teilnehmer schätzten die Inhalte, äußerten jedoch den Wunsch nach mehr praktischen Beispielen und Übungen. Einige Rückmeldungen deuteten darauf hin, dass die Dauer der Schulung zu lang war, um die Aufmerksamkeit aufrechtzuerhalten.
Empfehlung: Es wird empfohlen, die Inhalte der Schulung zu überarbeiten und mehr interaktive Elemente einzuführen. Außerdem sollte die Dauer der Sitzung angepasst werden, um die Konzentration der Teilnehmer zu fördern.",no,no,no,no,no,no,no,no,no,no,no,no,no,,NONE,0,0,easy,no,none,no,test,yes,openrouter_gpt4o_mini_field,field_llm_v1,no,,,v2,Synthetic document generated for controlled PII training data.,"[{'type': 'LOCATION', 'value': 'Teilnehmerangaben', 'confidence': 0.85, 'source': 'presidio', 'start': 32, 'end': 49}, {'type': 'DATE_TIME', 'value': '2025-08-10', 'confidence': 0.6, 'source': 'presidio', 'start': 124, 'end': 134}]","{'LOCATION': 0.85, 'DATE_TIME': 0.6}","['DATE_TIME', 'LOCATION']",[],[],False,False,False,local_non_pii,no_meaningful_signal,False,20260909_112021,rule_based,local,rules,regex_presidio_fusion_v1,not_applicable,rules,False
SYN-TRAINING_EVALUATION-0198,synthetic_training_evaluation_0198.txt,form,training_evaluation,de,synthetic_generation,,,synthetic,2026-08-28,2026-08-28,2026-08-28,0,"Schulungsbewertung

Teilnehmer: Teilnehmerangaben nicht angegeben
Kontakt: Abteilungskontakt
Kurs: Process Improvement Workshop
Datum: 2027-03-05
Inhalt: Im Rahmen des Process Improvement Workshops, der am 5. März 2027 stattfand, wurden verschiedene Ansätze zur Optimierung von Geschäftsprozessen erörtert. Die Teilnehmer hatten die Möglichkeit, ihre Erfahrungen zu teilen und voneinander zu lernen. Die Themen umfassten unter anderem Lean Management, Prozessmapping und die Identifikation von Engpässen. Insgesamt wurde eine positive Atmosphäre geschaffen, die zu einem konstruktiven Austausch führte.
Trainer: External Training Provider
Material: Satisfactory
Kommentare: Die Teilnehmerangaben wurden nicht angegeben, was die Nachverfolgbarkeit der individuellen Rückmeldungen erschwert. Es wäre vorteilhaft, in zukünftigen Workshops die Teilnehmer zu erfassen, um gezielte Ansprachen und Feedback zu ermöglichen. Die Abteilungskontakt war während des Workshops anwesend und konnte wertvolle Einblicke geben.
Empfehlung: Es wird empfohlen, die Teilnehmerangaben in zukünftigen Workshops zu dokumentieren. Dies könnte durch die Einführung eines Anmeldesystems oder die Verwendung von Namensschildern erfolgen. Eine detaillierte Erfassung kann dazu beitragen, den Austausch unter den Teilnehmern zu fördern und spezifische Bedürfnisse besser zu adressieren.",no,no,no,no,no,no,no,no,no,no,no,no,no,,NONE,0,0,easy,no,none,no,test,yes,openrouter_gpt4o_mini_field,field_llm_v1,no,,,v2,Synthetic document generated for controlled PII training data.,"[{'type': 'LOCATION', 'value': 'Teilnehmerangaben', 'confidence': 0.85, 'source': 'presidio', 'start': 32, 'end': 49}, {'type': 'LOCATION', 'value': 'Teilnehmerangaben', 'confidence': 0.85, 'source': 'presidio', 'start': 678, 'end': 695}, {'type': 'LOCATION', 'value': 'Teilnehmerangaben', 'confidence': 0.85, 'source': 'presidio', 'start': 1046, 'end': 1063}, {'type': 'DATE_TIME', 'value': '2027-03-05', 'confidence': 0.6, 'source': 'presidio', 'start': 135, 'end': 145}]","{'LOCATION': 0.85, 'DATE_TIME': 0.6}","['DATE_TIME', 'LOCATION']",[],[],False,False,False,local_non_pii,no_meaningful_signal,False,20260909_112021,rule_based,local,rules,regex_presidio_fusion_v1,not_applicable,rules,False
SYN-TRAINING_EVALUATION-0207,synthetic_training_evaluation_0207.txt,form,training_evaluation,de,synthetic_generation,,,synthetic,2026-08-28,2026-08-28,2026-08-28,0,"Schulungsbewertung

Teilnehmer: Bewertungsteilnehmende Person
Kontakt: Zentrale Kontaktstelle
Kurs: Data Protection Essentials
Datum: 2026-10-06
Inhalt: Die Schulung zu den Grundlagen des Datenschutzes, die am 6. Oktober 2026 unter der Leitung von Nicolai Dehmel B.Eng. stattfand, war insgesamt informativ und gut strukturiert. Die Teilnehmer zeigten ein hohes Maß an Engagement, was sich in der aktiven Teilnahme an den Diskussionen widerspiegelte. Besonders positiv hervorzuheben ist die klare Kommunikation der rechtlichen Rahmenbedingungen sowie die praktischen Beispiele, die zur Veranschaulichung der Themen genutzt wurden. Ein Verbesserungsvorschlag wäre, mehr interaktive Elemente einzuführen, um das Wissen der Teilnehmer noch stärker anzuwenden und zu vertiefen. Darüber hinaus könnten spezifische Fallstudien aus der Branche integriert werden, um die Relevanz der Inhalte zu erhöhen.
Trainer: Nicolai Dehmel B.Eng.
Material: Satisfactory
Kommentare: https://weiss.de/
Empfehlung: Es wird empfohlen, zukünftige Schulungen um interaktive Workshops zu erweitern, in denen die Teilnehmer in Gruppenarbeit spezifische Datenschutzszenarien bearbeiten können. Dies würde nicht nur das Verständnis vertiefen, sondern auch den Austausch unter den Teilnehmern fördern. Zudem könnte eine Nachbesprechung der praktischen Übungen in Form von Feedback-Runden etabliert werden, um die Lernerfahrungen zu optimieren.",yes,yes,no,no,no,no,no,no,no,no,no,yes,no,PERSON; URL,MULTIPLE,2,2,easy,no,none,no,test,yes,openrouter_gpt4o_mini_field,field_llm_v1,no,,,v2,Synthetic document generated for controlled PII training data.,"[{'type': 'PERSON', 'value': 'Nicolai Dehmel', 'confidence': 0.85, 'source': 'presidio', 'start': 248, 'end': 262}, {'type': 'PERSON', 'value': 'Nicolai Dehmel', 'confidence': 0.85, 'source': 'presidio', 'start': 904, 'end': 918}, {'type': 'DATE_TIME', 'value': '2026-10-06', 'confidence': 0.6, 'source': 'presidio', 'start': 134, 'end': 144}, {'type': 'URL', 'value': 'https://weiss.de/', 'confidence': 0.6, 'source': 'presidio', 'start': 961, 'end': 978}, {'type': 'URL', 'value': 'https://weiss.de', 'confidence': 0.9, 'source': 'custom_regex', 'start': 961, 'end': 977}]","{'PERSON': 0.85, 'DATE_TIME': 0.6, 'URL': 1.0}","['DATE_TIME', 'PERSON', 'URL']",[],"['PERSON', 'DATE_TIME', 'URL']",False,True,False,low_cost_llm,potential_pii_evidence,True,20260909_112021,rule_based,local,rules,regex_presidio_fusion_v1,not_applicable,rules,False
SYN-TRAINING_EVALUATION-0216,synthetic_training_evaluation_0216.txt,form,training_evaluation,en,synthetic_generation,,,synthetic,2026-08-28,2026-08-28,2026-08-28,0,"Training Evaluation

Participant: Participant details not provided
Contact: Service Team
Course: Data Protection Essentials
Date: 2026-07-07
Content: The Data Protection Essentials course provided a thorough overview of the key principles and practices necessary for maintaining compliance with data protection regulations. Participants engaged in various interactive sessions that emphasized the importance of safeguarding personal information. The material covered critical topics such as data minimization, consent management, and the implications of data breaches, ensuring that learners could apply these concepts in real-world scenarios. Overall, the course was well-structured and informative, contributing positively to participants' understanding of data protection.
Trainer: Learning and Development
Material: Very Good
Comments: The course was well-received by participants, who appreciated the blend of theoretical knowledge and practical applications. Feedback indicated that the interactive components, such as case studies and group discussions, significantly enhanced the learning experience. However, there were suggestions for including more in-depth examples of compliance challenges faced by organizations, which could further enrich the dialogue and learning outcomes. Additionally, some participants expressed a desire for more time allocated to discuss recent legislative changes affecting data protection.
Recommendation: To improve future iterations of the Data Protection Essentials course, it is recommended to incorporate additional case studies that highlight common compliance challenges in various industries. This would allow participants to engage more deeply with the material and foster a more practical understanding of how to navigate real-world scenarios. Furthermore, consider extending the duration of the course or adding supplemental sessions focused on recent developments in data protection legislation, ensuring that participants remain up-to-date with current requirements and best practices.",no,no,no,no,no,no,no,no,no,no,no,no,no,,NONE,0,0,easy,no,none,no,test,yes,openrouter_gpt4o_mini_field,field_llm_v1,no,,,v2,Synthetic document generated for controlled PII training data.,[],{},[],[],[],False,False,False,local_non_pii,no_meaningful_signal,False,20260909_112021,rule_based,local,rules,regex_presidio_fusion_v1,not_applicable,rules,False
SYN-TRAINING_EVALUATION-0223,synthetic_training_evaluation_0223.txt,form,training_evaluation,en,synthetic_generation,,,synthetic,2026-08-28,2026-08-28,2026-08-28,0,"Training Evaluation

Participant: Richard Clark
Contact: Central Contact Point
Course: Process Improvement Workshop
Date: 2025-02-01
Content: The Process Improvement Workshop led by the Internal Training Team on February 1, 2025, provided valuable insights into operational efficiencies. Richard Clark actively participated, contributing thoughtful questions that enhanced group discussions. However, the workshop material could benefit from more real-world examples to better illustrate the concepts being taught and engage the participants effectively. Furthermore, incorporating interactive elements such as breakout sessions could foster a more hands-on learning environment.
Trainer: Internal Training Team
Material: Needs Improvement
Comments: Richard Clark demonstrated a solid understanding of the workshop topics and was eager to share his perspectives. His engagement level was commendable, as he consistently prompted further exploration of the material presented. Nevertheless, some attendees expressed that the content was too theoretical and lacked practical application, which is critical for a workshop focused on process improvement. Addressing this feedback could significantly enhance participant satisfaction and learning outcomes.
Recommendation: To improve future sessions, it is recommended that the Internal Training Team revise the existing material for the Process Improvement Workshop. Incorporating case studies relevant to the participants' industries would provide practical context and enhance comprehension. Additionally, implementing more interactive activities, such as group exercises or role-playing scenarios, could facilitate better retention of the concepts discussed and promote a collaborative learning atmosphere.",yes,yes,no,no,no,no,no,no,no,no,no,no,no,PERSON,PERSON,1,1,easy,no,none,no,test,yes,openrouter_gpt4o_mini_field,field_llm_v1,no,,,v2,Synthetic document generated for controlled PII training data.,"[{'type': 'DATE_TIME', 'value': '2025-02-01', 'confidence': 0.95, 'source': 'presidio', 'start': 122, 'end': 132}, {'type': 'PERSON', 'value': 'Richard Clark', 'confidence': 0.85, 'source': 'presidio', 'start': 34, 'end': 47}, {'type': 'DATE_TIME', 'value': 'February 1, 2025', 'confidence': 0.85, 'source': 'presidio', 'start': 212, 'end': 228}, {'type': 'PERSON', 'value': 'Richard Clark', 'confidence': 0.85, 'source': 'presidio', 'start': 288, 'end': 301}, {'type': 'PERSON', 'value': 'Richard Clark', 'confidence': 0.85, 'source': 'presidio', 'start': 750, 'end': 763}]","{'DATE_TIME': 0.95, 'PERSON': 0.85}","['DATE_TIME', 'PERSON']",[],"['DATE_TIME', 'PERSON']",False,True,False,low_cost_llm,potential_pii_evidence,True,20260909_112021,rule_based,local,rules,regex_presidio_fusion_v1,not_applicable,rules,False
SYN-TRAINING_EVALUATION-0228,synthetic_training_evaluation_0228.txt,form,training_evaluation,de,synthetic_generation,,,synthetic,2026-08-28,2026-08-28,2026-08-28,0,"Schulungsbewertung

Teilnehmer: Jan-Peter Adolph B.A.
Kontakt: apeukert@example.net
Kurs: Cybersecurity Awareness
Datum: 2026-03-15
Inhalt: Die Schulung zum Thema Cybersecurity Awareness war informativ, jedoch fehlte es an praktischen Beispielen, die die Theorie veranschaulichen. Es wäre hilfreich, mehr interaktive Elemente einzuführen, um das Engagement der Teilnehmer zu erhöhen.
Trainer: External Training Provider
Material: Needs Improvement
Kommentare: Jan-Peter Adolph B.A. fand die Inhalte zwar relevant, wünschte sich jedoch einen stärkeren Bezug zur Praxis. Der Trainer könnte auch mehr Zeit für Fragen und Diskussionen einplanen, um den Austausch zu fördern.
Empfehlung: Empfehlenswert wäre, die Trainingsmaterialien zu überarbeiten und zusätzliche, praxisnahe Beispiele einzufügen. Eine Umfrage unter den Teilnehmern könnte helfen, spezifische Interessen und Bedürfnisse zu identifizieren.",yes,yes,yes,no,no,no,no,no,no,no,no,no,no,PERSON; EMAIL_ADDRESS,MULTIPLE,2,2,easy,no,none,no,test,yes,openrouter_gpt4o_mini_field,field_llm_v1,no,,,v2,Synthetic document generated for controlled PII training data.,"[{'type': 'EMAIL_ADDRESS', 'value': 'apeukert@example.net', 'confidence': 1.0, 'source': 'presidio', 'start': 63, 'end': 83}, {'type': 'PERSON', 'value': 'Jan-Peter Adolph', 'confidence': 0.85, 'source': 'presidio', 'start': 32, 'end': 48}, {'type': 'PERSON', 'value': 'Jan-Peter Adolph', 'confidence': 0.85, 'source': 'presidio', 'start': 460, 'end': 476}, {'type': 'DATE_TIME', 'value': '2026-03-15', 'confidence': 0.6, 'source': 'presidio', 'start': 121, 'end': 131}, {'type': 'URL', 'value': 'example.net', 'confidence': 0.5, 'source': 'presidio', 'start': 72, 'end': 83}, {'type': 'EMAIL_ADDRESS', 'value': 'apeukert@example.net', 'confidence': 0.9, 'source': 'custom_regex', 'start': 63, 'end': 83}]","{'EMAIL_ADDRESS': 1.0, 'PERSON': 0.85, 'DATE_TIME': 0.6, 'URL': 0.5}","['DATE_TIME', 'EMAIL_ADDRESS', 'PERSON', 'URL']",['EMAIL_ADDRESS'],"['PERSON', 'DATE_TIME', 'URL']",True,True,False,local_pii,strong_pii_detected,False,20260909_112021,rule_based,local,rules,regex_presidio_fusion_v1,not_applicable,rules,True
SYN-TRAINING_EVALUATION-0237,synthetic_training_evaluation_0237.txt,form,training_evaluation,de,synthetic_generation,,,synthetic,2026-08-28,2026-08-28,2026-08-28,0,"Schulungsbewertung

Teilnehmer: Teilnehmerangaben nicht angegeben
Kontakt: Serviceteam
Kurs: Process Improvement Workshop
Datum: 2024-10-10
Inhalt: Die Teilnehmer schätzten die Struktur des Workshops und die praktischen Übungen zur Prozessverbesserung. Die Interaktivität förderte das Engagement und die Diskussion unter den Teilnehmern.
Trainer: Learning and Development
Material: Good
Kommentare: Einige Teilnehmer wünschten sich mehr Zeit für die einzelnen Übungen, um vertiefte Einblicke zu gewinnen. Die Materialien wurden als hilfreich empfunden, könnten jedoch in Zukunft um zusätzliche Beispiele ergänzt werden.
Empfehlung: Es wird empfohlen, den Zeitrahmen für die praktischen Übungen zu verlängern und spezifische Beispiele zu integrieren, um den Lernprozess zu unterstützen.",no,no,no,no,no,no,no,no,no,no,no,no,no,,NONE,0,0,easy,no,none,no,test,yes,openrouter_gpt4o_mini_field,field_llm_v1,no,,,v2,Synthetic document generated for controlled PII training data.,"[{'type': 'LOCATION', 'value': 'Teilnehmerangaben', 'confidence': 0.85, 'source': 'presidio', 'start': 32, 'end': 49}, {'type': 'DATE_TIME', 'value': '2024-10-10', 'confidence': 0.6, 'source': 'presidio', 'start': 129, 'end': 139}]","{'LOCATION': 0.85, 'DATE_TIME': 0.6}","['DATE_TIME', 'LOCATION']",[],[],False,False,False,local_non_pii,no_meaningful_signal,False,20260909_112021,rule_based,local,rules,regex_presidio_fusion_v1,not_applicable,rules,False
