document_id,scenario_type,variant,language,contains_personal_data,entity_types,recommended_split,difficulty,edge_case,challenge_category,scenario_seed,row_seed
SYN-CONTRACT-0001,contract,contract_excerpt,en,no,,validation,easy,False,none,42,420001
SYN-CONTRACT-0002,contract,contract_excerpt,en,no,,train,easy,False,none,42,420002
SYN-CONTRACT-0003,contract,amendment,de,no,,train,easy,False,none,42,420003
SYN-CONTRACT-0004,contract,amendment,en,no,,train,easy,False,none,42,420004
SYN-CONTRACT-0005,contract,amendment,en,yes,PERSON,validation,easy,False,none,42,420005
SYN-CONTRACT-0006,contract,signature_section,en,yes,PERSON;IBAN_CODE,train,easy,False,none,42,420006
SYN-CONTRACT-0007,contract,signature_section,de,no,,train,easy,False,none,42,420007
SYN-CONTRACT-0008,contract,contract_excerpt,de,no,,train,easy,False,none,42,420008
SYN-CONTRACT-0009,contract,contract_excerpt,de,no,,train,easy,False,none,42,420009
SYN-CONTRACT-0010,contract,amendment,en,no,,validation,easy,False,none,42,420010
SYN-CONTRACT-0011,contract,contract_excerpt,de,no,,train,easy,False,none,42,420011
SYN-CONTRACT-0012,contract,contract_excerpt,en,no,,validation,easy,False,none,42,420012
SYN-CONTRACT-0013,contract,amendment,de,no,,train,easy,False,none,42,420013
SYN-CONTRACT-0014,contract,amendment,de,yes,PERSON,train,easy,False,none,42,420014
SYN-CONTRACT-0015,contract,signature_section,en,no,,test,easy,False,none,42,420015
SYN-CONTRACT-0016,contract,amendment,en,no,,train,easy,False,none,42,420016
SYN-CONTRACT-0017,contract,contract_excerpt,en,yes,PERSON;IBAN_CODE,train,easy,False,none,42,420017
SYN-CONTRACT-0018,contract,signature_section,de,no,,train,easy,False,none,42,420018
SYN-CONTRACT-0019,contract,contract_excerpt,de,no,,train,easy,False,none,42,420019
SYN-CONTRACT-0020,contract,signature_section,en,no,,test,easy,False,none,42,420020
SYN-CONTRACT-0021,contract,signature_section,en,no,,train,easy,False,none,42,420021
SYN-CONTRACT-0022,contract,contract_excerpt,en,no,,test,easy,False,none,42,420022
SYN-CONTRACT-0023,contract,amendment,en,no,,validation,easy,False,none,42,420023
SYN-CONTRACT-0024,contract,amendment,en,no,,test,easy,False,none,42,420024
SYN-CONTRACT-0025,contract,amendment,en,no,,train,easy,False,none,42,420025
SYN-CONTRACT-0026,contract,signature_section,en,no,,train,easy,False,none,42,420026
SYN-CONTRACT-0027,contract,signature_section,en,no,,test,easy,False,none,42,420027
SYN-CONTRACT-0028,contract,contract_excerpt,de,no,,train,easy,False,none,42,420028
SYN-CONTRACT-0029,contract,amendment,en,no,,train,easy,False,none,42,420029
SYN-CONTRACT-0030,contract,signature_section,de,yes,PERSON;IBAN_CODE,test,easy,False,none,42,420030
SYN-CONTRACT-0031,contract,amendment,en,no,,train,easy,False,none,42,420031
SYN-CONTRACT-0032,contract,contract_excerpt,de,no,,validation,easy,False,none,42,420032
SYN-CONTRACT-0033,contract,amendment,de,no,,test,easy,False,none,42,420033
SYN-CONTRACT-0034,contract,signature_section,de,no,,test,easy,False,none,42,420034
SYN-CONTRACT-0035,contract,signature_section,en,no,,train,easy,False,none,42,420035
SYN-CONTRACT-0036,contract,contract_excerpt,en,yes,PERSON;DATE_TIME,test,easy,False,none,42,420036
SYN-CONTRACT-0037,contract,contract_excerpt,de,no,,train,easy,False,none,42,420037
SYN-CONTRACT-0038,contract,amendment,en,no,,validation,easy,False,none,42,420038
SYN-CONTRACT-0039,contract,signature_section,en,no,,validation,easy,False,none,42,420039
SYN-CONTRACT-0040,contract,signature_section,en,no,,train,easy,False,none,42,420040
SYN-CONTRACT-0041,contract,amendment,de,yes,PERSON;DATE_TIME,train,easy,False,none,42,420041
SYN-CONTRACT-0042,contract,contract_excerpt,de,yes,PERSON,train,easy,False,none,42,420042
SYN-CONTRACT-0043,contract,signature_section,de,no,,train,easy,False,none,42,420043
SYN-CONTRACT-0044,contract,amendment,en,yes,PERSON;EMAIL_ADDRESS,train,easy,False,none,42,420044
SYN-CONTRACT-0045,contract,contract_excerpt,en,yes,PERSON;IBAN_CODE,train,easy,False,none,42,420045
SYN-CONTRACT-0046,contract,signature_section,de,no,,train,easy,False,none,42,420046
SYN-CONTRACT-0047,contract,amendment,de,no,,train,easy,False,none,42,420047
SYN-CONTRACT-0048,contract,amendment,de,no,,train,easy,False,none,42,420048
SYN-CONTRACT-0049,contract,amendment,en,no,,validation,easy,False,none,42,420049
SYN-CONTRACT-0050,contract,signature_section,de,no,,train,easy,False,none,42,420050
SYN-CONTRACT-0051,contract,contract_excerpt,de,yes,PERSON,train,easy,False,none,42,420051
SYN-CONTRACT-0052,contract,contract_excerpt,de,yes,PERSON;LOCATION,validation,easy,False,none,42,420052
SYN-CONTRACT-0053,contract,contract_excerpt,de,no,,test,easy,False,none,42,420053
SYN-CONTRACT-0054,contract,contract_excerpt,de,no,,test,easy,False,none,42,420054
SYN-CONTRACT-0055,contract,signature_section,de,no,,train,easy,False,none,42,420055
SYN-CONTRACT-0056,contract,signature_section,en,no,,train,easy,False,none,42,420056
SYN-CONTRACT-0057,contract,signature_section,en,no,,train,easy,False,none,42,420057
SYN-CONTRACT-0058,contract,signature_section,en,no,,train,easy,False,none,42,420058
SYN-CONTRACT-0059,contract,signature_section,en,no,,train,easy,False,none,42,420059
SYN-CONTRACT-0060,contract,contract_excerpt,de,no,,train,easy,False,none,42,420060
SYN-CONTRACT-0061,contract,amendment,en,no,,train,easy,False,none,42,420061
SYN-CONTRACT-0062,contract,signature_section,en,no,,train,easy,False,none,42,420062
SYN-CONTRACT-0063,contract,signature_section,de,no,,test,easy,False,none,42,420063
SYN-CONTRACT-0064,contract,contract_excerpt,en,no,,validation,easy,False,none,42,420064
SYN-CONTRACT-0065,contract,signature_section,en,no,,train,easy,False,none,42,420065
SYN-CONTRACT-0066,contract,contract_excerpt,en,no,,validation,easy,False,none,42,420066
SYN-CONTRACT-0067,contract,contract_excerpt,en,no,,validation,easy,False,none,42,420067
SYN-CONTRACT-0068,contract,contract_excerpt,en,yes,PERSON;DATE_TIME,train,easy,False,none,42,420068
SYN-CONTRACT-0069,contract,contract_excerpt,en,yes,PERSON;DATE_TIME,validation,easy,False,none,42,420069
SYN-CONTRACT-0070,contract,contract_excerpt,en,no,,train,easy,False,none,42,420070
SYN-CONTRACT-0071,contract,signature_section,de,no,,validation,easy,False,none,42,420071
SYN-CONTRACT-0072,contract,contract_excerpt,de,yes,PERSON;LOCATION,test,easy,False,none,42,420072
SYN-CONTRACT-0073,contract,signature_section,de,no,,test,easy,False,none,42,420073
SYN-CONTRACT-0074,contract,signature_section,en,no,,train,easy,False,none,42,420074
SYN-CONTRACT-0075,contract,signature_section,en,no,,train,easy,False,none,42,420075
SYN-CONTRACT-0076,contract,amendment,de,no,,train,easy,False,none,42,420076
SYN-CONTRACT-0077,contract,amendment,de,no,,train,easy,False,none,42,420077
SYN-CONTRACT-0078,contract,contract_excerpt,en,no,,train,easy,False,none,42,420078
SYN-CONTRACT-0079,contract,contract_excerpt,de,no,,train,easy,False,none,42,420079
SYN-CONTRACT-0080,contract,amendment,en,no,,train,easy,False,none,42,420080
SYN-CONTRACT-0081,contract,amendment,de,no,,validation,easy,False,none,42,420081
SYN-CONTRACT-0082,contract,contract_excerpt,en,no,,train,easy,False,none,42,420082
SYN-CONTRACT-0083,contract,contract_excerpt,de,no,,test,easy,False,none,42,420083
SYN-CONTRACT-0084,contract,amendment,de,no,,validation,easy,False,none,42,420084
SYN-CONTRACT-0085,contract,contract_excerpt,de,yes,PERSON;LOCATION,train,easy,False,none,42,420085
SYN-CONTRACT-0086,contract,signature_section,en,no,,train,easy,False,none,42,420086
SYN-CONTRACT-0087,contract,signature_section,en,no,,train,easy,False,none,42,420087
SYN-CONTRACT-0088,contract,amendment,en,no,,test,easy,False,none,42,420088
SYN-CONTRACT-0089,contract,signature_section,en,no,,train,easy,False,none,42,420089
SYN-CONTRACT-0090,contract,signature_section,de,yes,PERSON;LOCATION,train,easy,False,none,42,420090
SYN-CONTRACT-0091,contract,amendment,en,no,,train,easy,False,none,42,420091
SYN-CONTRACT-0092,contract,contract_excerpt,de,no,,train,easy,False,none,42,420092
SYN-CONTRACT-0093,contract,contract_excerpt,de,no,,validation,easy,False,none,42,420093
SYN-CONTRACT-0094,contract,signature_section,en,no,,validation,easy,False,none,42,420094
SYN-CONTRACT-0095,contract,amendment,de,no,,train,easy,False,none,42,420095
SYN-CONTRACT-0096,contract,signature_section,de,no,,validation,easy,False,none,42,420096
SYN-CONTRACT-0097,contract,amendment,en,yes,PERSON;DATE_TIME,train,easy,False,none,42,420097
SYN-CONTRACT-0098,contract,amendment,de,no,,train,easy,False,none,42,420098
SYN-CONTRACT-0099,contract,contract_excerpt,de,no,,train,easy,False,none,42,420099
SYN-CONTRACT-0100,contract,signature_section,de,no,,validation,easy,False,none,42,420100
SYN-CONTRACT-0101,contract,signature_section,de,no,,train,easy,False,none,42,420101
SYN-CONTRACT-0102,contract,signature_section,en,no,,train,easy,False,none,42,420102
SYN-CONTRACT-0103,contract,amendment,en,no,,train,easy,False,none,42,420103
SYN-CONTRACT-0104,contract,signature_section,en,yes,PERSON;IBAN_CODE,train,easy,False,none,42,420104
SYN-CONTRACT-0105,contract,contract_excerpt,en,no,,test,easy,False,none,42,420105
SYN-CONTRACT-0106,contract,amendment,de,yes,PERSON,train,easy,False,none,42,420106
SYN-CONTRACT-0107,contract,amendment,de,no,,train,easy,False,none,42,420107
SYN-CONTRACT-0108,contract,contract_excerpt,de,no,,validation,easy,False,none,42,420108
SYN-CONTRACT-0109,contract,signature_section,de,no,,train,easy,False,none,42,420109
SYN-CONTRACT-0110,contract,signature_section,de,no,,train,easy,False,none,42,420110
SYN-CONTRACT-0111,contract,contract_excerpt,en,no,,train,easy,False,none,42,420111
SYN-CONTRACT-0112,contract,signature_section,en,no,,train,easy,False,none,42,420112
SYN-CONTRACT-0113,contract,signature_section,en,no,,train,easy,False,none,42,420113
SYN-CONTRACT-0114,contract,signature_section,de,yes,PERSON;IBAN_CODE,train,easy,False,none,42,420114
SYN-CONTRACT-0115,contract,amendment,en,no,,validation,easy,False,none,42,420115
SYN-CONTRACT-0116,contract,signature_section,de,no,,train,easy,False,none,42,420116
SYN-CONTRACT-0117,contract,amendment,de,no,,train,easy,False,none,42,420117
SYN-CONTRACT-0118,contract,amendment,de,no,,test,easy,False,none,42,420118
SYN-CONTRACT-0119,contract,amendment,en,no,,train,easy,False,none,42,420119
SYN-CONTRACT-0120,contract,amendment,en,no,,train,easy,False,none,42,420120
SYN-CONTRACT-0121,contract,amendment,en,no,,train,easy,False,none,42,420121
SYN-CONTRACT-0122,contract,signature_section,de,no,,validation,easy,False,none,42,420122
SYN-CONTRACT-0123,contract,contract_excerpt,en,no,,train,easy,False,none,42,420123
SYN-CONTRACT-0124,contract,amendment,en,no,,train,easy,False,none,42,420124
SYN-CONTRACT-0125,contract,contract_excerpt,en,no,,validation,easy,False,none,42,420125
SYN-CONTRACT-0126,contract,signature_section,en,no,,validation,easy,False,none,42,420126
SYN-CONTRACT-0127,contract,contract_excerpt,de,no,,train,easy,False,none,42,420127
SYN-CONTRACT-0128,contract,signature_section,de,no,,train,easy,False,none,42,420128
SYN-CONTRACT-0129,contract,contract_excerpt,de,no,,train,easy,False,none,42,420129
SYN-CONTRACT-0130,contract,signature_section,de,no,,train,easy,False,none,42,420130
SYN-CONTRACT-0131,contract,contract_excerpt,en,no,,train,easy,False,none,42,420131
SYN-CONTRACT-0132,contract,amendment,de,no,,train,easy,False,none,42,420132
SYN-CONTRACT-0133,contract,amendment,en,no,,train,easy,False,none,42,420133
SYN-CONTRACT-0134,contract,amendment,en,no,,test,easy,False,none,42,420134
SYN-CONTRACT-0135,contract,amendment,de,no,,validation,easy,False,none,42,420135
SYN-CONTRACT-0136,contract,contract_excerpt,de,no,,train,easy,False,none,42,420136
SYN-CONTRACT-0137,contract,signature_section,en,no,,train,easy,False,none,42,420137
SYN-CONTRACT-0138,contract,amendment,de,no,,train,easy,False,none,42,420138
SYN-CONTRACT-0139,contract,contract_excerpt,en,no,,train,easy,False,none,42,420139
SYN-CONTRACT-0140,contract,amendment,en,no,,test,easy,False,none,42,420140
SYN-CONTRACT-0141,contract,contract_excerpt,en,no,,test,easy,False,none,42,420141
SYN-CONTRACT-0142,contract,contract_excerpt,de,no,,train,easy,False,none,42,420142
SYN-CONTRACT-0143,contract,signature_section,de,no,,train,easy,False,none,42,420143
SYN-CONTRACT-0144,contract,signature_section,en,yes,PERSON;LOCATION,train,easy,False,none,42,420144
SYN-CONTRACT-0145,contract,signature_section,de,yes,PERSON;IBAN_CODE,train,easy,False,none,42,420145
SYN-CONTRACT-0146,contract,contract_excerpt,de,yes,PERSON;IBAN_CODE,train,easy,False,none,42,420146
SYN-CONTRACT-0147,contract,signature_section,en,no,,train,easy,False,none,42,420147
SYN-CONTRACT-0148,contract,contract_excerpt,en,no,,train,easy,False,none,42,420148
SYN-CONTRACT-0149,contract,amendment,de,no,,train,easy,False,none,42,420149
SYN-CONTRACT-0150,contract,contract_excerpt,de,no,,train,easy,False,none,42,420150
SYN-CONTRACT-0151,contract,contract_excerpt,en,yes,PERSON;EMAIL_ADDRESS,train,easy,False,none,42,420151
SYN-CONTRACT-0152,contract,signature_section,en,no,,train,easy,False,none,42,420152
SYN-CONTRACT-0153,contract,contract_excerpt,de,no,,train,easy,False,none,42,420153
SYN-CONTRACT-0154,contract,amendment,de,no,,train,easy,False,none,42,420154
SYN-CONTRACT-0155,contract,signature_section,en,no,,train,easy,False,none,42,420155
SYN-CONTRACT-0156,contract,signature_section,en,no,,test,easy,False,none,42,420156
SYN-CONTRACT-0157,contract,signature_section,de,yes,PERSON;IBAN_CODE,validation,easy,False,none,42,420157
SYN-CONTRACT-0158,contract,signature_section,de,yes,PERSON;IBAN_CODE,test,easy,False,none,42,420158
SYN-CONTRACT-0159,contract,contract_excerpt,en,no,,train,easy,False,none,42,420159
SYN-CONTRACT-0160,contract,contract_excerpt,de,no,,train,easy,False,none,42,420160
SYN-CONTRACT-0161,contract,amendment,en,yes,PERSON;DATE_TIME,train,easy,False,none,42,420161
SYN-CONTRACT-0162,contract,amendment,en,no,,train,easy,False,none,42,420162
SYN-CONTRACT-0163,contract,contract_excerpt,en,no,,test,easy,False,none,42,420163
SYN-CONTRACT-0164,contract,amendment,de,yes,PERSON;IBAN_CODE,train,easy,False,none,42,420164
SYN-CONTRACT-0165,contract,contract_excerpt,de,no,,test,easy,False,none,42,420165
SYN-CONTRACT-0166,contract,signature_section,de,yes,PERSON;EMAIL_ADDRESS,train,easy,False,none,42,420166
SYN-CONTRACT-0167,contract,signature_section,de,no,,train,easy,False,none,42,420167
SYN-CONTRACT-0168,contract,amendment,en,no,,test,easy,False,none,42,420168
SYN-CONTRACT-0169,contract,signature_section,de,no,,train,easy,False,none,42,420169
SYN-CONTRACT-0170,contract,contract_excerpt,de,no,,test,easy,False,none,42,420170
SYN-CONTRACT-0171,contract,contract_excerpt,en,no,,train,easy,False,none,42,420171
SYN-CONTRACT-0172,contract,contract_excerpt,de,no,,train,easy,False,none,42,420172
SYN-CONTRACT-0173,contract,contract_excerpt,en,no,,train,easy,False,none,42,420173
SYN-CONTRACT-0174,contract,contract_excerpt,en,no,,train,easy,False,none,42,420174
SYN-CONTRACT-0175,contract,amendment,en,no,,train,easy,False,none,42,420175
SYN-CONTRACT-0176,contract,signature_section,de,no,,test,easy,False,none,42,420176
SYN-CONTRACT-0177,contract,amendment,de,no,,train,easy,False,none,42,420177
SYN-CONTRACT-0178,contract,contract_excerpt,en,no,,train,easy,False,none,42,420178
SYN-CONTRACT-0179,contract,amendment,en,no,,train,easy,False,none,42,420179
SYN-CONTRACT-0180,contract,contract_excerpt,en,no,,train,easy,False,none,42,420180
SYN-CONTRACT-0181,contract,signature_section,en,no,,train,easy,False,none,42,420181
SYN-CONTRACT-0182,contract,signature_section,en,no,,train,easy,False,none,42,420182
SYN-CONTRACT-0183,contract,signature_section,en,no,,train,easy,False,none,42,420183
SYN-CONTRACT-0184,contract,contract_excerpt,en,no,,train,easy,False,none,42,420184
SYN-CONTRACT-0185,contract,signature_section,de,no,,train,easy,False,none,42,420185
SYN-CONTRACT-0186,contract,signature_section,de,no,,validation,easy,False,none,42,420186
SYN-CONTRACT-0187,contract,amendment,en,no,,train,easy,False,none,42,420187
SYN-CONTRACT-0188,contract,contract_excerpt,de,no,,train,easy,False,none,42,420188
SYN-CONTRACT-0189,contract,amendment,de,no,,train,easy,False,none,42,420189
SYN-CONTRACT-0190,contract,signature_section,en,no,,train,easy,False,none,42,420190
SYN-CONTRACT-0191,contract,contract_excerpt,de,no,,train,easy,False,none,42,420191
SYN-CONTRACT-0192,contract,signature_section,en,no,,train,easy,False,none,42,420192
SYN-CONTRACT-0193,contract,amendment,en,no,,test,easy,False,none,42,420193
SYN-CONTRACT-0194,contract,contract_excerpt,de,no,,train,easy,False,none,42,420194
SYN-CONTRACT-0195,contract,signature_section,de,no,,train,easy,False,none,42,420195
SYN-CONTRACT-0196,contract,signature_section,de,no,,validation,easy,False,none,42,420196
SYN-CONTRACT-0197,contract,contract_excerpt,de,yes,PERSON;IBAN_CODE,test,easy,False,none,42,420197
SYN-CONTRACT-0198,contract,amendment,en,no,,train,easy,False,none,42,420198
SYN-CONTRACT-0199,contract,amendment,en,yes,PERSON;EMAIL_ADDRESS,test,easy,False,none,42,420199
SYN-CONTRACT-0200,contract,signature_section,de,no,,train,easy,False,none,42,420200
SYN-CONTRACT-0201,contract,signature_section,de,no,,train,easy,False,none,42,420201
SYN-CONTRACT-0202,contract,contract_excerpt,de,no,,train,easy,False,none,42,420202
SYN-CONTRACT-0203,contract,contract_excerpt,en,no,,train,easy,False,none,42,420203
SYN-CONTRACT-0204,contract,amendment,en,no,,validation,easy,False,none,42,420204
SYN-CONTRACT-0205,contract,signature_section,en,no,,train,easy,False,none,42,420205
SYN-CONTRACT-0206,contract,amendment,en,no,,train,easy,False,none,42,420206
SYN-CONTRACT-0207,contract,signature_section,de,yes,PERSON;IBAN_CODE,test,easy,False,none,42,420207
SYN-CONTRACT-0208,contract,contract_excerpt,de,no,,train,easy,False,none,42,420208
SYN-CONTRACT-0209,contract,contract_excerpt,en,no,,train,easy,False,none,42,420209
SYN-CONTRACT-0210,contract,amendment,en,no,,train,easy,False,none,42,420210
SYN-CONTRACT-0211,contract,amendment,de,no,,train,easy,False,none,42,420211
SYN-CONTRACT-0212,contract,contract_excerpt,de,no,,train,easy,False,none,42,420212
SYN-CONTRACT-0213,contract,signature_section,de,yes,PERSON;IBAN_CODE,validation,easy,False,none,42,420213
SYN-CONTRACT-0214,contract,contract_excerpt,de,no,,train,easy,False,none,42,420214
SYN-CONTRACT-0215,contract,amendment,en,no,,train,easy,False,none,42,420215
SYN-CONTRACT-0216,contract,signature_section,de,no,,train,easy,False,none,42,420216
SYN-CONTRACT-0217,contract,signature_section,de,no,,test,easy,False,none,42,420217
SYN-CONTRACT-0218,contract,contract_excerpt,en,no,,train,easy,False,none,42,420218
SYN-CONTRACT-0219,contract,contract_excerpt,de,no,,train,easy,False,none,42,420219
SYN-CONTRACT-0220,contract,contract_excerpt,en,no,,train,easy,False,none,42,420220
SYN-CONTRACT-0221,contract,signature_section,en,no,,test,easy,False,none,42,420221
SYN-CONTRACT-0222,contract,amendment,de,no,,train,easy,False,none,42,420222
SYN-CONTRACT-0223,contract,amendment,en,no,,test,easy,False,none,42,420223
SYN-CONTRACT-0224,contract,amendment,de,no,,train,easy,False,none,42,420224
SYN-CONTRACT-0225,contract,amendment,de,no,,train,easy,False,none,42,420225
SYN-CONTRACT-0226,contract,contract_excerpt,en,no,,train,easy,False,none,42,420226
SYN-CONTRACT-0227,contract,contract_excerpt,en,no,,train,easy,False,none,42,420227
SYN-CONTRACT-0228,contract,amendment,en,no,,train,easy,False,none,42,420228
SYN-CONTRACT-0229,contract,contract_excerpt,en,yes,PERSON;LOCATION,train,easy,False,none,42,420229
SYN-CONTRACT-0230,contract,amendment,en,no,,train,easy,False,none,42,420230
SYN-CONTRACT-0231,contract,amendment,de,no,,train,easy,False,none,42,420231
SYN-CONTRACT-0232,contract,amendment,de,no,,train,easy,False,none,42,420232
SYN-CONTRACT-0233,contract,amendment,de,no,,train,easy,False,none,42,420233
SYN-CONTRACT-0234,contract,signature_section,de,no,,validation,easy,False,none,42,420234
SYN-CONTRACT-0235,contract,signature_section,de,no,,validation,easy,False,none,42,420235
SYN-CONTRACT-0236,contract,amendment,en,no,,validation,easy,False,none,42,420236
SYN-CONTRACT-0237,contract,signature_section,en,yes,PERSON;EMAIL_ADDRESS,validation,easy,False,none,42,420237
SYN-CONTRACT-0238,contract,amendment,de,no,,train,easy,False,none,42,420238
SYN-CONTRACT-0239,contract,contract_excerpt,en,no,,validation,easy,False,none,42,420239
SYN-CONTRACT-0240,contract,amendment,de,no,,test,easy,False,none,42,420240
SYN-CONTRACT-0241,contract,contract_excerpt,en,no,,train,easy,False,none,42,420241
SYN-CONTRACT-0242,contract,amendment,de,yes,PERSON,train,easy,False,none,42,420242
SYN-CONTRACT-0243,contract,signature_section,de,no,,train,easy,False,none,42,420243
SYN-CONTRACT-0244,contract,amendment,de,no,,validation,easy,False,none,42,420244
SYN-CONTRACT-0245,contract,signature_section,en,yes,PERSON;EMAIL_ADDRESS,train,easy,False,none,42,420245
SYN-CONTRACT-0246,contract,contract_excerpt,de,no,,train,easy,False,none,42,420246
SYN-CONTRACT-0247,contract,contract_excerpt,de,no,,train,easy,False,none,42,420247
SYN-CONTRACT-0248,contract,signature_section,en,no,,train,easy,False,none,42,420248
SYN-CONTRACT-0249,contract,contract_excerpt,en,no,,test,easy,False,none,42,420249
SYN-CONTRACT-0250,contract,amendment,de,no,,train,easy,False,none,42,420250
SYN-CUSTOMER_SUPPORT-0001,customer_support,portal_ticket,de,yes,PERSON;CREDIT_CARD,train,easy,False,none,1042,10420001
SYN-CUSTOMER_SUPPORT-0002,customer_support,email_ticket,de,yes,PHONE_NUMBER,train,easy,False,none,1042,10420002
SYN-CUSTOMER_SUPPORT-0003,customer_support,email_ticket,de,no,,train,easy,False,none,1042,10420003
SYN-CUSTOMER_SUPPORT-0004,customer_support,escalation_note,en,no,,train,easy,False,none,1042,10420004
SYN-CUSTOMER_SUPPORT-0005,customer_support,escalation_note,en,no,,validation,easy,False,none,1042,10420005
SYN-CUSTOMER_SUPPORT-0006,customer_support,portal_ticket,en,yes,IP_ADDRESS,train,easy,False,none,1042,10420006
SYN-CUSTOMER_SUPPORT-0007,customer_support,portal_ticket,en,no,,test,easy,False,none,1042,10420007
SYN-CUSTOMER_SUPPORT-0008,customer_support,email_ticket,de,no,,test,easy,False,none,1042,10420008
SYN-CUSTOMER_SUPPORT-0009,customer_support,portal_ticket,en,no,,test,easy,False,none,1042,10420009
SYN-CUSTOMER_SUPPORT-0010,customer_support,escalation_note,de,no,,train,easy,False,none,1042,10420010
SYN-CUSTOMER_SUPPORT-0011,customer_support,escalation_note,en,no,,test,easy,False,none,1042,10420011
SYN-CUSTOMER_SUPPORT-0012,customer_support,portal_ticket,de,no,,train,easy,False,none,1042,10420012
SYN-CUSTOMER_SUPPORT-0013,customer_support,email_ticket,de,no,,validation,easy,False,none,1042,10420013
SYN-CUSTOMER_SUPPORT-0014,customer_support,email_ticket,de,no,,train,easy,False,none,1042,10420014
SYN-CUSTOMER_SUPPORT-0015,customer_support,email_ticket,en,no,,train,easy,False,none,1042,10420015
SYN-CUSTOMER_SUPPORT-0016,customer_support,portal_ticket,en,no,,test,easy,False,none,1042,10420016
SYN-CUSTOMER_SUPPORT-0017,customer_support,email_ticket,de,no,,train,easy,False,none,1042,10420017
SYN-CUSTOMER_SUPPORT-0018,customer_support,escalation_note,en,no,,train,easy,False,none,1042,10420018
SYN-CUSTOMER_SUPPORT-0019,customer_support,email_ticket,de,no,,train,easy,False,none,1042,10420019
SYN-CUSTOMER_SUPPORT-0020,customer_support,escalation_note,de,no,,test,easy,False,none,1042,10420020
SYN-CUSTOMER_SUPPORT-0021,customer_support,email_ticket,en,no,,train,easy,False,none,1042,10420021
SYN-CUSTOMER_SUPPORT-0022,customer_support,email_ticket,en,no,,train,easy,False,none,1042,10420022
SYN-CUSTOMER_SUPPORT-0023,customer_support,email_ticket,de,no,,train,easy,False,none,1042,10420023
SYN-CUSTOMER_SUPPORT-0024,customer_support,portal_ticket,de,yes,PERSON;CREDIT_CARD,validation,easy,False,none,1042,10420024
SYN-CUSTOMER_SUPPORT-0025,customer_support,escalation_note,en,no,,train,easy,False,none,1042,10420025
SYN-CUSTOMER_SUPPORT-0026,customer_support,escalation_note,de,yes,PERSON,train,easy,False,none,1042,10420026
SYN-CUSTOMER_SUPPORT-0027,customer_support,email_ticket,en,no,,train,easy,False,none,1042,10420027
SYN-CUSTOMER_SUPPORT-0028,customer_support,email_ticket,de,no,,train,easy,False,none,1042,10420028
SYN-CUSTOMER_SUPPORT-0029,customer_support,portal_ticket,en,yes,PHONE_NUMBER,test,easy,False,none,1042,10420029
SYN-CUSTOMER_SUPPORT-0030,customer_support,escalation_note,en,no,,train,easy,False,none,1042,10420030
SYN-CUSTOMER_SUPPORT-0031,customer_support,email_ticket,en,yes,PERSON;EMAIL_ADDRESS,test,easy,False,none,1042,10420031
SYN-CUSTOMER_SUPPORT-0032,customer_support,escalation_note,de,no,,validation,easy,False,none,1042,10420032
SYN-CUSTOMER_SUPPORT-0033,customer_support,email_ticket,en,yes,EMAIL_ADDRESS,train,easy,False,none,1042,10420033
SYN-CUSTOMER_SUPPORT-0034,customer_support,email_ticket,en,no,,train,easy,False,none,1042,10420034
SYN-CUSTOMER_SUPPORT-0035,customer_support,escalation_note,de,no,,validation,easy,False,none,1042,10420035
SYN-CUSTOMER_SUPPORT-0036,customer_support,escalation_note,de,no,,train,easy,False,none,1042,10420036
SYN-CUSTOMER_SUPPORT-0037,customer_support,email_ticket,en,no,,train,easy,False,none,1042,10420037
SYN-CUSTOMER_SUPPORT-0038,customer_support,email_ticket,de,no,,train,easy,False,none,1042,10420038
SYN-CUSTOMER_SUPPORT-0039,customer_support,escalation_note,en,yes,PERSON;CREDIT_CARD,validation,easy,False,none,1042,10420039
SYN-CUSTOMER_SUPPORT-0040,customer_support,portal_ticket,en,no,,validation,easy,False,none,1042,10420040
SYN-CUSTOMER_SUPPORT-0041,customer_support,portal_ticket,en,no,,validation,easy,False,none,1042,10420041
SYN-CUSTOMER_SUPPORT-0042,customer_support,escalation_note,de,no,,validation,easy,False,none,1042,10420042
SYN-CUSTOMER_SUPPORT-0043,customer_support,escalation_note,de,no,,train,easy,False,none,1042,10420043
SYN-CUSTOMER_SUPPORT-0044,customer_support,escalation_note,en,no,,train,easy,False,none,1042,10420044
SYN-CUSTOMER_SUPPORT-0045,customer_support,email_ticket,de,no,,train,easy,False,none,1042,10420045
SYN-CUSTOMER_SUPPORT-0046,customer_support,portal_ticket,de,no,,train,easy,False,none,1042,10420046
SYN-CUSTOMER_SUPPORT-0047,customer_support,escalation_note,de,no,,train,easy,False,none,1042,10420047
SYN-CUSTOMER_SUPPORT-0048,customer_support,portal_ticket,de,no,,train,easy,False,none,1042,10420048
SYN-CUSTOMER_SUPPORT-0049,customer_support,email_ticket,de,no,,train,easy,False,none,1042,10420049
SYN-CUSTOMER_SUPPORT-0050,customer_support,email_ticket,en,no,,test,easy,False,none,1042,10420050
SYN-CUSTOMER_SUPPORT-0051,customer_support,escalation_note,en,no,,train,easy,False,none,1042,10420051
SYN-CUSTOMER_SUPPORT-0052,customer_support,portal_ticket,en,yes,PERSON;NRP,validation,easy,False,none,1042,10420052
SYN-CUSTOMER_SUPPORT-0053,customer_support,email_ticket,en,no,,train,easy,False,none,1042,10420053
SYN-CUSTOMER_SUPPORT-0054,customer_support,escalation_note,en,no,,train,easy,False,none,1042,10420054
SYN-CUSTOMER_SUPPORT-0055,customer_support,email_ticket,en,no,,validation,easy,False,none,1042,10420055
SYN-CUSTOMER_SUPPORT-0056,customer_support,portal_ticket,en,yes,PERSON;NRP,train,easy,False,none,1042,10420056
SYN-CUSTOMER_SUPPORT-0057,customer_support,portal_ticket,de,no,,train,easy,False,none,1042,10420057
SYN-CUSTOMER_SUPPORT-0058,customer_support,email_ticket,de,no,,validation,easy,False,none,1042,10420058
SYN-CUSTOMER_SUPPORT-0059,customer_support,email_ticket,en,yes,IP_ADDRESS,train,easy,False,none,1042,10420059
SYN-CUSTOMER_SUPPORT-0060,customer_support,portal_ticket,en,no,,train,easy,False,none,1042,10420060
SYN-CUSTOMER_SUPPORT-0061,customer_support,portal_ticket,en,no,,train,easy,False,none,1042,10420061
SYN-CUSTOMER_SUPPORT-0062,customer_support,portal_ticket,en,yes,PERSON;CREDIT_CARD,train,easy,False,none,1042,10420062
SYN-CUSTOMER_SUPPORT-0063,customer_support,portal_ticket,en,no,,validation,easy,False,none,1042,10420063
SYN-CUSTOMER_SUPPORT-0064,customer_support,escalation_note,de,no,,train,easy,False,none,1042,10420064
SYN-CUSTOMER_SUPPORT-0065,customer_support,escalation_note,de,yes,EMAIL_ADDRESS,validation,easy,False,none,1042,10420065
SYN-CUSTOMER_SUPPORT-0066,customer_support,escalation_note,en,no,,train,easy,False,none,1042,10420066
SYN-CUSTOMER_SUPPORT-0067,customer_support,portal_ticket,en,no,,train,easy,False,none,1042,10420067
SYN-CUSTOMER_SUPPORT-0068,customer_support,escalation_note,de,yes,IP_ADDRESS,test,easy,False,none,1042,10420068
SYN-CUSTOMER_SUPPORT-0069,customer_support,email_ticket,de,no,,train,easy,False,none,1042,10420069
SYN-CUSTOMER_SUPPORT-0070,customer_support,escalation_note,de,no,,train,easy,False,none,1042,10420070
SYN-CUSTOMER_SUPPORT-0071,customer_support,portal_ticket,en,no,,train,easy,False,none,1042,10420071
SYN-CUSTOMER_SUPPORT-0072,customer_support,escalation_note,en,yes,IP_ADDRESS,train,easy,False,none,1042,10420072
SYN-CUSTOMER_SUPPORT-0073,customer_support,email_ticket,en,no,,test,easy,False,none,1042,10420073
SYN-CUSTOMER_SUPPORT-0074,customer_support,email_ticket,en,no,,train,easy,False,none,1042,10420074
SYN-CUSTOMER_SUPPORT-0075,customer_support,portal_ticket,en,no,,train,easy,False,none,1042,10420075
SYN-CUSTOMER_SUPPORT-0076,customer_support,email_ticket,en,no,,test,easy,False,none,1042,10420076
SYN-CUSTOMER_SUPPORT-0077,customer_support,escalation_note,en,no,,test,easy,False,none,1042,10420077
SYN-CUSTOMER_SUPPORT-0078,customer_support,portal_ticket,de,no,,train,easy,False,none,1042,10420078
SYN-CUSTOMER_SUPPORT-0079,customer_support,portal_ticket,en,no,,test,easy,False,none,1042,10420079
SYN-CUSTOMER_SUPPORT-0080,customer_support,escalation_note,en,no,,train,easy,False,none,1042,10420080
SYN-CUSTOMER_SUPPORT-0081,customer_support,email_ticket,en,no,,train,easy,False,none,1042,10420081
SYN-CUSTOMER_SUPPORT-0082,customer_support,escalation_note,en,no,,train,easy,False,none,1042,10420082
SYN-CUSTOMER_SUPPORT-0083,customer_support,escalation_note,de,no,,test,easy,False,none,1042,10420083
SYN-CUSTOMER_SUPPORT-0084,customer_support,email_ticket,en,no,,train,easy,False,none,1042,10420084
SYN-CUSTOMER_SUPPORT-0085,customer_support,escalation_note,de,no,,test,easy,False,none,1042,10420085
SYN-CUSTOMER_SUPPORT-0086,customer_support,escalation_note,de,no,,train,easy,False,none,1042,10420086
SYN-CUSTOMER_SUPPORT-0087,customer_support,portal_ticket,de,no,,train,easy,False,none,1042,10420087
SYN-CUSTOMER_SUPPORT-0088,customer_support,email_ticket,en,no,,train,easy,False,none,1042,10420088
SYN-CUSTOMER_SUPPORT-0089,customer_support,escalation_note,de,no,,train,easy,False,none,1042,10420089
SYN-CUSTOMER_SUPPORT-0090,customer_support,portal_ticket,de,no,,train,easy,False,none,1042,10420090
SYN-CUSTOMER_SUPPORT-0091,customer_support,portal_ticket,en,no,,train,easy,False,none,1042,10420091
SYN-CUSTOMER_SUPPORT-0092,customer_support,email_ticket,en,yes,URL,train,easy,False,none,1042,10420092
SYN-CUSTOMER_SUPPORT-0093,customer_support,escalation_note,de,no,,train,easy,False,none,1042,10420093
SYN-CUSTOMER_SUPPORT-0094,customer_support,email_ticket,de,no,,test,easy,False,none,1042,10420094
SYN-CUSTOMER_SUPPORT-0095,customer_support,escalation_note,de,yes,IP_ADDRESS,train,easy,False,none,1042,10420095
SYN-CUSTOMER_SUPPORT-0096,customer_support,escalation_note,de,no,,train,easy,False,none,1042,10420096
SYN-CUSTOMER_SUPPORT-0097,customer_support,email_ticket,en,no,,test,easy,False,none,1042,10420097
SYN-CUSTOMER_SUPPORT-0098,customer_support,portal_ticket,de,yes,PERSON;CREDIT_CARD,train,easy,False,none,1042,10420098
SYN-CUSTOMER_SUPPORT-0099,customer_support,email_ticket,de,no,,train,easy,False,none,1042,10420099
SYN-CUSTOMER_SUPPORT-0100,customer_support,email_ticket,de,no,,train,easy,False,none,1042,10420100
SYN-CUSTOMER_SUPPORT-0101,customer_support,escalation_note,de,no,,train,easy,False,none,1042,10420101
SYN-CUSTOMER_SUPPORT-0102,customer_support,escalation_note,en,no,,train,easy,False,none,1042,10420102
SYN-CUSTOMER_SUPPORT-0103,customer_support,portal_ticket,en,no,,validation,easy,False,none,1042,10420103
SYN-CUSTOMER_SUPPORT-0104,customer_support,email_ticket,de,no,,validation,easy,False,none,1042,10420104
SYN-CUSTOMER_SUPPORT-0105,customer_support,escalation_note,en,no,,train,easy,False,none,1042,10420105
SYN-CUSTOMER_SUPPORT-0106,customer_support,portal_ticket,en,no,,validation,easy,False,none,1042,10420106
SYN-CUSTOMER_SUPPORT-0107,customer_support,email_ticket,en,yes,PERSON;NRP,test,easy,False,none,1042,10420107
SYN-CUSTOMER_SUPPORT-0108,customer_support,email_ticket,de,no,,train,easy,False,none,1042,10420108
SYN-CUSTOMER_SUPPORT-0109,customer_support,portal_ticket,en,no,,train,easy,False,none,1042,10420109
SYN-CUSTOMER_SUPPORT-0110,customer_support,email_ticket,de,no,,validation,easy,False,none,1042,10420110
SYN-CUSTOMER_SUPPORT-0111,customer_support,email_ticket,en,no,,train,easy,False,none,1042,10420111
SYN-CUSTOMER_SUPPORT-0112,customer_support,escalation_note,de,no,,validation,easy,False,none,1042,10420112
SYN-CUSTOMER_SUPPORT-0113,customer_support,email_ticket,en,no,,validation,easy,False,none,1042,10420113
SYN-CUSTOMER_SUPPORT-0114,customer_support,portal_ticket,en,no,,validation,easy,False,none,1042,10420114
SYN-CUSTOMER_SUPPORT-0115,customer_support,portal_ticket,de,no,,train,easy,False,none,1042,10420115
SYN-CUSTOMER_SUPPORT-0116,customer_support,email_ticket,en,no,,train,easy,False,none,1042,10420116
SYN-CUSTOMER_SUPPORT-0117,customer_support,portal_ticket,de,yes,PHONE_NUMBER,train,easy,False,none,1042,10420117
SYN-CUSTOMER_SUPPORT-0118,customer_support,escalation_note,de,yes,URL,train,easy,False,none,1042,10420118
SYN-CUSTOMER_SUPPORT-0119,customer_support,escalation_note,de,no,,train,easy,False,none,1042,10420119
SYN-CUSTOMER_SUPPORT-0120,customer_support,portal_ticket,de,no,,train,easy,False,none,1042,10420120
SYN-CUSTOMER_SUPPORT-0121,customer_support,portal_ticket,en,no,,train,easy,False,none,1042,10420121
SYN-CUSTOMER_SUPPORT-0122,customer_support,portal_ticket,en,no,,train,easy,False,none,1042,10420122
SYN-CUSTOMER_SUPPORT-0123,customer_support,portal_ticket,en,no,,test,easy,False,none,1042,10420123
SYN-CUSTOMER_SUPPORT-0124,customer_support,portal_ticket,de,no,,test,easy,False,none,1042,10420124
SYN-CUSTOMER_SUPPORT-0125,customer_support,email_ticket,de,yes,IP_ADDRESS,train,easy,False,none,1042,10420125
SYN-CUSTOMER_SUPPORT-0126,customer_support,portal_ticket,de,yes,URL,test,easy,False,none,1042,10420126
SYN-CUSTOMER_SUPPORT-0127,customer_support,escalation_note,en,no,,test,easy,False,none,1042,10420127
SYN-CUSTOMER_SUPPORT-0128,customer_support,escalation_note,en,no,,train,easy,False,none,1042,10420128
SYN-CUSTOMER_SUPPORT-0129,customer_support,email_ticket,de,no,,train,easy,False,none,1042,10420129
SYN-CUSTOMER_SUPPORT-0130,customer_support,email_ticket,en,no,,train,easy,False,none,1042,10420130
SYN-CUSTOMER_SUPPORT-0131,customer_support,escalation_note,de,no,,train,easy,False,none,1042,10420131
SYN-CUSTOMER_SUPPORT-0132,customer_support,escalation_note,en,yes,IP_ADDRESS,train,easy,False,none,1042,10420132
SYN-CUSTOMER_SUPPORT-0133,customer_support,portal_ticket,de,no,,train,easy,False,none,1042,10420133
SYN-CUSTOMER_SUPPORT-0134,customer_support,portal_ticket,en,no,,train,easy,False,none,1042,10420134
SYN-CUSTOMER_SUPPORT-0135,customer_support,portal_ticket,en,no,,train,easy,False,none,1042,10420135
SYN-CUSTOMER_SUPPORT-0136,customer_support,portal_ticket,de,no,,train,easy,False,none,1042,10420136
SYN-CUSTOMER_SUPPORT-0137,customer_support,escalation_note,en,no,,validation,easy,False,none,1042,10420137
SYN-CUSTOMER_SUPPORT-0138,customer_support,email_ticket,en,no,,train,easy,False,none,1042,10420138
SYN-CUSTOMER_SUPPORT-0139,customer_support,email_ticket,en,yes,PERSON;CREDIT_CARD,train,easy,False,none,1042,10420139
SYN-CUSTOMER_SUPPORT-0140,customer_support,escalation_note,en,no,,train,easy,False,none,1042,10420140
SYN-CUSTOMER_SUPPORT-0141,customer_support,email_ticket,en,no,,train,easy,False,none,1042,10420141
SYN-CUSTOMER_SUPPORT-0142,customer_support,email_ticket,en,no,,train,easy,False,none,1042,10420142
SYN-CUSTOMER_SUPPORT-0143,customer_support,portal_ticket,en,no,,train,easy,False,none,1042,10420143
SYN-CUSTOMER_SUPPORT-0144,customer_support,email_ticket,en,yes,IP_ADDRESS,train,easy,False,none,1042,10420144
SYN-CUSTOMER_SUPPORT-0145,customer_support,escalation_note,de,no,,validation,easy,False,none,1042,10420145
SYN-CUSTOMER_SUPPORT-0146,customer_support,email_ticket,de,no,,test,easy,False,none,1042,10420146
SYN-CUSTOMER_SUPPORT-0147,customer_support,email_ticket,de,no,,train,easy,False,none,1042,10420147
SYN-CUSTOMER_SUPPORT-0148,customer_support,email_ticket,de,no,,train,easy,False,none,1042,10420148
SYN-CUSTOMER_SUPPORT-0149,customer_support,portal_ticket,en,no,,test,easy,False,none,1042,10420149
SYN-CUSTOMER_SUPPORT-0150,customer_support,email_ticket,de,no,,validation,easy,False,none,1042,10420150
SYN-CUSTOMER_SUPPORT-0151,customer_support,portal_ticket,de,no,,train,easy,False,none,1042,10420151
SYN-CUSTOMER_SUPPORT-0152,customer_support,portal_ticket,en,yes,PERSON;CREDIT_CARD,validation,easy,False,none,1042,10420152
SYN-CUSTOMER_SUPPORT-0153,customer_support,email_ticket,de,no,,test,easy,False,none,1042,10420153
SYN-CUSTOMER_SUPPORT-0154,customer_support,escalation_note,de,no,,train,easy,False,none,1042,10420154
SYN-CUSTOMER_SUPPORT-0155,customer_support,portal_ticket,de,no,,train,easy,False,none,1042,10420155
SYN-CUSTOMER_SUPPORT-0156,customer_support,portal_ticket,en,no,,train,easy,False,none,1042,10420156
SYN-CUSTOMER_SUPPORT-0157,customer_support,portal_ticket,de,no,,train,easy,False,none,1042,10420157
SYN-CUSTOMER_SUPPORT-0158,customer_support,escalation_note,en,no,,test,easy,False,none,1042,10420158
SYN-CUSTOMER_SUPPORT-0159,customer_support,escalation_note,de,no,,train,easy,False,none,1042,10420159
SYN-CUSTOMER_SUPPORT-0160,customer_support,portal_ticket,en,no,,train,easy,False,none,1042,10420160
SYN-CUSTOMER_SUPPORT-0161,customer_support,email_ticket,en,no,,train,easy,False,none,1042,10420161
SYN-CUSTOMER_SUPPORT-0162,customer_support,email_ticket,en,yes,IP_ADDRESS,train,easy,False,none,1042,10420162
SYN-CUSTOMER_SUPPORT-0163,customer_support,email_ticket,en,yes,IP_ADDRESS,train,easy,False,none,1042,10420163
SYN-CUSTOMER_SUPPORT-0164,customer_support,portal_ticket,de,no,,test,easy,False,none,1042,10420164
SYN-CUSTOMER_SUPPORT-0165,customer_support,email_ticket,en,no,,train,easy,False,none,1042,10420165
SYN-CUSTOMER_SUPPORT-0166,customer_support,email_ticket,de,no,,validation,easy,False,none,1042,10420166
SYN-CUSTOMER_SUPPORT-0167,customer_support,portal_ticket,en,no,,train,easy,False,none,1042,10420167
SYN-CUSTOMER_SUPPORT-0168,customer_support,escalation_note,en,yes,PERSON;EMAIL_ADDRESS,train,easy,False,none,1042,10420168
SYN-CUSTOMER_SUPPORT-0169,customer_support,escalation_note,de,no,,train,easy,False,none,1042,10420169
SYN-CUSTOMER_SUPPORT-0170,customer_support,portal_ticket,en,no,,validation,easy,False,none,1042,10420170
SYN-CUSTOMER_SUPPORT-0171,customer_support,portal_ticket,en,no,,train,easy,False,none,1042,10420171
SYN-CUSTOMER_SUPPORT-0172,customer_support,portal_ticket,en,no,,validation,easy,False,none,1042,10420172
SYN-CUSTOMER_SUPPORT-0173,customer_support,escalation_note,de,no,,train,easy,False,none,1042,10420173
SYN-CUSTOMER_SUPPORT-0174,customer_support,email_ticket,en,yes,PERSON;EMAIL_ADDRESS,validation,easy,False,none,1042,10420174
SYN-CUSTOMER_SUPPORT-0175,customer_support,portal_ticket,de,yes,PERSON;EMAIL_ADDRESS,train,easy,False,none,1042,10420175
SYN-CUSTOMER_SUPPORT-0176,customer_support,portal_ticket,de,no,,train,easy,False,none,1042,10420176
SYN-CUSTOMER_SUPPORT-0177,customer_support,email_ticket,de,no,,train,easy,False,none,1042,10420177
SYN-CUSTOMER_SUPPORT-0178,customer_support,portal_ticket,en,yes,IP_ADDRESS,train,easy,False,none,1042,10420178
SYN-CUSTOMER_SUPPORT-0179,customer_support,escalation_note,en,no,,test,easy,False,none,1042,10420179
SYN-CUSTOMER_SUPPORT-0180,customer_support,escalation_note,en,yes,PERSON;CREDIT_CARD,train,easy,False,none,1042,10420180
SYN-CUSTOMER_SUPPORT-0181,customer_support,portal_ticket,en,no,,train,easy,False,none,1042,10420181
SYN-CUSTOMER_SUPPORT-0182,customer_support,email_ticket,en,no,,test,easy,False,none,1042,10420182
SYN-CUSTOMER_SUPPORT-0183,customer_support,email_ticket,en,yes,EMAIL_ADDRESS,train,easy,False,none,1042,10420183
SYN-CUSTOMER_SUPPORT-0184,customer_support,escalation_note,de,no,,train,easy,False,none,1042,10420184
SYN-CUSTOMER_SUPPORT-0185,customer_support,email_ticket,de,yes,PERSON;CREDIT_CARD,train,easy,False,none,1042,10420185
SYN-CUSTOMER_SUPPORT-0186,customer_support,portal_ticket,de,no,,test,easy,False,none,1042,10420186
SYN-CUSTOMER_SUPPORT-0187,customer_support,escalation_note,en,no,,validation,easy,False,none,1042,10420187
SYN-CUSTOMER_SUPPORT-0188,customer_support,escalation_note,de,no,,train,easy,False,none,1042,10420188
SYN-CUSTOMER_SUPPORT-0189,customer_support,email_ticket,en,no,,train,easy,False,none,1042,10420189
SYN-CUSTOMER_SUPPORT-0190,customer_support,portal_ticket,de,no,,test,easy,False,none,1042,10420190
SYN-CUSTOMER_SUPPORT-0191,customer_support,escalation_note,de,no,,validation,easy,False,none,1042,10420191
SYN-CUSTOMER_SUPPORT-0192,customer_support,email_ticket,de,no,,train,easy,False,none,1042,10420192
SYN-CUSTOMER_SUPPORT-0193,customer_support,portal_ticket,de,no,,train,easy,False,none,1042,10420193
SYN-CUSTOMER_SUPPORT-0194,customer_support,escalation_note,de,no,,train,easy,False,none,1042,10420194
SYN-CUSTOMER_SUPPORT-0195,customer_support,escalation_note,de,yes,PERSON;NRP,test,easy,False,none,1042,10420195
SYN-CUSTOMER_SUPPORT-0196,customer_support,escalation_note,de,no,,train,easy,False,none,1042,10420196
SYN-CUSTOMER_SUPPORT-0197,customer_support,email_ticket,de,no,,train,easy,False,none,1042,10420197
SYN-CUSTOMER_SUPPORT-0198,customer_support,portal_ticket,de,no,,validation,easy,False,none,1042,10420198
SYN-CUSTOMER_SUPPORT-0199,customer_support,portal_ticket,en,no,,train,easy,False,none,1042,10420199
SYN-CUSTOMER_SUPPORT-0200,customer_support,email_ticket,de,yes,EMAIL_ADDRESS,train,easy,False,none,1042,10420200
SYN-CUSTOMER_SUPPORT-0201,customer_support,email_ticket,en,no,,train,easy,False,none,1042,10420201
SYN-CUSTOMER_SUPPORT-0202,customer_support,portal_ticket,en,no,,train,easy,False,none,1042,10420202
SYN-CUSTOMER_SUPPORT-0203,customer_support,portal_ticket,de,yes,PERSON,validation,easy,False,none,1042,10420203
SYN-CUSTOMER_SUPPORT-0204,customer_support,escalation_note,de,no,,test,easy,False,none,1042,10420204
SYN-CUSTOMER_SUPPORT-0205,customer_support,portal_ticket,de,no,,train,easy,False,none,1042,10420205
SYN-CUSTOMER_SUPPORT-0206,customer_support,portal_ticket,de,no,,validation,easy,False,none,1042,10420206
SYN-CUSTOMER_SUPPORT-0207,customer_support,escalation_note,de,yes,IP_ADDRESS,train,easy,False,none,1042,10420207
SYN-CUSTOMER_SUPPORT-0208,customer_support,email_ticket,de,no,,train,easy,False,none,1042,10420208
SYN-CUSTOMER_SUPPORT-0209,customer_support,portal_ticket,de,no,,train,easy,False,none,1042,10420209
SYN-CUSTOMER_SUPPORT-0210,customer_support,email_ticket,de,yes,PERSON;CREDIT_CARD,train,easy,False,none,1042,10420210
SYN-CUSTOMER_SUPPORT-0211,customer_support,email_ticket,en,yes,PERSON;CREDIT_CARD,validation,easy,False,none,1042,10420211
SYN-CUSTOMER_SUPPORT-0212,customer_support,email_ticket,en,no,,train,easy,False,none,1042,10420212
SYN-CUSTOMER_SUPPORT-0213,customer_support,portal_ticket,de,no,,train,easy,False,none,1042,10420213
SYN-CUSTOMER_SUPPORT-0214,customer_support,escalation_note,en,no,,train,easy,False,none,1042,10420214
SYN-CUSTOMER_SUPPORT-0215,customer_support,escalation_note,en,yes,PERSON;CREDIT_CARD,validation,easy,False,none,1042,10420215
SYN-CUSTOMER_SUPPORT-0216,customer_support,escalation_note,en,no,,train,easy,False,none,1042,10420216
SYN-CUSTOMER_SUPPORT-0217,customer_support,email_ticket,de,no,,train,easy,False,none,1042,10420217
SYN-CUSTOMER_SUPPORT-0218,customer_support,portal_ticket,de,yes,PHONE_NUMBER,train,easy,False,none,1042,10420218
SYN-CUSTOMER_SUPPORT-0219,customer_support,escalation_note,de,yes,IP_ADDRESS,train,easy,False,none,1042,10420219
SYN-CUSTOMER_SUPPORT-0220,customer_support,email_ticket,de,yes,PERSON;NRP,test,easy,False,none,1042,10420220
SYN-CUSTOMER_SUPPORT-0221,customer_support,escalation_note,de,no,,train,easy,False,none,1042,10420221
SYN-CUSTOMER_SUPPORT-0222,customer_support,portal_ticket,en,no,,train,easy,False,none,1042,10420222
SYN-CUSTOMER_SUPPORT-0223,customer_support,escalation_note,en,yes,PERSON,train,easy,False,none,1042,10420223
SYN-CUSTOMER_SUPPORT-0224,customer_support,portal_ticket,en,yes,IP_ADDRESS,train,easy,False,none,1042,10420224
SYN-CUSTOMER_SUPPORT-0225,customer_support,portal_ticket,de,no,,train,easy,False,none,1042,10420225
SYN-CUSTOMER_SUPPORT-0226,customer_support,portal_ticket,de,yes,IP_ADDRESS,train,easy,False,none,1042,10420226
SYN-CUSTOMER_SUPPORT-0227,customer_support,escalation_note,de,no,,train,easy,False,none,1042,10420227
SYN-CUSTOMER_SUPPORT-0228,customer_support,email_ticket,en,yes,IP_ADDRESS,train,easy,False,none,1042,10420228
SYN-CUSTOMER_SUPPORT-0229,customer_support,portal_ticket,de,no,,train,easy,False,none,1042,10420229
SYN-CUSTOMER_SUPPORT-0230,customer_support,email_ticket,de,no,,train,easy,False,none,1042,10420230
SYN-CUSTOMER_SUPPORT-0231,customer_support,escalation_note,de,no,,validation,easy,False,none,1042,10420231
SYN-CUSTOMER_SUPPORT-0232,customer_support,portal_ticket,en,no,,train,easy,False,none,1042,10420232
SYN-CUSTOMER_SUPPORT-0233,customer_support,email_ticket,de,no,,train,easy,False,none,1042,10420233
SYN-CUSTOMER_SUPPORT-0234,customer_support,portal_ticket,en,no,,train,easy,False,none,1042,10420234
SYN-CUSTOMER_SUPPORT-0235,customer_support,portal_ticket,de,no,,test,easy,False,none,1042,10420235
SYN-CUSTOMER_SUPPORT-0236,customer_support,email_ticket,en,no,,train,easy,False,none,1042,10420236
SYN-CUSTOMER_SUPPORT-0237,customer_support,portal_ticket,de,yes,URL,train,easy,False,none,1042,10420237
SYN-CUSTOMER_SUPPORT-0238,customer_support,escalation_note,de,no,,train,easy,False,none,1042,10420238
SYN-CUSTOMER_SUPPORT-0239,customer_support,escalation_note,en,yes,PERSON;NRP,train,easy,False,none,1042,10420239
SYN-CUSTOMER_SUPPORT-0240,customer_support,email_ticket,en,yes,IP_ADDRESS,train,easy,False,none,1042,10420240
SYN-CUSTOMER_SUPPORT-0241,customer_support,escalation_note,de,yes,IP_ADDRESS,train,easy,False,none,1042,10420241
SYN-CUSTOMER_SUPPORT-0242,customer_support,escalation_note,en,yes,IP_ADDRESS,train,easy,False,none,1042,10420242
SYN-CUSTOMER_SUPPORT-0243,customer_support,escalation_note,en,no,,train,easy,False,none,1042,10420243
SYN-CUSTOMER_SUPPORT-0244,customer_support,email_ticket,en,no,,validation,easy,False,none,1042,10420244
SYN-CUSTOMER_SUPPORT-0245,customer_support,escalation_note,en,no,,train,easy,False,none,1042,10420245
SYN-CUSTOMER_SUPPORT-0246,customer_support,portal_ticket,en,no,,train,easy,False,none,1042,10420246
SYN-CUSTOMER_SUPPORT-0247,customer_support,email_ticket,de,yes,PERSON;NRP,test,easy,False,none,1042,10420247
SYN-CUSTOMER_SUPPORT-0248,customer_support,portal_ticket,en,yes,PERSON,train,easy,False,none,1042,10420248
SYN-CUSTOMER_SUPPORT-0249,customer_support,escalation_note,de,no,,train,easy,False,none,1042,10420249
SYN-CUSTOMER_SUPPORT-0250,customer_support,escalation_note,en,yes,PERSON;CREDIT_CARD,train,easy,False,none,1042,10420250
SYN-EMPLOYEE_RECORD-0001,employee_record,employee_summary,en,no,,train,easy,False,none,2042,20420001
SYN-EMPLOYEE_RECORD-0002,employee_record,structured_record,de,no,,train,easy,False,none,2042,20420002
SYN-EMPLOYEE_RECORD-0003,employee_record,structured_record,de,no,,train,easy,False,none,2042,20420003
SYN-EMPLOYEE_RECORD-0004,employee_record,structured_record,de,no,,train,easy,False,none,2042,20420004
SYN-EMPLOYEE_RECORD-0005,employee_record,employee_summary,en,no,,train,easy,False,none,2042,20420005
SYN-EMPLOYEE_RECORD-0006,employee_record,structured_record,en,yes,PERSON,test,easy,False,none,2042,20420006
SYN-EMPLOYEE_RECORD-0007,employee_record,structured_record,de,yes,PERSON;MEDICAL_LICENSE,train,easy,False,none,2042,20420007
SYN-EMPLOYEE_RECORD-0008,employee_record,hr_profile,en,yes,PERSON;MEDICAL_LICENSE,train,easy,False,none,2042,20420008
SYN-EMPLOYEE_RECORD-0009,employee_record,hr_profile,de,no,,train,easy,False,none,2042,20420009
SYN-EMPLOYEE_RECORD-0010,employee_record,hr_profile,en,no,,train,easy,False,none,2042,20420010
SYN-EMPLOYEE_RECORD-0011,employee_record,structured_record,de,no,,train,easy,False,none,2042,20420011
SYN-EMPLOYEE_RECORD-0012,employee_record,employee_summary,en,no,,train,easy,False,none,2042,20420012
SYN-EMPLOYEE_RECORD-0013,employee_record,hr_profile,de,no,,train,easy,False,none,2042,20420013
SYN-EMPLOYEE_RECORD-0014,employee_record,employee_summary,en,no,,train,easy,False,none,2042,20420014
SYN-EMPLOYEE_RECORD-0015,employee_record,structured_record,de,yes,PERSON;LOCATION,train,easy,False,none,2042,20420015
SYN-EMPLOYEE_RECORD-0016,employee_record,employee_summary,de,no,,train,easy,False,none,2042,20420016
SYN-EMPLOYEE_RECORD-0017,employee_record,structured_record,de,no,,train,easy,False,none,2042,20420017
SYN-EMPLOYEE_RECORD-0018,employee_record,structured_record,en,no,,train,easy,False,none,2042,20420018
SYN-EMPLOYEE_RECORD-0019,employee_record,hr_profile,en,yes,PERSON;PASSPORT,test,easy,False,none,2042,20420019
SYN-EMPLOYEE_RECORD-0020,employee_record,structured_record,en,no,,test,easy,False,none,2042,20420020
SYN-EMPLOYEE_RECORD-0021,employee_record,employee_summary,de,no,,train,easy,False,none,2042,20420021
SYN-EMPLOYEE_RECORD-0022,employee_record,hr_profile,en,no,,train,easy,False,none,2042,20420022
SYN-EMPLOYEE_RECORD-0023,employee_record,employee_summary,de,no,,train,easy,False,none,2042,20420023
SYN-EMPLOYEE_RECORD-0024,employee_record,hr_profile,de,no,,train,easy,False,none,2042,20420024
SYN-EMPLOYEE_RECORD-0025,employee_record,employee_summary,en,no,,train,easy,False,none,2042,20420025
SYN-EMPLOYEE_RECORD-0026,employee_record,employee_summary,en,yes,PERSON;EMAIL_ADDRESS;PHONE_NUMBER,test,easy,False,none,2042,20420026
SYN-EMPLOYEE_RECORD-0027,employee_record,hr_profile,en,yes,PERSON,train,easy,False,none,2042,20420027
SYN-EMPLOYEE_RECORD-0028,employee_record,hr_profile,en,no,,validation,easy,False,none,2042,20420028
SYN-EMPLOYEE_RECORD-0029,employee_record,structured_record,de,no,,train,easy,False,none,2042,20420029
SYN-EMPLOYEE_RECORD-0030,employee_record,structured_record,de,no,,validation,easy,False,none,2042,20420030
SYN-EMPLOYEE_RECORD-0031,employee_record,structured_record,en,yes,PERSON;MEDICAL_LICENSE,train,easy,False,none,2042,20420031
SYN-EMPLOYEE_RECORD-0032,employee_record,hr_profile,en,yes,PERSON;MEDICAL_LICENSE,train,easy,False,none,2042,20420032
SYN-EMPLOYEE_RECORD-0033,employee_record,structured_record,en,yes,PERSON,validation,easy,False,none,2042,20420033
SYN-EMPLOYEE_RECORD-0034,employee_record,employee_summary,en,no,,train,easy,False,none,2042,20420034
SYN-EMPLOYEE_RECORD-0035,employee_record,structured_record,de,no,,train,easy,False,none,2042,20420035
SYN-EMPLOYEE_RECORD-0036,employee_record,structured_record,en,no,,train,easy,False,none,2042,20420036
SYN-EMPLOYEE_RECORD-0037,employee_record,employee_summary,en,yes,PERSON;MEDICAL_LICENSE,validation,easy,False,none,2042,20420037
SYN-EMPLOYEE_RECORD-0038,employee_record,employee_summary,en,yes,PERSON;EMAIL_ADDRESS;PHONE_NUMBER,test,easy,False,none,2042,20420038
SYN-EMPLOYEE_RECORD-0039,employee_record,employee_summary,de,no,,test,easy,False,none,2042,20420039
SYN-EMPLOYEE_RECORD-0040,employee_record,structured_record,en,no,,train,easy,False,none,2042,20420040
SYN-EMPLOYEE_RECORD-0041,employee_record,employee_summary,de,yes,PERSON;MEDICAL_LICENSE,train,easy,False,none,2042,20420041
SYN-EMPLOYEE_RECORD-0042,employee_record,structured_record,de,no,,train,easy,False,none,2042,20420042
SYN-EMPLOYEE_RECORD-0043,employee_record,hr_profile,de,no,,train,easy,False,none,2042,20420043
SYN-EMPLOYEE_RECORD-0044,employee_record,employee_summary,en,no,,train,easy,False,none,2042,20420044
SYN-EMPLOYEE_RECORD-0045,employee_record,structured_record,de,no,,validation,easy,False,none,2042,20420045
SYN-EMPLOYEE_RECORD-0046,employee_record,hr_profile,en,no,,train,easy,False,none,2042,20420046
SYN-EMPLOYEE_RECORD-0047,employee_record,employee_summary,en,no,,train,easy,False,none,2042,20420047
SYN-EMPLOYEE_RECORD-0048,employee_record,employee_summary,de,no,,train,easy,False,none,2042,20420048
SYN-EMPLOYEE_RECORD-0049,employee_record,hr_profile,en,no,,train,easy,False,none,2042,20420049
SYN-EMPLOYEE_RECORD-0050,employee_record,employee_summary,en,no,,train,easy,False,none,2042,20420050
SYN-EMPLOYEE_RECORD-0051,employee_record,structured_record,de,yes,PERSON;PASSPORT,train,easy,False,none,2042,20420051
SYN-EMPLOYEE_RECORD-0052,employee_record,structured_record,de,no,,train,easy,False,none,2042,20420052
SYN-EMPLOYEE_RECORD-0053,employee_record,employee_summary,de,no,,train,easy,False,none,2042,20420053
SYN-EMPLOYEE_RECORD-0054,employee_record,employee_summary,en,no,,test,easy,False,none,2042,20420054
SYN-EMPLOYEE_RECORD-0055,employee_record,structured_record,de,no,,train,easy,False,none,2042,20420055
SYN-EMPLOYEE_RECORD-0056,employee_record,hr_profile,en,no,,train,easy,False,none,2042,20420056
SYN-EMPLOYEE_RECORD-0057,employee_record,hr_profile,de,yes,PERSON;MEDICAL_LICENSE,validation,easy,False,none,2042,20420057
SYN-EMPLOYEE_RECORD-0058,employee_record,hr_profile,en,no,,validation,easy,False,none,2042,20420058
SYN-EMPLOYEE_RECORD-0059,employee_record,structured_record,en,yes,PERSON;DATE_TIME,train,easy,False,none,2042,20420059
SYN-EMPLOYEE_RECORD-0060,employee_record,hr_profile,en,no,,train,easy,False,none,2042,20420060
SYN-EMPLOYEE_RECORD-0061,employee_record,hr_profile,de,no,,train,easy,False,none,2042,20420061
SYN-EMPLOYEE_RECORD-0062,employee_record,structured_record,en,no,,train,easy,False,none,2042,20420062
SYN-EMPLOYEE_RECORD-0063,employee_record,structured_record,en,yes,PERSON;NRP,validation,easy,False,none,2042,20420063
SYN-EMPLOYEE_RECORD-0064,employee_record,hr_profile,en,no,,train,easy,False,none,2042,20420064
SYN-EMPLOYEE_RECORD-0065,employee_record,employee_summary,en,no,,train,easy,False,none,2042,20420065
SYN-EMPLOYEE_RECORD-0066,employee_record,employee_summary,de,no,,test,easy,False,none,2042,20420066
SYN-EMPLOYEE_RECORD-0067,employee_record,structured_record,en,no,,train,easy,False,none,2042,20420067
SYN-EMPLOYEE_RECORD-0068,employee_record,structured_record,de,no,,train,easy,False,none,2042,20420068
SYN-EMPLOYEE_RECORD-0069,employee_record,hr_profile,de,no,,train,easy,False,none,2042,20420069
SYN-EMPLOYEE_RECORD-0070,employee_record,structured_record,en,no,,train,easy,False,none,2042,20420070
SYN-EMPLOYEE_RECORD-0071,employee_record,hr_profile,en,no,,train,easy,False,none,2042,20420071
SYN-EMPLOYEE_RECORD-0072,employee_record,hr_profile,en,yes,PERSON;LOCATION,train,easy,False,none,2042,20420072
SYN-EMPLOYEE_RECORD-0073,employee_record,employee_summary,en,no,,train,easy,False,none,2042,20420073
SYN-EMPLOYEE_RECORD-0074,employee_record,hr_profile,de,no,,validation,easy,False,none,2042,20420074
SYN-EMPLOYEE_RECORD-0075,employee_record,employee_summary,de,yes,PERSON;MEDICAL_LICENSE,test,easy,False,none,2042,20420075
SYN-EMPLOYEE_RECORD-0076,employee_record,employee_summary,de,yes,PERSON;PASSPORT,test,easy,False,none,2042,20420076
SYN-EMPLOYEE_RECORD-0077,employee_record,hr_profile,de,no,,train,easy,False,none,2042,20420077
SYN-EMPLOYEE_RECORD-0078,employee_record,structured_record,en,no,,test,easy,False,none,2042,20420078
SYN-EMPLOYEE_RECORD-0079,employee_record,hr_profile,en,no,,train,easy,False,none,2042,20420079
SYN-EMPLOYEE_RECORD-0080,employee_record,employee_summary,de,no,,validation,easy,False,none,2042,20420080
SYN-EMPLOYEE_RECORD-0081,employee_record,employee_summary,en,no,,test,easy,False,none,2042,20420081
SYN-EMPLOYEE_RECORD-0082,employee_record,structured_record,de,yes,PERSON;MEDICAL_LICENSE,train,easy,False,none,2042,20420082
SYN-EMPLOYEE_RECORD-0083,employee_record,hr_profile,de,no,,test,easy,False,none,2042,20420083
SYN-EMPLOYEE_RECORD-0084,employee_record,hr_profile,de,no,,train,easy,False,none,2042,20420084
SYN-EMPLOYEE_RECORD-0085,employee_record,structured_record,de,no,,test,easy,False,none,2042,20420085
SYN-EMPLOYEE_RECORD-0086,employee_record,structured_record,de,no,,validation,easy,False,none,2042,20420086
SYN-EMPLOYEE_RECORD-0087,employee_record,hr_profile,de,yes,PERSON;MEDICAL_LICENSE,train,easy,False,none,2042,20420087
SYN-EMPLOYEE_RECORD-0088,employee_record,structured_record,en,no,,test,easy,False,none,2042,20420088
SYN-EMPLOYEE_RECORD-0089,employee_record,hr_profile,en,no,,test,easy,False,none,2042,20420089
SYN-EMPLOYEE_RECORD-0090,employee_record,hr_profile,en,no,,test,easy,False,none,2042,20420090
SYN-EMPLOYEE_RECORD-0091,employee_record,structured_record,de,no,,train,easy,False,none,2042,20420091
SYN-EMPLOYEE_RECORD-0092,employee_record,employee_summary,en,no,,validation,easy,False,none,2042,20420092
SYN-EMPLOYEE_RECORD-0093,employee_record,employee_summary,de,no,,train,easy,False,none,2042,20420093
SYN-EMPLOYEE_RECORD-0094,employee_record,employee_summary,en,no,,train,easy,False,none,2042,20420094
SYN-EMPLOYEE_RECORD-0095,employee_record,structured_record,de,yes,PERSON;MEDICAL_LICENSE,train,easy,False,none,2042,20420095
SYN-EMPLOYEE_RECORD-0096,employee_record,structured_record,de,no,,validation,easy,False,none,2042,20420096
SYN-EMPLOYEE_RECORD-0097,employee_record,employee_summary,de,yes,PERSON;DATE_TIME,train,easy,False,none,2042,20420097
SYN-EMPLOYEE_RECORD-0098,employee_record,employee_summary,en,no,,train,easy,False,none,2042,20420098
SYN-EMPLOYEE_RECORD-0099,employee_record,structured_record,en,no,,train,easy,False,none,2042,20420099
SYN-EMPLOYEE_RECORD-0100,employee_record,structured_record,en,no,,train,easy,False,none,2042,20420100
SYN-EMPLOYEE_RECORD-0101,employee_record,structured_record,en,yes,PERSON;MEDICAL_LICENSE,train,easy,False,none,2042,20420101
SYN-EMPLOYEE_RECORD-0102,employee_record,structured_record,de,no,,train,easy,False,none,2042,20420102
SYN-EMPLOYEE_RECORD-0103,employee_record,employee_summary,en,yes,PERSON;LOCATION,validation,easy,False,none,2042,20420103
SYN-EMPLOYEE_RECORD-0104,employee_record,employee_summary,en,no,,train,easy,False,none,2042,20420104
SYN-EMPLOYEE_RECORD-0105,employee_record,hr_profile,en,no,,train,easy,False,none,2042,20420105
SYN-EMPLOYEE_RECORD-0106,employee_record,employee_summary,en,no,,train,easy,False,none,2042,20420106
SYN-EMPLOYEE_RECORD-0107,employee_record,structured_record,en,yes,PERSON;NRP,train,easy,False,none,2042,20420107
SYN-EMPLOYEE_RECORD-0108,employee_record,employee_summary,en,no,,train,easy,False,none,2042,20420108
SYN-EMPLOYEE_RECORD-0109,employee_record,hr_profile,en,yes,PERSON;MEDICAL_LICENSE,train,easy,False,none,2042,20420109
SYN-EMPLOYEE_RECORD-0110,employee_record,hr_profile,de,yes,PERSON;EMAIL_ADDRESS;PHONE_NUMBER,validation,easy,False,none,2042,20420110
SYN-EMPLOYEE_RECORD-0111,employee_record,structured_record,de,no,,train,easy,False,none,2042,20420111
SYN-EMPLOYEE_RECORD-0112,employee_record,structured_record,de,no,,train,easy,False,none,2042,20420112
SYN-EMPLOYEE_RECORD-0113,employee_record,hr_profile,en,yes,PERSON;NRP,train,easy,False,none,2042,20420113
SYN-EMPLOYEE_RECORD-0114,employee_record,employee_summary,en,no,,train,easy,False,none,2042,20420114
SYN-EMPLOYEE_RECORD-0115,employee_record,employee_summary,de,no,,train,easy,False,none,2042,20420115
SYN-EMPLOYEE_RECORD-0116,employee_record,employee_summary,en,no,,validation,easy,False,none,2042,20420116
SYN-EMPLOYEE_RECORD-0117,employee_record,structured_record,en,no,,train,easy,False,none,2042,20420117
SYN-EMPLOYEE_RECORD-0118,employee_record,structured_record,en,no,,test,easy,False,none,2042,20420118
SYN-EMPLOYEE_RECORD-0119,employee_record,employee_summary,de,yes,PERSON;MEDICAL_LICENSE,train,easy,False,none,2042,20420119
SYN-EMPLOYEE_RECORD-0120,employee_record,hr_profile,en,no,,validation,easy,False,none,2042,20420120
SYN-EMPLOYEE_RECORD-0121,employee_record,employee_summary,de,yes,PERSON;MEDICAL_LICENSE,train,easy,False,none,2042,20420121
SYN-EMPLOYEE_RECORD-0122,employee_record,employee_summary,de,no,,train,easy,False,none,2042,20420122
SYN-EMPLOYEE_RECORD-0123,employee_record,structured_record,de,no,,test,easy,False,none,2042,20420123
SYN-EMPLOYEE_RECORD-0124,employee_record,hr_profile,de,yes,PERSON;MEDICAL_LICENSE,train,easy,False,none,2042,20420124
SYN-EMPLOYEE_RECORD-0125,employee_record,hr_profile,en,no,,validation,easy,False,none,2042,20420125
SYN-EMPLOYEE_RECORD-0126,employee_record,employee_summary,en,no,,validation,easy,False,none,2042,20420126
SYN-EMPLOYEE_RECORD-0127,employee_record,employee_summary,en,no,,test,easy,False,none,2042,20420127
SYN-EMPLOYEE_RECORD-0128,employee_record,structured_record,en,no,,train,easy,False,none,2042,20420128
SYN-EMPLOYEE_RECORD-0129,employee_record,hr_profile,de,yes,PERSON;DATE_TIME,validation,easy,False,none,2042,20420129
SYN-EMPLOYEE_RECORD-0130,employee_record,employee_summary,de,no,,train,easy,False,none,2042,20420130
SYN-EMPLOYEE_RECORD-0131,employee_record,employee_summary,de,no,,train,easy,False,none,2042,20420131
SYN-EMPLOYEE_RECORD-0132,employee_record,employee_summary,en,no,,train,easy,False,none,2042,20420132
SYN-EMPLOYEE_RECORD-0133,employee_record,employee_summary,en,no,,validation,easy,False,none,2042,20420133
SYN-EMPLOYEE_RECORD-0134,employee_record,employee_summary,en,no,,test,easy,False,none,2042,20420134
SYN-EMPLOYEE_RECORD-0135,employee_record,employee_summary,en,no,,test,easy,False,none,2042,20420135
SYN-EMPLOYEE_RECORD-0136,employee_record,hr_profile,de,no,,train,easy,False,none,2042,20420136
SYN-EMPLOYEE_RECORD-0137,employee_record,employee_summary,de,no,,train,easy,False,none,2042,20420137
SYN-EMPLOYEE_RECORD-0138,employee_record,employee_summary,en,no,,train,easy,False,none,2042,20420138
SYN-EMPLOYEE_RECORD-0139,employee_record,hr_profile,de,no,,test,easy,False,none,2042,20420139
SYN-EMPLOYEE_RECORD-0140,employee_record,employee_summary,en,no,,train,easy,False,none,2042,20420140
SYN-EMPLOYEE_RECORD-0141,employee_record,employee_summary,en,no,,train,easy,False,none,2042,20420141
SYN-EMPLOYEE_RECORD-0142,employee_record,hr_profile,en,no,,train,easy,False,none,2042,20420142
SYN-EMPLOYEE_RECORD-0143,employee_record,employee_summary,en,no,,train,easy,False,none,2042,20420143
SYN-EMPLOYEE_RECORD-0144,employee_record,employee_summary,de,no,,validation,easy,False,none,2042,20420144
SYN-EMPLOYEE_RECORD-0145,employee_record,hr_profile,de,yes,PERSON,train,easy,False,none,2042,20420145
SYN-EMPLOYEE_RECORD-0146,employee_record,structured_record,de,no,,validation,easy,False,none,2042,20420146
SYN-EMPLOYEE_RECORD-0147,employee_record,employee_summary,en,no,,train,easy,False,none,2042,20420147
SYN-EMPLOYEE_RECORD-0148,employee_record,structured_record,de,yes,PERSON;MEDICAL_LICENSE,validation,easy,False,none,2042,20420148
SYN-EMPLOYEE_RECORD-0149,employee_record,hr_profile,en,no,,validation,easy,False,none,2042,20420149
SYN-EMPLOYEE_RECORD-0150,employee_record,employee_summary,en,no,,train,easy,False,none,2042,20420150
SYN-EMPLOYEE_RECORD-0151,employee_record,structured_record,en,no,,train,easy,False,none,2042,20420151
SYN-EMPLOYEE_RECORD-0152,employee_record,structured_record,en,no,,train,easy,False,none,2042,20420152
SYN-EMPLOYEE_RECORD-0153,employee_record,employee_summary,de,no,,train,easy,False,none,2042,20420153
SYN-EMPLOYEE_RECORD-0154,employee_record,hr_profile,de,no,,train,easy,False,none,2042,20420154
SYN-EMPLOYEE_RECORD-0155,employee_record,employee_summary,en,yes,PERSON;EMAIL_ADDRESS;PHONE_NUMBER,train,easy,False,none,2042,20420155
SYN-EMPLOYEE_RECORD-0156,employee_record,hr_profile,de,no,,train,easy,False,none,2042,20420156
SYN-EMPLOYEE_RECORD-0157,employee_record,employee_summary,de,yes,PERSON;NRP,train,easy,False,none,2042,20420157
SYN-EMPLOYEE_RECORD-0158,employee_record,structured_record,de,yes,PERSON,train,easy,False,none,2042,20420158
SYN-EMPLOYEE_RECORD-0159,employee_record,hr_profile,de,yes,PERSON;MEDICAL_LICENSE,train,easy,False,none,2042,20420159
SYN-EMPLOYEE_RECORD-0160,employee_record,hr_profile,en,no,,train,easy,False,none,2042,20420160
SYN-EMPLOYEE_RECORD-0161,employee_record,structured_record,en,no,,train,easy,False,none,2042,20420161
SYN-EMPLOYEE_RECORD-0162,employee_record,hr_profile,en,no,,validation,easy,False,none,2042,20420162
SYN-EMPLOYEE_RECORD-0163,employee_record,hr_profile,de,no,,train,easy,False,none,2042,20420163
SYN-EMPLOYEE_RECORD-0164,employee_record,structured_record,de,no,,train,easy,False,none,2042,20420164
SYN-EMPLOYEE_RECORD-0165,employee_record,structured_record,de,no,,train,easy,False,none,2042,20420165
SYN-EMPLOYEE_RECORD-0166,employee_record,hr_profile,en,no,,validation,easy,False,none,2042,20420166
SYN-EMPLOYEE_RECORD-0167,employee_record,hr_profile,de,no,,train,easy,False,none,2042,20420167
SYN-EMPLOYEE_RECORD-0168,employee_record,hr_profile,en,no,,train,easy,False,none,2042,20420168
SYN-EMPLOYEE_RECORD-0169,employee_record,employee_summary,en,yes,PERSON;LOCATION,train,easy,False,none,2042,20420169
SYN-EMPLOYEE_RECORD-0170,employee_record,structured_record,en,yes,PERSON;MEDICAL_LICENSE,train,easy,False,none,2042,20420170
SYN-EMPLOYEE_RECORD-0171,employee_record,hr_profile,en,no,,test,easy,False,none,2042,20420171
SYN-EMPLOYEE_RECORD-0172,employee_record,structured_record,en,no,,train,easy,False,none,2042,20420172
SYN-EMPLOYEE_RECORD-0173,employee_record,structured_record,de,no,,train,easy,False,none,2042,20420173
SYN-EMPLOYEE_RECORD-0174,employee_record,hr_profile,de,no,,train,easy,False,none,2042,20420174
SYN-EMPLOYEE_RECORD-0175,employee_record,structured_record,en,yes,PERSON;MEDICAL_LICENSE,train,easy,False,none,2042,20420175
SYN-EMPLOYEE_RECORD-0176,employee_record,employee_summary,de,yes,PERSON;PASSPORT,train,easy,False,none,2042,20420176
SYN-EMPLOYEE_RECORD-0177,employee_record,hr_profile,de,no,,train,easy,False,none,2042,20420177
SYN-EMPLOYEE_RECORD-0178,employee_record,structured_record,de,no,,validation,easy,False,none,2042,20420178
SYN-EMPLOYEE_RECORD-0179,employee_record,hr_profile,en,no,,train,easy,False,none,2042,20420179
SYN-EMPLOYEE_RECORD-0180,employee_record,hr_profile,en,yes,PERSON;MEDICAL_LICENSE,train,easy,False,none,2042,20420180
SYN-EMPLOYEE_RECORD-0181,employee_record,hr_profile,de,no,,train,easy,False,none,2042,20420181
SYN-EMPLOYEE_RECORD-0182,employee_record,structured_record,de,no,,train,easy,False,none,2042,20420182
SYN-EMPLOYEE_RECORD-0183,employee_record,hr_profile,en,yes,PERSON;PASSPORT,train,easy,False,none,2042,20420183
SYN-EMPLOYEE_RECORD-0184,employee_record,employee_summary,de,no,,test,easy,False,none,2042,20420184
SYN-EMPLOYEE_RECORD-0185,employee_record,employee_summary,de,no,,validation,easy,False,none,2042,20420185
SYN-EMPLOYEE_RECORD-0186,employee_record,structured_record,de,no,,test,easy,False,none,2042,20420186
SYN-EMPLOYEE_RECORD-0187,employee_record,structured_record,en,yes,PERSON;MEDICAL_LICENSE,train,easy,False,none,2042,20420187
SYN-EMPLOYEE_RECORD-0188,employee_record,structured_record,de,no,,test,easy,False,none,2042,20420188
SYN-EMPLOYEE_RECORD-0189,employee_record,hr_profile,de,no,,train,easy,False,none,2042,20420189
SYN-EMPLOYEE_RECORD-0190,employee_record,hr_profile,de,yes,PERSON;MEDICAL_LICENSE,train,easy,False,none,2042,20420190
SYN-EMPLOYEE_RECORD-0191,employee_record,employee_summary,de,yes,PERSON;PASSPORT,test,easy,False,none,2042,20420191
SYN-EMPLOYEE_RECORD-0192,employee_record,employee_summary,de,no,,train,easy,False,none,2042,20420192
SYN-EMPLOYEE_RECORD-0193,employee_record,structured_record,de,no,,validation,easy,False,none,2042,20420193
SYN-EMPLOYEE_RECORD-0194,employee_record,employee_summary,en,no,,train,easy,False,none,2042,20420194
SYN-EMPLOYEE_RECORD-0195,employee_record,hr_profile,en,no,,train,easy,False,none,2042,20420195
SYN-EMPLOYEE_RECORD-0196,employee_record,structured_record,en,no,,train,easy,False,none,2042,20420196
SYN-EMPLOYEE_RECORD-0197,employee_record,structured_record,de,no,,train,easy,False,none,2042,20420197
SYN-EMPLOYEE_RECORD-0198,employee_record,structured_record,en,no,,train,easy,False,none,2042,20420198
SYN-EMPLOYEE_RECORD-0199,employee_record,hr_profile,de,no,,test,easy,False,none,2042,20420199
SYN-EMPLOYEE_RECORD-0200,employee_record,hr_profile,de,no,,train,easy,False,none,2042,20420200
SYN-EMPLOYEE_RECORD-0201,employee_record,hr_profile,en,no,,train,easy,False,none,2042,20420201
SYN-EMPLOYEE_RECORD-0202,employee_record,employee_summary,en,no,,validation,easy,False,none,2042,20420202
SYN-EMPLOYEE_RECORD-0203,employee_record,hr_profile,en,no,,test,easy,False,none,2042,20420203
SYN-EMPLOYEE_RECORD-0204,employee_record,structured_record,en,no,,train,easy,False,none,2042,20420204
SYN-EMPLOYEE_RECORD-0205,employee_record,employee_summary,de,no,,validation,easy,False,none,2042,20420205
SYN-EMPLOYEE_RECORD-0206,employee_record,structured_record,en,no,,train,easy,False,none,2042,20420206
SYN-EMPLOYEE_RECORD-0207,employee_record,hr_profile,de,yes,PERSON;MEDICAL_LICENSE,train,easy,False,none,2042,20420207
SYN-EMPLOYEE_RECORD-0208,employee_record,employee_summary,en,yes,PERSON;MEDICAL_LICENSE,train,easy,False,none,2042,20420208
SYN-EMPLOYEE_RECORD-0209,employee_record,structured_record,de,no,,train,easy,False,none,2042,20420209
SYN-EMPLOYEE_RECORD-0210,employee_record,structured_record,de,no,,train,easy,False,none,2042,20420210
SYN-EMPLOYEE_RECORD-0211,employee_record,hr_profile,en,no,,train,easy,False,none,2042,20420211
SYN-EMPLOYEE_RECORD-0212,employee_record,hr_profile,en,yes,PERSON;MEDICAL_LICENSE,validation,easy,False,none,2042,20420212
SYN-EMPLOYEE_RECORD-0213,employee_record,structured_record,en,no,,train,easy,False,none,2042,20420213
SYN-EMPLOYEE_RECORD-0214,employee_record,structured_record,de,no,,validation,easy,False,none,2042,20420214
SYN-EMPLOYEE_RECORD-0215,employee_record,employee_summary,en,no,,train,easy,False,none,2042,20420215
SYN-EMPLOYEE_RECORD-0216,employee_record,structured_record,en,no,,train,easy,False,none,2042,20420216
SYN-EMPLOYEE_RECORD-0217,employee_record,employee_summary,de,no,,train,easy,False,none,2042,20420217
SYN-EMPLOYEE_RECORD-0218,employee_record,structured_record,en,no,,test,easy,False,none,2042,20420218
SYN-EMPLOYEE_RECORD-0219,employee_record,employee_summary,en,no,,validation,easy,False,none,2042,20420219
SYN-EMPLOYEE_RECORD-0220,employee_record,employee_summary,en,yes,PERSON;EMAIL_ADDRESS;PHONE_NUMBER,train,easy,False,none,2042,20420220
SYN-EMPLOYEE_RECORD-0221,employee_record,hr_profile,de,no,,train,easy,False,none,2042,20420221
SYN-EMPLOYEE_RECORD-0222,employee_record,hr_profile,en,no,,validation,easy,False,none,2042,20420222
SYN-EMPLOYEE_RECORD-0223,employee_record,structured_record,en,no,,train,easy,False,none,2042,20420223
SYN-EMPLOYEE_RECORD-0224,employee_record,employee_summary,de,no,,train,easy,False,none,2042,20420224
SYN-EMPLOYEE_RECORD-0225,employee_record,employee_summary,de,no,,train,easy,False,none,2042,20420225
SYN-EMPLOYEE_RECORD-0226,employee_record,hr_profile,de,no,,train,easy,False,none,2042,20420226
SYN-EMPLOYEE_RECORD-0227,employee_record,structured_record,en,no,,train,easy,False,none,2042,20420227
SYN-EMPLOYEE_RECORD-0228,employee_record,structured_record,de,yes,PERSON;MEDICAL_LICENSE,train,easy,False,none,2042,20420228
SYN-EMPLOYEE_RECORD-0229,employee_record,hr_profile,de,no,,train,easy,False,none,2042,20420229
SYN-EMPLOYEE_RECORD-0230,employee_record,hr_profile,en,no,,train,easy,False,none,2042,20420230
SYN-EMPLOYEE_RECORD-0231,employee_record,hr_profile,de,no,,test,easy,False,none,2042,20420231
SYN-EMPLOYEE_RECORD-0232,employee_record,hr_profile,de,yes,PERSON;MEDICAL_LICENSE,train,easy,False,none,2042,20420232
SYN-EMPLOYEE_RECORD-0233,employee_record,hr_profile,de,no,,train,easy,False,none,2042,20420233
SYN-EMPLOYEE_RECORD-0234,employee_record,structured_record,de,no,,test,easy,False,none,2042,20420234
SYN-EMPLOYEE_RECORD-0235,employee_record,hr_profile,en,no,,test,easy,False,none,2042,20420235
SYN-EMPLOYEE_RECORD-0236,employee_record,structured_record,de,no,,validation,easy,False,none,2042,20420236
SYN-EMPLOYEE_RECORD-0237,employee_record,hr_profile,de,no,,train,easy,False,none,2042,20420237
SYN-EMPLOYEE_RECORD-0238,employee_record,structured_record,de,yes,PERSON;EMAIL_ADDRESS;PHONE_NUMBER,train,easy,False,none,2042,20420238
SYN-EMPLOYEE_RECORD-0239,employee_record,structured_record,en,no,,validation,easy,False,none,2042,20420239
SYN-EMPLOYEE_RECORD-0240,employee_record,hr_profile,de,no,,train,easy,False,none,2042,20420240
SYN-EMPLOYEE_RECORD-0241,employee_record,structured_record,de,no,,train,easy,False,none,2042,20420241
SYN-EMPLOYEE_RECORD-0242,employee_record,employee_summary,en,yes,PERSON;MEDICAL_LICENSE,train,easy,False,none,2042,20420242
SYN-EMPLOYEE_RECORD-0243,employee_record,employee_summary,en,yes,PERSON;DATE_TIME,train,easy,False,none,2042,20420243
SYN-EMPLOYEE_RECORD-0244,employee_record,structured_record,de,no,,train,easy,False,none,2042,20420244
SYN-EMPLOYEE_RECORD-0245,employee_record,employee_summary,de,no,,test,easy,False,none,2042,20420245
SYN-EMPLOYEE_RECORD-0246,employee_record,structured_record,de,yes,PERSON;EMAIL_ADDRESS;PHONE_NUMBER,test,easy,False,none,2042,20420246
SYN-EMPLOYEE_RECORD-0247,employee_record,hr_profile,en,no,,train,easy,False,none,2042,20420247
SYN-EMPLOYEE_RECORD-0248,employee_record,employee_summary,de,no,,train,easy,False,none,2042,20420248
SYN-EMPLOYEE_RECORD-0249,employee_record,hr_profile,de,no,,train,easy,False,none,2042,20420249
SYN-EMPLOYEE_RECORD-0250,employee_record,employee_summary,de,no,,test,easy,False,none,2042,20420250
SYN-EXPENSE_REPORT-0001,expense_report,filled_a,en,no,,test,easy,False,none,3042,30420001
SYN-EXPENSE_REPORT-0002,expense_report,filled_a,de,no,,test,easy,False,none,3042,30420002
SYN-EXPENSE_REPORT-0003,expense_report,filled_a,en,no,,train,easy,False,none,3042,30420003
SYN-EXPENSE_REPORT-0004,expense_report,filled_b,de,no,,train,easy,False,none,3042,30420004
SYN-EXPENSE_REPORT-0005,expense_report,blank,en,no,,train,easy,False,none,3042,30420005
SYN-EXPENSE_REPORT-0006,expense_report,filled_a,de,no,,train,easy,False,none,3042,30420006
SYN-EXPENSE_REPORT-0007,expense_report,filled_a,en,yes,PERSON;IBAN_CODE,test,easy,False,none,3042,30420007
SYN-EXPENSE_REPORT-0008,expense_report,filled_a,de,no,,validation,easy,False,none,3042,30420008
SYN-EXPENSE_REPORT-0009,expense_report,filled_b,de,yes,PERSON;CREDIT_CARD,validation,easy,False,none,3042,30420009
SYN-EXPENSE_REPORT-0010,expense_report,filled_b,de,no,,train,easy,False,none,3042,30420010
SYN-EXPENSE_REPORT-0011,expense_report,filled_a,de,no,,train,easy,False,none,3042,30420011
SYN-EXPENSE_REPORT-0012,expense_report,filled_a,de,no,,train,easy,False,none,3042,30420012
SYN-EXPENSE_REPORT-0013,expense_report,filled_a,en,no,,train,easy,False,none,3042,30420013
SYN-EXPENSE_REPORT-0014,expense_report,filled_b,de,no,,train,easy,False,none,3042,30420014
SYN-EXPENSE_REPORT-0015,expense_report,blank,en,no,,train,easy,False,none,3042,30420015
SYN-EXPENSE_REPORT-0016,expense_report,filled_b,de,no,,train,easy,False,none,3042,30420016
SYN-EXPENSE_REPORT-0017,expense_report,blank,en,no,,validation,easy,False,none,3042,30420017
SYN-EXPENSE_REPORT-0018,expense_report,filled_a,en,yes,PERSON;CREDIT_CARD,train,easy,False,none,3042,30420018
SYN-EXPENSE_REPORT-0019,expense_report,filled_a,en,no,,train,easy,False,none,3042,30420019
SYN-EXPENSE_REPORT-0020,expense_report,filled_a,en,no,,train,easy,False,none,3042,30420020
SYN-EXPENSE_REPORT-0021,expense_report,filled_b,en,yes,PERSON;CREDIT_CARD,test,easy,False,none,3042,30420021
SYN-EXPENSE_REPORT-0022,expense_report,filled_b,de,no,,validation,easy,False,none,3042,30420022
SYN-EXPENSE_REPORT-0023,expense_report,filled_a,en,no,,train,easy,False,none,3042,30420023
SYN-EXPENSE_REPORT-0024,expense_report,filled_b,en,yes,PERSON;IBAN_CODE,test,easy,False,none,3042,30420024
SYN-EXPENSE_REPORT-0025,expense_report,filled_a,de,no,,train,easy,False,none,3042,30420025
SYN-EXPENSE_REPORT-0026,expense_report,filled_a,de,no,,test,easy,False,none,3042,30420026
SYN-EXPENSE_REPORT-0027,expense_report,filled_b,de,yes,PERSON,train,easy,False,none,3042,30420027
SYN-EXPENSE_REPORT-0028,expense_report,filled_b,en,no,,test,easy,False,none,3042,30420028
SYN-EXPENSE_REPORT-0029,expense_report,filled_b,de,no,,train,easy,False,none,3042,30420029
SYN-EXPENSE_REPORT-0030,expense_report,blank,en,no,,train,easy,False,none,3042,30420030
SYN-EXPENSE_REPORT-0031,expense_report,filled_a,en,yes,PERSON,train,easy,False,none,3042,30420031
SYN-EXPENSE_REPORT-0032,expense_report,filled_a,en,no,,train,easy,False,none,3042,30420032
SYN-EXPENSE_REPORT-0033,expense_report,filled_a,en,no,,train,easy,False,none,3042,30420033
SYN-EXPENSE_REPORT-0034,expense_report,blank,en,no,,train,easy,False,none,3042,30420034
SYN-EXPENSE_REPORT-0035,expense_report,filled_a,de,no,,train,easy,False,none,3042,30420035
SYN-EXPENSE_REPORT-0036,expense_report,filled_b,en,yes,PERSON;CREDIT_CARD,train,easy,False,none,3042,30420036
SYN-EXPENSE_REPORT-0037,expense_report,filled_a,de,no,,validation,easy,False,none,3042,30420037
SYN-EXPENSE_REPORT-0038,expense_report,filled_a,en,yes,PERSON;IBAN_CODE,validation,easy,False,none,3042,30420038
SYN-EXPENSE_REPORT-0039,expense_report,filled_b,en,no,,train,easy,False,none,3042,30420039
SYN-EXPENSE_REPORT-0040,expense_report,filled_a,de,no,,train,easy,False,none,3042,30420040
SYN-EXPENSE_REPORT-0041,expense_report,filled_a,de,yes,PERSON;IBAN_CODE,test,easy,False,none,3042,30420041
SYN-EXPENSE_REPORT-0042,expense_report,filled_a,en,no,,validation,easy,False,none,3042,30420042
SYN-EXPENSE_REPORT-0043,expense_report,filled_b,en,yes,PERSON;CREDIT_CARD,validation,easy,False,none,3042,30420043
SYN-EXPENSE_REPORT-0044,expense_report,filled_b,de,no,,train,easy,False,none,3042,30420044
SYN-EXPENSE_REPORT-0045,expense_report,filled_a,en,no,,train,easy,False,none,3042,30420045
SYN-EXPENSE_REPORT-0046,expense_report,filled_b,en,no,,train,easy,False,none,3042,30420046
SYN-EXPENSE_REPORT-0047,expense_report,filled_a,de,yes,PERSON,train,easy,False,none,3042,30420047
SYN-EXPENSE_REPORT-0048,expense_report,filled_b,de,no,,train,easy,False,none,3042,30420048
SYN-EXPENSE_REPORT-0049,expense_report,filled_a,de,no,,validation,easy,False,none,3042,30420049
SYN-EXPENSE_REPORT-0050,expense_report,filled_a,en,no,,train,easy,False,none,3042,30420050
SYN-EXPENSE_REPORT-0051,expense_report,filled_a,de,yes,PERSON;IBAN_CODE,test,easy,False,none,3042,30420051
SYN-EXPENSE_REPORT-0052,expense_report,filled_b,en,no,,train,easy,False,none,3042,30420052
SYN-EXPENSE_REPORT-0053,expense_report,filled_a,de,no,,train,easy,False,none,3042,30420053
SYN-EXPENSE_REPORT-0054,expense_report,filled_b,en,no,,train,easy,False,none,3042,30420054
SYN-EXPENSE_REPORT-0055,expense_report,filled_a,en,no,,train,easy,False,none,3042,30420055
SYN-EXPENSE_REPORT-0056,expense_report,filled_b,de,no,,train,easy,False,none,3042,30420056
SYN-EXPENSE_REPORT-0057,expense_report,filled_a,en,no,,test,easy,False,none,3042,30420057
SYN-EXPENSE_REPORT-0058,expense_report,filled_b,de,no,,train,easy,False,none,3042,30420058
SYN-EXPENSE_REPORT-0059,expense_report,filled_a,de,yes,PERSON;IBAN_CODE,train,easy,False,none,3042,30420059
SYN-EXPENSE_REPORT-0060,expense_report,filled_b,de,yes,PERSON;PHONE_NUMBER,train,easy,False,none,3042,30420060
SYN-EXPENSE_REPORT-0061,expense_report,filled_a,en,no,,train,easy,False,none,3042,30420061
SYN-EXPENSE_REPORT-0062,expense_report,filled_b,en,no,,train,easy,False,none,3042,30420062
SYN-EXPENSE_REPORT-0063,expense_report,filled_b,de,no,,train,easy,False,none,3042,30420063
SYN-EXPENSE_REPORT-0064,expense_report,filled_a,de,no,,train,easy,False,none,3042,30420064
SYN-EXPENSE_REPORT-0065,expense_report,filled_b,de,no,,train,easy,False,none,3042,30420065
SYN-EXPENSE_REPORT-0066,expense_report,filled_b,en,yes,PERSON;IBAN_CODE,train,easy,False,none,3042,30420066
SYN-EXPENSE_REPORT-0067,expense_report,filled_b,de,no,,train,easy,False,none,3042,30420067
SYN-EXPENSE_REPORT-0068,expense_report,filled_a,en,no,,validation,easy,False,none,3042,30420068
SYN-EXPENSE_REPORT-0069,expense_report,filled_a,de,no,,train,easy,False,none,3042,30420069
SYN-EXPENSE_REPORT-0070,expense_report,blank,de,no,,train,easy,False,none,3042,30420070
SYN-EXPENSE_REPORT-0071,expense_report,filled_a,de,no,,train,easy,False,none,3042,30420071
SYN-EXPENSE_REPORT-0072,expense_report,filled_a,de,no,,train,easy,False,none,3042,30420072
SYN-EXPENSE_REPORT-0073,expense_report,filled_b,en,no,,train,easy,False,none,3042,30420073
SYN-EXPENSE_REPORT-0074,expense_report,filled_a,de,no,,train,easy,False,none,3042,30420074
SYN-EXPENSE_REPORT-0075,expense_report,blank,en,no,,train,easy,False,none,3042,30420075
SYN-EXPENSE_REPORT-0076,expense_report,filled_a,de,no,,train,easy,False,none,3042,30420076
SYN-EXPENSE_REPORT-0077,expense_report,filled_a,en,no,,train,easy,False,none,3042,30420077
SYN-EXPENSE_REPORT-0078,expense_report,filled_a,de,no,,train,easy,False,none,3042,30420078
SYN-EXPENSE_REPORT-0079,expense_report,filled_b,en,no,,test,easy,False,none,3042,30420079
SYN-EXPENSE_REPORT-0080,expense_report,filled_b,de,no,,train,easy,False,none,3042,30420080
SYN-EXPENSE_REPORT-0081,expense_report,filled_b,de,no,,train,easy,False,none,3042,30420081
SYN-EXPENSE_REPORT-0082,expense_report,filled_b,en,yes,PERSON;CREDIT_CARD,train,easy,False,none,3042,30420082
SYN-EXPENSE_REPORT-0083,expense_report,filled_b,en,no,,train,easy,False,none,3042,30420083
SYN-EXPENSE_REPORT-0084,expense_report,filled_a,en,no,,validation,easy,False,none,3042,30420084
SYN-EXPENSE_REPORT-0085,expense_report,filled_a,de,no,,train,easy,False,none,3042,30420085
SYN-EXPENSE_REPORT-0086,expense_report,filled_b,de,no,,train,easy,False,none,3042,30420086
SYN-EXPENSE_REPORT-0087,expense_report,filled_b,de,no,,train,easy,False,none,3042,30420087
SYN-EXPENSE_REPORT-0088,expense_report,filled_a,de,yes,PERSON;CREDIT_CARD,validation,easy,False,none,3042,30420088
SYN-EXPENSE_REPORT-0089,expense_report,filled_a,de,no,,train,easy,False,none,3042,30420089
SYN-EXPENSE_REPORT-0090,expense_report,filled_a,en,no,,train,easy,False,none,3042,30420090
SYN-EXPENSE_REPORT-0091,expense_report,filled_a,en,no,,validation,easy,False,none,3042,30420091
SYN-EXPENSE_REPORT-0092,expense_report,filled_b,de,no,,train,easy,False,none,3042,30420092
SYN-EXPENSE_REPORT-0093,expense_report,filled_b,en,no,,train,easy,False,none,3042,30420093
SYN-EXPENSE_REPORT-0094,expense_report,filled_a,en,no,,train,easy,False,none,3042,30420094
SYN-EXPENSE_REPORT-0095,expense_report,filled_b,de,no,,train,easy,False,none,3042,30420095
SYN-EXPENSE_REPORT-0096,expense_report,filled_a,en,no,,train,easy,False,none,3042,30420096
SYN-EXPENSE_REPORT-0097,expense_report,filled_b,en,no,,test,easy,False,none,3042,30420097
SYN-EXPENSE_REPORT-0098,expense_report,filled_a,de,yes,PERSON;EMAIL_ADDRESS,train,easy,False,none,3042,30420098
SYN-EXPENSE_REPORT-0099,expense_report,filled_a,de,no,,train,easy,False,none,3042,30420099
SYN-EXPENSE_REPORT-0100,expense_report,filled_b,en,no,,train,easy,False,none,3042,30420100
SYN-EXPENSE_REPORT-0101,expense_report,filled_a,en,no,,train,easy,False,none,3042,30420101
SYN-EXPENSE_REPORT-0102,expense_report,filled_a,de,no,,train,easy,False,none,3042,30420102
SYN-EXPENSE_REPORT-0103,expense_report,filled_b,de,yes,PERSON;IBAN_CODE,test,easy,False,none,3042,30420103
SYN-EXPENSE_REPORT-0104,expense_report,filled_a,de,no,,train,easy,False,none,3042,30420104
SYN-EXPENSE_REPORT-0105,expense_report,filled_a,en,no,,train,easy,False,none,3042,30420105
SYN-EXPENSE_REPORT-0106,expense_report,filled_b,de,no,,train,easy,False,none,3042,30420106
SYN-EXPENSE_REPORT-0107,expense_report,filled_b,de,no,,train,easy,False,none,3042,30420107
SYN-EXPENSE_REPORT-0108,expense_report,filled_a,en,no,,train,easy,False,none,3042,30420108
SYN-EXPENSE_REPORT-0109,expense_report,filled_b,de,no,,train,easy,False,none,3042,30420109
SYN-EXPENSE_REPORT-0110,expense_report,filled_b,de,yes,PERSON;PHONE_NUMBER,test,easy,False,none,3042,30420110
SYN-EXPENSE_REPORT-0111,expense_report,filled_a,de,no,,train,easy,False,none,3042,30420111
SYN-EXPENSE_REPORT-0112,expense_report,blank,en,no,,train,easy,False,none,3042,30420112
SYN-EXPENSE_REPORT-0113,expense_report,filled_b,de,no,,test,easy,False,none,3042,30420113
SYN-EXPENSE_REPORT-0114,expense_report,filled_a,de,no,,train,easy,False,none,3042,30420114
SYN-EXPENSE_REPORT-0115,expense_report,filled_a,en,no,,validation,easy,False,none,3042,30420115
SYN-EXPENSE_REPORT-0116,expense_report,filled_a,de,no,,test,easy,False,none,3042,30420116
SYN-EXPENSE_REPORT-0117,expense_report,filled_b,de,no,,train,easy,False,none,3042,30420117
SYN-EXPENSE_REPORT-0118,expense_report,filled_b,en,no,,train,easy,False,none,3042,30420118
SYN-EXPENSE_REPORT-0119,expense_report,filled_a,de,no,,validation,easy,False,none,3042,30420119
SYN-EXPENSE_REPORT-0120,expense_report,filled_a,de,no,,train,easy,False,none,3042,30420120
SYN-EXPENSE_REPORT-0121,expense_report,filled_a,en,no,,train,easy,False,none,3042,30420121
SYN-EXPENSE_REPORT-0122,expense_report,blank,en,no,,test,easy,False,none,3042,30420122
SYN-EXPENSE_REPORT-0123,expense_report,filled_a,de,no,,train,easy,False,none,3042,30420123
SYN-EXPENSE_REPORT-0124,expense_report,filled_b,en,no,,train,easy,False,none,3042,30420124
SYN-EXPENSE_REPORT-0125,expense_report,filled_b,de,no,,test,easy,False,none,3042,30420125
SYN-EXPENSE_REPORT-0126,expense_report,filled_a,de,no,,test,easy,False,none,3042,30420126
SYN-EXPENSE_REPORT-0127,expense_report,filled_a,en,no,,train,easy,False,none,3042,30420127
SYN-EXPENSE_REPORT-0128,expense_report,filled_a,en,no,,train,easy,False,none,3042,30420128
SYN-EXPENSE_REPORT-0129,expense_report,filled_b,de,yes,PERSON;PHONE_NUMBER,train,easy,False,none,3042,30420129
SYN-EXPENSE_REPORT-0130,expense_report,filled_b,de,yes,PERSON;IBAN_CODE,train,easy,False,none,3042,30420130
SYN-EXPENSE_REPORT-0131,expense_report,filled_a,en,no,,test,easy,False,none,3042,30420131
SYN-EXPENSE_REPORT-0132,expense_report,filled_b,de,no,,train,easy,False,none,3042,30420132
SYN-EXPENSE_REPORT-0133,expense_report,filled_b,en,no,,train,easy,False,none,3042,30420133
SYN-EXPENSE_REPORT-0134,expense_report,filled_a,en,no,,test,easy,False,none,3042,30420134
SYN-EXPENSE_REPORT-0135,expense_report,filled_a,en,no,,train,easy,False,none,3042,30420135
SYN-EXPENSE_REPORT-0136,expense_report,filled_b,en,no,,train,easy,False,none,3042,30420136
SYN-EXPENSE_REPORT-0137,expense_report,filled_a,en,no,,test,easy,False,none,3042,30420137
SYN-EXPENSE_REPORT-0138,expense_report,filled_a,en,no,,train,easy,False,none,3042,30420138
SYN-EXPENSE_REPORT-0139,expense_report,filled_a,en,yes,PERSON;EMAIL_ADDRESS,train,easy,False,none,3042,30420139
SYN-EXPENSE_REPORT-0140,expense_report,filled_a,en,no,,train,easy,False,none,3042,30420140
SYN-EXPENSE_REPORT-0141,expense_report,filled_a,en,yes,PERSON;IBAN_CODE,train,easy,False,none,3042,30420141
SYN-EXPENSE_REPORT-0142,expense_report,filled_b,en,no,,train,easy,False,none,3042,30420142
SYN-EXPENSE_REPORT-0143,expense_report,filled_b,de,no,,train,easy,False,none,3042,30420143
SYN-EXPENSE_REPORT-0144,expense_report,filled_a,de,no,,train,easy,False,none,3042,30420144
SYN-EXPENSE_REPORT-0145,expense_report,filled_a,de,no,,train,easy,False,none,3042,30420145
SYN-EXPENSE_REPORT-0146,expense_report,filled_b,de,no,,train,easy,False,none,3042,30420146
SYN-EXPENSE_REPORT-0147,expense_report,filled_b,de,yes,PERSON;EMAIL_ADDRESS,train,easy,False,none,3042,30420147
SYN-EXPENSE_REPORT-0148,expense_report,filled_b,de,yes,PERSON,validation,easy,False,none,3042,30420148
SYN-EXPENSE_REPORT-0149,expense_report,filled_b,en,no,,validation,easy,False,none,3042,30420149
SYN-EXPENSE_REPORT-0150,expense_report,filled_a,en,no,,train,easy,False,none,3042,30420150
SYN-EXPENSE_REPORT-0151,expense_report,filled_b,de,no,,train,easy,False,none,3042,30420151
SYN-EXPENSE_REPORT-0152,expense_report,filled_b,en,no,,train,easy,False,none,3042,30420152
SYN-EXPENSE_REPORT-0153,expense_report,filled_a,de,no,,test,easy,False,none,3042,30420153
SYN-EXPENSE_REPORT-0154,expense_report,filled_a,de,no,,validation,easy,False,none,3042,30420154
SYN-EXPENSE_REPORT-0155,expense_report,filled_b,en,no,,train,easy,False,none,3042,30420155
SYN-EXPENSE_REPORT-0156,expense_report,filled_b,en,no,,validation,easy,False,none,3042,30420156
SYN-EXPENSE_REPORT-0157,expense_report,filled_a,en,no,,train,easy,False,none,3042,30420157
SYN-EXPENSE_REPORT-0158,expense_report,filled_a,de,no,,train,easy,False,none,3042,30420158
SYN-EXPENSE_REPORT-0159,expense_report,filled_b,de,no,,validation,easy,False,none,3042,30420159
SYN-EXPENSE_REPORT-0160,expense_report,filled_a,en,no,,train,easy,False,none,3042,30420160
SYN-EXPENSE_REPORT-0161,expense_report,filled_b,de,no,,validation,easy,False,none,3042,30420161
SYN-EXPENSE_REPORT-0162,expense_report,filled_b,de,no,,validation,easy,False,none,3042,30420162
SYN-EXPENSE_REPORT-0163,expense_report,filled_a,de,no,,test,easy,False,none,3042,30420163
SYN-EXPENSE_REPORT-0164,expense_report,filled_b,en,no,,test,easy,False,none,3042,30420164
SYN-EXPENSE_REPORT-0165,expense_report,filled_b,de,no,,train,easy,False,none,3042,30420165
SYN-EXPENSE_REPORT-0166,expense_report,filled_a,en,yes,PERSON;PHONE_NUMBER,train,easy,False,none,3042,30420166
SYN-EXPENSE_REPORT-0167,expense_report,filled_a,en,yes,PERSON;PHONE_NUMBER,validation,easy,False,none,3042,30420167
SYN-EXPENSE_REPORT-0168,expense_report,filled_b,de,no,,train,easy,False,none,3042,30420168
SYN-EXPENSE_REPORT-0169,expense_report,filled_b,en,no,,validation,easy,False,none,3042,30420169
SYN-EXPENSE_REPORT-0170,expense_report,filled_b,en,no,,train,easy,False,none,3042,30420170
SYN-EXPENSE_REPORT-0171,expense_report,blank,de,no,,test,easy,False,none,3042,30420171
SYN-EXPENSE_REPORT-0172,expense_report,filled_b,de,no,,train,easy,False,none,3042,30420172
SYN-EXPENSE_REPORT-0173,expense_report,filled_b,de,no,,train,easy,False,none,3042,30420173
SYN-EXPENSE_REPORT-0174,expense_report,filled_a,en,no,,train,easy,False,none,3042,30420174
SYN-EXPENSE_REPORT-0175,expense_report,filled_a,en,no,,train,easy,False,none,3042,30420175
SYN-EXPENSE_REPORT-0176,expense_report,filled_b,de,no,,validation,easy,False,none,3042,30420176
SYN-EXPENSE_REPORT-0177,expense_report,filled_b,de,no,,train,easy,False,none,3042,30420177
SYN-EXPENSE_REPORT-0178,expense_report,filled_b,en,no,,train,easy,False,none,3042,30420178
SYN-EXPENSE_REPORT-0179,expense_report,filled_b,en,no,,train,easy,False,none,3042,30420179
SYN-EXPENSE_REPORT-0180,expense_report,filled_b,en,yes,PERSON;EMAIL_ADDRESS,validation,easy,False,none,3042,30420180
SYN-EXPENSE_REPORT-0181,expense_report,filled_a,en,no,,train,easy,False,none,3042,30420181
SYN-EXPENSE_REPORT-0182,expense_report,filled_a,en,no,,train,easy,False,none,3042,30420182
SYN-EXPENSE_REPORT-0183,expense_report,filled_b,en,no,,train,easy,False,none,3042,30420183
SYN-EXPENSE_REPORT-0184,expense_report,filled_a,en,yes,PERSON;CREDIT_CARD,validation,easy,False,none,3042,30420184
SYN-EXPENSE_REPORT-0185,expense_report,filled_a,en,yes,PERSON;EMAIL_ADDRESS,train,easy,False,none,3042,30420185
SYN-EXPENSE_REPORT-0186,expense_report,filled_b,en,no,,train,easy,False,none,3042,30420186
SYN-EXPENSE_REPORT-0187,expense_report,filled_b,en,no,,validation,easy,False,none,3042,30420187
SYN-EXPENSE_REPORT-0188,expense_report,filled_b,en,no,,train,easy,False,none,3042,30420188
SYN-EXPENSE_REPORT-0189,expense_report,filled_b,en,no,,train,easy,False,none,3042,30420189
SYN-EXPENSE_REPORT-0190,expense_report,filled_b,en,no,,test,easy,False,none,3042,30420190
SYN-EXPENSE_REPORT-0191,expense_report,filled_b,en,no,,train,easy,False,none,3042,30420191
SYN-EXPENSE_REPORT-0192,expense_report,filled_a,en,no,,test,easy,False,none,3042,30420192
SYN-EXPENSE_REPORT-0193,expense_report,filled_b,de,no,,validation,easy,False,none,3042,30420193
SYN-EXPENSE_REPORT-0194,expense_report,filled_b,de,no,,test,easy,False,none,3042,30420194
SYN-EXPENSE_REPORT-0195,expense_report,filled_a,de,no,,train,easy,False,none,3042,30420195
SYN-EXPENSE_REPORT-0196,expense_report,filled_b,en,no,,train,easy,False,none,3042,30420196
SYN-EXPENSE_REPORT-0197,expense_report,filled_a,en,no,,validation,easy,False,none,3042,30420197
SYN-EXPENSE_REPORT-0198,expense_report,filled_b,en,no,,validation,easy,False,none,3042,30420198
SYN-EXPENSE_REPORT-0199,expense_report,filled_a,en,no,,train,easy,False,none,3042,30420199
SYN-EXPENSE_REPORT-0200,expense_report,filled_a,de,yes,PERSON,train,easy,False,none,3042,30420200
SYN-EXPENSE_REPORT-0201,expense_report,filled_a,de,no,,train,easy,False,none,3042,30420201
SYN-EXPENSE_REPORT-0202,expense_report,filled_a,de,no,,train,easy,False,none,3042,30420202
SYN-EXPENSE_REPORT-0203,expense_report,filled_b,en,no,,train,easy,False,none,3042,30420203
SYN-EXPENSE_REPORT-0204,expense_report,filled_b,en,no,,validation,easy,False,none,3042,30420204
SYN-EXPENSE_REPORT-0205,expense_report,filled_b,en,no,,train,easy,False,none,3042,30420205
SYN-EXPENSE_REPORT-0206,expense_report,filled_b,en,no,,train,easy,False,none,3042,30420206
SYN-EXPENSE_REPORT-0207,expense_report,filled_b,de,no,,train,easy,False,none,3042,30420207
SYN-EXPENSE_REPORT-0208,expense_report,filled_a,en,yes,PERSON;EMAIL_ADDRESS,test,easy,False,none,3042,30420208
SYN-EXPENSE_REPORT-0209,expense_report,filled_b,de,no,,validation,easy,False,none,3042,30420209
SYN-EXPENSE_REPORT-0210,expense_report,filled_b,en,no,,train,easy,False,none,3042,30420210
SYN-EXPENSE_REPORT-0211,expense_report,filled_a,de,no,,train,easy,False,none,3042,30420211
SYN-EXPENSE_REPORT-0212,expense_report,filled_b,de,no,,test,easy,False,none,3042,30420212
SYN-EXPENSE_REPORT-0213,expense_report,filled_b,en,no,,train,easy,False,none,3042,30420213
SYN-EXPENSE_REPORT-0214,expense_report,filled_b,de,no,,train,easy,False,none,3042,30420214
SYN-EXPENSE_REPORT-0215,expense_report,filled_a,de,yes,PERSON;IBAN_CODE,validation,easy,False,none,3042,30420215
SYN-EXPENSE_REPORT-0216,expense_report,filled_a,de,no,,train,easy,False,none,3042,30420216
SYN-EXPENSE_REPORT-0217,expense_report,filled_b,de,no,,train,easy,False,none,3042,30420217
SYN-EXPENSE_REPORT-0218,expense_report,filled_b,de,no,,train,easy,False,none,3042,30420218
SYN-EXPENSE_REPORT-0219,expense_report,filled_a,en,no,,train,easy,False,none,3042,30420219
SYN-EXPENSE_REPORT-0220,expense_report,filled_b,en,no,,train,easy,False,none,3042,30420220
SYN-EXPENSE_REPORT-0221,expense_report,filled_b,en,no,,train,easy,False,none,3042,30420221
SYN-EXPENSE_REPORT-0222,expense_report,filled_a,de,no,,train,easy,False,none,3042,30420222
SYN-EXPENSE_REPORT-0223,expense_report,filled_a,en,no,,train,easy,False,none,3042,30420223
SYN-EXPENSE_REPORT-0224,expense_report,filled_b,en,no,,train,easy,False,none,3042,30420224
SYN-EXPENSE_REPORT-0225,expense_report,filled_a,de,no,,train,easy,False,none,3042,30420225
SYN-EXPENSE_REPORT-0226,expense_report,filled_a,en,no,,test,easy,False,none,3042,30420226
SYN-EXPENSE_REPORT-0227,expense_report,filled_a,de,no,,test,easy,False,none,3042,30420227
SYN-EXPENSE_REPORT-0228,expense_report,filled_a,en,no,,validation,easy,False,none,3042,30420228
SYN-EXPENSE_REPORT-0229,expense_report,filled_b,en,no,,validation,easy,False,none,3042,30420229
SYN-EXPENSE_REPORT-0230,expense_report,filled_a,de,yes,PERSON;CREDIT_CARD,train,easy,False,none,3042,30420230
SYN-EXPENSE_REPORT-0231,expense_report,filled_b,en,no,,test,easy,False,none,3042,30420231
SYN-EXPENSE_REPORT-0232,expense_report,filled_a,en,no,,train,easy,False,none,3042,30420232
SYN-EXPENSE_REPORT-0233,expense_report,filled_a,de,no,,train,easy,False,none,3042,30420233
SYN-EXPENSE_REPORT-0234,expense_report,filled_b,de,no,,validation,easy,False,none,3042,30420234
SYN-EXPENSE_REPORT-0235,expense_report,filled_b,en,no,,train,easy,False,none,3042,30420235
SYN-EXPENSE_REPORT-0236,expense_report,filled_b,en,no,,test,easy,False,none,3042,30420236
SYN-EXPENSE_REPORT-0237,expense_report,filled_b,en,no,,train,easy,False,none,3042,30420237
SYN-EXPENSE_REPORT-0238,expense_report,filled_b,de,no,,train,easy,False,none,3042,30420238
SYN-EXPENSE_REPORT-0239,expense_report,filled_a,en,no,,train,easy,False,none,3042,30420239
SYN-EXPENSE_REPORT-0240,expense_report,filled_b,de,no,,test,easy,False,none,3042,30420240
SYN-EXPENSE_REPORT-0241,expense_report,filled_a,de,no,,validation,easy,False,none,3042,30420241
SYN-EXPENSE_REPORT-0242,expense_report,filled_a,de,no,,test,easy,False,none,3042,30420242
SYN-EXPENSE_REPORT-0243,expense_report,filled_a,de,no,,train,easy,False,none,3042,30420243
SYN-EXPENSE_REPORT-0244,expense_report,filled_b,de,no,,train,easy,False,none,3042,30420244
SYN-EXPENSE_REPORT-0245,expense_report,filled_b,en,yes,PERSON;PHONE_NUMBER,train,easy,False,none,3042,30420245
SYN-EXPENSE_REPORT-0246,expense_report,filled_a,de,no,,train,easy,False,none,3042,30420246
SYN-EXPENSE_REPORT-0247,expense_report,filled_b,de,no,,train,easy,False,none,3042,30420247
SYN-EXPENSE_REPORT-0248,expense_report,filled_b,en,yes,PERSON,train,easy,False,none,3042,30420248
SYN-EXPENSE_REPORT-0249,expense_report,blank,de,no,,train,easy,False,none,3042,30420249
SYN-EXPENSE_REPORT-0250,expense_report,filled_a,de,no,,train,easy,False,none,3042,30420250
SYN-GENERAL_DOCUMENT-0001,general_document,policy_note,de,no,,test,easy,False,none,4042,40420001
SYN-GENERAL_DOCUMENT-0002,general_document,project_update,en,no,,train,easy,False,none,4042,40420002
SYN-GENERAL_DOCUMENT-0003,general_document,internal_memo,de,no,,train,easy,False,none,4042,40420003
SYN-GENERAL_DOCUMENT-0004,general_document,internal_memo,en,no,,train,easy,False,none,4042,40420004
SYN-GENERAL_DOCUMENT-0005,general_document,internal_memo,de,no,,test,easy,False,none,4042,40420005
SYN-GENERAL_DOCUMENT-0006,general_document,policy_note,en,yes,EMAIL_ADDRESS,test,easy,False,none,4042,40420006
SYN-GENERAL_DOCUMENT-0007,general_document,policy_note,de,no,,train,easy,False,none,4042,40420007
SYN-GENERAL_DOCUMENT-0008,general_document,internal_memo,en,no,,train,easy,False,none,4042,40420008
SYN-GENERAL_DOCUMENT-0009,general_document,project_update,en,yes,PERSON;IP_ADDRESS,train,easy,False,none,4042,40420009
SYN-GENERAL_DOCUMENT-0010,general_document,internal_memo,de,no,,train,easy,False,none,4042,40420010
SYN-GENERAL_DOCUMENT-0011,general_document,internal_memo,en,no,,train,easy,False,none,4042,40420011
SYN-GENERAL_DOCUMENT-0012,general_document,project_update,de,no,,train,easy,False,none,4042,40420012
SYN-GENERAL_DOCUMENT-0013,general_document,internal_memo,de,no,,train,easy,False,none,4042,40420013
SYN-GENERAL_DOCUMENT-0014,general_document,project_update,en,no,,train,easy,False,none,4042,40420014
SYN-GENERAL_DOCUMENT-0015,general_document,internal_memo,de,no,,train,easy,False,none,4042,40420015
SYN-GENERAL_DOCUMENT-0016,general_document,policy_note,de,no,,train,easy,False,none,4042,40420016
SYN-GENERAL_DOCUMENT-0017,general_document,project_update,de,yes,PHONE_NUMBER,test,easy,False,none,4042,40420017
SYN-GENERAL_DOCUMENT-0018,general_document,project_update,de,no,,train,easy,False,none,4042,40420018
SYN-GENERAL_DOCUMENT-0019,general_document,project_update,en,no,,train,easy,False,none,4042,40420019
SYN-GENERAL_DOCUMENT-0020,general_document,policy_note,en,no,,train,easy,False,none,4042,40420020
SYN-GENERAL_DOCUMENT-0021,general_document,policy_note,de,no,,test,easy,False,none,4042,40420021
SYN-GENERAL_DOCUMENT-0022,general_document,internal_memo,de,no,,train,easy,False,none,4042,40420022
SYN-GENERAL_DOCUMENT-0023,general_document,policy_note,en,yes,URL,train,easy,False,none,4042,40420023
SYN-GENERAL_DOCUMENT-0024,general_document,project_update,de,no,,train,easy,False,none,4042,40420024
SYN-GENERAL_DOCUMENT-0025,general_document,internal_memo,de,yes,DATE_TIME,train,easy,False,none,4042,40420025
SYN-GENERAL_DOCUMENT-0026,general_document,project_update,en,no,,train,easy,False,none,4042,40420026
SYN-GENERAL_DOCUMENT-0027,general_document,project_update,en,yes,URL,train,easy,False,none,4042,40420027
SYN-GENERAL_DOCUMENT-0028,general_document,policy_note,de,no,,validation,easy,False,none,4042,40420028
SYN-GENERAL_DOCUMENT-0029,general_document,policy_note,de,no,,train,easy,False,none,4042,40420029
SYN-GENERAL_DOCUMENT-0030,general_document,internal_memo,de,no,,validation,easy,False,none,4042,40420030
SYN-GENERAL_DOCUMENT-0031,general_document,internal_memo,de,no,,train,easy,False,none,4042,40420031
SYN-GENERAL_DOCUMENT-0032,general_document,internal_memo,de,yes,PERSON;IP_ADDRESS,validation,easy,False,none,4042,40420032
SYN-GENERAL_DOCUMENT-0033,general_document,internal_memo,en,no,,test,easy,False,none,4042,40420033
SYN-GENERAL_DOCUMENT-0034,general_document,project_update,en,yes,PERSON,validation,easy,False,none,4042,40420034
SYN-GENERAL_DOCUMENT-0035,general_document,internal_memo,en,no,,train,easy,False,none,4042,40420035
SYN-GENERAL_DOCUMENT-0036,general_document,project_update,de,no,,train,easy,False,none,4042,40420036
SYN-GENERAL_DOCUMENT-0037,general_document,internal_memo,en,no,,test,easy,False,none,4042,40420037
SYN-GENERAL_DOCUMENT-0038,general_document,project_update,de,no,,test,easy,False,none,4042,40420038
SYN-GENERAL_DOCUMENT-0039,general_document,policy_note,en,no,,train,easy,False,none,4042,40420039
SYN-GENERAL_DOCUMENT-0040,general_document,project_update,de,no,,train,easy,False,none,4042,40420040
SYN-GENERAL_DOCUMENT-0041,general_document,policy_note,en,yes,PERSON;IP_ADDRESS,train,easy,False,none,4042,40420041
SYN-GENERAL_DOCUMENT-0042,general_document,policy_note,en,no,,validation,easy,False,none,4042,40420042
SYN-GENERAL_DOCUMENT-0043,general_document,policy_note,de,no,,train,easy,False,none,4042,40420043
SYN-GENERAL_DOCUMENT-0044,general_document,internal_memo,de,no,,test,easy,False,none,4042,40420044
SYN-GENERAL_DOCUMENT-0045,general_document,project_update,en,no,,train,easy,False,none,4042,40420045
SYN-GENERAL_DOCUMENT-0046,general_document,project_update,en,yes,PERSON,train,easy,False,none,4042,40420046
SYN-GENERAL_DOCUMENT-0047,general_document,project_update,en,no,,train,easy,False,none,4042,40420047
SYN-GENERAL_DOCUMENT-0048,general_document,internal_memo,en,yes,URL,train,easy,False,none,4042,40420048
SYN-GENERAL_DOCUMENT-0049,general_document,internal_memo,en,no,,train,easy,False,none,4042,40420049
SYN-GENERAL_DOCUMENT-0050,general_document,internal_memo,de,no,,train,easy,False,none,4042,40420050
SYN-GENERAL_DOCUMENT-0051,general_document,internal_memo,en,no,,train,easy,False,none,4042,40420051
SYN-GENERAL_DOCUMENT-0052,general_document,internal_memo,en,yes,URL,train,easy,False,none,4042,40420052
SYN-GENERAL_DOCUMENT-0053,general_document,internal_memo,en,no,,validation,easy,False,none,4042,40420053
SYN-GENERAL_DOCUMENT-0054,general_document,policy_note,de,no,,train,easy,False,none,4042,40420054
SYN-GENERAL_DOCUMENT-0055,general_document,internal_memo,de,yes,URL,train,easy,False,none,4042,40420055
SYN-GENERAL_DOCUMENT-0056,general_document,project_update,de,no,,train,easy,False,none,4042,40420056
SYN-GENERAL_DOCUMENT-0057,general_document,policy_note,en,no,,train,easy,False,none,4042,40420057
SYN-GENERAL_DOCUMENT-0058,general_document,policy_note,en,no,,test,easy,False,none,4042,40420058
SYN-GENERAL_DOCUMENT-0059,general_document,project_update,de,no,,train,easy,False,none,4042,40420059
SYN-GENERAL_DOCUMENT-0060,general_document,internal_memo,de,no,,validation,easy,False,none,4042,40420060
SYN-GENERAL_DOCUMENT-0061,general_document,internal_memo,en,no,,test,easy,False,none,4042,40420061
SYN-GENERAL_DOCUMENT-0062,general_document,policy_note,en,yes,PERSON;IP_ADDRESS,validation,easy,False,none,4042,40420062
SYN-GENERAL_DOCUMENT-0063,general_document,project_update,en,yes,URL,train,easy,False,none,4042,40420063
SYN-GENERAL_DOCUMENT-0064,general_document,internal_memo,de,yes,PERSON,train,easy,False,none,4042,40420064
SYN-GENERAL_DOCUMENT-0065,general_document,policy_note,en,no,,test,easy,False,none,4042,40420065
SYN-GENERAL_DOCUMENT-0066,general_document,project_update,en,no,,validation,easy,False,none,4042,40420066
SYN-GENERAL_DOCUMENT-0067,general_document,policy_note,de,yes,PERSON;IP_ADDRESS,train,easy,False,none,4042,40420067
SYN-GENERAL_DOCUMENT-0068,general_document,project_update,en,no,,train,easy,False,none,4042,40420068
SYN-GENERAL_DOCUMENT-0069,general_document,internal_memo,de,no,,train,easy,False,none,4042,40420069
SYN-GENERAL_DOCUMENT-0070,general_document,internal_memo,de,yes,PERSON;IP_ADDRESS,test,easy,False,none,4042,40420070
SYN-GENERAL_DOCUMENT-0071,general_document,project_update,de,no,,train,easy,False,none,4042,40420071
SYN-GENERAL_DOCUMENT-0072,general_document,project_update,en,yes,LOCATION,train,easy,False,none,4042,40420072
SYN-GENERAL_DOCUMENT-0073,general_document,internal_memo,en,no,,train,easy,False,none,4042,40420073
SYN-GENERAL_DOCUMENT-0074,general_document,internal_memo,de,no,,test,easy,False,none,4042,40420074
SYN-GENERAL_DOCUMENT-0075,general_document,project_update,en,no,,train,easy,False,none,4042,40420075
SYN-GENERAL_DOCUMENT-0076,general_document,internal_memo,de,no,,train,easy,False,none,4042,40420076
SYN-GENERAL_DOCUMENT-0077,general_document,policy_note,en,no,,test,easy,False,none,4042,40420077
SYN-GENERAL_DOCUMENT-0078,general_document,policy_note,en,no,,test,easy,False,none,4042,40420078
SYN-GENERAL_DOCUMENT-0079,general_document,policy_note,en,no,,test,easy,False,none,4042,40420079
SYN-GENERAL_DOCUMENT-0080,general_document,policy_note,de,no,,train,easy,False,none,4042,40420080
SYN-GENERAL_DOCUMENT-0081,general_document,policy_note,en,no,,train,easy,False,none,4042,40420081
SYN-GENERAL_DOCUMENT-0082,general_document,internal_memo,en,no,,train,easy,False,none,4042,40420082
SYN-GENERAL_DOCUMENT-0083,general_document,project_update,en,yes,PHONE_NUMBER,test,easy,False,none,4042,40420083
SYN-GENERAL_DOCUMENT-0084,general_document,internal_memo,en,no,,train,easy,False,none,4042,40420084
SYN-GENERAL_DOCUMENT-0085,general_document,project_update,de,no,,train,easy,False,none,4042,40420085
SYN-GENERAL_DOCUMENT-0086,general_document,project_update,de,no,,train,easy,False,none,4042,40420086
SYN-GENERAL_DOCUMENT-0087,general_document,policy_note,de,no,,train,easy,False,none,4042,40420087
SYN-GENERAL_DOCUMENT-0088,general_document,policy_note,en,no,,train,easy,False,none,4042,40420088
SYN-GENERAL_DOCUMENT-0089,general_document,project_update,en,no,,train,easy,False,none,4042,40420089
SYN-GENERAL_DOCUMENT-0090,general_document,internal_memo,en,no,,train,easy,False,none,4042,40420090
SYN-GENERAL_DOCUMENT-0091,general_document,policy_note,de,yes,URL,train,easy,False,none,4042,40420091
SYN-GENERAL_DOCUMENT-0092,general_document,project_update,en,no,,train,easy,False,none,4042,40420092
SYN-GENERAL_DOCUMENT-0093,general_document,project_update,en,no,,train,easy,False,none,4042,40420093
SYN-GENERAL_DOCUMENT-0094,general_document,policy_note,de,yes,PERSON;IP_ADDRESS,train,easy,False,none,4042,40420094
SYN-GENERAL_DOCUMENT-0095,general_document,policy_note,de,no,,train,easy,False,none,4042,40420095
SYN-GENERAL_DOCUMENT-0096,general_document,internal_memo,de,no,,train,easy,False,none,4042,40420096
SYN-GENERAL_DOCUMENT-0097,general_document,project_update,en,no,,train,easy,False,none,4042,40420097
SYN-GENERAL_DOCUMENT-0098,general_document,policy_note,de,no,,validation,easy,False,none,4042,40420098
SYN-GENERAL_DOCUMENT-0099,general_document,internal_memo,de,no,,train,easy,False,none,4042,40420099
SYN-GENERAL_DOCUMENT-0100,general_document,policy_note,de,no,,train,easy,False,none,4042,40420100
SYN-GENERAL_DOCUMENT-0101,general_document,internal_memo,de,no,,train,easy,False,none,4042,40420101
SYN-GENERAL_DOCUMENT-0102,general_document,policy_note,en,no,,train,easy,False,none,4042,40420102
SYN-GENERAL_DOCUMENT-0103,general_document,internal_memo,en,no,,train,easy,False,none,4042,40420103
SYN-GENERAL_DOCUMENT-0104,general_document,internal_memo,de,no,,validation,easy,False,none,4042,40420104
SYN-GENERAL_DOCUMENT-0105,general_document,internal_memo,en,no,,train,easy,False,none,4042,40420105
SYN-GENERAL_DOCUMENT-0106,general_document,project_update,en,no,,train,easy,False,none,4042,40420106
SYN-GENERAL_DOCUMENT-0107,general_document,internal_memo,de,no,,validation,easy,False,none,4042,40420107
SYN-GENERAL_DOCUMENT-0108,general_document,internal_memo,de,no,,test,easy,False,none,4042,40420108
SYN-GENERAL_DOCUMENT-0109,general_document,project_update,de,no,,validation,easy,False,none,4042,40420109
SYN-GENERAL_DOCUMENT-0110,general_document,project_update,de,no,,train,easy,False,none,4042,40420110
SYN-GENERAL_DOCUMENT-0111,general_document,project_update,en,yes,PHONE_NUMBER,test,easy,False,none,4042,40420111
SYN-GENERAL_DOCUMENT-0112,general_document,project_update,en,no,,train,easy,False,none,4042,40420112
SYN-GENERAL_DOCUMENT-0113,general_document,project_update,en,no,,validation,easy,False,none,4042,40420113
SYN-GENERAL_DOCUMENT-0114,general_document,internal_memo,de,no,,test,easy,False,none,4042,40420114
SYN-GENERAL_DOCUMENT-0115,general_document,policy_note,de,no,,train,easy,False,none,4042,40420115
SYN-GENERAL_DOCUMENT-0116,general_document,policy_note,en,yes,URL,train,easy,False,none,4042,40420116
SYN-GENERAL_DOCUMENT-0117,general_document,policy_note,de,no,,train,easy,False,none,4042,40420117
SYN-GENERAL_DOCUMENT-0118,general_document,policy_note,en,yes,LOCATION,train,easy,False,none,4042,40420118
SYN-GENERAL_DOCUMENT-0119,general_document,project_update,de,no,,train,easy,False,none,4042,40420119
SYN-GENERAL_DOCUMENT-0120,general_document,policy_note,de,no,,train,easy,False,none,4042,40420120
SYN-GENERAL_DOCUMENT-0121,general_document,internal_memo,en,yes,DATE_TIME,train,easy,False,none,4042,40420121
SYN-GENERAL_DOCUMENT-0122,general_document,internal_memo,de,no,,train,easy,False,none,4042,40420122
SYN-GENERAL_DOCUMENT-0123,general_document,project_update,de,no,,train,easy,False,none,4042,40420123
SYN-GENERAL_DOCUMENT-0124,general_document,internal_memo,en,no,,test,easy,False,none,4042,40420124
SYN-GENERAL_DOCUMENT-0125,general_document,project_update,de,yes,PHONE_NUMBER,train,easy,False,none,4042,40420125
SYN-GENERAL_DOCUMENT-0126,general_document,project_update,de,yes,PERSON;IP_ADDRESS,train,easy,False,none,4042,40420126
SYN-GENERAL_DOCUMENT-0127,general_document,policy_note,en,no,,train,easy,False,none,4042,40420127
SYN-GENERAL_DOCUMENT-0128,general_document,policy_note,en,no,,train,easy,False,none,4042,40420128
SYN-GENERAL_DOCUMENT-0129,general_document,policy_note,de,no,,train,easy,False,none,4042,40420129
SYN-GENERAL_DOCUMENT-0130,general_document,internal_memo,en,yes,PERSON;IP_ADDRESS,validation,easy,False,none,4042,40420130
SYN-GENERAL_DOCUMENT-0131,general_document,project_update,de,no,,test,easy,False,none,4042,40420131
SYN-GENERAL_DOCUMENT-0132,general_document,policy_note,en,yes,EMAIL_ADDRESS,validation,easy,False,none,4042,40420132
SYN-GENERAL_DOCUMENT-0133,general_document,internal_memo,en,no,,train,easy,False,none,4042,40420133
SYN-GENERAL_DOCUMENT-0134,general_document,project_update,en,no,,train,easy,False,none,4042,40420134
SYN-GENERAL_DOCUMENT-0135,general_document,policy_note,de,no,,test,easy,False,none,4042,40420135
SYN-GENERAL_DOCUMENT-0136,general_document,internal_memo,de,no,,train,easy,False,none,4042,40420136
SYN-GENERAL_DOCUMENT-0137,general_document,internal_memo,de,no,,train,easy,False,none,4042,40420137
SYN-GENERAL_DOCUMENT-0138,general_document,project_update,de,yes,PHONE_NUMBER,test,easy,False,none,4042,40420138
SYN-GENERAL_DOCUMENT-0139,general_document,project_update,de,no,,test,easy,False,none,4042,40420139
SYN-GENERAL_DOCUMENT-0140,general_document,internal_memo,de,no,,train,easy,False,none,4042,40420140
SYN-GENERAL_DOCUMENT-0141,general_document,internal_memo,en,yes,PERSON;IP_ADDRESS,train,easy,False,none,4042,40420141
SYN-GENERAL_DOCUMENT-0142,general_document,internal_memo,en,no,,test,easy,False,none,4042,40420142
SYN-GENERAL_DOCUMENT-0143,general_document,project_update,en,no,,train,easy,False,none,4042,40420143
SYN-GENERAL_DOCUMENT-0144,general_document,policy_note,de,yes,URL,train,easy,False,none,4042,40420144
SYN-GENERAL_DOCUMENT-0145,general_document,project_update,en,no,,test,easy,False,none,4042,40420145
SYN-GENERAL_DOCUMENT-0146,general_document,policy_note,de,no,,validation,easy,False,none,4042,40420146
SYN-GENERAL_DOCUMENT-0147,general_document,project_update,en,no,,train,easy,False,none,4042,40420147
SYN-GENERAL_DOCUMENT-0148,general_document,project_update,en,no,,train,easy,False,none,4042,40420148
SYN-GENERAL_DOCUMENT-0149,general_document,policy_note,de,no,,train,easy,False,none,4042,40420149
SYN-GENERAL_DOCUMENT-0150,general_document,policy_note,de,no,,train,easy,False,none,4042,40420150
SYN-GENERAL_DOCUMENT-0151,general_document,internal_memo,en,no,,train,easy,False,none,4042,40420151
SYN-GENERAL_DOCUMENT-0152,general_document,project_update,de,no,,train,easy,False,none,4042,40420152
SYN-GENERAL_DOCUMENT-0153,general_document,project_update,de,yes,EMAIL_ADDRESS,train,easy,False,none,4042,40420153
SYN-GENERAL_DOCUMENT-0154,general_document,policy_note,en,no,,train,easy,False,none,4042,40420154
SYN-GENERAL_DOCUMENT-0155,general_document,policy_note,en,yes,PERSON,train,easy,False,none,4042,40420155
SYN-GENERAL_DOCUMENT-0156,general_document,policy_note,en,yes,URL,train,easy,False,none,4042,40420156
SYN-GENERAL_DOCUMENT-0157,general_document,internal_memo,en,yes,URL,train,easy,False,none,4042,40420157
SYN-GENERAL_DOCUMENT-0158,general_document,project_update,de,no,,test,easy,False,none,4042,40420158
SYN-GENERAL_DOCUMENT-0159,general_document,project_update,de,yes,URL,test,easy,False,none,4042,40420159
SYN-GENERAL_DOCUMENT-0160,general_document,policy_note,en,no,,train,easy,False,none,4042,40420160
SYN-GENERAL_DOCUMENT-0161,general_document,project_update,de,no,,train,easy,False,none,4042,40420161
SYN-GENERAL_DOCUMENT-0162,general_document,internal_memo,de,yes,PHONE_NUMBER,validation,easy,False,none,4042,40420162
SYN-GENERAL_DOCUMENT-0163,general_document,internal_memo,en,no,,train,easy,False,none,4042,40420163
SYN-GENERAL_DOCUMENT-0164,general_document,project_update,en,no,,test,easy,False,none,4042,40420164
SYN-GENERAL_DOCUMENT-0165,general_document,policy_note,de,no,,train,easy,False,none,4042,40420165
SYN-GENERAL_DOCUMENT-0166,general_document,internal_memo,de,yes,DATE_TIME,validation,easy,False,none,4042,40420166
SYN-GENERAL_DOCUMENT-0167,general_document,project_update,en,no,,train,easy,False,none,4042,40420167
SYN-GENERAL_DOCUMENT-0168,general_document,internal_memo,en,no,,train,easy,False,none,4042,40420168
SYN-GENERAL_DOCUMENT-0169,general_document,policy_note,de,no,,train,easy,False,none,4042,40420169
SYN-GENERAL_DOCUMENT-0170,general_document,policy_note,de,yes,PHONE_NUMBER,train,easy,False,none,4042,40420170
SYN-GENERAL_DOCUMENT-0171,general_document,policy_note,de,yes,URL,train,easy,False,none,4042,40420171
SYN-GENERAL_DOCUMENT-0172,general_document,project_update,en,no,,validation,easy,False,none,4042,40420172
SYN-GENERAL_DOCUMENT-0173,general_document,policy_note,en,yes,EMAIL_ADDRESS,train,easy,False,none,4042,40420173
SYN-GENERAL_DOCUMENT-0174,general_document,project_update,de,no,,train,easy,False,none,4042,40420174
SYN-GENERAL_DOCUMENT-0175,general_document,policy_note,en,no,,train,easy,False,none,4042,40420175
SYN-GENERAL_DOCUMENT-0176,general_document,policy_note,de,no,,validation,easy,False,none,4042,40420176
SYN-GENERAL_DOCUMENT-0177,general_document,policy_note,en,no,,train,easy,False,none,4042,40420177
SYN-GENERAL_DOCUMENT-0178,general_document,policy_note,en,no,,train,easy,False,none,4042,40420178
SYN-GENERAL_DOCUMENT-0179,general_document,project_update,en,no,,train,easy,False,none,4042,40420179
SYN-GENERAL_DOCUMENT-0180,general_document,policy_note,de,yes,DATE_TIME,train,easy,False,none,4042,40420180
SYN-GENERAL_DOCUMENT-0181,general_document,policy_note,en,no,,train,easy,False,none,4042,40420181
SYN-GENERAL_DOCUMENT-0182,general_document,project_update,de,no,,validation,easy,False,none,4042,40420182
SYN-GENERAL_DOCUMENT-0183,general_document,internal_memo,de,no,,validation,easy,False,none,4042,40420183
SYN-GENERAL_DOCUMENT-0184,general_document,project_update,en,no,,train,easy,False,none,4042,40420184
SYN-GENERAL_DOCUMENT-0185,general_document,internal_memo,en,yes,EMAIL_ADDRESS,train,easy,False,none,4042,40420185
SYN-GENERAL_DOCUMENT-0186,general_document,internal_memo,en,no,,train,easy,False,none,4042,40420186
SYN-GENERAL_DOCUMENT-0187,general_document,project_update,de,no,,train,easy,False,none,4042,40420187
SYN-GENERAL_DOCUMENT-0188,general_document,policy_note,de,no,,train,easy,False,none,4042,40420188
SYN-GENERAL_DOCUMENT-0189,general_document,project_update,en,no,,train,easy,False,none,4042,40420189
SYN-GENERAL_DOCUMENT-0190,general_document,internal_memo,en,no,,validation,easy,False,none,4042,40420190
SYN-GENERAL_DOCUMENT-0191,general_document,policy_note,en,no,,validation,easy,False,none,4042,40420191
SYN-GENERAL_DOCUMENT-0192,general_document,policy_note,de,no,,train,easy,False,none,4042,40420192
SYN-GENERAL_DOCUMENT-0193,general_document,project_update,en,no,,validation,easy,False,none,4042,40420193
SYN-GENERAL_DOCUMENT-0194,general_document,policy_note,en,no,,train,easy,False,none,4042,40420194
SYN-GENERAL_DOCUMENT-0195,general_document,project_update,de,no,,test,easy,False,none,4042,40420195
SYN-GENERAL_DOCUMENT-0196,general_document,internal_memo,de,no,,train,easy,False,none,4042,40420196
SYN-GENERAL_DOCUMENT-0197,general_document,project_update,de,yes,PERSON;IP_ADDRESS,train,easy,False,none,4042,40420197
SYN-GENERAL_DOCUMENT-0198,general_document,policy_note,de,no,,train,easy,False,none,4042,40420198
SYN-GENERAL_DOCUMENT-0199,general_document,policy_note,de,no,,train,easy,False,none,4042,40420199
SYN-GENERAL_DOCUMENT-0200,general_document,policy_note,de,yes,PHONE_NUMBER,train,easy,False,none,4042,40420200
SYN-GENERAL_DOCUMENT-0201,general_document,internal_memo,de,no,,validation,easy,False,none,4042,40420201
SYN-GENERAL_DOCUMENT-0202,general_document,project_update,en,yes,URL,train,easy,False,none,4042,40420202
SYN-GENERAL_DOCUMENT-0203,general_document,project_update,en,no,,validation,easy,False,none,4042,40420203
SYN-GENERAL_DOCUMENT-0204,general_document,policy_note,en,no,,train,easy,False,none,4042,40420204
SYN-GENERAL_DOCUMENT-0205,general_document,internal_memo,en,no,,train,easy,False,none,4042,40420205
SYN-GENERAL_DOCUMENT-0206,general_document,policy_note,en,no,,validation,easy,False,none,4042,40420206
SYN-GENERAL_DOCUMENT-0207,general_document,internal_memo,en,no,,validation,easy,False,none,4042,40420207
SYN-GENERAL_DOCUMENT-0208,general_document,internal_memo,de,no,,train,easy,False,none,4042,40420208
SYN-GENERAL_DOCUMENT-0209,general_document,policy_note,en,no,,test,easy,False,none,4042,40420209
SYN-GENERAL_DOCUMENT-0210,general_document,internal_memo,en,no,,train,easy,False,none,4042,40420210
SYN-GENERAL_DOCUMENT-0211,general_document,project_update,en,yes,URL,train,easy,False,none,4042,40420211
SYN-GENERAL_DOCUMENT-0212,general_document,project_update,de,yes,URL,train,easy,False,none,4042,40420212
SYN-GENERAL_DOCUMENT-0213,general_document,policy_note,en,no,,train,easy,False,none,4042,40420213
SYN-GENERAL_DOCUMENT-0214,general_document,internal_memo,de,yes,PERSON;IP_ADDRESS,train,easy,False,none,4042,40420214
SYN-GENERAL_DOCUMENT-0215,general_document,policy_note,de,no,,train,easy,False,none,4042,40420215
SYN-GENERAL_DOCUMENT-0216,general_document,internal_memo,de,no,,train,easy,False,none,4042,40420216
SYN-GENERAL_DOCUMENT-0217,general_document,policy_note,en,no,,test,easy,False,none,4042,40420217
SYN-GENERAL_DOCUMENT-0218,general_document,internal_memo,en,yes,PERSON,test,easy,False,none,4042,40420218
SYN-GENERAL_DOCUMENT-0219,general_document,internal_memo,en,no,,train,easy,False,none,4042,40420219
SYN-GENERAL_DOCUMENT-0220,general_document,policy_note,de,no,,train,easy,False,none,4042,40420220
SYN-GENERAL_DOCUMENT-0221,general_document,project_update,de,yes,URL,train,easy,False,none,4042,40420221
SYN-GENERAL_DOCUMENT-0222,general_document,policy_note,de,no,,train,easy,False,none,4042,40420222
SYN-GENERAL_DOCUMENT-0223,general_document,policy_note,en,no,,validation,easy,False,none,4042,40420223
SYN-GENERAL_DOCUMENT-0224,general_document,policy_note,en,no,,train,easy,False,none,4042,40420224
SYN-GENERAL_DOCUMENT-0225,general_document,project_update,de,no,,train,easy,False,none,4042,40420225
SYN-GENERAL_DOCUMENT-0226,general_document,internal_memo,en,no,,train,easy,False,none,4042,40420226
SYN-GENERAL_DOCUMENT-0227,general_document,internal_memo,de,yes,PERSON;IP_ADDRESS,train,easy,False,none,4042,40420227
SYN-GENERAL_DOCUMENT-0228,general_document,project_update,de,no,,validation,easy,False,none,4042,40420228
SYN-GENERAL_DOCUMENT-0229,general_document,policy_note,en,no,,validation,easy,False,none,4042,40420229
SYN-GENERAL_DOCUMENT-0230,general_document,project_update,de,yes,PERSON;IP_ADDRESS,train,easy,False,none,4042,40420230
SYN-GENERAL_DOCUMENT-0231,general_document,internal_memo,en,no,,train,easy,False,none,4042,40420231
SYN-GENERAL_DOCUMENT-0232,general_document,policy_note,de,no,,train,easy,False,none,4042,40420232
SYN-GENERAL_DOCUMENT-0233,general_document,project_update,de,no,,test,easy,False,none,4042,40420233
SYN-GENERAL_DOCUMENT-0234,general_document,project_update,de,no,,validation,easy,False,none,4042,40420234
SYN-GENERAL_DOCUMENT-0235,general_document,internal_memo,de,yes,PERSON;IP_ADDRESS,validation,easy,False,none,4042,40420235
SYN-GENERAL_DOCUMENT-0236,general_document,project_update,en,no,,train,easy,False,none,4042,40420236
SYN-GENERAL_DOCUMENT-0237,general_document,project_update,en,no,,train,easy,False,none,4042,40420237
SYN-GENERAL_DOCUMENT-0238,general_document,policy_note,en,no,,test,easy,False,none,4042,40420238
SYN-GENERAL_DOCUMENT-0239,general_document,internal_memo,de,yes,URL,train,easy,False,none,4042,40420239
SYN-GENERAL_DOCUMENT-0240,general_document,policy_note,de,no,,train,easy,False,none,4042,40420240
SYN-GENERAL_DOCUMENT-0241,general_document,internal_memo,en,yes,LOCATION,train,easy,False,none,4042,40420241
SYN-GENERAL_DOCUMENT-0242,general_document,internal_memo,en,no,,validation,easy,False,none,4042,40420242
SYN-GENERAL_DOCUMENT-0243,general_document,policy_note,de,no,,train,easy,False,none,4042,40420243
SYN-GENERAL_DOCUMENT-0244,general_document,internal_memo,de,no,,train,easy,False,none,4042,40420244
SYN-GENERAL_DOCUMENT-0245,general_document,internal_memo,en,no,,train,easy,False,none,4042,40420245
SYN-GENERAL_DOCUMENT-0246,general_document,project_update,en,yes,LOCATION,validation,easy,False,none,4042,40420246
SYN-GENERAL_DOCUMENT-0247,general_document,project_update,en,no,,train,easy,False,none,4042,40420247
SYN-GENERAL_DOCUMENT-0248,general_document,policy_note,en,no,,validation,easy,False,none,4042,40420248
SYN-GENERAL_DOCUMENT-0249,general_document,project_update,de,no,,train,easy,False,none,4042,40420249
SYN-GENERAL_DOCUMENT-0250,general_document,project_update,en,no,,train,easy,False,none,4042,40420250
SYN-INCIDENT_REPORT-0001,incident_report,filled_a,de,no,,train,easy,False,none,5042,50420001
SYN-INCIDENT_REPORT-0002,incident_report,filled_a,de,yes,PERSON;IP_ADDRESS,validation,easy,False,none,5042,50420002
SYN-INCIDENT_REPORT-0003,incident_report,filled_a,de,no,,train,easy,False,none,5042,50420003
SYN-INCIDENT_REPORT-0004,incident_report,blank,en,no,,train,easy,False,none,5042,50420004
SYN-INCIDENT_REPORT-0005,incident_report,filled_a,en,no,,train,easy,False,none,5042,50420005
SYN-INCIDENT_REPORT-0006,incident_report,filled_a,en,no,,train,easy,False,none,5042,50420006
SYN-INCIDENT_REPORT-0007,incident_report,filled_a,en,no,,train,easy,False,none,5042,50420007
SYN-INCIDENT_REPORT-0008,incident_report,filled_a,de,no,,validation,easy,False,none,5042,50420008
SYN-INCIDENT_REPORT-0009,incident_report,filled_a,de,no,,train,easy,False,none,5042,50420009
SYN-INCIDENT_REPORT-0010,incident_report,filled_a,de,no,,train,easy,False,none,5042,50420010
SYN-INCIDENT_REPORT-0011,incident_report,filled_a,de,no,,train,easy,False,none,5042,50420011
SYN-INCIDENT_REPORT-0012,incident_report,filled_a,de,no,,train,easy,False,none,5042,50420012
SYN-INCIDENT_REPORT-0013,incident_report,filled_a,en,no,,train,easy,False,none,5042,50420013
SYN-INCIDENT_REPORT-0014,incident_report,filled_a,de,no,,train,easy,False,none,5042,50420014
SYN-INCIDENT_REPORT-0015,incident_report,blank,de,no,,train,easy,False,none,5042,50420015
SYN-INCIDENT_REPORT-0016,incident_report,filled_b,de,no,,train,easy,False,none,5042,50420016
SYN-INCIDENT_REPORT-0017,incident_report,filled_b,de,no,,train,easy,False,none,5042,50420017
SYN-INCIDENT_REPORT-0018,incident_report,filled_a,de,no,,train,easy,False,none,5042,50420018
SYN-INCIDENT_REPORT-0019,incident_report,filled_a,en,no,,train,easy,False,none,5042,50420019
SYN-INCIDENT_REPORT-0020,incident_report,filled_a,en,no,,train,easy,False,none,5042,50420020
SYN-INCIDENT_REPORT-0021,incident_report,filled_b,en,no,,validation,easy,False,none,5042,50420021
SYN-INCIDENT_REPORT-0022,incident_report,filled_a,de,no,,test,easy,False,none,5042,50420022
SYN-INCIDENT_REPORT-0023,incident_report,filled_a,en,no,,train,easy,False,none,5042,50420023
SYN-INCIDENT_REPORT-0024,incident_report,filled_b,de,no,,train,easy,False,none,5042,50420024
SYN-INCIDENT_REPORT-0025,incident_report,filled_b,en,no,,train,easy,False,none,5042,50420025
SYN-INCIDENT_REPORT-0026,incident_report,filled_a,en,no,,train,easy,False,none,5042,50420026
SYN-INCIDENT_REPORT-0027,incident_report,filled_b,en,no,,validation,easy,False,none,5042,50420027
SYN-INCIDENT_REPORT-0028,incident_report,filled_a,de,no,,test,easy,False,none,5042,50420028
SYN-INCIDENT_REPORT-0029,incident_report,filled_b,en,no,,train,easy,False,none,5042,50420029
SYN-INCIDENT_REPORT-0030,incident_report,filled_b,de,no,,train,easy,False,none,5042,50420030
SYN-INCIDENT_REPORT-0031,incident_report,filled_a,de,no,,train,easy,False,none,5042,50420031
SYN-INCIDENT_REPORT-0032,incident_report,filled_b,en,no,,validation,easy,False,none,5042,50420032
SYN-INCIDENT_REPORT-0033,incident_report,filled_b,en,yes,PERSON;IP_ADDRESS,test,easy,False,none,5042,50420033
SYN-INCIDENT_REPORT-0034,incident_report,filled_b,en,no,,test,easy,False,none,5042,50420034
SYN-INCIDENT_REPORT-0035,incident_report,filled_b,en,yes,PERSON;IP_ADDRESS,test,easy,False,none,5042,50420035
SYN-INCIDENT_REPORT-0036,incident_report,filled_a,en,no,,train,easy,False,none,5042,50420036
SYN-INCIDENT_REPORT-0037,incident_report,filled_b,en,no,,train,easy,False,none,5042,50420037
SYN-INCIDENT_REPORT-0038,incident_report,blank,de,no,,validation,easy,False,none,5042,50420038
SYN-INCIDENT_REPORT-0039,incident_report,filled_b,en,yes,PERSON;LOCATION,train,easy,False,none,5042,50420039
SYN-INCIDENT_REPORT-0040,incident_report,filled_a,en,no,,train,easy,False,none,5042,50420040
SYN-INCIDENT_REPORT-0041,incident_report,filled_b,en,no,,test,easy,False,none,5042,50420041
SYN-INCIDENT_REPORT-0042,incident_report,filled_b,de,no,,train,easy,False,none,5042,50420042
SYN-INCIDENT_REPORT-0043,incident_report,filled_b,en,no,,train,easy,False,none,5042,50420043
SYN-INCIDENT_REPORT-0044,incident_report,filled_b,en,no,,validation,easy,False,none,5042,50420044
SYN-INCIDENT_REPORT-0045,incident_report,filled_a,de,no,,validation,easy,False,none,5042,50420045
SYN-INCIDENT_REPORT-0046,incident_report,filled_b,de,no,,train,easy,False,none,5042,50420046
SYN-INCIDENT_REPORT-0047,incident_report,filled_b,de,no,,test,easy,False,none,5042,50420047
SYN-INCIDENT_REPORT-0048,incident_report,filled_b,de,no,,train,easy,False,none,5042,50420048
SYN-INCIDENT_REPORT-0049,incident_report,filled_b,de,no,,train,easy,False,none,5042,50420049
SYN-INCIDENT_REPORT-0050,incident_report,filled_a,de,yes,PERSON;LOCATION,train,easy,False,none,5042,50420050
SYN-INCIDENT_REPORT-0051,incident_report,filled_b,en,no,,train,easy,False,none,5042,50420051
SYN-INCIDENT_REPORT-0052,incident_report,filled_a,de,no,,train,easy,False,none,5042,50420052
SYN-INCIDENT_REPORT-0053,incident_report,filled_a,de,no,,train,easy,False,none,5042,50420053
SYN-INCIDENT_REPORT-0054,incident_report,filled_b,de,yes,LOCATION;DATE_TIME,validation,easy,False,none,5042,50420054
SYN-INCIDENT_REPORT-0055,incident_report,filled_a,en,no,,train,easy,False,none,5042,50420055
SYN-INCIDENT_REPORT-0056,incident_report,filled_a,de,no,,train,easy,False,none,5042,50420056
SYN-INCIDENT_REPORT-0057,incident_report,filled_b,en,no,,train,easy,False,none,5042,50420057
SYN-INCIDENT_REPORT-0058,incident_report,filled_a,en,no,,validation,easy,False,none,5042,50420058
SYN-INCIDENT_REPORT-0059,incident_report,filled_b,en,no,,validation,easy,False,none,5042,50420059
SYN-INCIDENT_REPORT-0060,incident_report,filled_b,de,no,,train,easy,False,none,5042,50420060
SYN-INCIDENT_REPORT-0061,incident_report,blank,de,no,,train,easy,False,none,5042,50420061
SYN-INCIDENT_REPORT-0062,incident_report,filled_b,en,no,,train,easy,False,none,5042,50420062
SYN-INCIDENT_REPORT-0063,incident_report,filled_a,de,no,,validation,easy,False,none,5042,50420063
SYN-INCIDENT_REPORT-0064,incident_report,blank,en,no,,train,easy,False,none,5042,50420064
SYN-INCIDENT_REPORT-0065,incident_report,filled_a,de,no,,validation,easy,False,none,5042,50420065
SYN-INCIDENT_REPORT-0066,incident_report,filled_a,de,no,,train,easy,False,none,5042,50420066
SYN-INCIDENT_REPORT-0067,incident_report,filled_b,de,no,,train,easy,False,none,5042,50420067
SYN-INCIDENT_REPORT-0068,incident_report,filled_b,de,no,,validation,easy,False,none,5042,50420068
SYN-INCIDENT_REPORT-0069,incident_report,filled_a,en,no,,train,easy,False,none,5042,50420069
SYN-INCIDENT_REPORT-0070,incident_report,filled_b,en,no,,train,easy,False,none,5042,50420070
SYN-INCIDENT_REPORT-0071,incident_report,filled_b,en,no,,train,easy,False,none,5042,50420071
SYN-INCIDENT_REPORT-0072,incident_report,filled_a,en,no,,train,easy,False,none,5042,50420072
SYN-INCIDENT_REPORT-0073,incident_report,blank,en,no,,train,easy,False,none,5042,50420073
SYN-INCIDENT_REPORT-0074,incident_report,filled_a,de,no,,train,easy,False,none,5042,50420074
SYN-INCIDENT_REPORT-0075,incident_report,filled_b,de,no,,train,easy,False,none,5042,50420075
SYN-INCIDENT_REPORT-0076,incident_report,filled_b,de,no,,train,easy,False,none,5042,50420076
SYN-INCIDENT_REPORT-0077,incident_report,filled_a,en,yes,PERSON;LOCATION,train,easy,False,none,5042,50420077
SYN-INCIDENT_REPORT-0078,incident_report,filled_b,en,yes,LOCATION;DATE_TIME,test,easy,False,none,5042,50420078
SYN-INCIDENT_REPORT-0079,incident_report,filled_b,en,no,,validation,easy,False,none,5042,50420079
SYN-INCIDENT_REPORT-0080,incident_report,filled_a,en,no,,test,easy,False,none,5042,50420080
SYN-INCIDENT_REPORT-0081,incident_report,filled_b,en,no,,train,easy,False,none,5042,50420081
SYN-INCIDENT_REPORT-0082,incident_report,filled_b,de,no,,train,easy,False,none,5042,50420082
SYN-INCIDENT_REPORT-0083,incident_report,filled_b,en,no,,train,easy,False,none,5042,50420083
SYN-INCIDENT_REPORT-0084,incident_report,filled_b,de,no,,test,easy,False,none,5042,50420084
SYN-INCIDENT_REPORT-0085,incident_report,filled_a,en,no,,train,easy,False,none,5042,50420085
SYN-INCIDENT_REPORT-0086,incident_report,filled_a,en,no,,train,easy,False,none,5042,50420086
SYN-INCIDENT_REPORT-0087,incident_report,filled_b,en,yes,PERSON;DATE_TIME,train,easy,False,none,5042,50420087
SYN-INCIDENT_REPORT-0088,incident_report,filled_b,en,no,,validation,easy,False,none,5042,50420088
SYN-INCIDENT_REPORT-0089,incident_report,filled_b,en,no,,validation,easy,False,none,5042,50420089
SYN-INCIDENT_REPORT-0090,incident_report,filled_b,de,yes,PERSON;IP_ADDRESS,train,easy,False,none,5042,50420090
SYN-INCIDENT_REPORT-0091,incident_report,filled_a,de,no,,train,easy,False,none,5042,50420091
SYN-INCIDENT_REPORT-0092,incident_report,filled_b,de,no,,train,easy,False,none,5042,50420092
SYN-INCIDENT_REPORT-0093,incident_report,filled_b,de,yes,PERSON,train,easy,False,none,5042,50420093
SYN-INCIDENT_REPORT-0094,incident_report,filled_a,en,no,,test,easy,False,none,5042,50420094
SYN-INCIDENT_REPORT-0095,incident_report,filled_a,en,no,,train,easy,False,none,5042,50420095
SYN-INCIDENT_REPORT-0096,incident_report,filled_b,en,no,,train,easy,False,none,5042,50420096
SYN-INCIDENT_REPORT-0097,incident_report,filled_a,de,yes,LOCATION;DATE_TIME,train,easy,False,none,5042,50420097
SYN-INCIDENT_REPORT-0098,incident_report,filled_a,en,no,,train,easy,False,none,5042,50420098
SYN-INCIDENT_REPORT-0099,incident_report,filled_b,de,yes,PERSON;DATE_TIME,train,easy,False,none,5042,50420099
SYN-INCIDENT_REPORT-0100,incident_report,filled_b,en,yes,PERSON,train,easy,False,none,5042,50420100
SYN-INCIDENT_REPORT-0101,incident_report,filled_b,en,no,,train,easy,False,none,5042,50420101
SYN-INCIDENT_REPORT-0102,incident_report,filled_b,en,no,,train,easy,False,none,5042,50420102
SYN-INCIDENT_REPORT-0103,incident_report,filled_b,de,no,,train,easy,False,none,5042,50420103
SYN-INCIDENT_REPORT-0104,incident_report,filled_b,de,no,,train,easy,False,none,5042,50420104
SYN-INCIDENT_REPORT-0105,incident_report,filled_b,de,yes,PERSON;IP_ADDRESS,test,easy,False,none,5042,50420105
SYN-INCIDENT_REPORT-0106,incident_report,filled_b,en,no,,train,easy,False,none,5042,50420106
SYN-INCIDENT_REPORT-0107,incident_report,filled_a,de,yes,LOCATION;DATE_TIME,train,easy,False,none,5042,50420107
SYN-INCIDENT_REPORT-0108,incident_report,filled_a,de,no,,train,easy,False,none,5042,50420108
SYN-INCIDENT_REPORT-0109,incident_report,filled_b,en,no,,train,easy,False,none,5042,50420109
SYN-INCIDENT_REPORT-0110,incident_report,filled_a,en,yes,LOCATION;DATE_TIME,train,easy,False,none,5042,50420110
SYN-INCIDENT_REPORT-0111,incident_report,filled_a,de,no,,validation,easy,False,none,5042,50420111
SYN-INCIDENT_REPORT-0112,incident_report,filled_b,de,no,,train,easy,False,none,5042,50420112
SYN-INCIDENT_REPORT-0113,incident_report,filled_b,de,no,,train,easy,False,none,5042,50420113
SYN-INCIDENT_REPORT-0114,incident_report,filled_b,en,no,,validation,easy,False,none,5042,50420114
SYN-INCIDENT_REPORT-0115,incident_report,filled_b,de,no,,train,easy,False,none,5042,50420115
SYN-INCIDENT_REPORT-0116,incident_report,filled_a,de,no,,train,easy,False,none,5042,50420116
SYN-INCIDENT_REPORT-0117,incident_report,filled_b,de,no,,test,easy,False,none,5042,50420117
SYN-INCIDENT_REPORT-0118,incident_report,filled_a,en,yes,PERSON;LOCATION,validation,easy,False,none,5042,50420118
SYN-INCIDENT_REPORT-0119,incident_report,filled_b,de,no,,train,easy,False,none,5042,50420119
SYN-INCIDENT_REPORT-0120,incident_report,filled_b,de,no,,train,easy,False,none,5042,50420120
SYN-INCIDENT_REPORT-0121,incident_report,filled_a,de,no,,train,easy,False,none,5042,50420121
SYN-INCIDENT_REPORT-0122,incident_report,filled_b,en,no,,train,easy,False,none,5042,50420122
SYN-INCIDENT_REPORT-0123,incident_report,filled_a,en,no,,test,easy,False,none,5042,50420123
SYN-INCIDENT_REPORT-0124,incident_report,filled_a,de,yes,PERSON;LOCATION,train,easy,False,none,5042,50420124
SYN-INCIDENT_REPORT-0125,incident_report,filled_b,de,no,,train,easy,False,none,5042,50420125
SYN-INCIDENT_REPORT-0126,incident_report,filled_b,en,no,,test,easy,False,none,5042,50420126
SYN-INCIDENT_REPORT-0127,incident_report,filled_a,de,no,,train,easy,False,none,5042,50420127
SYN-INCIDENT_REPORT-0128,incident_report,filled_a,de,no,,validation,easy,False,none,5042,50420128
SYN-INCIDENT_REPORT-0129,incident_report,filled_a,de,no,,test,easy,False,none,5042,50420129
SYN-INCIDENT_REPORT-0130,incident_report,filled_a,de,no,,train,easy,False,none,5042,50420130
SYN-INCIDENT_REPORT-0131,incident_report,filled_a,en,no,,train,easy,False,none,5042,50420131
SYN-INCIDENT_REPORT-0132,incident_report,filled_a,de,yes,PERSON;IP_ADDRESS,test,easy,False,none,5042,50420132
SYN-INCIDENT_REPORT-0133,incident_report,filled_b,en,yes,PERSON;DATE_TIME,train,easy,False,none,5042,50420133
SYN-INCIDENT_REPORT-0134,incident_report,filled_b,de,no,,train,easy,False,none,5042,50420134
SYN-INCIDENT_REPORT-0135,incident_report,filled_a,de,no,,validation,easy,False,none,5042,50420135
SYN-INCIDENT_REPORT-0136,incident_report,filled_a,en,no,,train,easy,False,none,5042,50420136
SYN-INCIDENT_REPORT-0137,incident_report,filled_a,en,no,,train,easy,False,none,5042,50420137
SYN-INCIDENT_REPORT-0138,incident_report,filled_b,en,yes,PERSON;DATE_TIME,validation,easy,False,none,5042,50420138
SYN-INCIDENT_REPORT-0139,incident_report,filled_b,en,no,,train,easy,False,none,5042,50420139
SYN-INCIDENT_REPORT-0140,incident_report,filled_a,en,no,,train,easy,False,none,5042,50420140
SYN-INCIDENT_REPORT-0141,incident_report,filled_a,de,no,,test,easy,False,none,5042,50420141
SYN-INCIDENT_REPORT-0142,incident_report,filled_a,de,no,,test,easy,False,none,5042,50420142
SYN-INCIDENT_REPORT-0143,incident_report,filled_a,en,no,,train,easy,False,none,5042,50420143
SYN-INCIDENT_REPORT-0144,incident_report,filled_a,en,no,,train,easy,False,none,5042,50420144
SYN-INCIDENT_REPORT-0145,incident_report,filled_b,en,no,,train,easy,False,none,5042,50420145
SYN-INCIDENT_REPORT-0146,incident_report,filled_a,en,no,,train,easy,False,none,5042,50420146
SYN-INCIDENT_REPORT-0147,incident_report,filled_b,en,yes,PERSON;DATE_TIME,train,easy,False,none,5042,50420147
SYN-INCIDENT_REPORT-0148,incident_report,filled_b,en,no,,test,easy,False,none,5042,50420148
SYN-INCIDENT_REPORT-0149,incident_report,filled_b,de,no,,train,easy,False,none,5042,50420149
SYN-INCIDENT_REPORT-0150,incident_report,filled_b,de,no,,train,easy,False,none,5042,50420150
SYN-INCIDENT_REPORT-0151,incident_report,filled_a,en,no,,train,easy,False,none,5042,50420151
SYN-INCIDENT_REPORT-0152,incident_report,filled_a,en,no,,validation,easy,False,none,5042,50420152
SYN-INCIDENT_REPORT-0153,incident_report,filled_a,de,no,,train,easy,False,none,5042,50420153
SYN-INCIDENT_REPORT-0154,incident_report,filled_b,en,no,,train,easy,False,none,5042,50420154
SYN-INCIDENT_REPORT-0155,incident_report,filled_b,de,no,,train,easy,False,none,5042,50420155
SYN-INCIDENT_REPORT-0156,incident_report,blank,de,no,,train,easy,False,none,5042,50420156
SYN-INCIDENT_REPORT-0157,incident_report,filled_a,en,no,,train,easy,False,none,5042,50420157
SYN-INCIDENT_REPORT-0158,incident_report,filled_a,de,no,,train,easy,False,none,5042,50420158
SYN-INCIDENT_REPORT-0159,incident_report,filled_b,en,no,,train,easy,False,none,5042,50420159
SYN-INCIDENT_REPORT-0160,incident_report,filled_a,de,no,,train,easy,False,none,5042,50420160
SYN-INCIDENT_REPORT-0161,incident_report,filled_b,en,no,,validation,easy,False,none,5042,50420161
SYN-INCIDENT_REPORT-0162,incident_report,filled_b,de,no,,train,easy,False,none,5042,50420162
SYN-INCIDENT_REPORT-0163,incident_report,filled_a,en,no,,test,easy,False,none,5042,50420163
SYN-INCIDENT_REPORT-0164,incident_report,filled_a,en,no,,test,easy,False,none,5042,50420164
SYN-INCIDENT_REPORT-0165,incident_report,filled_a,de,no,,train,easy,False,none,5042,50420165
SYN-INCIDENT_REPORT-0166,incident_report,filled_a,de,no,,train,easy,False,none,5042,50420166
SYN-INCIDENT_REPORT-0167,incident_report,filled_a,de,yes,PERSON;IP_ADDRESS,train,easy,False,none,5042,50420167
SYN-INCIDENT_REPORT-0168,incident_report,filled_b,en,no,,train,easy,False,none,5042,50420168
SYN-INCIDENT_REPORT-0169,incident_report,filled_b,de,no,,train,easy,False,none,5042,50420169
SYN-INCIDENT_REPORT-0170,incident_report,filled_a,en,no,,train,easy,False,none,5042,50420170
SYN-INCIDENT_REPORT-0171,incident_report,filled_a,en,no,,test,easy,False,none,5042,50420171
SYN-INCIDENT_REPORT-0172,incident_report,filled_b,en,yes,PERSON,train,easy,False,none,5042,50420172
SYN-INCIDENT_REPORT-0173,incident_report,filled_b,en,no,,train,easy,False,none,5042,50420173
SYN-INCIDENT_REPORT-0174,incident_report,filled_a,de,yes,PERSON,train,easy,False,none,5042,50420174
SYN-INCIDENT_REPORT-0175,incident_report,filled_b,de,no,,test,easy,False,none,5042,50420175
SYN-INCIDENT_REPORT-0176,incident_report,filled_a,de,no,,train,easy,False,none,5042,50420176
SYN-INCIDENT_REPORT-0177,incident_report,filled_b,en,no,,validation,easy,False,none,5042,50420177
SYN-INCIDENT_REPORT-0178,incident_report,filled_b,de,no,,validation,easy,False,none,5042,50420178
SYN-INCIDENT_REPORT-0179,incident_report,filled_a,en,no,,train,easy,False,none,5042,50420179
SYN-INCIDENT_REPORT-0180,incident_report,filled_b,en,no,,train,easy,False,none,5042,50420180
SYN-INCIDENT_REPORT-0181,incident_report,filled_a,en,no,,train,easy,False,none,5042,50420181
SYN-INCIDENT_REPORT-0182,incident_report,filled_a,de,no,,train,easy,False,none,5042,50420182
SYN-INCIDENT_REPORT-0183,incident_report,filled_a,de,no,,validation,easy,False,none,5042,50420183
SYN-INCIDENT_REPORT-0184,incident_report,filled_a,en,no,,train,easy,False,none,5042,50420184
SYN-INCIDENT_REPORT-0185,incident_report,filled_a,en,no,,train,easy,False,none,5042,50420185
SYN-INCIDENT_REPORT-0186,incident_report,filled_b,de,no,,train,easy,False,none,5042,50420186
SYN-INCIDENT_REPORT-0187,incident_report,filled_b,de,no,,test,easy,False,none,5042,50420187
SYN-INCIDENT_REPORT-0188,incident_report,filled_b,de,no,,train,easy,False,none,5042,50420188
SYN-INCIDENT_REPORT-0189,incident_report,filled_a,en,no,,train,easy,False,none,5042,50420189
SYN-INCIDENT_REPORT-0190,incident_report,filled_a,de,no,,train,easy,False,none,5042,50420190
SYN-INCIDENT_REPORT-0191,incident_report,filled_b,de,no,,train,easy,False,none,5042,50420191
SYN-INCIDENT_REPORT-0192,incident_report,filled_a,de,no,,train,easy,False,none,5042,50420192
SYN-INCIDENT_REPORT-0193,incident_report,filled_a,en,no,,validation,easy,False,none,5042,50420193
SYN-INCIDENT_REPORT-0194,incident_report,filled_b,en,no,,train,easy,False,none,5042,50420194
SYN-INCIDENT_REPORT-0195,incident_report,filled_a,en,no,,validation,easy,False,none,5042,50420195
SYN-INCIDENT_REPORT-0196,incident_report,filled_b,de,no,,train,easy,False,none,5042,50420196
SYN-INCIDENT_REPORT-0197,incident_report,filled_b,en,no,,train,easy,False,none,5042,50420197
SYN-INCIDENT_REPORT-0198,incident_report,filled_a,de,no,,validation,easy,False,none,5042,50420198
SYN-INCIDENT_REPORT-0199,incident_report,filled_b,en,no,,train,easy,False,none,5042,50420199
SYN-INCIDENT_REPORT-0200,incident_report,filled_a,en,no,,train,easy,False,none,5042,50420200
SYN-INCIDENT_REPORT-0201,incident_report,filled_b,de,no,,validation,easy,False,none,5042,50420201
SYN-INCIDENT_REPORT-0202,incident_report,filled_a,en,no,,validation,easy,False,none,5042,50420202
SYN-INCIDENT_REPORT-0203,incident_report,filled_b,en,no,,test,easy,False,none,5042,50420203
SYN-INCIDENT_REPORT-0204,incident_report,filled_b,en,no,,train,easy,False,none,5042,50420204
SYN-INCIDENT_REPORT-0205,incident_report,filled_a,de,no,,test,easy,False,none,5042,50420205
SYN-INCIDENT_REPORT-0206,incident_report,filled_a,de,no,,train,easy,False,none,5042,50420206
SYN-INCIDENT_REPORT-0207,incident_report,filled_a,en,no,,test,easy,False,none,5042,50420207
SYN-INCIDENT_REPORT-0208,incident_report,filled_a,de,no,,test,easy,False,none,5042,50420208
SYN-INCIDENT_REPORT-0209,incident_report,filled_b,de,no,,train,easy,False,none,5042,50420209
SYN-INCIDENT_REPORT-0210,incident_report,filled_b,en,no,,train,easy,False,none,5042,50420210
SYN-INCIDENT_REPORT-0211,incident_report,filled_b,de,no,,validation,easy,False,none,5042,50420211
SYN-INCIDENT_REPORT-0212,incident_report,filled_a,en,no,,train,easy,False,none,5042,50420212
SYN-INCIDENT_REPORT-0213,incident_report,filled_b,de,yes,PERSON;DATE_TIME,test,easy,False,none,5042,50420213
SYN-INCIDENT_REPORT-0214,incident_report,filled_b,de,yes,PERSON;IP_ADDRESS,train,easy,False,none,5042,50420214
SYN-INCIDENT_REPORT-0215,incident_report,filled_b,en,no,,test,easy,False,none,5042,50420215
SYN-INCIDENT_REPORT-0216,incident_report,blank,en,no,,train,easy,False,none,5042,50420216
SYN-INCIDENT_REPORT-0217,incident_report,filled_a,en,no,,validation,easy,False,none,5042,50420217
SYN-INCIDENT_REPORT-0218,incident_report,filled_a,en,yes,LOCATION;DATE_TIME,train,easy,False,none,5042,50420218
SYN-INCIDENT_REPORT-0219,incident_report,filled_b,en,no,,train,easy,False,none,5042,50420219
SYN-INCIDENT_REPORT-0220,incident_report,filled_b,de,no,,test,easy,False,none,5042,50420220
SYN-INCIDENT_REPORT-0221,incident_report,filled_a,en,yes,PERSON,validation,easy,False,none,5042,50420221
SYN-INCIDENT_REPORT-0222,incident_report,filled_a,de,no,,train,easy,False,none,5042,50420222
SYN-INCIDENT_REPORT-0223,incident_report,filled_b,en,no,,test,easy,False,none,5042,50420223
SYN-INCIDENT_REPORT-0224,incident_report,filled_a,en,no,,train,easy,False,none,5042,50420224
SYN-INCIDENT_REPORT-0225,incident_report,filled_a,de,no,,train,easy,False,none,5042,50420225
SYN-INCIDENT_REPORT-0226,incident_report,filled_b,de,no,,test,easy,False,none,5042,50420226
SYN-INCIDENT_REPORT-0227,incident_report,filled_a,de,no,,train,easy,False,none,5042,50420227
SYN-INCIDENT_REPORT-0228,incident_report,filled_a,de,yes,PERSON;LOCATION,test,easy,False,none,5042,50420228
SYN-INCIDENT_REPORT-0229,incident_report,blank,de,no,,train,easy,False,none,5042,50420229
SYN-INCIDENT_REPORT-0230,incident_report,filled_a,en,yes,PERSON,train,easy,False,none,5042,50420230
SYN-INCIDENT_REPORT-0231,incident_report,filled_b,de,no,,train,easy,False,none,5042,50420231
SYN-INCIDENT_REPORT-0232,incident_report,filled_b,en,no,,train,easy,False,none,5042,50420232
SYN-INCIDENT_REPORT-0233,incident_report,filled_a,en,no,,train,easy,False,none,5042,50420233
SYN-INCIDENT_REPORT-0234,incident_report,filled_b,en,no,,train,easy,False,none,5042,50420234
SYN-INCIDENT_REPORT-0235,incident_report,filled_b,en,no,,test,easy,False,none,5042,50420235
SYN-INCIDENT_REPORT-0236,incident_report,filled_a,en,yes,PERSON;IP_ADDRESS,train,easy,False,none,5042,50420236
SYN-INCIDENT_REPORT-0237,incident_report,filled_b,de,no,,train,easy,False,none,5042,50420237
SYN-INCIDENT_REPORT-0238,incident_report,filled_a,de,no,,train,easy,False,none,5042,50420238
SYN-INCIDENT_REPORT-0239,incident_report,filled_b,de,no,,train,easy,False,none,5042,50420239
SYN-INCIDENT_REPORT-0240,incident_report,blank,de,no,,validation,easy,False,none,5042,50420240
SYN-INCIDENT_REPORT-0241,incident_report,filled_b,en,no,,train,easy,False,none,5042,50420241
SYN-INCIDENT_REPORT-0242,incident_report,filled_a,en,no,,train,easy,False,none,5042,50420242
SYN-INCIDENT_REPORT-0243,incident_report,filled_b,en,no,,train,easy,False,none,5042,50420243
SYN-INCIDENT_REPORT-0244,incident_report,filled_a,en,yes,PERSON;IP_ADDRESS,test,easy,False,none,5042,50420244
SYN-INCIDENT_REPORT-0245,incident_report,filled_a,en,no,,train,easy,False,none,5042,50420245
SYN-INCIDENT_REPORT-0246,incident_report,filled_b,de,no,,train,easy,False,none,5042,50420246
SYN-INCIDENT_REPORT-0247,incident_report,filled_a,de,no,,validation,easy,False,none,5042,50420247
SYN-INCIDENT_REPORT-0248,incident_report,filled_a,en,no,,train,easy,False,none,5042,50420248
SYN-INCIDENT_REPORT-0249,incident_report,filled_b,de,no,,train,easy,False,none,5042,50420249
SYN-INCIDENT_REPORT-0250,incident_report,filled_b,de,no,,train,easy,False,none,5042,50420250
SYN-INTERNAL_EMAIL-0001,internal_email,short_email,de,no,,test,easy,False,none,6042,60420001
SYN-INTERNAL_EMAIL-0002,internal_email,internal_announcement,en,no,,train,easy,False,none,6042,60420002
SYN-INTERNAL_EMAIL-0003,internal_email,thread_reply,en,no,,train,easy,False,none,6042,60420003
SYN-INTERNAL_EMAIL-0004,internal_email,thread_reply,en,yes,PERSON;EMAIL_ADDRESS,train,easy,False,none,6042,60420004
SYN-INTERNAL_EMAIL-0005,internal_email,thread_reply,de,no,,train,easy,False,none,6042,60420005
SYN-INTERNAL_EMAIL-0006,internal_email,short_email,en,no,,train,easy,False,none,6042,60420006
SYN-INTERNAL_EMAIL-0007,internal_email,internal_announcement,de,no,,train,easy,False,none,6042,60420007
SYN-INTERNAL_EMAIL-0008,internal_email,short_email,en,yes,PHONE_NUMBER,train,easy,False,none,6042,60420008
SYN-INTERNAL_EMAIL-0009,internal_email,internal_announcement,de,no,,train,easy,False,none,6042,60420009
SYN-INTERNAL_EMAIL-0010,internal_email,internal_announcement,de,no,,train,easy,False,none,6042,60420010
SYN-INTERNAL_EMAIL-0011,internal_email,internal_announcement,en,no,,train,easy,False,none,6042,60420011
SYN-INTERNAL_EMAIL-0012,internal_email,short_email,en,no,,test,easy,False,none,6042,60420012
SYN-INTERNAL_EMAIL-0013,internal_email,short_email,en,no,,train,easy,False,none,6042,60420013
SYN-INTERNAL_EMAIL-0014,internal_email,thread_reply,de,yes,PHONE_NUMBER,train,easy,False,none,6042,60420014
SYN-INTERNAL_EMAIL-0015,internal_email,thread_reply,de,yes,PERSON;IP_ADDRESS,train,easy,False,none,6042,60420015
SYN-INTERNAL_EMAIL-0016,internal_email,short_email,en,no,,train,easy,False,none,6042,60420016
SYN-INTERNAL_EMAIL-0017,internal_email,thread_reply,de,no,,train,easy,False,none,6042,60420017
SYN-INTERNAL_EMAIL-0018,internal_email,short_email,en,no,,train,easy,False,none,6042,60420018
SYN-INTERNAL_EMAIL-0019,internal_email,short_email,en,no,,test,easy,False,none,6042,60420019
SYN-INTERNAL_EMAIL-0020,internal_email,short_email,en,yes,PHONE_NUMBER,train,easy,False,none,6042,60420020
SYN-INTERNAL_EMAIL-0021,internal_email,short_email,de,no,,test,easy,False,none,6042,60420021
SYN-INTERNAL_EMAIL-0022,internal_email,short_email,en,no,,train,easy,False,none,6042,60420022
SYN-INTERNAL_EMAIL-0023,internal_email,thread_reply,de,no,,train,easy,False,none,6042,60420023
SYN-INTERNAL_EMAIL-0024,internal_email,internal_announcement,de,no,,train,easy,False,none,6042,60420024
SYN-INTERNAL_EMAIL-0025,internal_email,short_email,de,no,,train,easy,False,none,6042,60420025
SYN-INTERNAL_EMAIL-0026,internal_email,short_email,en,no,,validation,easy,False,none,6042,60420026
SYN-INTERNAL_EMAIL-0027,internal_email,short_email,de,no,,train,easy,False,none,6042,60420027
SYN-INTERNAL_EMAIL-0028,internal_email,short_email,en,no,,validation,easy,False,none,6042,60420028
SYN-INTERNAL_EMAIL-0029,internal_email,internal_announcement,en,no,,test,easy,False,none,6042,60420029
SYN-INTERNAL_EMAIL-0030,internal_email,thread_reply,de,no,,train,easy,False,none,6042,60420030
SYN-INTERNAL_EMAIL-0031,internal_email,short_email,en,no,,train,easy,False,none,6042,60420031
SYN-INTERNAL_EMAIL-0032,internal_email,thread_reply,en,no,,test,easy,False,none,6042,60420032
SYN-INTERNAL_EMAIL-0033,internal_email,internal_announcement,de,yes,PERSON,validation,easy,False,none,6042,60420033
SYN-INTERNAL_EMAIL-0034,internal_email,short_email,en,yes,PHONE_NUMBER,train,easy,False,none,6042,60420034
SYN-INTERNAL_EMAIL-0035,internal_email,short_email,de,yes,PERSON;CREDIT_CARD,test,easy,False,none,6042,60420035
SYN-INTERNAL_EMAIL-0036,internal_email,thread_reply,en,no,,train,easy,False,none,6042,60420036
SYN-INTERNAL_EMAIL-0037,internal_email,short_email,de,no,,train,easy,False,none,6042,60420037
SYN-INTERNAL_EMAIL-0038,internal_email,thread_reply,en,no,,train,easy,False,none,6042,60420038
SYN-INTERNAL_EMAIL-0039,internal_email,internal_announcement,de,no,,train,easy,False,none,6042,60420039
SYN-INTERNAL_EMAIL-0040,internal_email,thread_reply,en,no,,train,easy,False,none,6042,60420040
SYN-INTERNAL_EMAIL-0041,internal_email,short_email,de,no,,train,easy,False,none,6042,60420041
SYN-INTERNAL_EMAIL-0042,internal_email,short_email,de,no,,train,easy,False,none,6042,60420042
SYN-INTERNAL_EMAIL-0043,internal_email,thread_reply,de,no,,train,easy,False,none,6042,60420043
SYN-INTERNAL_EMAIL-0044,internal_email,thread_reply,de,no,,train,easy,False,none,6042,60420044
SYN-INTERNAL_EMAIL-0045,internal_email,internal_announcement,de,yes,EMAIL_ADDRESS,train,easy,False,none,6042,60420045
SYN-INTERNAL_EMAIL-0046,internal_email,short_email,de,yes,PHONE_NUMBER,validation,easy,False,none,6042,60420046
SYN-INTERNAL_EMAIL-0047,internal_email,thread_reply,de,yes,PHONE_NUMBER,train,easy,False,none,6042,60420047
SYN-INTERNAL_EMAIL-0048,internal_email,internal_announcement,de,no,,train,easy,False,none,6042,60420048
SYN-INTERNAL_EMAIL-0049,internal_email,internal_announcement,en,no,,train,easy,False,none,6042,60420049
SYN-INTERNAL_EMAIL-0050,internal_email,thread_reply,en,no,,train,easy,False,none,6042,60420050
SYN-INTERNAL_EMAIL-0051,internal_email,internal_announcement,en,no,,validation,easy,False,none,6042,60420051
SYN-INTERNAL_EMAIL-0052,internal_email,internal_announcement,de,yes,PHONE_NUMBER,train,easy,False,none,6042,60420052
SYN-INTERNAL_EMAIL-0053,internal_email,thread_reply,de,no,,train,easy,False,none,6042,60420053
SYN-INTERNAL_EMAIL-0054,internal_email,thread_reply,en,yes,PHONE_NUMBER,train,easy,False,none,6042,60420054
SYN-INTERNAL_EMAIL-0055,internal_email,internal_announcement,en,no,,train,easy,False,none,6042,60420055
SYN-INTERNAL_EMAIL-0056,internal_email,short_email,de,no,,test,easy,False,none,6042,60420056
SYN-INTERNAL_EMAIL-0057,internal_email,short_email,de,yes,PHONE_NUMBER,train,easy,False,none,6042,60420057
SYN-INTERNAL_EMAIL-0058,internal_email,thread_reply,de,no,,train,easy,False,none,6042,60420058
SYN-INTERNAL_EMAIL-0059,internal_email,thread_reply,de,no,,validation,easy,False,none,6042,60420059
SYN-INTERNAL_EMAIL-0060,internal_email,short_email,en,no,,validation,easy,False,none,6042,60420060
SYN-INTERNAL_EMAIL-0061,internal_email,thread_reply,de,no,,validation,easy,False,none,6042,60420061
SYN-INTERNAL_EMAIL-0062,internal_email,thread_reply,en,no,,train,easy,False,none,6042,60420062
SYN-INTERNAL_EMAIL-0063,internal_email,short_email,de,no,,test,easy,False,none,6042,60420063
SYN-INTERNAL_EMAIL-0064,internal_email,internal_announcement,en,yes,EMAIL_ADDRESS,train,easy,False,none,6042,60420064
SYN-INTERNAL_EMAIL-0065,internal_email,thread_reply,de,yes,PHONE_NUMBER,train,easy,False,none,6042,60420065
SYN-INTERNAL_EMAIL-0066,internal_email,internal_announcement,de,no,,test,easy,False,none,6042,60420066
SYN-INTERNAL_EMAIL-0067,internal_email,internal_announcement,en,no,,train,easy,False,none,6042,60420067
SYN-INTERNAL_EMAIL-0068,internal_email,short_email,de,no,,train,easy,False,none,6042,60420068
SYN-INTERNAL_EMAIL-0069,internal_email,internal_announcement,en,yes,PERSON;CREDIT_CARD,train,easy,False,none,6042,60420069
SYN-INTERNAL_EMAIL-0070,internal_email,thread_reply,de,yes,PERSON,train,easy,False,none,6042,60420070
SYN-INTERNAL_EMAIL-0071,internal_email,internal_announcement,en,no,,train,easy,False,none,6042,60420071
SYN-INTERNAL_EMAIL-0072,internal_email,thread_reply,en,no,,train,easy,False,none,6042,60420072
SYN-INTERNAL_EMAIL-0073,internal_email,internal_announcement,de,yes,PHONE_NUMBER,train,easy,False,none,6042,60420073
SYN-INTERNAL_EMAIL-0074,internal_email,short_email,en,no,,train,easy,False,none,6042,60420074
SYN-INTERNAL_EMAIL-0075,internal_email,internal_announcement,de,no,,test,easy,False,none,6042,60420075
SYN-INTERNAL_EMAIL-0076,internal_email,internal_announcement,de,yes,PERSON;CREDIT_CARD,train,easy,False,none,6042,60420076
SYN-INTERNAL_EMAIL-0077,internal_email,short_email,en,no,,validation,easy,False,none,6042,60420077
SYN-INTERNAL_EMAIL-0078,internal_email,thread_reply,en,no,,test,easy,False,none,6042,60420078
SYN-INTERNAL_EMAIL-0079,internal_email,short_email,en,no,,train,easy,False,none,6042,60420079
SYN-INTERNAL_EMAIL-0080,internal_email,thread_reply,en,yes,PHONE_NUMBER,train,easy,False,none,6042,60420080
SYN-INTERNAL_EMAIL-0081,internal_email,thread_reply,en,no,,train,easy,False,none,6042,60420081
SYN-INTERNAL_EMAIL-0082,internal_email,internal_announcement,de,no,,train,easy,False,none,6042,60420082
SYN-INTERNAL_EMAIL-0083,internal_email,internal_announcement,de,no,,train,easy,False,none,6042,60420083
SYN-INTERNAL_EMAIL-0084,internal_email,short_email,de,no,,train,easy,False,none,6042,60420084
SYN-INTERNAL_EMAIL-0085,internal_email,internal_announcement,de,yes,PHONE_NUMBER,train,easy,False,none,6042,60420085
SYN-INTERNAL_EMAIL-0086,internal_email,thread_reply,de,no,,train,easy,False,none,6042,60420086
SYN-INTERNAL_EMAIL-0087,internal_email,thread_reply,en,yes,PHONE_NUMBER,train,easy,False,none,6042,60420087
SYN-INTERNAL_EMAIL-0088,internal_email,short_email,en,no,,train,easy,False,none,6042,60420088
SYN-INTERNAL_EMAIL-0089,internal_email,thread_reply,de,no,,test,easy,False,none,6042,60420089
SYN-INTERNAL_EMAIL-0090,internal_email,short_email,en,no,,train,easy,False,none,6042,60420090
SYN-INTERNAL_EMAIL-0091,internal_email,internal_announcement,de,no,,validation,easy,False,none,6042,60420091
SYN-INTERNAL_EMAIL-0092,internal_email,internal_announcement,de,yes,PHONE_NUMBER,train,easy,False,none,6042,60420092
SYN-INTERNAL_EMAIL-0093,internal_email,thread_reply,de,no,,train,easy,False,none,6042,60420093
SYN-INTERNAL_EMAIL-0094,internal_email,internal_announcement,de,no,,validation,easy,False,none,6042,60420094
SYN-INTERNAL_EMAIL-0095,internal_email,thread_reply,de,no,,train,easy,False,none,6042,60420095
SYN-INTERNAL_EMAIL-0096,internal_email,internal_announcement,de,yes,PERSON;EMAIL_ADDRESS,train,easy,False,none,6042,60420096
SYN-INTERNAL_EMAIL-0097,internal_email,internal_announcement,en,no,,train,easy,False,none,6042,60420097
SYN-INTERNAL_EMAIL-0098,internal_email,thread_reply,de,yes,URL,train,easy,False,none,6042,60420098
SYN-INTERNAL_EMAIL-0099,internal_email,thread_reply,de,no,,train,easy,False,none,6042,60420099
SYN-INTERNAL_EMAIL-0100,internal_email,short_email,en,no,,train,easy,False,none,6042,60420100
SYN-INTERNAL_EMAIL-0101,internal_email,thread_reply,en,no,,train,easy,False,none,6042,60420101
SYN-INTERNAL_EMAIL-0102,internal_email,short_email,en,yes,PERSON;CREDIT_CARD,train,easy,False,none,6042,60420102
SYN-INTERNAL_EMAIL-0103,internal_email,thread_reply,en,yes,PERSON;EMAIL_ADDRESS,validation,easy,False,none,6042,60420103
SYN-INTERNAL_EMAIL-0104,internal_email,internal_announcement,de,no,,train,easy,False,none,6042,60420104
SYN-INTERNAL_EMAIL-0105,internal_email,thread_reply,de,no,,train,easy,False,none,6042,60420105
SYN-INTERNAL_EMAIL-0106,internal_email,short_email,en,no,,train,easy,False,none,6042,60420106
SYN-INTERNAL_EMAIL-0107,internal_email,thread_reply,de,no,,train,easy,False,none,6042,60420107
SYN-INTERNAL_EMAIL-0108,internal_email,internal_announcement,de,yes,PERSON,test,easy,False,none,6042,60420108
SYN-INTERNAL_EMAIL-0109,internal_email,short_email,en,no,,train,easy,False,none,6042,60420109
SYN-INTERNAL_EMAIL-0110,internal_email,thread_reply,de,no,,train,easy,False,none,6042,60420110
SYN-INTERNAL_EMAIL-0111,internal_email,short_email,de,no,,train,easy,False,none,6042,60420111
SYN-INTERNAL_EMAIL-0112,internal_email,internal_announcement,en,no,,train,easy,False,none,6042,60420112
SYN-INTERNAL_EMAIL-0113,internal_email,internal_announcement,en,no,,train,easy,False,none,6042,60420113
SYN-INTERNAL_EMAIL-0114,internal_email,short_email,de,no,,train,easy,False,none,6042,60420114
SYN-INTERNAL_EMAIL-0115,internal_email,internal_announcement,en,no,,train,easy,False,none,6042,60420115
SYN-INTERNAL_EMAIL-0116,internal_email,short_email,de,no,,train,easy,False,none,6042,60420116
SYN-INTERNAL_EMAIL-0117,internal_email,short_email,en,yes,URL,train,easy,False,none,6042,60420117
SYN-INTERNAL_EMAIL-0118,internal_email,short_email,de,no,,train,easy,False,none,6042,60420118
SYN-INTERNAL_EMAIL-0119,internal_email,short_email,de,no,,train,easy,False,none,6042,60420119
SYN-INTERNAL_EMAIL-0120,internal_email,thread_reply,de,no,,train,easy,False,none,6042,60420120
SYN-INTERNAL_EMAIL-0121,internal_email,thread_reply,de,no,,train,easy,False,none,6042,60420121
SYN-INTERNAL_EMAIL-0122,internal_email,thread_reply,en,no,,train,easy,False,none,6042,60420122
SYN-INTERNAL_EMAIL-0123,internal_email,short_email,en,no,,train,easy,False,none,6042,60420123
SYN-INTERNAL_EMAIL-0124,internal_email,thread_reply,de,no,,test,easy,False,none,6042,60420124
SYN-INTERNAL_EMAIL-0125,internal_email,internal_announcement,de,no,,train,easy,False,none,6042,60420125
SYN-INTERNAL_EMAIL-0126,internal_email,thread_reply,en,yes,PHONE_NUMBER,train,easy,False,none,6042,60420126
SYN-INTERNAL_EMAIL-0127,internal_email,internal_announcement,en,no,,test,easy,False,none,6042,60420127
SYN-INTERNAL_EMAIL-0128,internal_email,internal_announcement,de,no,,train,easy,False,none,6042,60420128
SYN-INTERNAL_EMAIL-0129,internal_email,internal_announcement,en,no,,train,easy,False,none,6042,60420129
SYN-INTERNAL_EMAIL-0130,internal_email,short_email,en,no,,train,easy,False,none,6042,60420130
SYN-INTERNAL_EMAIL-0131,internal_email,internal_announcement,de,no,,train,easy,False,none,6042,60420131
SYN-INTERNAL_EMAIL-0132,internal_email,thread_reply,en,no,,train,easy,False,none,6042,60420132
SYN-INTERNAL_EMAIL-0133,internal_email,short_email,de,yes,URL,validation,easy,False,none,6042,60420133
SYN-INTERNAL_EMAIL-0134,internal_email,short_email,en,yes,PERSON,train,easy,False,none,6042,60420134
SYN-INTERNAL_EMAIL-0135,internal_email,internal_announcement,en,no,,validation,easy,False,none,6042,60420135
SYN-INTERNAL_EMAIL-0136,internal_email,internal_announcement,de,no,,test,easy,False,none,6042,60420136
SYN-INTERNAL_EMAIL-0137,internal_email,short_email,de,no,,validation,easy,False,none,6042,60420137
SYN-INTERNAL_EMAIL-0138,internal_email,thread_reply,en,no,,train,easy,False,none,6042,60420138
SYN-INTERNAL_EMAIL-0139,internal_email,internal_announcement,de,yes,PERSON;CREDIT_CARD,test,easy,False,none,6042,60420139
SYN-INTERNAL_EMAIL-0140,internal_email,thread_reply,de,no,,validation,easy,False,none,6042,60420140
SYN-INTERNAL_EMAIL-0141,internal_email,internal_announcement,en,no,,validation,easy,False,none,6042,60420141
SYN-INTERNAL_EMAIL-0142,internal_email,thread_reply,de,no,,train,easy,False,none,6042,60420142
SYN-INTERNAL_EMAIL-0143,internal_email,short_email,de,yes,PHONE_NUMBER,validation,easy,False,none,6042,60420143
SYN-INTERNAL_EMAIL-0144,internal_email,internal_announcement,en,no,,validation,easy,False,none,6042,60420144
SYN-INTERNAL_EMAIL-0145,internal_email,internal_announcement,en,no,,train,easy,False,none,6042,60420145
SYN-INTERNAL_EMAIL-0146,internal_email,internal_announcement,de,no,,train,easy,False,none,6042,60420146
SYN-INTERNAL_EMAIL-0147,internal_email,internal_announcement,en,no,,validation,easy,False,none,6042,60420147
SYN-INTERNAL_EMAIL-0148,internal_email,internal_announcement,en,no,,train,easy,False,none,6042,60420148
SYN-INTERNAL_EMAIL-0149,internal_email,thread_reply,en,no,,validation,easy,False,none,6042,60420149
SYN-INTERNAL_EMAIL-0150,internal_email,internal_announcement,de,no,,validation,easy,False,none,6042,60420150
SYN-INTERNAL_EMAIL-0151,internal_email,short_email,de,no,,train,easy,False,none,6042,60420151
SYN-INTERNAL_EMAIL-0152,internal_email,short_email,en,no,,validation,easy,False,none,6042,60420152
SYN-INTERNAL_EMAIL-0153,internal_email,thread_reply,en,no,,validation,easy,False,none,6042,60420153
SYN-INTERNAL_EMAIL-0154,internal_email,short_email,en,no,,train,easy,False,none,6042,60420154
SYN-INTERNAL_EMAIL-0155,internal_email,thread_reply,de,no,,test,easy,False,none,6042,60420155
SYN-INTERNAL_EMAIL-0156,internal_email,short_email,en,yes,PERSON;IP_ADDRESS,test,easy,False,none,6042,60420156
SYN-INTERNAL_EMAIL-0157,internal_email,internal_announcement,en,yes,PHONE_NUMBER,train,easy,False,none,6042,60420157
SYN-INTERNAL_EMAIL-0158,internal_email,internal_announcement,en,yes,PHONE_NUMBER,train,easy,False,none,6042,60420158
SYN-INTERNAL_EMAIL-0159,internal_email,internal_announcement,de,no,,train,easy,False,none,6042,60420159
SYN-INTERNAL_EMAIL-0160,internal_email,thread_reply,de,no,,validation,easy,False,none,6042,60420160
SYN-INTERNAL_EMAIL-0161,internal_email,short_email,en,no,,train,easy,False,none,6042,60420161
SYN-INTERNAL_EMAIL-0162,internal_email,thread_reply,en,no,,test,easy,False,none,6042,60420162
SYN-INTERNAL_EMAIL-0163,internal_email,thread_reply,en,yes,PHONE_NUMBER,train,easy,False,none,6042,60420163
SYN-INTERNAL_EMAIL-0164,internal_email,short_email,en,no,,train,easy,False,none,6042,60420164
SYN-INTERNAL_EMAIL-0165,internal_email,thread_reply,en,yes,PERSON;IP_ADDRESS,train,easy,False,none,6042,60420165
SYN-INTERNAL_EMAIL-0166,internal_email,thread_reply,de,no,,train,easy,False,none,6042,60420166
SYN-INTERNAL_EMAIL-0167,internal_email,thread_reply,en,yes,EMAIL_ADDRESS,train,easy,False,none,6042,60420167
SYN-INTERNAL_EMAIL-0168,internal_email,short_email,en,yes,PHONE_NUMBER,validation,easy,False,none,6042,60420168
SYN-INTERNAL_EMAIL-0169,internal_email,internal_announcement,en,no,,train,easy,False,none,6042,60420169
SYN-INTERNAL_EMAIL-0170,internal_email,thread_reply,en,no,,train,easy,False,none,6042,60420170
SYN-INTERNAL_EMAIL-0171,internal_email,internal_announcement,de,no,,train,easy,False,none,6042,60420171
SYN-INTERNAL_EMAIL-0172,internal_email,short_email,en,no,,train,easy,False,none,6042,60420172
SYN-INTERNAL_EMAIL-0173,internal_email,internal_announcement,de,no,,train,easy,False,none,6042,60420173
SYN-INTERNAL_EMAIL-0174,internal_email,short_email,en,no,,validation,easy,False,none,6042,60420174
SYN-INTERNAL_EMAIL-0175,internal_email,short_email,de,no,,train,easy,False,none,6042,60420175
SYN-INTERNAL_EMAIL-0176,internal_email,thread_reply,de,no,,train,easy,False,none,6042,60420176
SYN-INTERNAL_EMAIL-0177,internal_email,internal_announcement,en,yes,PHONE_NUMBER,validation,easy,False,none,6042,60420177
SYN-INTERNAL_EMAIL-0178,internal_email,short_email,de,yes,PERSON;IP_ADDRESS,train,easy,False,none,6042,60420178
SYN-INTERNAL_EMAIL-0179,internal_email,short_email,en,no,,train,easy,False,none,6042,60420179
SYN-INTERNAL_EMAIL-0180,internal_email,thread_reply,de,no,,train,easy,False,none,6042,60420180
SYN-INTERNAL_EMAIL-0181,internal_email,internal_announcement,en,no,,test,easy,False,none,6042,60420181
SYN-INTERNAL_EMAIL-0182,internal_email,thread_reply,en,no,,test,easy,False,none,6042,60420182
SYN-INTERNAL_EMAIL-0183,internal_email,short_email,en,no,,test,easy,False,none,6042,60420183
SYN-INTERNAL_EMAIL-0184,internal_email,short_email,de,no,,train,easy,False,none,6042,60420184
SYN-INTERNAL_EMAIL-0185,internal_email,short_email,de,no,,train,easy,False,none,6042,60420185
SYN-INTERNAL_EMAIL-0186,internal_email,internal_announcement,en,yes,PHONE_NUMBER,validation,easy,False,none,6042,60420186
SYN-INTERNAL_EMAIL-0187,internal_email,short_email,en,no,,train,easy,False,none,6042,60420187
SYN-INTERNAL_EMAIL-0188,internal_email,thread_reply,de,no,,validation,easy,False,none,6042,60420188
SYN-INTERNAL_EMAIL-0189,internal_email,internal_announcement,en,no,,train,easy,False,none,6042,60420189
SYN-INTERNAL_EMAIL-0190,internal_email,thread_reply,de,no,,validation,easy,False,none,6042,60420190
SYN-INTERNAL_EMAIL-0191,internal_email,thread_reply,en,yes,EMAIL_ADDRESS,test,easy,False,none,6042,60420191
SYN-INTERNAL_EMAIL-0192,internal_email,internal_announcement,de,no,,train,easy,False,none,6042,60420192
SYN-INTERNAL_EMAIL-0193,internal_email,internal_announcement,en,no,,test,easy,False,none,6042,60420193
SYN-INTERNAL_EMAIL-0194,internal_email,short_email,en,no,,validation,easy,False,none,6042,60420194
SYN-INTERNAL_EMAIL-0195,internal_email,internal_announcement,de,no,,train,easy,False,none,6042,60420195
SYN-INTERNAL_EMAIL-0196,internal_email,internal_announcement,de,no,,train,easy,False,none,6042,60420196
SYN-INTERNAL_EMAIL-0197,internal_email,internal_announcement,en,no,,train,easy,False,none,6042,60420197
SYN-INTERNAL_EMAIL-0198,internal_email,internal_announcement,de,no,,test,easy,False,none,6042,60420198
SYN-INTERNAL_EMAIL-0199,internal_email,internal_announcement,de,no,,test,easy,False,none,6042,60420199
SYN-INTERNAL_EMAIL-0200,internal_email,short_email,en,yes,PHONE_NUMBER,train,easy,False,none,6042,60420200
SYN-INTERNAL_EMAIL-0201,internal_email,short_email,en,yes,URL,test,easy,False,none,6042,60420201
SYN-INTERNAL_EMAIL-0202,internal_email,short_email,de,yes,PHONE_NUMBER,train,easy,False,none,6042,60420202
SYN-INTERNAL_EMAIL-0203,internal_email,internal_announcement,en,no,,train,easy,False,none,6042,60420203
SYN-INTERNAL_EMAIL-0204,internal_email,thread_reply,en,yes,PERSON,train,easy,False,none,6042,60420204
SYN-INTERNAL_EMAIL-0205,internal_email,internal_announcement,en,no,,train,easy,False,none,6042,60420205
SYN-INTERNAL_EMAIL-0206,internal_email,internal_announcement,de,no,,train,easy,False,none,6042,60420206
SYN-INTERNAL_EMAIL-0207,internal_email,internal_announcement,de,yes,PHONE_NUMBER,train,easy,False,none,6042,60420207
SYN-INTERNAL_EMAIL-0208,internal_email,thread_reply,de,no,,train,easy,False,none,6042,60420208
SYN-INTERNAL_EMAIL-0209,internal_email,internal_announcement,en,no,,train,easy,False,none,6042,60420209
SYN-INTERNAL_EMAIL-0210,internal_email,internal_announcement,en,yes,PERSON;EMAIL_ADDRESS,train,easy,False,none,6042,60420210
SYN-INTERNAL_EMAIL-0211,internal_email,short_email,en,no,,test,easy,False,none,6042,60420211
SYN-INTERNAL_EMAIL-0212,internal_email,short_email,de,no,,validation,easy,False,none,6042,60420212
SYN-INTERNAL_EMAIL-0213,internal_email,thread_reply,de,no,,train,easy,False,none,6042,60420213
SYN-INTERNAL_EMAIL-0214,internal_email,thread_reply,de,yes,PHONE_NUMBER,train,easy,False,none,6042,60420214
SYN-INTERNAL_EMAIL-0215,internal_email,short_email,en,no,,train,easy,False,none,6042,60420215
SYN-INTERNAL_EMAIL-0216,internal_email,internal_announcement,en,no,,train,easy,False,none,6042,60420216
SYN-INTERNAL_EMAIL-0217,internal_email,internal_announcement,de,no,,train,easy,False,none,6042,60420217
SYN-INTERNAL_EMAIL-0218,internal_email,internal_announcement,en,no,,test,easy,False,none,6042,60420218
SYN-INTERNAL_EMAIL-0219,internal_email,thread_reply,en,no,,train,easy,False,none,6042,60420219
SYN-INTERNAL_EMAIL-0220,internal_email,internal_announcement,en,no,,train,easy,False,none,6042,60420220
SYN-INTERNAL_EMAIL-0221,internal_email,thread_reply,en,yes,PERSON;CREDIT_CARD,test,easy,False,none,6042,60420221
SYN-INTERNAL_EMAIL-0222,internal_email,short_email,de,yes,PHONE_NUMBER,train,easy,False,none,6042,60420222
SYN-INTERNAL_EMAIL-0223,internal_email,thread_reply,de,no,,test,easy,False,none,6042,60420223
SYN-INTERNAL_EMAIL-0224,internal_email,short_email,de,no,,validation,easy,False,none,6042,60420224
SYN-INTERNAL_EMAIL-0225,internal_email,short_email,en,no,,test,easy,False,none,6042,60420225
SYN-INTERNAL_EMAIL-0226,internal_email,thread_reply,en,no,,train,easy,False,none,6042,60420226
SYN-INTERNAL_EMAIL-0227,internal_email,short_email,de,yes,URL,train,easy,False,none,6042,60420227
SYN-INTERNAL_EMAIL-0228,internal_email,thread_reply,en,yes,PHONE_NUMBER,train,easy,False,none,6042,60420228
SYN-INTERNAL_EMAIL-0229,internal_email,thread_reply,en,no,,train,easy,False,none,6042,60420229
SYN-INTERNAL_EMAIL-0230,internal_email,short_email,en,no,,train,easy,False,none,6042,60420230
SYN-INTERNAL_EMAIL-0231,internal_email,thread_reply,en,no,,test,easy,False,none,6042,60420231
SYN-INTERNAL_EMAIL-0232,internal_email,internal_announcement,en,no,,validation,easy,False,none,6042,60420232
SYN-INTERNAL_EMAIL-0233,internal_email,short_email,en,no,,train,easy,False,none,6042,60420233
SYN-INTERNAL_EMAIL-0234,internal_email,thread_reply,de,no,,test,easy,False,none,6042,60420234
SYN-INTERNAL_EMAIL-0235,internal_email,thread_reply,de,no,,validation,easy,False,none,6042,60420235
SYN-INTERNAL_EMAIL-0236,internal_email,thread_reply,en,no,,train,easy,False,none,6042,60420236
SYN-INTERNAL_EMAIL-0237,internal_email,thread_reply,de,no,,train,easy,False,none,6042,60420237
SYN-INTERNAL_EMAIL-0238,internal_email,internal_announcement,en,no,,train,easy,False,none,6042,60420238
SYN-INTERNAL_EMAIL-0239,internal_email,short_email,en,no,,train,easy,False,none,6042,60420239
SYN-INTERNAL_EMAIL-0240,internal_email,internal_announcement,en,no,,train,easy,False,none,6042,60420240
SYN-INTERNAL_EMAIL-0241,internal_email,internal_announcement,de,no,,train,easy,False,none,6042,60420241
SYN-INTERNAL_EMAIL-0242,internal_email,thread_reply,de,no,,validation,easy,False,none,6042,60420242
SYN-INTERNAL_EMAIL-0243,internal_email,thread_reply,en,yes,EMAIL_ADDRESS,validation,easy,False,none,6042,60420243
SYN-INTERNAL_EMAIL-0244,internal_email,internal_announcement,de,no,,train,easy,False,none,6042,60420244
SYN-INTERNAL_EMAIL-0245,internal_email,short_email,de,no,,train,easy,False,none,6042,60420245
SYN-INTERNAL_EMAIL-0246,internal_email,thread_reply,en,no,,train,easy,False,none,6042,60420246
SYN-INTERNAL_EMAIL-0247,internal_email,short_email,de,no,,train,easy,False,none,6042,60420247
SYN-INTERNAL_EMAIL-0248,internal_email,short_email,de,no,,train,easy,False,none,6042,60420248
SYN-INTERNAL_EMAIL-0249,internal_email,thread_reply,de,yes,PERSON;CREDIT_CARD,test,easy,False,none,6042,60420249
SYN-INTERNAL_EMAIL-0250,internal_email,thread_reply,de,no,,train,easy,False,none,6042,60420250
SYN-INVOICE-0001,invoice,service_invoice,en,yes,LOCATION,train,easy,False,none,7042,70420001
SYN-INVOICE-0002,invoice,invoice_summary,en,no,,train,easy,False,none,7042,70420002
SYN-INVOICE-0003,invoice,service_invoice,de,yes,PERSON;CREDIT_CARD,train,easy,False,none,7042,70420003
SYN-INVOICE-0004,invoice,standard_invoice,de,no,,train,easy,False,none,7042,70420004
SYN-INVOICE-0005,invoice,standard_invoice,de,no,,train,easy,False,none,7042,70420005
SYN-INVOICE-0006,invoice,standard_invoice,en,no,,train,easy,False,none,7042,70420006
SYN-INVOICE-0007,invoice,service_invoice,en,no,,train,easy,False,none,7042,70420007
SYN-INVOICE-0008,invoice,service_invoice,de,yes,PERSON;CREDIT_CARD,train,easy,False,none,7042,70420008
SYN-INVOICE-0009,invoice,standard_invoice,de,yes,PERSON,train,easy,False,none,7042,70420009
SYN-INVOICE-0010,invoice,standard_invoice,en,no,,validation,easy,False,none,7042,70420010
SYN-INVOICE-0011,invoice,invoice_summary,de,no,,validation,easy,False,none,7042,70420011
SYN-INVOICE-0012,invoice,standard_invoice,de,no,,train,easy,False,none,7042,70420012
SYN-INVOICE-0013,invoice,service_invoice,de,no,,test,easy,False,none,7042,70420013
SYN-INVOICE-0014,invoice,invoice_summary,en,no,,train,easy,False,none,7042,70420014
SYN-INVOICE-0015,invoice,service_invoice,en,no,,validation,easy,False,none,7042,70420015
SYN-INVOICE-0016,invoice,invoice_summary,en,no,,test,easy,False,none,7042,70420016
SYN-INVOICE-0017,invoice,invoice_summary,en,no,,train,easy,False,none,7042,70420017
SYN-INVOICE-0018,invoice,standard_invoice,de,no,,train,easy,False,none,7042,70420018
SYN-INVOICE-0019,invoice,invoice_summary,de,no,,train,easy,False,none,7042,70420019
SYN-INVOICE-0020,invoice,service_invoice,en,no,,train,easy,False,none,7042,70420020
SYN-INVOICE-0021,invoice,standard_invoice,de,no,,train,easy,False,none,7042,70420021
SYN-INVOICE-0022,invoice,standard_invoice,de,no,,train,easy,False,none,7042,70420022
SYN-INVOICE-0023,invoice,service_invoice,de,no,,validation,easy,False,none,7042,70420023
SYN-INVOICE-0024,invoice,service_invoice,de,no,,train,easy,False,none,7042,70420024
SYN-INVOICE-0025,invoice,invoice_summary,de,no,,train,easy,False,none,7042,70420025
SYN-INVOICE-0026,invoice,invoice_summary,en,no,,train,easy,False,none,7042,70420026
SYN-INVOICE-0027,invoice,invoice_summary,de,no,,train,easy,False,none,7042,70420027
SYN-INVOICE-0028,invoice,invoice_summary,en,no,,train,easy,False,none,7042,70420028
SYN-INVOICE-0029,invoice,standard_invoice,en,no,,train,easy,False,none,7042,70420029
SYN-INVOICE-0030,invoice,service_invoice,de,no,,train,easy,False,none,7042,70420030
SYN-INVOICE-0031,invoice,service_invoice,en,no,,train,easy,False,none,7042,70420031
SYN-INVOICE-0032,invoice,standard_invoice,de,no,,train,easy,False,none,7042,70420032
SYN-INVOICE-0033,invoice,standard_invoice,de,no,,train,easy,False,none,7042,70420033
SYN-INVOICE-0034,invoice,standard_invoice,en,no,,test,easy,False,none,7042,70420034
SYN-INVOICE-0035,invoice,service_invoice,de,no,,validation,easy,False,none,7042,70420035
SYN-INVOICE-0036,invoice,standard_invoice,de,no,,test,easy,False,none,7042,70420036
SYN-INVOICE-0037,invoice,service_invoice,de,no,,train,easy,False,none,7042,70420037
SYN-INVOICE-0038,invoice,invoice_summary,en,no,,validation,easy,False,none,7042,70420038
SYN-INVOICE-0039,invoice,service_invoice,de,no,,train,easy,False,none,7042,70420039
SYN-INVOICE-0040,invoice,standard_invoice,de,no,,validation,easy,False,none,7042,70420040
SYN-INVOICE-0041,invoice,standard_invoice,de,no,,train,easy,False,none,7042,70420041
SYN-INVOICE-0042,invoice,service_invoice,en,yes,PERSON;EMAIL_ADDRESS,train,easy,False,none,7042,70420042
SYN-INVOICE-0043,invoice,service_invoice,de,yes,PERSON;CREDIT_CARD,train,easy,False,none,7042,70420043
SYN-INVOICE-0044,invoice,standard_invoice,en,no,,train,easy,False,none,7042,70420044
SYN-INVOICE-0045,invoice,standard_invoice,en,no,,train,easy,False,none,7042,70420045
SYN-INVOICE-0046,invoice,invoice_summary,de,no,,train,easy,False,none,7042,70420046
SYN-INVOICE-0047,invoice,standard_invoice,de,yes,PERSON;EMAIL_ADDRESS,train,easy,False,none,7042,70420047
SYN-INVOICE-0048,invoice,invoice_summary,de,no,,train,easy,False,none,7042,70420048
SYN-INVOICE-0049,invoice,standard_invoice,en,no,,train,easy,False,none,7042,70420049
SYN-INVOICE-0050,invoice,invoice_summary,en,no,,train,easy,False,none,7042,70420050
SYN-INVOICE-0051,invoice,invoice_summary,de,no,,train,easy,False,none,7042,70420051
SYN-INVOICE-0052,invoice,service_invoice,en,yes,LOCATION,train,easy,False,none,7042,70420052
SYN-INVOICE-0053,invoice,standard_invoice,en,yes,PERSON;EMAIL_ADDRESS,test,easy,False,none,7042,70420053
SYN-INVOICE-0054,invoice,standard_invoice,de,no,,train,easy,False,none,7042,70420054
SYN-INVOICE-0055,invoice,standard_invoice,de,no,,train,easy,False,none,7042,70420055
SYN-INVOICE-0056,invoice,service_invoice,de,no,,train,easy,False,none,7042,70420056
SYN-INVOICE-0057,invoice,invoice_summary,en,no,,train,easy,False,none,7042,70420057
SYN-INVOICE-0058,invoice,service_invoice,en,no,,test,easy,False,none,7042,70420058
SYN-INVOICE-0059,invoice,standard_invoice,en,no,,train,easy,False,none,7042,70420059
SYN-INVOICE-0060,invoice,standard_invoice,en,no,,train,easy,False,none,7042,70420060
SYN-INVOICE-0061,invoice,invoice_summary,en,no,,train,easy,False,none,7042,70420061
SYN-INVOICE-0062,invoice,invoice_summary,en,no,,validation,easy,False,none,7042,70420062
SYN-INVOICE-0063,invoice,invoice_summary,en,no,,train,easy,False,none,7042,70420063
SYN-INVOICE-0064,invoice,standard_invoice,de,no,,validation,easy,False,none,7042,70420064
SYN-INVOICE-0065,invoice,invoice_summary,en,no,,test,easy,False,none,7042,70420065
SYN-INVOICE-0066,invoice,service_invoice,de,no,,test,easy,False,none,7042,70420066
SYN-INVOICE-0067,invoice,invoice_summary,de,yes,PERSON,train,easy,False,none,7042,70420067
SYN-INVOICE-0068,invoice,standard_invoice,en,no,,test,easy,False,none,7042,70420068
SYN-INVOICE-0069,invoice,invoice_summary,de,yes,PERSON;EMAIL_ADDRESS,train,easy,False,none,7042,70420069
SYN-INVOICE-0070,invoice,invoice_summary,en,no,,test,easy,False,none,7042,70420070
SYN-INVOICE-0071,invoice,standard_invoice,en,no,,train,easy,False,none,7042,70420071
SYN-INVOICE-0072,invoice,standard_invoice,de,no,,validation,easy,False,none,7042,70420072
SYN-INVOICE-0073,invoice,invoice_summary,en,yes,PERSON;IBAN_CODE,test,easy,False,none,7042,70420073
SYN-INVOICE-0074,invoice,invoice_summary,de,no,,train,easy,False,none,7042,70420074
SYN-INVOICE-0075,invoice,invoice_summary,de,no,,train,easy,False,none,7042,70420075
SYN-INVOICE-0076,invoice,standard_invoice,en,yes,PERSON;CREDIT_CARD,train,easy,False,none,7042,70420076
SYN-INVOICE-0077,invoice,service_invoice,de,yes,PERSON;CREDIT_CARD,train,easy,False,none,7042,70420077
SYN-INVOICE-0078,invoice,invoice_summary,de,no,,train,easy,False,none,7042,70420078
SYN-INVOICE-0079,invoice,standard_invoice,de,no,,train,easy,False,none,7042,70420079
SYN-INVOICE-0080,invoice,invoice_summary,de,no,,train,easy,False,none,7042,70420080
SYN-INVOICE-0081,invoice,invoice_summary,de,yes,PERSON;CREDIT_CARD,train,easy,False,none,7042,70420081
SYN-INVOICE-0082,invoice,invoice_summary,en,no,,train,easy,False,none,7042,70420082
SYN-INVOICE-0083,invoice,invoice_summary,de,no,,train,easy,False,none,7042,70420083
SYN-INVOICE-0084,invoice,invoice_summary,de,no,,train,easy,False,none,7042,70420084
SYN-INVOICE-0085,invoice,service_invoice,de,no,,validation,easy,False,none,7042,70420085
SYN-INVOICE-0086,invoice,invoice_summary,de,no,,validation,easy,False,none,7042,70420086
SYN-INVOICE-0087,invoice,standard_invoice,en,no,,train,easy,False,none,7042,70420087
SYN-INVOICE-0088,invoice,service_invoice,en,no,,train,easy,False,none,7042,70420088
SYN-INVOICE-0089,invoice,service_invoice,de,no,,train,easy,False,none,7042,70420089
SYN-INVOICE-0090,invoice,service_invoice,en,no,,train,easy,False,none,7042,70420090
SYN-INVOICE-0091,invoice,standard_invoice,de,yes,PERSON;CREDIT_CARD,test,easy,False,none,7042,70420091
SYN-INVOICE-0092,invoice,service_invoice,en,no,,test,easy,False,none,7042,70420092
SYN-INVOICE-0093,invoice,service_invoice,en,no,,train,easy,False,none,7042,70420093
SYN-INVOICE-0094,invoice,service_invoice,de,no,,train,easy,False,none,7042,70420094
SYN-INVOICE-0095,invoice,service_invoice,en,yes,PERSON;CREDIT_CARD,train,easy,False,none,7042,70420095
SYN-INVOICE-0096,invoice,standard_invoice,en,yes,PERSON;CREDIT_CARD,train,easy,False,none,7042,70420096
SYN-INVOICE-0097,invoice,service_invoice,en,no,,train,easy,False,none,7042,70420097
SYN-INVOICE-0098,invoice,standard_invoice,de,no,,train,easy,False,none,7042,70420098
SYN-INVOICE-0099,invoice,service_invoice,en,no,,train,easy,False,none,7042,70420099
SYN-INVOICE-0100,invoice,service_invoice,en,no,,train,easy,False,none,7042,70420100
SYN-INVOICE-0101,invoice,service_invoice,de,no,,train,easy,False,none,7042,70420101
SYN-INVOICE-0102,invoice,invoice_summary,de,yes,PERSON;EMAIL_ADDRESS,validation,easy,False,none,7042,70420102
SYN-INVOICE-0103,invoice,invoice_summary,de,no,,train,easy,False,none,7042,70420103
SYN-INVOICE-0104,invoice,standard_invoice,de,no,,test,easy,False,none,7042,70420104
SYN-INVOICE-0105,invoice,service_invoice,de,no,,train,easy,False,none,7042,70420105
SYN-INVOICE-0106,invoice,invoice_summary,en,no,,train,easy,False,none,7042,70420106
SYN-INVOICE-0107,invoice,service_invoice,de,no,,train,easy,False,none,7042,70420107
SYN-INVOICE-0108,invoice,standard_invoice,en,no,,test,easy,False,none,7042,70420108
SYN-INVOICE-0109,invoice,service_invoice,en,no,,train,easy,False,none,7042,70420109
SYN-INVOICE-0110,invoice,invoice_summary,en,no,,train,easy,False,none,7042,70420110
SYN-INVOICE-0111,invoice,service_invoice,en,no,,train,easy,False,none,7042,70420111
SYN-INVOICE-0112,invoice,standard_invoice,de,no,,train,easy,False,none,7042,70420112
SYN-INVOICE-0113,invoice,standard_invoice,de,yes,PERSON;CREDIT_CARD,test,easy,False,none,7042,70420113
SYN-INVOICE-0114,invoice,invoice_summary,de,no,,test,easy,False,none,7042,70420114
SYN-INVOICE-0115,invoice,standard_invoice,en,no,,train,easy,False,none,7042,70420115
SYN-INVOICE-0116,invoice,service_invoice,de,yes,PERSON;CREDIT_CARD,train,easy,False,none,7042,70420116
SYN-INVOICE-0117,invoice,standard_invoice,en,no,,train,easy,False,none,7042,70420117
SYN-INVOICE-0118,invoice,invoice_summary,en,yes,PERSON;IBAN_CODE,train,easy,False,none,7042,70420118
SYN-INVOICE-0119,invoice,service_invoice,de,yes,PERSON;CREDIT_CARD,train,easy,False,none,7042,70420119
SYN-INVOICE-0120,invoice,invoice_summary,en,yes,PERSON;CREDIT_CARD,test,easy,False,none,7042,70420120
SYN-INVOICE-0121,invoice,invoice_summary,en,no,,test,easy,False,none,7042,70420121
SYN-INVOICE-0122,invoice,invoice_summary,de,no,,validation,easy,False,none,7042,70420122
SYN-INVOICE-0123,invoice,standard_invoice,en,no,,train,easy,False,none,7042,70420123
SYN-INVOICE-0124,invoice,invoice_summary,de,no,,train,easy,False,none,7042,70420124
SYN-INVOICE-0125,invoice,service_invoice,en,no,,train,easy,False,none,7042,70420125
SYN-INVOICE-0126,invoice,standard_invoice,en,no,,train,easy,False,none,7042,70420126
SYN-INVOICE-0127,invoice,service_invoice,de,yes,PERSON;CREDIT_CARD,train,easy,False,none,7042,70420127
SYN-INVOICE-0128,invoice,service_invoice,en,no,,train,easy,False,none,7042,70420128
SYN-INVOICE-0129,invoice,service_invoice,en,no,,test,easy,False,none,7042,70420129
SYN-INVOICE-0130,invoice,standard_invoice,en,yes,PERSON;CREDIT_CARD,test,easy,False,none,7042,70420130
SYN-INVOICE-0131,invoice,service_invoice,de,no,,train,easy,False,none,7042,70420131
SYN-INVOICE-0132,invoice,standard_invoice,de,yes,PERSON;IBAN_CODE,train,easy,False,none,7042,70420132
SYN-INVOICE-0133,invoice,invoice_summary,en,no,,train,easy,False,none,7042,70420133
SYN-INVOICE-0134,invoice,standard_invoice,en,no,,train,easy,False,none,7042,70420134
SYN-INVOICE-0135,invoice,standard_invoice,en,no,,train,easy,False,none,7042,70420135
SYN-INVOICE-0136,invoice,service_invoice,en,no,,validation,easy,False,none,7042,70420136
SYN-INVOICE-0137,invoice,invoice_summary,en,yes,PERSON;CREDIT_CARD,train,easy,False,none,7042,70420137
SYN-INVOICE-0138,invoice,service_invoice,en,no,,validation,easy,False,none,7042,70420138
SYN-INVOICE-0139,invoice,service_invoice,en,yes,PERSON,train,easy,False,none,7042,70420139
SYN-INVOICE-0140,invoice,invoice_summary,de,no,,test,easy,False,none,7042,70420140
SYN-INVOICE-0141,invoice,service_invoice,en,no,,train,easy,False,none,7042,70420141
SYN-INVOICE-0142,invoice,invoice_summary,de,yes,PERSON;EMAIL_ADDRESS,train,easy,False,none,7042,70420142
SYN-INVOICE-0143,invoice,service_invoice,de,no,,train,easy,False,none,7042,70420143
SYN-INVOICE-0144,invoice,invoice_summary,de,yes,LOCATION,train,easy,False,none,7042,70420144
SYN-INVOICE-0145,invoice,standard_invoice,en,yes,LOCATION,validation,easy,False,none,7042,70420145
SYN-INVOICE-0146,invoice,standard_invoice,de,no,,train,easy,False,none,7042,70420146
SYN-INVOICE-0147,invoice,invoice_summary,de,no,,train,easy,False,none,7042,70420147
SYN-INVOICE-0148,invoice,service_invoice,de,no,,train,easy,False,none,7042,70420148
SYN-INVOICE-0149,invoice,standard_invoice,de,no,,test,easy,False,none,7042,70420149
SYN-INVOICE-0150,invoice,service_invoice,de,no,,train,easy,False,none,7042,70420150
SYN-INVOICE-0151,invoice,standard_invoice,en,no,,validation,easy,False,none,7042,70420151
SYN-INVOICE-0152,invoice,invoice_summary,en,no,,train,easy,False,none,7042,70420152
SYN-INVOICE-0153,invoice,invoice_summary,de,yes,PERSON;CREDIT_CARD,train,easy,False,none,7042,70420153
SYN-INVOICE-0154,invoice,invoice_summary,en,yes,PERSON;CREDIT_CARD,train,easy,False,none,7042,70420154
SYN-INVOICE-0155,invoice,service_invoice,de,yes,PERSON,validation,easy,False,none,7042,70420155
SYN-INVOICE-0156,invoice,standard_invoice,en,yes,PERSON;CREDIT_CARD,validation,easy,False,none,7042,70420156
SYN-INVOICE-0157,invoice,service_invoice,en,no,,train,easy,False,none,7042,70420157
SYN-INVOICE-0158,invoice,service_invoice,en,no,,test,easy,False,none,7042,70420158
SYN-INVOICE-0159,invoice,standard_invoice,de,no,,train,easy,False,none,7042,70420159
SYN-INVOICE-0160,invoice,standard_invoice,de,no,,train,easy,False,none,7042,70420160
SYN-INVOICE-0161,invoice,standard_invoice,de,no,,train,easy,False,none,7042,70420161
SYN-INVOICE-0162,invoice,invoice_summary,de,yes,PERSON;CREDIT_CARD,train,easy,False,none,7042,70420162
SYN-INVOICE-0163,invoice,standard_invoice,de,no,,validation,easy,False,none,7042,70420163
SYN-INVOICE-0164,invoice,invoice_summary,de,no,,test,easy,False,none,7042,70420164
SYN-INVOICE-0165,invoice,service_invoice,de,yes,PERSON,train,easy,False,none,7042,70420165
SYN-INVOICE-0166,invoice,standard_invoice,en,yes,PERSON;IBAN_CODE,train,easy,False,none,7042,70420166
SYN-INVOICE-0167,invoice,service_invoice,de,no,,train,easy,False,none,7042,70420167
SYN-INVOICE-0168,invoice,invoice_summary,en,no,,validation,easy,False,none,7042,70420168
SYN-INVOICE-0169,invoice,standard_invoice,en,yes,PERSON;IBAN_CODE,train,easy,False,none,7042,70420169
SYN-INVOICE-0170,invoice,service_invoice,en,yes,PERSON;IBAN_CODE,validation,easy,False,none,7042,70420170
SYN-INVOICE-0171,invoice,standard_invoice,en,no,,validation,easy,False,none,7042,70420171
SYN-INVOICE-0172,invoice,invoice_summary,en,no,,train,easy,False,none,7042,70420172
SYN-INVOICE-0173,invoice,standard_invoice,de,no,,train,easy,False,none,7042,70420173
SYN-INVOICE-0174,invoice,standard_invoice,en,no,,train,easy,False,none,7042,70420174
SYN-INVOICE-0175,invoice,service_invoice,en,yes,PERSON;CREDIT_CARD,train,easy,False,none,7042,70420175
SYN-INVOICE-0176,invoice,standard_invoice,de,no,,test,easy,False,none,7042,70420176
SYN-INVOICE-0177,invoice,invoice_summary,de,yes,LOCATION,train,easy,False,none,7042,70420177
SYN-INVOICE-0178,invoice,standard_invoice,de,no,,validation,easy,False,none,7042,70420178
SYN-INVOICE-0179,invoice,invoice_summary,de,no,,train,easy,False,none,7042,70420179
SYN-INVOICE-0180,invoice,standard_invoice,en,no,,train,easy,False,none,7042,70420180
SYN-INVOICE-0181,invoice,service_invoice,en,no,,train,easy,False,none,7042,70420181
SYN-INVOICE-0182,invoice,standard_invoice,de,yes,PERSON;CREDIT_CARD,train,easy,False,none,7042,70420182
SYN-INVOICE-0183,invoice,standard_invoice,en,no,,train,easy,False,none,7042,70420183
SYN-INVOICE-0184,invoice,invoice_summary,de,no,,train,easy,False,none,7042,70420184
SYN-INVOICE-0185,invoice,invoice_summary,de,no,,test,easy,False,none,7042,70420185
SYN-INVOICE-0186,invoice,standard_invoice,en,no,,train,easy,False,none,7042,70420186
SYN-INVOICE-0187,invoice,service_invoice,de,no,,validation,easy,False,none,7042,70420187
SYN-INVOICE-0188,invoice,invoice_summary,en,no,,train,easy,False,none,7042,70420188
SYN-INVOICE-0189,invoice,standard_invoice,de,no,,test,easy,False,none,7042,70420189
SYN-INVOICE-0190,invoice,service_invoice,en,no,,validation,easy,False,none,7042,70420190
SYN-INVOICE-0191,invoice,invoice_summary,en,no,,train,easy,False,none,7042,70420191
SYN-INVOICE-0192,invoice,service_invoice,de,no,,test,easy,False,none,7042,70420192
SYN-INVOICE-0193,invoice,service_invoice,en,yes,PERSON;CREDIT_CARD,test,easy,False,none,7042,70420193
SYN-INVOICE-0194,invoice,service_invoice,en,no,,train,easy,False,none,7042,70420194
SYN-INVOICE-0195,invoice,standard_invoice,en,no,,train,easy,False,none,7042,70420195
SYN-INVOICE-0196,invoice,standard_invoice,de,no,,train,easy,False,none,7042,70420196
SYN-INVOICE-0197,invoice,invoice_summary,en,no,,validation,easy,False,none,7042,70420197
SYN-INVOICE-0198,invoice,service_invoice,en,no,,validation,easy,False,none,7042,70420198
SYN-INVOICE-0199,invoice,standard_invoice,en,no,,test,easy,False,none,7042,70420199
SYN-INVOICE-0200,invoice,service_invoice,en,no,,train,easy,False,none,7042,70420200
SYN-INVOICE-0201,invoice,invoice_summary,de,no,,train,easy,False,none,7042,70420201
SYN-INVOICE-0202,invoice,invoice_summary,en,no,,train,easy,False,none,7042,70420202
SYN-INVOICE-0203,invoice,standard_invoice,de,no,,validation,easy,False,none,7042,70420203
SYN-INVOICE-0204,invoice,service_invoice,en,no,,train,easy,False,none,7042,70420204
SYN-INVOICE-0205,invoice,standard_invoice,de,yes,PERSON;CREDIT_CARD,train,easy,False,none,7042,70420205
SYN-INVOICE-0206,invoice,invoice_summary,de,yes,PERSON;CREDIT_CARD,train,easy,False,none,7042,70420206
SYN-INVOICE-0207,invoice,standard_invoice,de,no,,validation,easy,False,none,7042,70420207
SYN-INVOICE-0208,invoice,service_invoice,en,no,,validation,easy,False,none,7042,70420208
SYN-INVOICE-0209,invoice,service_invoice,de,no,,train,easy,False,none,7042,70420209
SYN-INVOICE-0210,invoice,service_invoice,en,no,,train,easy,False,none,7042,70420210
SYN-INVOICE-0211,invoice,invoice_summary,en,no,,train,easy,False,none,7042,70420211
SYN-INVOICE-0212,invoice,invoice_summary,en,yes,PERSON;CREDIT_CARD,train,easy,False,none,7042,70420212
SYN-INVOICE-0213,invoice,standard_invoice,en,no,,train,easy,False,none,7042,70420213
SYN-INVOICE-0214,invoice,invoice_summary,en,no,,test,easy,False,none,7042,70420214
SYN-INVOICE-0215,invoice,service_invoice,en,no,,train,easy,False,none,7042,70420215
SYN-INVOICE-0216,invoice,invoice_summary,de,no,,train,easy,False,none,7042,70420216
SYN-INVOICE-0217,invoice,service_invoice,en,no,,test,easy,False,none,7042,70420217
SYN-INVOICE-0218,invoice,standard_invoice,de,no,,train,easy,False,none,7042,70420218
SYN-INVOICE-0219,invoice,invoice_summary,de,no,,test,easy,False,none,7042,70420219
SYN-INVOICE-0220,invoice,standard_invoice,de,no,,test,easy,False,none,7042,70420220
SYN-INVOICE-0221,invoice,invoice_summary,en,no,,validation,easy,False,none,7042,70420221
SYN-INVOICE-0222,invoice,service_invoice,en,no,,validation,easy,False,none,7042,70420222
SYN-INVOICE-0223,invoice,service_invoice,en,no,,train,easy,False,none,7042,70420223
SYN-INVOICE-0224,invoice,service_invoice,en,no,,train,easy,False,none,7042,70420224
SYN-INVOICE-0225,invoice,invoice_summary,en,yes,PERSON,train,easy,False,none,7042,70420225
SYN-INVOICE-0226,invoice,standard_invoice,en,no,,train,easy,False,none,7042,70420226
SYN-INVOICE-0227,invoice,standard_invoice,en,no,,train,easy,False,none,7042,70420227
SYN-INVOICE-0228,invoice,invoice_summary,de,no,,train,easy,False,none,7042,70420228
SYN-INVOICE-0229,invoice,standard_invoice,de,yes,PERSON;CREDIT_CARD,train,easy,False,none,7042,70420229
SYN-INVOICE-0230,invoice,invoice_summary,de,no,,train,easy,False,none,7042,70420230
SYN-INVOICE-0231,invoice,invoice_summary,de,no,,train,easy,False,none,7042,70420231
SYN-INVOICE-0232,invoice,standard_invoice,en,yes,PERSON;CREDIT_CARD,train,easy,False,none,7042,70420232
SYN-INVOICE-0233,invoice,standard_invoice,de,yes,PERSON;CREDIT_CARD,train,easy,False,none,7042,70420233
SYN-INVOICE-0234,invoice,standard_invoice,en,no,,train,easy,False,none,7042,70420234
SYN-INVOICE-0235,invoice,invoice_summary,de,no,,validation,easy,False,none,7042,70420235
SYN-INVOICE-0236,invoice,service_invoice,en,no,,train,easy,False,none,7042,70420236
SYN-INVOICE-0237,invoice,standard_invoice,en,no,,validation,easy,False,none,7042,70420237
SYN-INVOICE-0238,invoice,invoice_summary,en,no,,train,easy,False,none,7042,70420238
SYN-INVOICE-0239,invoice,invoice_summary,de,no,,validation,easy,False,none,7042,70420239
SYN-INVOICE-0240,invoice,service_invoice,de,no,,train,easy,False,none,7042,70420240
SYN-INVOICE-0241,invoice,standard_invoice,en,yes,PERSON;CREDIT_CARD,train,easy,False,none,7042,70420241
SYN-INVOICE-0242,invoice,service_invoice,de,no,,test,easy,False,none,7042,70420242
SYN-INVOICE-0243,invoice,invoice_summary,en,no,,validation,easy,False,none,7042,70420243
SYN-INVOICE-0244,invoice,standard_invoice,de,yes,PERSON;CREDIT_CARD,train,easy,False,none,7042,70420244
SYN-INVOICE-0245,invoice,service_invoice,de,yes,LOCATION,test,easy,False,none,7042,70420245
SYN-INVOICE-0246,invoice,invoice_summary,en,no,,train,easy,False,none,7042,70420246
SYN-INVOICE-0247,invoice,invoice_summary,de,no,,train,easy,False,none,7042,70420247
SYN-INVOICE-0248,invoice,standard_invoice,en,no,,train,easy,False,none,7042,70420248
SYN-INVOICE-0249,invoice,standard_invoice,de,no,,train,easy,False,none,7042,70420249
SYN-INVOICE-0250,invoice,service_invoice,en,no,,train,easy,False,none,7042,70420250
SYN-IT_ACCESS_REQUEST-0001,it_access_request,filled_b,de,no,,train,easy,False,none,8042,80420001
SYN-IT_ACCESS_REQUEST-0002,it_access_request,filled_a,en,no,,test,easy,False,none,8042,80420002
SYN-IT_ACCESS_REQUEST-0003,it_access_request,filled_a,en,no,,train,easy,False,none,8042,80420003
SYN-IT_ACCESS_REQUEST-0004,it_access_request,filled_b,de,no,,test,easy,False,none,8042,80420004
SYN-IT_ACCESS_REQUEST-0005,it_access_request,filled_a,en,no,,validation,easy,False,none,8042,80420005
SYN-IT_ACCESS_REQUEST-0006,it_access_request,filled_b,en,no,,train,easy,False,none,8042,80420006
SYN-IT_ACCESS_REQUEST-0007,it_access_request,filled_b,en,no,,train,easy,False,none,8042,80420007
SYN-IT_ACCESS_REQUEST-0008,it_access_request,filled_a,de,no,,train,easy,False,none,8042,80420008
SYN-IT_ACCESS_REQUEST-0009,it_access_request,filled_b,de,yes,PERSON,train,easy,False,none,8042,80420009
SYN-IT_ACCESS_REQUEST-0010,it_access_request,filled_a,de,no,,train,easy,False,none,8042,80420010
SYN-IT_ACCESS_REQUEST-0011,it_access_request,filled_a,en,no,,train,easy,False,none,8042,80420011
SYN-IT_ACCESS_REQUEST-0012,it_access_request,filled_a,de,no,,validation,easy,False,none,8042,80420012
SYN-IT_ACCESS_REQUEST-0013,it_access_request,filled_a,de,no,,train,easy,False,none,8042,80420013
SYN-IT_ACCESS_REQUEST-0014,it_access_request,filled_a,de,no,,train,easy,False,none,8042,80420014
SYN-IT_ACCESS_REQUEST-0015,it_access_request,filled_b,de,no,,train,easy,False,none,8042,80420015
SYN-IT_ACCESS_REQUEST-0016,it_access_request,filled_a,en,yes,PERSON,train,easy,False,none,8042,80420016
SYN-IT_ACCESS_REQUEST-0017,it_access_request,filled_b,en,no,,test,easy,False,none,8042,80420017
SYN-IT_ACCESS_REQUEST-0018,it_access_request,filled_a,de,yes,PERSON;URL,train,easy,False,none,8042,80420018
SYN-IT_ACCESS_REQUEST-0019,it_access_request,filled_b,en,yes,PERSON;URL,test,easy,False,none,8042,80420019
SYN-IT_ACCESS_REQUEST-0020,it_access_request,filled_b,de,no,,test,easy,False,none,8042,80420020
SYN-IT_ACCESS_REQUEST-0021,it_access_request,filled_b,en,no,,test,easy,False,none,8042,80420021
SYN-IT_ACCESS_REQUEST-0022,it_access_request,filled_a,en,yes,PERSON;EMAIL_ADDRESS,train,easy,False,none,8042,80420022
SYN-IT_ACCESS_REQUEST-0023,it_access_request,filled_b,en,yes,PERSON,validation,easy,False,none,8042,80420023
SYN-IT_ACCESS_REQUEST-0024,it_access_request,filled_a,de,no,,train,easy,False,none,8042,80420024
SYN-IT_ACCESS_REQUEST-0025,it_access_request,filled_a,de,no,,train,easy,False,none,8042,80420025
SYN-IT_ACCESS_REQUEST-0026,it_access_request,filled_b,en,no,,train,easy,False,none,8042,80420026
SYN-IT_ACCESS_REQUEST-0027,it_access_request,filled_a,en,no,,validation,easy,False,none,8042,80420027
SYN-IT_ACCESS_REQUEST-0028,it_access_request,filled_a,en,no,,test,easy,False,none,8042,80420028
SYN-IT_ACCESS_REQUEST-0029,it_access_request,filled_a,en,no,,test,easy,False,none,8042,80420029
SYN-IT_ACCESS_REQUEST-0030,it_access_request,filled_b,de,no,,train,easy,False,none,8042,80420030
SYN-IT_ACCESS_REQUEST-0031,it_access_request,filled_b,en,no,,train,easy,False,none,8042,80420031
SYN-IT_ACCESS_REQUEST-0032,it_access_request,filled_b,en,no,,train,easy,False,none,8042,80420032
SYN-IT_ACCESS_REQUEST-0033,it_access_request,filled_b,de,no,,validation,easy,False,none,8042,80420033
SYN-IT_ACCESS_REQUEST-0034,it_access_request,filled_a,en,no,,train,easy,False,none,8042,80420034
SYN-IT_ACCESS_REQUEST-0035,it_access_request,filled_a,de,no,,train,easy,False,none,8042,80420035
SYN-IT_ACCESS_REQUEST-0036,it_access_request,filled_a,en,yes,PERSON;IP_ADDRESS,train,easy,False,none,8042,80420036
SYN-IT_ACCESS_REQUEST-0037,it_access_request,filled_b,en,no,,test,easy,False,none,8042,80420037
SYN-IT_ACCESS_REQUEST-0038,it_access_request,filled_a,en,no,,train,easy,False,none,8042,80420038
SYN-IT_ACCESS_REQUEST-0039,it_access_request,filled_a,en,no,,train,easy,False,none,8042,80420039
SYN-IT_ACCESS_REQUEST-0040,it_access_request,filled_b,en,no,,validation,easy,False,none,8042,80420040
SYN-IT_ACCESS_REQUEST-0041,it_access_request,blank,de,no,,train,easy,False,none,8042,80420041
SYN-IT_ACCESS_REQUEST-0042,it_access_request,filled_b,de,yes,PERSON;IP_ADDRESS,validation,easy,False,none,8042,80420042
SYN-IT_ACCESS_REQUEST-0043,it_access_request,filled_a,de,no,,test,easy,False,none,8042,80420043
SYN-IT_ACCESS_REQUEST-0044,it_access_request,filled_a,en,no,,train,easy,False,none,8042,80420044
SYN-IT_ACCESS_REQUEST-0045,it_access_request,filled_a,en,no,,train,easy,False,none,8042,80420045
SYN-IT_ACCESS_REQUEST-0046,it_access_request,filled_a,en,no,,train,easy,False,none,8042,80420046
SYN-IT_ACCESS_REQUEST-0047,it_access_request,filled_a,en,no,,train,easy,False,none,8042,80420047
SYN-IT_ACCESS_REQUEST-0048,it_access_request,filled_b,en,yes,PERSON;IP_ADDRESS,validation,easy,False,none,8042,80420048
SYN-IT_ACCESS_REQUEST-0049,it_access_request,filled_a,en,no,,train,easy,False,none,8042,80420049
SYN-IT_ACCESS_REQUEST-0050,it_access_request,filled_b,en,no,,train,easy,False,none,8042,80420050
SYN-IT_ACCESS_REQUEST-0051,it_access_request,filled_b,de,no,,validation,easy,False,none,8042,80420051
SYN-IT_ACCESS_REQUEST-0052,it_access_request,filled_b,de,no,,train,easy,False,none,8042,80420052
SYN-IT_ACCESS_REQUEST-0053,it_access_request,filled_b,de,yes,PERSON;EMAIL_ADDRESS,train,easy,False,none,8042,80420053
SYN-IT_ACCESS_REQUEST-0054,it_access_request,filled_a,en,yes,PERSON;IP_ADDRESS,validation,easy,False,none,8042,80420054
SYN-IT_ACCESS_REQUEST-0055,it_access_request,filled_a,de,yes,PERSON;IP_ADDRESS,train,easy,False,none,8042,80420055
SYN-IT_ACCESS_REQUEST-0056,it_access_request,filled_a,de,yes,PERSON;EMAIL_ADDRESS,test,easy,False,none,8042,80420056
SYN-IT_ACCESS_REQUEST-0057,it_access_request,filled_a,en,no,,train,easy,False,none,8042,80420057
SYN-IT_ACCESS_REQUEST-0058,it_access_request,filled_a,en,no,,train,easy,False,none,8042,80420058
SYN-IT_ACCESS_REQUEST-0059,it_access_request,filled_a,de,no,,validation,easy,False,none,8042,80420059
SYN-IT_ACCESS_REQUEST-0060,it_access_request,filled_a,en,no,,train,easy,False,none,8042,80420060
SYN-IT_ACCESS_REQUEST-0061,it_access_request,blank,de,no,,test,easy,False,none,8042,80420061
SYN-IT_ACCESS_REQUEST-0062,it_access_request,filled_b,de,no,,train,easy,False,none,8042,80420062
SYN-IT_ACCESS_REQUEST-0063,it_access_request,filled_a,en,no,,train,easy,False,none,8042,80420063
SYN-IT_ACCESS_REQUEST-0064,it_access_request,filled_a,en,no,,train,easy,False,none,8042,80420064
SYN-IT_ACCESS_REQUEST-0065,it_access_request,filled_b,de,no,,test,easy,False,none,8042,80420065
SYN-IT_ACCESS_REQUEST-0066,it_access_request,filled_a,en,no,,validation,easy,False,none,8042,80420066
SYN-IT_ACCESS_REQUEST-0067,it_access_request,filled_b,de,no,,train,easy,False,none,8042,80420067
SYN-IT_ACCESS_REQUEST-0068,it_access_request,filled_b,en,no,,validation,easy,False,none,8042,80420068
SYN-IT_ACCESS_REQUEST-0069,it_access_request,filled_a,de,no,,validation,easy,False,none,8042,80420069
SYN-IT_ACCESS_REQUEST-0070,it_access_request,filled_b,de,no,,train,easy,False,none,8042,80420070
SYN-IT_ACCESS_REQUEST-0071,it_access_request,filled_a,de,no,,validation,easy,False,none,8042,80420071
SYN-IT_ACCESS_REQUEST-0072,it_access_request,filled_a,en,no,,train,easy,False,none,8042,80420072
SYN-IT_ACCESS_REQUEST-0073,it_access_request,blank,de,no,,validation,easy,False,none,8042,80420073
SYN-IT_ACCESS_REQUEST-0074,it_access_request,filled_a,de,no,,train,easy,False,none,8042,80420074
SYN-IT_ACCESS_REQUEST-0075,it_access_request,filled_a,de,no,,train,easy,False,none,8042,80420075
SYN-IT_ACCESS_REQUEST-0076,it_access_request,filled_a,en,no,,test,easy,False,none,8042,80420076
SYN-IT_ACCESS_REQUEST-0077,it_access_request,filled_a,de,no,,train,easy,False,none,8042,80420077
SYN-IT_ACCESS_REQUEST-0078,it_access_request,filled_b,en,no,,train,easy,False,none,8042,80420078
SYN-IT_ACCESS_REQUEST-0079,it_access_request,filled_b,en,no,,train,easy,False,none,8042,80420079
SYN-IT_ACCESS_REQUEST-0080,it_access_request,filled_a,en,no,,test,easy,False,none,8042,80420080
SYN-IT_ACCESS_REQUEST-0081,it_access_request,filled_b,de,no,,test,easy,False,none,8042,80420081
SYN-IT_ACCESS_REQUEST-0082,it_access_request,filled_a,en,no,,test,easy,False,none,8042,80420082
SYN-IT_ACCESS_REQUEST-0083,it_access_request,filled_a,de,yes,PERSON;URL,train,easy,False,none,8042,80420083
SYN-IT_ACCESS_REQUEST-0084,it_access_request,filled_a,en,no,,train,easy,False,none,8042,80420084
SYN-IT_ACCESS_REQUEST-0085,it_access_request,filled_a,de,no,,validation,easy,False,none,8042,80420085
SYN-IT_ACCESS_REQUEST-0086,it_access_request,filled_b,en,yes,PERSON;EMAIL_ADDRESS,train,easy,False,none,8042,80420086
SYN-IT_ACCESS_REQUEST-0087,it_access_request,filled_b,de,no,,train,easy,False,none,8042,80420087
SYN-IT_ACCESS_REQUEST-0088,it_access_request,filled_a,en,no,,train,easy,False,none,8042,80420088
SYN-IT_ACCESS_REQUEST-0089,it_access_request,filled_b,de,no,,test,easy,False,none,8042,80420089
SYN-IT_ACCESS_REQUEST-0090,it_access_request,filled_b,en,no,,validation,easy,False,none,8042,80420090
SYN-IT_ACCESS_REQUEST-0091,it_access_request,filled_a,en,no,,train,easy,False,none,8042,80420091
SYN-IT_ACCESS_REQUEST-0092,it_access_request,filled_b,en,no,,validation,easy,False,none,8042,80420092
SYN-IT_ACCESS_REQUEST-0093,it_access_request,filled_b,en,no,,train,easy,False,none,8042,80420093
SYN-IT_ACCESS_REQUEST-0094,it_access_request,filled_b,de,no,,train,easy,False,none,8042,80420094
SYN-IT_ACCESS_REQUEST-0095,it_access_request,filled_a,de,no,,train,easy,False,none,8042,80420095
SYN-IT_ACCESS_REQUEST-0096,it_access_request,filled_a,de,no,,train,easy,False,none,8042,80420096
SYN-IT_ACCESS_REQUEST-0097,it_access_request,blank,de,no,,validation,easy,False,none,8042,80420097
SYN-IT_ACCESS_REQUEST-0098,it_access_request,filled_a,en,no,,train,easy,False,none,8042,80420098
SYN-IT_ACCESS_REQUEST-0099,it_access_request,filled_b,en,no,,train,easy,False,none,8042,80420099
SYN-IT_ACCESS_REQUEST-0100,it_access_request,filled_a,de,yes,PERSON;URL,test,easy,False,none,8042,80420100
SYN-IT_ACCESS_REQUEST-0101,it_access_request,filled_b,de,no,,train,easy,False,none,8042,80420101
SYN-IT_ACCESS_REQUEST-0102,it_access_request,filled_a,en,no,,train,easy,False,none,8042,80420102
SYN-IT_ACCESS_REQUEST-0103,it_access_request,filled_b,en,no,,train,easy,False,none,8042,80420103
SYN-IT_ACCESS_REQUEST-0104,it_access_request,filled_a,de,yes,PERSON;EMAIL_ADDRESS,validation,easy,False,none,8042,80420104
SYN-IT_ACCESS_REQUEST-0105,it_access_request,filled_b,de,no,,train,easy,False,none,8042,80420105
SYN-IT_ACCESS_REQUEST-0106,it_access_request,filled_b,en,no,,train,easy,False,none,8042,80420106
SYN-IT_ACCESS_REQUEST-0107,it_access_request,filled_b,en,yes,PERSON;IP_ADDRESS,train,easy,False,none,8042,80420107
SYN-IT_ACCESS_REQUEST-0108,it_access_request,filled_a,en,no,,train,easy,False,none,8042,80420108
SYN-IT_ACCESS_REQUEST-0109,it_access_request,filled_b,en,no,,train,easy,False,none,8042,80420109
SYN-IT_ACCESS_REQUEST-0110,it_access_request,filled_a,en,no,,train,easy,False,none,8042,80420110
SYN-IT_ACCESS_REQUEST-0111,it_access_request,filled_a,de,yes,PERSON;EMAIL_ADDRESS,validation,easy,False,none,8042,80420111
SYN-IT_ACCESS_REQUEST-0112,it_access_request,filled_b,en,no,,test,easy,False,none,8042,80420112
SYN-IT_ACCESS_REQUEST-0113,it_access_request,filled_b,en,no,,validation,easy,False,none,8042,80420113
SYN-IT_ACCESS_REQUEST-0114,it_access_request,filled_b,en,yes,PERSON;URL,validation,easy,False,none,8042,80420114
SYN-IT_ACCESS_REQUEST-0115,it_access_request,filled_b,en,no,,test,easy,False,none,8042,80420115
SYN-IT_ACCESS_REQUEST-0116,it_access_request,filled_b,de,no,,train,easy,False,none,8042,80420116
SYN-IT_ACCESS_REQUEST-0117,it_access_request,filled_b,en,no,,train,easy,False,none,8042,80420117
SYN-IT_ACCESS_REQUEST-0118,it_access_request,filled_b,de,no,,train,easy,False,none,8042,80420118
SYN-IT_ACCESS_REQUEST-0119,it_access_request,filled_b,de,no,,train,easy,False,none,8042,80420119
SYN-IT_ACCESS_REQUEST-0120,it_access_request,filled_b,en,no,,train,easy,False,none,8042,80420120
SYN-IT_ACCESS_REQUEST-0121,it_access_request,filled_a,en,no,,train,easy,False,none,8042,80420121
SYN-IT_ACCESS_REQUEST-0122,it_access_request,filled_a,en,no,,train,easy,False,none,8042,80420122
SYN-IT_ACCESS_REQUEST-0123,it_access_request,filled_a,en,no,,train,easy,False,none,8042,80420123
SYN-IT_ACCESS_REQUEST-0124,it_access_request,filled_b,en,no,,train,easy,False,none,8042,80420124
SYN-IT_ACCESS_REQUEST-0125,it_access_request,filled_b,de,no,,validation,easy,False,none,8042,80420125
SYN-IT_ACCESS_REQUEST-0126,it_access_request,filled_a,en,no,,test,easy,False,none,8042,80420126
SYN-IT_ACCESS_REQUEST-0127,it_access_request,filled_b,de,no,,train,easy,False,none,8042,80420127
SYN-IT_ACCESS_REQUEST-0128,it_access_request,filled_b,en,yes,PERSON;URL,train,easy,False,none,8042,80420128
SYN-IT_ACCESS_REQUEST-0129,it_access_request,filled_a,en,yes,PERSON,train,easy,False,none,8042,80420129
SYN-IT_ACCESS_REQUEST-0130,it_access_request,filled_b,de,no,,train,easy,False,none,8042,80420130
SYN-IT_ACCESS_REQUEST-0131,it_access_request,blank,en,no,,train,easy,False,none,8042,80420131
SYN-IT_ACCESS_REQUEST-0132,it_access_request,filled_b,en,no,,train,easy,False,none,8042,80420132
SYN-IT_ACCESS_REQUEST-0133,it_access_request,filled_b,de,no,,train,easy,False,none,8042,80420133
SYN-IT_ACCESS_REQUEST-0134,it_access_request,filled_b,en,yes,PERSON,train,easy,False,none,8042,80420134
SYN-IT_ACCESS_REQUEST-0135,it_access_request,filled_a,de,no,,train,easy,False,none,8042,80420135
SYN-IT_ACCESS_REQUEST-0136,it_access_request,filled_a,de,no,,train,easy,False,none,8042,80420136
SYN-IT_ACCESS_REQUEST-0137,it_access_request,filled_a,de,yes,PERSON;EMAIL_ADDRESS,train,easy,False,none,8042,80420137
SYN-IT_ACCESS_REQUEST-0138,it_access_request,filled_a,de,no,,train,easy,False,none,8042,80420138
SYN-IT_ACCESS_REQUEST-0139,it_access_request,blank,en,no,,train,easy,False,none,8042,80420139
SYN-IT_ACCESS_REQUEST-0140,it_access_request,filled_b,en,no,,train,easy,False,none,8042,80420140
SYN-IT_ACCESS_REQUEST-0141,it_access_request,filled_b,de,no,,train,easy,False,none,8042,80420141
SYN-IT_ACCESS_REQUEST-0142,it_access_request,filled_b,en,no,,train,easy,False,none,8042,80420142
SYN-IT_ACCESS_REQUEST-0143,it_access_request,filled_a,en,no,,train,easy,False,none,8042,80420143
SYN-IT_ACCESS_REQUEST-0144,it_access_request,filled_a,en,no,,train,easy,False,none,8042,80420144
SYN-IT_ACCESS_REQUEST-0145,it_access_request,filled_a,en,no,,train,easy,False,none,8042,80420145
SYN-IT_ACCESS_REQUEST-0146,it_access_request,filled_b,de,no,,train,easy,False,none,8042,80420146
SYN-IT_ACCESS_REQUEST-0147,it_access_request,filled_b,de,no,,train,easy,False,none,8042,80420147
SYN-IT_ACCESS_REQUEST-0148,it_access_request,filled_a,de,no,,test,easy,False,none,8042,80420148
SYN-IT_ACCESS_REQUEST-0149,it_access_request,filled_b,en,no,,test,easy,False,none,8042,80420149
SYN-IT_ACCESS_REQUEST-0150,it_access_request,filled_b,de,no,,test,easy,False,none,8042,80420150
SYN-IT_ACCESS_REQUEST-0151,it_access_request,filled_b,en,no,,train,easy,False,none,8042,80420151
SYN-IT_ACCESS_REQUEST-0152,it_access_request,filled_a,de,no,,validation,easy,False,none,8042,80420152
SYN-IT_ACCESS_REQUEST-0153,it_access_request,filled_a,en,no,,train,easy,False,none,8042,80420153
SYN-IT_ACCESS_REQUEST-0154,it_access_request,filled_a,de,no,,train,easy,False,none,8042,80420154
SYN-IT_ACCESS_REQUEST-0155,it_access_request,filled_b,de,no,,train,easy,False,none,8042,80420155
SYN-IT_ACCESS_REQUEST-0156,it_access_request,filled_a,en,no,,train,easy,False,none,8042,80420156
SYN-IT_ACCESS_REQUEST-0157,it_access_request,filled_b,de,yes,PERSON;URL,train,easy,False,none,8042,80420157
SYN-IT_ACCESS_REQUEST-0158,it_access_request,filled_a,en,no,,validation,easy,False,none,8042,80420158
SYN-IT_ACCESS_REQUEST-0159,it_access_request,filled_a,en,yes,PERSON;IP_ADDRESS,train,easy,False,none,8042,80420159
SYN-IT_ACCESS_REQUEST-0160,it_access_request,filled_a,en,no,,train,easy,False,none,8042,80420160
SYN-IT_ACCESS_REQUEST-0161,it_access_request,filled_b,en,no,,train,easy,False,none,8042,80420161
SYN-IT_ACCESS_REQUEST-0162,it_access_request,filled_a,en,no,,validation,easy,False,none,8042,80420162
SYN-IT_ACCESS_REQUEST-0163,it_access_request,filled_b,en,yes,PERSON,test,easy,False,none,8042,80420163
SYN-IT_ACCESS_REQUEST-0164,it_access_request,filled_b,de,no,,train,easy,False,none,8042,80420164
SYN-IT_ACCESS_REQUEST-0165,it_access_request,filled_b,de,no,,validation,easy,False,none,8042,80420165
SYN-IT_ACCESS_REQUEST-0166,it_access_request,blank,de,no,,test,easy,False,none,8042,80420166
SYN-IT_ACCESS_REQUEST-0167,it_access_request,filled_a,en,no,,train,easy,False,none,8042,80420167
SYN-IT_ACCESS_REQUEST-0168,it_access_request,filled_b,de,no,,train,easy,False,none,8042,80420168
SYN-IT_ACCESS_REQUEST-0169,it_access_request,filled_b,de,no,,train,easy,False,none,8042,80420169
SYN-IT_ACCESS_REQUEST-0170,it_access_request,filled_a,de,no,,train,easy,False,none,8042,80420170
SYN-IT_ACCESS_REQUEST-0171,it_access_request,filled_a,de,no,,train,easy,False,none,8042,80420171
SYN-IT_ACCESS_REQUEST-0172,it_access_request,filled_a,de,no,,test,easy,False,none,8042,80420172
SYN-IT_ACCESS_REQUEST-0173,it_access_request,filled_a,en,no,,train,easy,False,none,8042,80420173
SYN-IT_ACCESS_REQUEST-0174,it_access_request,filled_b,de,no,,train,easy,False,none,8042,80420174
SYN-IT_ACCESS_REQUEST-0175,it_access_request,filled_a,en,no,,test,easy,False,none,8042,80420175
SYN-IT_ACCESS_REQUEST-0176,it_access_request,filled_a,de,no,,validation,easy,False,none,8042,80420176
SYN-IT_ACCESS_REQUEST-0177,it_access_request,filled_b,de,no,,train,easy,False,none,8042,80420177
SYN-IT_ACCESS_REQUEST-0178,it_access_request,filled_b,de,no,,train,easy,False,none,8042,80420178
SYN-IT_ACCESS_REQUEST-0179,it_access_request,filled_a,en,no,,train,easy,False,none,8042,80420179
SYN-IT_ACCESS_REQUEST-0180,it_access_request,filled_b,de,no,,train,easy,False,none,8042,80420180
SYN-IT_ACCESS_REQUEST-0181,it_access_request,filled_b,en,no,,validation,easy,False,none,8042,80420181
SYN-IT_ACCESS_REQUEST-0182,it_access_request,filled_b,en,no,,train,easy,False,none,8042,80420182
SYN-IT_ACCESS_REQUEST-0183,it_access_request,filled_a,de,no,,train,easy,False,none,8042,80420183
SYN-IT_ACCESS_REQUEST-0184,it_access_request,filled_a,en,no,,validation,easy,False,none,8042,80420184
SYN-IT_ACCESS_REQUEST-0185,it_access_request,filled_b,en,no,,train,easy,False,none,8042,80420185
SYN-IT_ACCESS_REQUEST-0186,it_access_request,filled_b,en,no,,train,easy,False,none,8042,80420186
SYN-IT_ACCESS_REQUEST-0187,it_access_request,blank,de,no,,train,easy,False,none,8042,80420187
SYN-IT_ACCESS_REQUEST-0188,it_access_request,filled_a,de,no,,train,easy,False,none,8042,80420188
SYN-IT_ACCESS_REQUEST-0189,it_access_request,filled_a,de,no,,train,easy,False,none,8042,80420189
SYN-IT_ACCESS_REQUEST-0190,it_access_request,filled_b,de,yes,PERSON;URL,train,easy,False,none,8042,80420190
SYN-IT_ACCESS_REQUEST-0191,it_access_request,filled_b,de,no,,train,easy,False,none,8042,80420191
SYN-IT_ACCESS_REQUEST-0192,it_access_request,filled_b,en,no,,train,easy,False,none,8042,80420192
SYN-IT_ACCESS_REQUEST-0193,it_access_request,filled_b,de,no,,train,easy,False,none,8042,80420193
SYN-IT_ACCESS_REQUEST-0194,it_access_request,filled_a,de,no,,train,easy,False,none,8042,80420194
SYN-IT_ACCESS_REQUEST-0195,it_access_request,filled_b,en,no,,validation,easy,False,none,8042,80420195
SYN-IT_ACCESS_REQUEST-0196,it_access_request,filled_b,de,no,,train,easy,False,none,8042,80420196
SYN-IT_ACCESS_REQUEST-0197,it_access_request,filled_b,en,no,,train,easy,False,none,8042,80420197
SYN-IT_ACCESS_REQUEST-0198,it_access_request,filled_a,de,yes,PERSON,train,easy,False,none,8042,80420198
SYN-IT_ACCESS_REQUEST-0199,it_access_request,filled_a,en,no,,train,easy,False,none,8042,80420199
SYN-IT_ACCESS_REQUEST-0200,it_access_request,filled_b,de,no,,train,easy,False,none,8042,80420200
SYN-IT_ACCESS_REQUEST-0201,it_access_request,blank,en,no,,train,easy,False,none,8042,80420201
SYN-IT_ACCESS_REQUEST-0202,it_access_request,filled_a,de,no,,test,easy,False,none,8042,80420202
SYN-IT_ACCESS_REQUEST-0203,it_access_request,filled_b,de,no,,validation,easy,False,none,8042,80420203
SYN-IT_ACCESS_REQUEST-0204,it_access_request,filled_a,de,no,,train,easy,False,none,8042,80420204
SYN-IT_ACCESS_REQUEST-0205,it_access_request,filled_b,de,no,,train,easy,False,none,8042,80420205
SYN-IT_ACCESS_REQUEST-0206,it_access_request,filled_b,de,no,,test,easy,False,none,8042,80420206
SYN-IT_ACCESS_REQUEST-0207,it_access_request,filled_a,en,no,,train,easy,False,none,8042,80420207
SYN-IT_ACCESS_REQUEST-0208,it_access_request,filled_b,en,no,,test,easy,False,none,8042,80420208
SYN-IT_ACCESS_REQUEST-0209,it_access_request,filled_a,en,no,,validation,easy,False,none,8042,80420209
SYN-IT_ACCESS_REQUEST-0210,it_access_request,filled_b,en,no,,train,easy,False,none,8042,80420210
SYN-IT_ACCESS_REQUEST-0211,it_access_request,filled_b,de,no,,train,easy,False,none,8042,80420211
SYN-IT_ACCESS_REQUEST-0212,it_access_request,blank,de,no,,train,easy,False,none,8042,80420212
SYN-IT_ACCESS_REQUEST-0213,it_access_request,filled_a,de,no,,train,easy,False,none,8042,80420213
SYN-IT_ACCESS_REQUEST-0214,it_access_request,filled_a,en,no,,train,easy,False,none,8042,80420214
SYN-IT_ACCESS_REQUEST-0215,it_access_request,filled_a,de,no,,train,easy,False,none,8042,80420215
SYN-IT_ACCESS_REQUEST-0216,it_access_request,filled_a,en,no,,train,easy,False,none,8042,80420216
SYN-IT_ACCESS_REQUEST-0217,it_access_request,filled_b,de,no,,train,easy,False,none,8042,80420217
SYN-IT_ACCESS_REQUEST-0218,it_access_request,filled_a,en,yes,PERSON;IP_ADDRESS,validation,easy,False,none,8042,80420218
SYN-IT_ACCESS_REQUEST-0219,it_access_request,filled_b,de,no,,train,easy,False,none,8042,80420219
SYN-IT_ACCESS_REQUEST-0220,it_access_request,filled_b,en,no,,train,easy,False,none,8042,80420220
SYN-IT_ACCESS_REQUEST-0221,it_access_request,filled_b,en,yes,PERSON;IP_ADDRESS,train,easy,False,none,8042,80420221
SYN-IT_ACCESS_REQUEST-0222,it_access_request,filled_b,en,yes,PERSON;IP_ADDRESS,validation,easy,False,none,8042,80420222
SYN-IT_ACCESS_REQUEST-0223,it_access_request,blank,de,no,,train,easy,False,none,8042,80420223
SYN-IT_ACCESS_REQUEST-0224,it_access_request,filled_b,de,yes,PERSON,train,easy,False,none,8042,80420224
SYN-IT_ACCESS_REQUEST-0225,it_access_request,filled_b,en,no,,train,easy,False,none,8042,80420225
SYN-IT_ACCESS_REQUEST-0226,it_access_request,filled_a,de,no,,train,easy,False,none,8042,80420226
SYN-IT_ACCESS_REQUEST-0227,it_access_request,filled_b,de,yes,PERSON;IP_ADDRESS,test,easy,False,none,8042,80420227
SYN-IT_ACCESS_REQUEST-0228,it_access_request,filled_a,de,no,,train,easy,False,none,8042,80420228
SYN-IT_ACCESS_REQUEST-0229,it_access_request,filled_a,de,no,,train,easy,False,none,8042,80420229
SYN-IT_ACCESS_REQUEST-0230,it_access_request,filled_b,de,no,,train,easy,False,none,8042,80420230
SYN-IT_ACCESS_REQUEST-0231,it_access_request,filled_a,de,no,,train,easy,False,none,8042,80420231
SYN-IT_ACCESS_REQUEST-0232,it_access_request,filled_b,de,no,,train,easy,False,none,8042,80420232
SYN-IT_ACCESS_REQUEST-0233,it_access_request,blank,en,no,,train,easy,False,none,8042,80420233
SYN-IT_ACCESS_REQUEST-0234,it_access_request,filled_a,de,yes,PERSON;IP_ADDRESS,test,easy,False,none,8042,80420234
SYN-IT_ACCESS_REQUEST-0235,it_access_request,filled_a,de,no,,train,easy,False,none,8042,80420235
SYN-IT_ACCESS_REQUEST-0236,it_access_request,filled_a,de,no,,train,easy,False,none,8042,80420236
SYN-IT_ACCESS_REQUEST-0237,it_access_request,filled_b,en,no,,train,easy,False,none,8042,80420237
SYN-IT_ACCESS_REQUEST-0238,it_access_request,filled_b,de,no,,train,easy,False,none,8042,80420238
SYN-IT_ACCESS_REQUEST-0239,it_access_request,filled_a,de,no,,test,easy,False,none,8042,80420239
SYN-IT_ACCESS_REQUEST-0240,it_access_request,filled_a,en,no,,train,easy,False,none,8042,80420240
SYN-IT_ACCESS_REQUEST-0241,it_access_request,filled_b,en,no,,train,easy,False,none,8042,80420241
SYN-IT_ACCESS_REQUEST-0242,it_access_request,filled_b,de,no,,train,easy,False,none,8042,80420242
SYN-IT_ACCESS_REQUEST-0243,it_access_request,filled_a,de,no,,train,easy,False,none,8042,80420243
SYN-IT_ACCESS_REQUEST-0244,it_access_request,filled_a,de,no,,validation,easy,False,none,8042,80420244
SYN-IT_ACCESS_REQUEST-0245,it_access_request,filled_a,de,no,,train,easy,False,none,8042,80420245
SYN-IT_ACCESS_REQUEST-0246,it_access_request,filled_a,en,yes,PERSON;EMAIL_ADDRESS,train,easy,False,none,8042,80420246
SYN-IT_ACCESS_REQUEST-0247,it_access_request,filled_b,en,no,,test,easy,False,none,8042,80420247
SYN-IT_ACCESS_REQUEST-0248,it_access_request,filled_b,en,no,,train,easy,False,none,8042,80420248
SYN-IT_ACCESS_REQUEST-0249,it_access_request,filled_a,en,no,,test,easy,False,none,8042,80420249
SYN-IT_ACCESS_REQUEST-0250,it_access_request,filled_b,en,no,,train,easy,False,none,8042,80420250
SYN-MEDICAL_RECORD-0001,medical_record,occupational_health_note,en,no,,validation,easy,False,none,9042,90420001
SYN-MEDICAL_RECORD-0002,medical_record,occupational_health_note,de,no,,train,easy,False,none,9042,90420002
SYN-MEDICAL_RECORD-0003,medical_record,appointment_summary,en,no,,train,easy,False,none,9042,90420003
SYN-MEDICAL_RECORD-0004,medical_record,occupational_health_note,en,no,,train,easy,False,none,9042,90420004
SYN-MEDICAL_RECORD-0005,medical_record,appointment_summary,de,no,,test,easy,False,none,9042,90420005
SYN-MEDICAL_RECORD-0006,medical_record,appointment_summary,en,yes,PERSON;MEDICAL_LICENSE,train,easy,False,none,9042,90420006
SYN-MEDICAL_RECORD-0007,medical_record,clinical_note,en,no,,train,easy,False,none,9042,90420007
SYN-MEDICAL_RECORD-0008,medical_record,clinical_note,en,no,,train,easy,False,none,9042,90420008
SYN-MEDICAL_RECORD-0009,medical_record,clinical_note,de,no,,train,easy,False,none,9042,90420009
SYN-MEDICAL_RECORD-0010,medical_record,occupational_health_note,de,no,,train,easy,False,none,9042,90420010
SYN-MEDICAL_RECORD-0011,medical_record,appointment_summary,de,no,,train,easy,False,none,9042,90420011
SYN-MEDICAL_RECORD-0012,medical_record,appointment_summary,en,no,,train,easy,False,none,9042,90420012
SYN-MEDICAL_RECORD-0013,medical_record,clinical_note,en,no,,train,easy,False,none,9042,90420013
SYN-MEDICAL_RECORD-0014,medical_record,clinical_note,de,no,,train,easy,False,none,9042,90420014
SYN-MEDICAL_RECORD-0015,medical_record,occupational_health_note,de,no,,train,easy,False,none,9042,90420015
SYN-MEDICAL_RECORD-0016,medical_record,occupational_health_note,en,no,,train,easy,False,none,9042,90420016
SYN-MEDICAL_RECORD-0017,medical_record,appointment_summary,en,no,,train,easy,False,none,9042,90420017
SYN-MEDICAL_RECORD-0018,medical_record,clinical_note,en,no,,train,easy,False,none,9042,90420018
SYN-MEDICAL_RECORD-0019,medical_record,clinical_note,en,no,,test,easy,False,none,9042,90420019
SYN-MEDICAL_RECORD-0020,medical_record,clinical_note,en,no,,test,easy,False,none,9042,90420020
SYN-MEDICAL_RECORD-0021,medical_record,appointment_summary,en,yes,PERSON;LOCATION,train,easy,False,none,9042,90420021
SYN-MEDICAL_RECORD-0022,medical_record,appointment_summary,en,yes,PERSON;MEDICAL_LICENSE,train,easy,False,none,9042,90420022
SYN-MEDICAL_RECORD-0023,medical_record,appointment_summary,de,yes,PERSON;MEDICAL_LICENSE,train,easy,False,none,9042,90420023
SYN-MEDICAL_RECORD-0024,medical_record,clinical_note,de,no,,train,easy,False,none,9042,90420024
SYN-MEDICAL_RECORD-0025,medical_record,appointment_summary,de,no,,train,easy,False,none,9042,90420025
SYN-MEDICAL_RECORD-0026,medical_record,occupational_health_note,de,no,,validation,easy,False,none,9042,90420026
SYN-MEDICAL_RECORD-0027,medical_record,clinical_note,en,no,,train,easy,False,none,9042,90420027
SYN-MEDICAL_RECORD-0028,medical_record,occupational_health_note,en,no,,validation,easy,False,none,9042,90420028
SYN-MEDICAL_RECORD-0029,medical_record,appointment_summary,en,no,,train,easy,False,none,9042,90420029
SYN-MEDICAL_RECORD-0030,medical_record,occupational_health_note,en,no,,train,easy,False,none,9042,90420030
SYN-MEDICAL_RECORD-0031,medical_record,appointment_summary,de,no,,train,easy,False,none,9042,90420031
SYN-MEDICAL_RECORD-0032,medical_record,appointment_summary,en,no,,train,easy,False,none,9042,90420032
SYN-MEDICAL_RECORD-0033,medical_record,occupational_health_note,en,no,,train,easy,False,none,9042,90420033
SYN-MEDICAL_RECORD-0034,medical_record,occupational_health_note,en,no,,validation,easy,False,none,9042,90420034
SYN-MEDICAL_RECORD-0035,medical_record,occupational_health_note,de,yes,PERSON;DATE_TIME,validation,easy,False,none,9042,90420035
SYN-MEDICAL_RECORD-0036,medical_record,clinical_note,de,no,,train,easy,False,none,9042,90420036
SYN-MEDICAL_RECORD-0037,medical_record,clinical_note,en,no,,train,easy,False,none,9042,90420037
SYN-MEDICAL_RECORD-0038,medical_record,appointment_summary,de,no,,train,easy,False,none,9042,90420038
SYN-MEDICAL_RECORD-0039,medical_record,clinical_note,en,yes,PERSON;MEDICAL_LICENSE,validation,easy,False,none,9042,90420039
SYN-MEDICAL_RECORD-0040,medical_record,clinical_note,de,no,,train,easy,False,none,9042,90420040
SYN-MEDICAL_RECORD-0041,medical_record,occupational_health_note,de,no,,train,easy,False,none,9042,90420041
SYN-MEDICAL_RECORD-0042,medical_record,appointment_summary,en,no,,validation,easy,False,none,9042,90420042
SYN-MEDICAL_RECORD-0043,medical_record,clinical_note,de,no,,train,easy,False,none,9042,90420043
SYN-MEDICAL_RECORD-0044,medical_record,clinical_note,de,no,,train,easy,False,none,9042,90420044
SYN-MEDICAL_RECORD-0045,medical_record,appointment_summary,en,yes,PERSON,test,easy,False,none,9042,90420045
SYN-MEDICAL_RECORD-0046,medical_record,clinical_note,en,yes,PERSON;LOCATION,train,easy,False,none,9042,90420046
SYN-MEDICAL_RECORD-0047,medical_record,occupational_health_note,en,no,,test,easy,False,none,9042,90420047
SYN-MEDICAL_RECORD-0048,medical_record,clinical_note,de,yes,PERSON;MEDICAL_LICENSE,train,easy,False,none,9042,90420048
SYN-MEDICAL_RECORD-0049,medical_record,clinical_note,en,no,,train,easy,False,none,9042,90420049
SYN-MEDICAL_RECORD-0050,medical_record,occupational_health_note,en,no,,train,easy,False,none,9042,90420050
SYN-MEDICAL_RECORD-0051,medical_record,occupational_health_note,en,no,,train,easy,False,none,9042,90420051
SYN-MEDICAL_RECORD-0052,medical_record,occupational_health_note,de,no,,train,easy,False,none,9042,90420052
SYN-MEDICAL_RECORD-0053,medical_record,appointment_summary,en,no,,test,easy,False,none,9042,90420053
SYN-MEDICAL_RECORD-0054,medical_record,occupational_health_note,de,no,,train,easy,False,none,9042,90420054
SYN-MEDICAL_RECORD-0055,medical_record,clinical_note,en,no,,train,easy,False,none,9042,90420055
SYN-MEDICAL_RECORD-0056,medical_record,appointment_summary,de,no,,train,easy,False,none,9042,90420056
SYN-MEDICAL_RECORD-0057,medical_record,occupational_health_note,en,yes,PERSON;LOCATION,train,easy,False,none,9042,90420057
SYN-MEDICAL_RECORD-0058,medical_record,appointment_summary,en,no,,train,easy,False,none,9042,90420058
SYN-MEDICAL_RECORD-0059,medical_record,occupational_health_note,de,no,,test,easy,False,none,9042,90420059
SYN-MEDICAL_RECORD-0060,medical_record,clinical_note,en,no,,train,easy,False,none,9042,90420060
SYN-MEDICAL_RECORD-0061,medical_record,occupational_health_note,en,no,,train,easy,False,none,9042,90420061
SYN-MEDICAL_RECORD-0062,medical_record,appointment_summary,en,yes,PERSON;DATE_TIME,validation,easy,False,none,9042,90420062
SYN-MEDICAL_RECORD-0063,medical_record,appointment_summary,de,no,,train,easy,False,none,9042,90420063
SYN-MEDICAL_RECORD-0064,medical_record,occupational_health_note,en,no,,test,easy,False,none,9042,90420064
SYN-MEDICAL_RECORD-0065,medical_record,clinical_note,de,yes,PERSON;MEDICAL_LICENSE,validation,easy,False,none,9042,90420065
SYN-MEDICAL_RECORD-0066,medical_record,clinical_note,de,no,,test,easy,False,none,9042,90420066
SYN-MEDICAL_RECORD-0067,medical_record,appointment_summary,en,yes,PERSON;MEDICAL_LICENSE,train,easy,False,none,9042,90420067
SYN-MEDICAL_RECORD-0068,medical_record,appointment_summary,de,no,,train,easy,False,none,9042,90420068
SYN-MEDICAL_RECORD-0069,medical_record,clinical_note,en,no,,train,easy,False,none,9042,90420069
SYN-MEDICAL_RECORD-0070,medical_record,occupational_health_note,de,no,,train,easy,False,none,9042,90420070
SYN-MEDICAL_RECORD-0071,medical_record,clinical_note,de,no,,train,easy,False,none,9042,90420071
SYN-MEDICAL_RECORD-0072,medical_record,occupational_health_note,en,no,,validation,easy,False,none,9042,90420072
SYN-MEDICAL_RECORD-0073,medical_record,appointment_summary,de,no,,train,easy,False,none,9042,90420073
SYN-MEDICAL_RECORD-0074,medical_record,appointment_summary,en,no,,train,easy,False,none,9042,90420074
SYN-MEDICAL_RECORD-0075,medical_record,clinical_note,en,no,,train,easy,False,none,9042,90420075
SYN-MEDICAL_RECORD-0076,medical_record,occupational_health_note,de,no,,train,easy,False,none,9042,90420076
SYN-MEDICAL_RECORD-0077,medical_record,occupational_health_note,en,no,,train,easy,False,none,9042,90420077
SYN-MEDICAL_RECORD-0078,medical_record,clinical_note,en,no,,train,easy,False,none,9042,90420078
SYN-MEDICAL_RECORD-0079,medical_record,occupational_health_note,en,no,,test,easy,False,none,9042,90420079
SYN-MEDICAL_RECORD-0080,medical_record,appointment_summary,de,no,,train,easy,False,none,9042,90420080
SYN-MEDICAL_RECORD-0081,medical_record,occupational_health_note,de,yes,PERSON;MEDICAL_LICENSE,test,easy,False,none,9042,90420081
SYN-MEDICAL_RECORD-0082,medical_record,occupational_health_note,de,no,,test,easy,False,none,9042,90420082
SYN-MEDICAL_RECORD-0083,medical_record,clinical_note,en,no,,train,easy,False,none,9042,90420083
SYN-MEDICAL_RECORD-0084,medical_record,appointment_summary,de,no,,test,easy,False,none,9042,90420084
SYN-MEDICAL_RECORD-0085,medical_record,clinical_note,de,no,,validation,easy,False,none,9042,90420085
SYN-MEDICAL_RECORD-0086,medical_record,occupational_health_note,de,no,,validation,easy,False,none,9042,90420086
SYN-MEDICAL_RECORD-0087,medical_record,appointment_summary,en,no,,train,easy,False,none,9042,90420087
SYN-MEDICAL_RECORD-0088,medical_record,clinical_note,en,no,,validation,easy,False,none,9042,90420088
SYN-MEDICAL_RECORD-0089,medical_record,occupational_health_note,en,no,,train,easy,False,none,9042,90420089
SYN-MEDICAL_RECORD-0090,medical_record,occupational_health_note,en,no,,train,easy,False,none,9042,90420090
SYN-MEDICAL_RECORD-0091,medical_record,occupational_health_note,en,no,,train,easy,False,none,9042,90420091
SYN-MEDICAL_RECORD-0092,medical_record,clinical_note,en,no,,train,easy,False,none,9042,90420092
SYN-MEDICAL_RECORD-0093,medical_record,appointment_summary,de,no,,train,easy,False,none,9042,90420093
SYN-MEDICAL_RECORD-0094,medical_record,clinical_note,de,no,,train,easy,False,none,9042,90420094
SYN-MEDICAL_RECORD-0095,medical_record,occupational_health_note,de,no,,train,easy,False,none,9042,90420095
SYN-MEDICAL_RECORD-0096,medical_record,clinical_note,de,no,,validation,easy,False,none,9042,90420096
SYN-MEDICAL_RECORD-0097,medical_record,appointment_summary,en,no,,train,easy,False,none,9042,90420097
SYN-MEDICAL_RECORD-0098,medical_record,occupational_health_note,de,no,,train,easy,False,none,9042,90420098
SYN-MEDICAL_RECORD-0099,medical_record,appointment_summary,en,no,,test,easy,False,none,9042,90420099
SYN-MEDICAL_RECORD-0100,medical_record,clinical_note,de,yes,PERSON;MEDICAL_LICENSE,validation,easy,False,none,9042,90420100
SYN-MEDICAL_RECORD-0101,medical_record,clinical_note,en,no,,train,easy,False,none,9042,90420101
SYN-MEDICAL_RECORD-0102,medical_record,clinical_note,en,no,,train,easy,False,none,9042,90420102
SYN-MEDICAL_RECORD-0103,medical_record,clinical_note,en,no,,train,easy,False,none,9042,90420103
SYN-MEDICAL_RECORD-0104,medical_record,appointment_summary,de,no,,train,easy,False,none,9042,90420104
SYN-MEDICAL_RECORD-0105,medical_record,clinical_note,en,no,,test,easy,False,none,9042,90420105
SYN-MEDICAL_RECORD-0106,medical_record,occupational_health_note,de,yes,PERSON;DATE_TIME,train,easy,False,none,9042,90420106
SYN-MEDICAL_RECORD-0107,medical_record,occupational_health_note,de,no,,train,easy,False,none,9042,90420107
SYN-MEDICAL_RECORD-0108,medical_record,clinical_note,en,no,,train,easy,False,none,9042,90420108
SYN-MEDICAL_RECORD-0109,medical_record,occupational_health_note,de,no,,test,easy,False,none,9042,90420109
SYN-MEDICAL_RECORD-0110,medical_record,clinical_note,en,no,,train,easy,False,none,9042,90420110
SYN-MEDICAL_RECORD-0111,medical_record,occupational_health_note,de,yes,PERSON;MEDICAL_LICENSE,train,easy,False,none,9042,90420111
SYN-MEDICAL_RECORD-0112,medical_record,occupational_health_note,en,no,,train,easy,False,none,9042,90420112
SYN-MEDICAL_RECORD-0113,medical_record,occupational_health_note,en,no,,train,easy,False,none,9042,90420113
SYN-MEDICAL_RECORD-0114,medical_record,clinical_note,en,no,,train,easy,False,none,9042,90420114
SYN-MEDICAL_RECORD-0115,medical_record,occupational_health_note,de,no,,test,easy,False,none,9042,90420115
SYN-MEDICAL_RECORD-0116,medical_record,clinical_note,en,no,,test,easy,False,none,9042,90420116
SYN-MEDICAL_RECORD-0117,medical_record,occupational_health_note,en,no,,validation,easy,False,none,9042,90420117
SYN-MEDICAL_RECORD-0118,medical_record,clinical_note,en,yes,PERSON,train,easy,False,none,9042,90420118
SYN-MEDICAL_RECORD-0119,medical_record,appointment_summary,en,no,,validation,easy,False,none,9042,90420119
SYN-MEDICAL_RECORD-0120,medical_record,clinical_note,en,no,,test,easy,False,none,9042,90420120
SYN-MEDICAL_RECORD-0121,medical_record,occupational_health_note,de,no,,train,easy,False,none,9042,90420121
SYN-MEDICAL_RECORD-0122,medical_record,clinical_note,de,no,,validation,easy,False,none,9042,90420122
SYN-MEDICAL_RECORD-0123,medical_record,appointment_summary,de,no,,train,easy,False,none,9042,90420123
SYN-MEDICAL_RECORD-0124,medical_record,occupational_health_note,en,no,,validation,easy,False,none,9042,90420124
SYN-MEDICAL_RECORD-0125,medical_record,clinical_note,en,no,,train,easy,False,none,9042,90420125
SYN-MEDICAL_RECORD-0126,medical_record,clinical_note,de,yes,PERSON;MEDICAL_LICENSE,train,easy,False,none,9042,90420126
SYN-MEDICAL_RECORD-0127,medical_record,appointment_summary,en,no,,train,easy,False,none,9042,90420127
SYN-MEDICAL_RECORD-0128,medical_record,occupational_health_note,en,no,,train,easy,False,none,9042,90420128
SYN-MEDICAL_RECORD-0129,medical_record,appointment_summary,en,no,,train,easy,False,none,9042,90420129
SYN-MEDICAL_RECORD-0130,medical_record,clinical_note,de,no,,train,easy,False,none,9042,90420130
SYN-MEDICAL_RECORD-0131,medical_record,appointment_summary,de,no,,validation,easy,False,none,9042,90420131
SYN-MEDICAL_RECORD-0132,medical_record,appointment_summary,de,no,,train,easy,False,none,9042,90420132
SYN-MEDICAL_RECORD-0133,medical_record,clinical_note,de,no,,train,easy,False,none,9042,90420133
SYN-MEDICAL_RECORD-0134,medical_record,appointment_summary,de,yes,PERSON;MEDICAL_LICENSE,test,easy,False,none,9042,90420134
SYN-MEDICAL_RECORD-0135,medical_record,occupational_health_note,de,yes,PERSON;MEDICAL_LICENSE,train,easy,False,none,9042,90420135
SYN-MEDICAL_RECORD-0136,medical_record,occupational_health_note,de,no,,train,easy,False,none,9042,90420136
SYN-MEDICAL_RECORD-0137,medical_record,occupational_health_note,en,no,,train,easy,False,none,9042,90420137
SYN-MEDICAL_RECORD-0138,medical_record,clinical_note,en,no,,train,easy,False,none,9042,90420138
SYN-MEDICAL_RECORD-0139,medical_record,clinical_note,de,yes,PERSON;LOCATION,test,easy,False,none,9042,90420139
SYN-MEDICAL_RECORD-0140,medical_record,clinical_note,de,no,,test,easy,False,none,9042,90420140
SYN-MEDICAL_RECORD-0141,medical_record,occupational_health_note,de,no,,train,easy,False,none,9042,90420141
SYN-MEDICAL_RECORD-0142,medical_record,clinical_note,de,no,,validation,easy,False,none,9042,90420142
SYN-MEDICAL_RECORD-0143,medical_record,clinical_note,de,no,,test,easy,False,none,9042,90420143
SYN-MEDICAL_RECORD-0144,medical_record,appointment_summary,en,no,,train,easy,False,none,9042,90420144
SYN-MEDICAL_RECORD-0145,medical_record,clinical_note,de,yes,PERSON,train,easy,False,none,9042,90420145
SYN-MEDICAL_RECORD-0146,medical_record,clinical_note,en,no,,train,easy,False,none,9042,90420146
SYN-MEDICAL_RECORD-0147,medical_record,appointment_summary,de,no,,train,easy,False,none,9042,90420147
SYN-MEDICAL_RECORD-0148,medical_record,occupational_health_note,en,no,,test,easy,False,none,9042,90420148
SYN-MEDICAL_RECORD-0149,medical_record,occupational_health_note,en,no,,test,easy,False,none,9042,90420149
SYN-MEDICAL_RECORD-0150,medical_record,appointment_summary,de,no,,validation,easy,False,none,9042,90420150
SYN-MEDICAL_RECORD-0151,medical_record,occupational_health_note,de,yes,PERSON,train,easy,False,none,9042,90420151
SYN-MEDICAL_RECORD-0152,medical_record,occupational_health_note,en,no,,validation,easy,False,none,9042,90420152
SYN-MEDICAL_RECORD-0153,medical_record,occupational_health_note,de,no,,train,easy,False,none,9042,90420153
SYN-MEDICAL_RECORD-0154,medical_record,appointment_summary,en,yes,PERSON;MEDICAL_LICENSE,validation,easy,False,none,9042,90420154
SYN-MEDICAL_RECORD-0155,medical_record,occupational_health_note,de,no,,test,easy,False,none,9042,90420155
SYN-MEDICAL_RECORD-0156,medical_record,appointment_summary,de,no,,train,easy,False,none,9042,90420156
SYN-MEDICAL_RECORD-0157,medical_record,appointment_summary,en,yes,PERSON;LOCATION,validation,easy,False,none,9042,90420157
SYN-MEDICAL_RECORD-0158,medical_record,appointment_summary,en,no,,train,easy,False,none,9042,90420158
SYN-MEDICAL_RECORD-0159,medical_record,appointment_summary,de,no,,validation,easy,False,none,9042,90420159
SYN-MEDICAL_RECORD-0160,medical_record,clinical_note,de,no,,train,easy,False,none,9042,90420160
SYN-MEDICAL_RECORD-0161,medical_record,clinical_note,de,no,,train,easy,False,none,9042,90420161
SYN-MEDICAL_RECORD-0162,medical_record,appointment_summary,en,no,,test,easy,False,none,9042,90420162
SYN-MEDICAL_RECORD-0163,medical_record,appointment_summary,de,no,,test,easy,False,none,9042,90420163
SYN-MEDICAL_RECORD-0164,medical_record,clinical_note,de,no,,train,easy,False,none,9042,90420164
SYN-MEDICAL_RECORD-0165,medical_record,occupational_health_note,en,no,,train,easy,False,none,9042,90420165
SYN-MEDICAL_RECORD-0166,medical_record,clinical_note,de,no,,train,easy,False,none,9042,90420166
SYN-MEDICAL_RECORD-0167,medical_record,occupational_health_note,de,no,,train,easy,False,none,9042,90420167
SYN-MEDICAL_RECORD-0168,medical_record,appointment_summary,de,no,,train,easy,False,none,9042,90420168
SYN-MEDICAL_RECORD-0169,medical_record,appointment_summary,de,no,,train,easy,False,none,9042,90420169
SYN-MEDICAL_RECORD-0170,medical_record,appointment_summary,de,no,,train,easy,False,none,9042,90420170
SYN-MEDICAL_RECORD-0171,medical_record,appointment_summary,en,yes,PERSON;MEDICAL_LICENSE,validation,easy,False,none,9042,90420171
SYN-MEDICAL_RECORD-0172,medical_record,appointment_summary,en,no,,train,easy,False,none,9042,90420172
SYN-MEDICAL_RECORD-0173,medical_record,appointment_summary,de,no,,train,easy,False,none,9042,90420173
SYN-MEDICAL_RECORD-0174,medical_record,occupational_health_note,de,no,,train,easy,False,none,9042,90420174
SYN-MEDICAL_RECORD-0175,medical_record,occupational_health_note,en,no,,train,easy,False,none,9042,90420175
SYN-MEDICAL_RECORD-0176,medical_record,occupational_health_note,en,no,,train,easy,False,none,9042,90420176
SYN-MEDICAL_RECORD-0177,medical_record,occupational_health_note,de,no,,validation,easy,False,none,9042,90420177
SYN-MEDICAL_RECORD-0178,medical_record,clinical_note,en,no,,train,easy,False,none,9042,90420178
SYN-MEDICAL_RECORD-0179,medical_record,occupational_health_note,de,no,,test,easy,False,none,9042,90420179
SYN-MEDICAL_RECORD-0180,medical_record,occupational_health_note,en,no,,train,easy,False,none,9042,90420180
SYN-MEDICAL_RECORD-0181,medical_record,occupational_health_note,en,no,,train,easy,False,none,9042,90420181
SYN-MEDICAL_RECORD-0182,medical_record,occupational_health_note,en,yes,PERSON;MEDICAL_LICENSE,test,easy,False,none,9042,90420182
SYN-MEDICAL_RECORD-0183,medical_record,appointment_summary,en,yes,PERSON,train,easy,False,none,9042,90420183
SYN-MEDICAL_RECORD-0184,medical_record,occupational_health_note,en,yes,PERSON;MEDICAL_LICENSE,test,easy,False,none,9042,90420184
SYN-MEDICAL_RECORD-0185,medical_record,appointment_summary,de,no,,train,easy,False,none,9042,90420185
SYN-MEDICAL_RECORD-0186,medical_record,appointment_summary,de,no,,train,easy,False,none,9042,90420186
SYN-MEDICAL_RECORD-0187,medical_record,appointment_summary,en,no,,train,easy,False,none,9042,90420187
SYN-MEDICAL_RECORD-0188,medical_record,occupational_health_note,de,no,,train,easy,False,none,9042,90420188
SYN-MEDICAL_RECORD-0189,medical_record,occupational_health_note,en,no,,train,easy,False,none,9042,90420189
SYN-MEDICAL_RECORD-0190,medical_record,clinical_note,en,yes,PERSON;MEDICAL_LICENSE,train,easy,False,none,9042,90420190
SYN-MEDICAL_RECORD-0191,medical_record,appointment_summary,de,no,,test,easy,False,none,9042,90420191
SYN-MEDICAL_RECORD-0192,medical_record,appointment_summary,de,yes,PERSON;DATE_TIME,train,easy,False,none,9042,90420192
SYN-MEDICAL_RECORD-0193,medical_record,occupational_health_note,de,no,,train,easy,False,none,9042,90420193
SYN-MEDICAL_RECORD-0194,medical_record,appointment_summary,de,no,,train,easy,False,none,9042,90420194
SYN-MEDICAL_RECORD-0195,medical_record,clinical_note,de,no,,validation,easy,False,none,9042,90420195
SYN-MEDICAL_RECORD-0196,medical_record,clinical_note,en,no,,train,easy,False,none,9042,90420196
SYN-MEDICAL_RECORD-0197,medical_record,appointment_summary,de,yes,PERSON,train,easy,False,none,9042,90420197
SYN-MEDICAL_RECORD-0198,medical_record,occupational_health_note,de,no,,train,easy,False,none,9042,90420198
SYN-MEDICAL_RECORD-0199,medical_record,clinical_note,en,yes,PERSON;MEDICAL_LICENSE,train,easy,False,none,9042,90420199
SYN-MEDICAL_RECORD-0200,medical_record,appointment_summary,de,no,,validation,easy,False,none,9042,90420200
SYN-MEDICAL_RECORD-0201,medical_record,appointment_summary,de,no,,train,easy,False,none,9042,90420201
SYN-MEDICAL_RECORD-0202,medical_record,appointment_summary,en,yes,PERSON;LOCATION,train,easy,False,none,9042,90420202
SYN-MEDICAL_RECORD-0203,medical_record,appointment_summary,de,no,,train,easy,False,none,9042,90420203
SYN-MEDICAL_RECORD-0204,medical_record,occupational_health_note,en,yes,PERSON,train,easy,False,none,9042,90420204
SYN-MEDICAL_RECORD-0205,medical_record,clinical_note,de,yes,PERSON;MEDICAL_LICENSE,train,easy,False,none,9042,90420205
SYN-MEDICAL_RECORD-0206,medical_record,clinical_note,de,no,,train,easy,False,none,9042,90420206
SYN-MEDICAL_RECORD-0207,medical_record,occupational_health_note,de,yes,PERSON;MEDICAL_LICENSE,train,easy,False,none,9042,90420207
SYN-MEDICAL_RECORD-0208,medical_record,occupational_health_note,en,no,,train,easy,False,none,9042,90420208
SYN-MEDICAL_RECORD-0209,medical_record,appointment_summary,en,no,,train,easy,False,none,9042,90420209
SYN-MEDICAL_RECORD-0210,medical_record,occupational_health_note,de,no,,train,easy,False,none,9042,90420210
SYN-MEDICAL_RECORD-0211,medical_record,clinical_note,en,no,,train,easy,False,none,9042,90420211
SYN-MEDICAL_RECORD-0212,medical_record,clinical_note,en,no,,validation,easy,False,none,9042,90420212
SYN-MEDICAL_RECORD-0213,medical_record,clinical_note,en,no,,validation,easy,False,none,9042,90420213
SYN-MEDICAL_RECORD-0214,medical_record,appointment_summary,en,no,,test,easy,False,none,9042,90420214
SYN-MEDICAL_RECORD-0215,medical_record,clinical_note,de,yes,PERSON;DATE_TIME,train,easy,False,none,9042,90420215
SYN-MEDICAL_RECORD-0216,medical_record,clinical_note,en,no,,test,easy,False,none,9042,90420216
SYN-MEDICAL_RECORD-0217,medical_record,appointment_summary,en,no,,train,easy,False,none,9042,90420217
SYN-MEDICAL_RECORD-0218,medical_record,clinical_note,en,no,,train,easy,False,none,9042,90420218
SYN-MEDICAL_RECORD-0219,medical_record,occupational_health_note,en,no,,train,easy,False,none,9042,90420219
SYN-MEDICAL_RECORD-0220,medical_record,clinical_note,de,no,,train,easy,False,none,9042,90420220
SYN-MEDICAL_RECORD-0221,medical_record,appointment_summary,de,no,,train,easy,False,none,9042,90420221
SYN-MEDICAL_RECORD-0222,medical_record,clinical_note,de,yes,PERSON;DATE_TIME,test,easy,False,none,9042,90420222
SYN-MEDICAL_RECORD-0223,medical_record,appointment_summary,de,no,,train,easy,False,none,9042,90420223
SYN-MEDICAL_RECORD-0224,medical_record,clinical_note,en,yes,PERSON,validation,easy,False,none,9042,90420224
SYN-MEDICAL_RECORD-0225,medical_record,occupational_health_note,de,no,,validation,easy,False,none,9042,90420225
SYN-MEDICAL_RECORD-0226,medical_record,clinical_note,de,yes,PERSON;LOCATION,train,easy,False,none,9042,90420226
SYN-MEDICAL_RECORD-0227,medical_record,occupational_health_note,en,no,,train,easy,False,none,9042,90420227
SYN-MEDICAL_RECORD-0228,medical_record,appointment_summary,de,no,,validation,easy,False,none,9042,90420228
SYN-MEDICAL_RECORD-0229,medical_record,clinical_note,en,no,,test,easy,False,none,9042,90420229
SYN-MEDICAL_RECORD-0230,medical_record,clinical_note,en,no,,train,easy,False,none,9042,90420230
SYN-MEDICAL_RECORD-0231,medical_record,appointment_summary,de,no,,train,easy,False,none,9042,90420231
SYN-MEDICAL_RECORD-0232,medical_record,appointment_summary,de,no,,train,easy,False,none,9042,90420232
SYN-MEDICAL_RECORD-0233,medical_record,occupational_health_note,en,no,,train,easy,False,none,9042,90420233
SYN-MEDICAL_RECORD-0234,medical_record,occupational_health_note,de,no,,train,easy,False,none,9042,90420234
SYN-MEDICAL_RECORD-0235,medical_record,clinical_note,en,yes,PERSON;DATE_TIME,train,easy,False,none,9042,90420235
SYN-MEDICAL_RECORD-0236,medical_record,appointment_summary,de,no,,validation,easy,False,none,9042,90420236
SYN-MEDICAL_RECORD-0237,medical_record,appointment_summary,de,no,,train,easy,False,none,9042,90420237
SYN-MEDICAL_RECORD-0238,medical_record,clinical_note,de,no,,train,easy,False,none,9042,90420238
SYN-MEDICAL_RECORD-0239,medical_record,appointment_summary,de,no,,test,easy,False,none,9042,90420239
SYN-MEDICAL_RECORD-0240,medical_record,appointment_summary,en,no,,train,easy,False,none,9042,90420240
SYN-MEDICAL_RECORD-0241,medical_record,appointment_summary,en,no,,train,easy,False,none,9042,90420241
SYN-MEDICAL_RECORD-0242,medical_record,clinical_note,en,no,,validation,easy,False,none,9042,90420242
SYN-MEDICAL_RECORD-0243,medical_record,appointment_summary,en,no,,train,easy,False,none,9042,90420243
SYN-MEDICAL_RECORD-0244,medical_record,clinical_note,en,no,,train,easy,False,none,9042,90420244
SYN-MEDICAL_RECORD-0245,medical_record,occupational_health_note,en,yes,PERSON;MEDICAL_LICENSE,train,easy,False,none,9042,90420245
SYN-MEDICAL_RECORD-0246,medical_record,appointment_summary,de,no,,train,easy,False,none,9042,90420246
SYN-MEDICAL_RECORD-0247,medical_record,clinical_note,de,no,,train,easy,False,none,9042,90420247
SYN-MEDICAL_RECORD-0248,medical_record,appointment_summary,de,no,,train,easy,False,none,9042,90420248
SYN-MEDICAL_RECORD-0249,medical_record,clinical_note,de,yes,PERSON;DATE_TIME,train,easy,False,none,9042,90420249
SYN-MEDICAL_RECORD-0250,medical_record,clinical_note,en,no,,validation,easy,False,none,9042,90420250
SYN-MEETING_NOTES-0001,meeting_notes,formal_minutes,en,no,,train,easy,False,none,10042,100420001
SYN-MEETING_NOTES-0002,meeting_notes,informal_notes,en,no,,validation,easy,False,none,10042,100420002
SYN-MEETING_NOTES-0003,meeting_notes,decision_log,de,no,,train,easy,False,none,10042,100420003
SYN-MEETING_NOTES-0004,meeting_notes,formal_minutes,de,no,,test,easy,False,none,10042,100420004
SYN-MEETING_NOTES-0005,meeting_notes,decision_log,en,no,,train,easy,False,none,10042,100420005
SYN-MEETING_NOTES-0006,meeting_notes,informal_notes,en,no,,test,easy,False,none,10042,100420006
SYN-MEETING_NOTES-0007,meeting_notes,decision_log,de,no,,train,easy,False,none,10042,100420007
SYN-MEETING_NOTES-0008,meeting_notes,informal_notes,en,no,,test,easy,False,none,10042,100420008
SYN-MEETING_NOTES-0009,meeting_notes,formal_minutes,de,no,,train,easy,False,none,10042,100420009
SYN-MEETING_NOTES-0010,meeting_notes,decision_log,en,yes,PERSON,train,easy,False,none,10042,100420010
SYN-MEETING_NOTES-0011,meeting_notes,informal_notes,en,yes,PERSON;EMAIL_ADDRESS,train,easy,False,none,10042,100420011
SYN-MEETING_NOTES-0012,meeting_notes,decision_log,de,no,,train,easy,False,none,10042,100420012
SYN-MEETING_NOTES-0013,meeting_notes,formal_minutes,en,no,,train,easy,False,none,10042,100420013
SYN-MEETING_NOTES-0014,meeting_notes,decision_log,de,no,,train,easy,False,none,10042,100420014
SYN-MEETING_NOTES-0015,meeting_notes,informal_notes,en,no,,validation,easy,False,none,10042,100420015
SYN-MEETING_NOTES-0016,meeting_notes,decision_log,en,no,,validation,easy,False,none,10042,100420016
SYN-MEETING_NOTES-0017,meeting_notes,formal_minutes,de,no,,train,easy,False,none,10042,100420017
SYN-MEETING_NOTES-0018,meeting_notes,decision_log,de,no,,validation,easy,False,none,10042,100420018
SYN-MEETING_NOTES-0019,meeting_notes,formal_minutes,de,no,,train,easy,False,none,10042,100420019
SYN-MEETING_NOTES-0020,meeting_notes,formal_minutes,de,no,,train,easy,False,none,10042,100420020
SYN-MEETING_NOTES-0021,meeting_notes,informal_notes,en,no,,train,easy,False,none,10042,100420021
SYN-MEETING_NOTES-0022,meeting_notes,informal_notes,de,no,,test,easy,False,none,10042,100420022
SYN-MEETING_NOTES-0023,meeting_notes,formal_minutes,en,no,,test,easy,False,none,10042,100420023
SYN-MEETING_NOTES-0024,meeting_notes,informal_notes,de,no,,train,easy,False,none,10042,100420024
SYN-MEETING_NOTES-0025,meeting_notes,formal_minutes,de,no,,validation,easy,False,none,10042,100420025
SYN-MEETING_NOTES-0026,meeting_notes,decision_log,en,no,,test,easy,False,none,10042,100420026
SYN-MEETING_NOTES-0027,meeting_notes,formal_minutes,de,no,,validation,easy,False,none,10042,100420027
SYN-MEETING_NOTES-0028,meeting_notes,decision_log,de,no,,train,easy,False,none,10042,100420028
SYN-MEETING_NOTES-0029,meeting_notes,decision_log,de,no,,train,easy,False,none,10042,100420029
SYN-MEETING_NOTES-0030,meeting_notes,informal_notes,en,no,,train,easy,False,none,10042,100420030
SYN-MEETING_NOTES-0031,meeting_notes,formal_minutes,en,no,,train,easy,False,none,10042,100420031
SYN-MEETING_NOTES-0032,meeting_notes,decision_log,de,no,,train,easy,False,none,10042,100420032
SYN-MEETING_NOTES-0033,meeting_notes,formal_minutes,de,no,,train,easy,False,none,10042,100420033
SYN-MEETING_NOTES-0034,meeting_notes,formal_minutes,de,no,,train,easy,False,none,10042,100420034
SYN-MEETING_NOTES-0035,meeting_notes,informal_notes,en,no,,train,easy,False,none,10042,100420035
SYN-MEETING_NOTES-0036,meeting_notes,formal_minutes,en,no,,train,easy,False,none,10042,100420036
SYN-MEETING_NOTES-0037,meeting_notes,decision_log,de,no,,train,easy,False,none,10042,100420037
SYN-MEETING_NOTES-0038,meeting_notes,formal_minutes,de,no,,validation,easy,False,none,10042,100420038
SYN-MEETING_NOTES-0039,meeting_notes,formal_minutes,de,yes,PERSON;DATE_TIME,train,easy,False,none,10042,100420039
SYN-MEETING_NOTES-0040,meeting_notes,informal_notes,en,no,,validation,easy,False,none,10042,100420040
SYN-MEETING_NOTES-0041,meeting_notes,formal_minutes,en,no,,train,easy,False,none,10042,100420041
SYN-MEETING_NOTES-0042,meeting_notes,formal_minutes,en,yes,PERSON;DATE_TIME,train,easy,False,none,10042,100420042
SYN-MEETING_NOTES-0043,meeting_notes,informal_notes,de,no,,train,easy,False,none,10042,100420043
SYN-MEETING_NOTES-0044,meeting_notes,formal_minutes,en,no,,train,easy,False,none,10042,100420044
SYN-MEETING_NOTES-0045,meeting_notes,decision_log,de,no,,train,easy,False,none,10042,100420045
SYN-MEETING_NOTES-0046,meeting_notes,decision_log,de,no,,validation,easy,False,none,10042,100420046
SYN-MEETING_NOTES-0047,meeting_notes,decision_log,en,no,,test,easy,False,none,10042,100420047
SYN-MEETING_NOTES-0048,meeting_notes,informal_notes,en,no,,test,easy,False,none,10042,100420048
SYN-MEETING_NOTES-0049,meeting_notes,informal_notes,en,no,,train,easy,False,none,10042,100420049
SYN-MEETING_NOTES-0050,meeting_notes,formal_minutes,en,no,,train,easy,False,none,10042,100420050
SYN-MEETING_NOTES-0051,meeting_notes,decision_log,en,no,,train,easy,False,none,10042,100420051
SYN-MEETING_NOTES-0052,meeting_notes,informal_notes,de,no,,train,easy,False,none,10042,100420052
SYN-MEETING_NOTES-0053,meeting_notes,informal_notes,de,no,,train,easy,False,none,10042,100420053
SYN-MEETING_NOTES-0054,meeting_notes,formal_minutes,de,no,,train,easy,False,none,10042,100420054
SYN-MEETING_NOTES-0055,meeting_notes,decision_log,en,no,,train,easy,False,none,10042,100420055
SYN-MEETING_NOTES-0056,meeting_notes,formal_minutes,de,no,,train,easy,False,none,10042,100420056
SYN-MEETING_NOTES-0057,meeting_notes,decision_log,de,yes,PERSON,train,easy,False,none,10042,100420057
SYN-MEETING_NOTES-0058,meeting_notes,formal_minutes,en,no,,validation,easy,False,none,10042,100420058
SYN-MEETING_NOTES-0059,meeting_notes,decision_log,en,no,,train,easy,False,none,10042,100420059
SYN-MEETING_NOTES-0060,meeting_notes,informal_notes,de,no,,validation,easy,False,none,10042,100420060
SYN-MEETING_NOTES-0061,meeting_notes,informal_notes,en,no,,train,easy,False,none,10042,100420061
SYN-MEETING_NOTES-0062,meeting_notes,informal_notes,en,no,,test,easy,False,none,10042,100420062
SYN-MEETING_NOTES-0063,meeting_notes,decision_log,de,no,,train,easy,False,none,10042,100420063
SYN-MEETING_NOTES-0064,meeting_notes,formal_minutes,de,no,,validation,easy,False,none,10042,100420064
SYN-MEETING_NOTES-0065,meeting_notes,formal_minutes,en,no,,train,easy,False,none,10042,100420065
SYN-MEETING_NOTES-0066,meeting_notes,formal_minutes,de,yes,PERSON,train,easy,False,none,10042,100420066
SYN-MEETING_NOTES-0067,meeting_notes,informal_notes,en,no,,train,easy,False,none,10042,100420067
SYN-MEETING_NOTES-0068,meeting_notes,decision_log,en,no,,train,easy,False,none,10042,100420068
SYN-MEETING_NOTES-0069,meeting_notes,formal_minutes,de,no,,train,easy,False,none,10042,100420069
SYN-MEETING_NOTES-0070,meeting_notes,informal_notes,de,no,,test,easy,False,none,10042,100420070
SYN-MEETING_NOTES-0071,meeting_notes,informal_notes,de,yes,PERSON;DATE_TIME,validation,easy,False,none,10042,100420071
SYN-MEETING_NOTES-0072,meeting_notes,informal_notes,en,no,,train,easy,False,none,10042,100420072
SYN-MEETING_NOTES-0073,meeting_notes,informal_notes,de,no,,train,easy,False,none,10042,100420073
SYN-MEETING_NOTES-0074,meeting_notes,informal_notes,de,yes,LOCATION;DATE_TIME,test,easy,False,none,10042,100420074
SYN-MEETING_NOTES-0075,meeting_notes,informal_notes,en,no,,train,easy,False,none,10042,100420075
SYN-MEETING_NOTES-0076,meeting_notes,informal_notes,en,no,,train,easy,False,none,10042,100420076
SYN-MEETING_NOTES-0077,meeting_notes,decision_log,en,no,,test,easy,False,none,10042,100420077
SYN-MEETING_NOTES-0078,meeting_notes,informal_notes,de,no,,train,easy,False,none,10042,100420078
SYN-MEETING_NOTES-0079,meeting_notes,formal_minutes,de,no,,train,easy,False,none,10042,100420079
SYN-MEETING_NOTES-0080,meeting_notes,decision_log,en,no,,train,easy,False,none,10042,100420080
SYN-MEETING_NOTES-0081,meeting_notes,informal_notes,de,no,,train,easy,False,none,10042,100420081
SYN-MEETING_NOTES-0082,meeting_notes,decision_log,en,yes,PERSON;EMAIL_ADDRESS,train,easy,False,none,10042,100420082
SYN-MEETING_NOTES-0083,meeting_notes,formal_minutes,en,yes,LOCATION;DATE_TIME,train,easy,False,none,10042,100420083
SYN-MEETING_NOTES-0084,meeting_notes,formal_minutes,de,no,,test,easy,False,none,10042,100420084
SYN-MEETING_NOTES-0085,meeting_notes,informal_notes,de,no,,validation,easy,False,none,10042,100420085
SYN-MEETING_NOTES-0086,meeting_notes,informal_notes,de,no,,train,easy,False,none,10042,100420086
SYN-MEETING_NOTES-0087,meeting_notes,decision_log,de,no,,train,easy,False,none,10042,100420087
SYN-MEETING_NOTES-0088,meeting_notes,decision_log,en,no,,validation,easy,False,none,10042,100420088
SYN-MEETING_NOTES-0089,meeting_notes,informal_notes,de,no,,train,easy,False,none,10042,100420089
SYN-MEETING_NOTES-0090,meeting_notes,formal_minutes,de,no,,train,easy,False,none,10042,100420090
SYN-MEETING_NOTES-0091,meeting_notes,informal_notes,de,no,,validation,easy,False,none,10042,100420091
SYN-MEETING_NOTES-0092,meeting_notes,formal_minutes,de,no,,train,easy,False,none,10042,100420092
SYN-MEETING_NOTES-0093,meeting_notes,formal_minutes,en,no,,train,easy,False,none,10042,100420093
SYN-MEETING_NOTES-0094,meeting_notes,informal_notes,de,no,,train,easy,False,none,10042,100420094
SYN-MEETING_NOTES-0095,meeting_notes,informal_notes,de,no,,train,easy,False,none,10042,100420095
SYN-MEETING_NOTES-0096,meeting_notes,informal_notes,en,no,,train,easy,False,none,10042,100420096
SYN-MEETING_NOTES-0097,meeting_notes,decision_log,en,no,,train,easy,False,none,10042,100420097
SYN-MEETING_NOTES-0098,meeting_notes,formal_minutes,en,no,,train,easy,False,none,10042,100420098
SYN-MEETING_NOTES-0099,meeting_notes,decision_log,en,no,,train,easy,False,none,10042,100420099
SYN-MEETING_NOTES-0100,meeting_notes,decision_log,de,no,,train,easy,False,none,10042,100420100
SYN-MEETING_NOTES-0101,meeting_notes,formal_minutes,de,no,,test,easy,False,none,10042,100420101
SYN-MEETING_NOTES-0102,meeting_notes,informal_notes,de,no,,validation,easy,False,none,10042,100420102
SYN-MEETING_NOTES-0103,meeting_notes,informal_notes,en,no,,train,easy,False,none,10042,100420103
SYN-MEETING_NOTES-0104,meeting_notes,informal_notes,de,yes,PERSON;DATE_TIME,train,easy,False,none,10042,100420104
SYN-MEETING_NOTES-0105,meeting_notes,decision_log,en,no,,train,easy,False,none,10042,100420105
SYN-MEETING_NOTES-0106,meeting_notes,decision_log,de,no,,train,easy,False,none,10042,100420106
SYN-MEETING_NOTES-0107,meeting_notes,informal_notes,de,no,,train,easy,False,none,10042,100420107
SYN-MEETING_NOTES-0108,meeting_notes,decision_log,en,no,,train,easy,False,none,10042,100420108
SYN-MEETING_NOTES-0109,meeting_notes,formal_minutes,en,no,,test,easy,False,none,10042,100420109
SYN-MEETING_NOTES-0110,meeting_notes,formal_minutes,de,no,,train,easy,False,none,10042,100420110
SYN-MEETING_NOTES-0111,meeting_notes,decision_log,de,no,,test,easy,False,none,10042,100420111
SYN-MEETING_NOTES-0112,meeting_notes,decision_log,de,no,,test,easy,False,none,10042,100420112
SYN-MEETING_NOTES-0113,meeting_notes,decision_log,en,no,,train,easy,False,none,10042,100420113
SYN-MEETING_NOTES-0114,meeting_notes,informal_notes,en,no,,train,easy,False,none,10042,100420114
SYN-MEETING_NOTES-0115,meeting_notes,informal_notes,de,no,,train,easy,False,none,10042,100420115
SYN-MEETING_NOTES-0116,meeting_notes,decision_log,en,no,,train,easy,False,none,10042,100420116
SYN-MEETING_NOTES-0117,meeting_notes,formal_minutes,en,no,,train,easy,False,none,10042,100420117
SYN-MEETING_NOTES-0118,meeting_notes,decision_log,en,yes,PERSON,test,easy,False,none,10042,100420118
SYN-MEETING_NOTES-0119,meeting_notes,formal_minutes,en,no,,train,easy,False,none,10042,100420119
SYN-MEETING_NOTES-0120,meeting_notes,decision_log,en,no,,train,easy,False,none,10042,100420120
SYN-MEETING_NOTES-0121,meeting_notes,informal_notes,en,no,,train,easy,False,none,10042,100420121
SYN-MEETING_NOTES-0122,meeting_notes,decision_log,de,no,,train,easy,False,none,10042,100420122
SYN-MEETING_NOTES-0123,meeting_notes,decision_log,en,no,,train,easy,False,none,10042,100420123
SYN-MEETING_NOTES-0124,meeting_notes,decision_log,en,no,,train,easy,False,none,10042,100420124
SYN-MEETING_NOTES-0125,meeting_notes,formal_minutes,de,no,,validation,easy,False,none,10042,100420125
SYN-MEETING_NOTES-0126,meeting_notes,decision_log,de,no,,test,easy,False,none,10042,100420126
SYN-MEETING_NOTES-0127,meeting_notes,informal_notes,en,no,,train,easy,False,none,10042,100420127
SYN-MEETING_NOTES-0128,meeting_notes,decision_log,en,no,,train,easy,False,none,10042,100420128
SYN-MEETING_NOTES-0129,meeting_notes,decision_log,de,no,,train,easy,False,none,10042,100420129
SYN-MEETING_NOTES-0130,meeting_notes,decision_log,en,no,,train,easy,False,none,10042,100420130
SYN-MEETING_NOTES-0131,meeting_notes,formal_minutes,de,no,,train,easy,False,none,10042,100420131
SYN-MEETING_NOTES-0132,meeting_notes,formal_minutes,de,no,,train,easy,False,none,10042,100420132
SYN-MEETING_NOTES-0133,meeting_notes,decision_log,en,no,,train,easy,False,none,10042,100420133
SYN-MEETING_NOTES-0134,meeting_notes,formal_minutes,en,yes,PERSON;DATE_TIME,train,easy,False,none,10042,100420134
SYN-MEETING_NOTES-0135,meeting_notes,informal_notes,en,no,,train,easy,False,none,10042,100420135
SYN-MEETING_NOTES-0136,meeting_notes,informal_notes,de,no,,train,easy,False,none,10042,100420136
SYN-MEETING_NOTES-0137,meeting_notes,formal_minutes,de,no,,validation,easy,False,none,10042,100420137
SYN-MEETING_NOTES-0138,meeting_notes,formal_minutes,de,no,,train,easy,False,none,10042,100420138
SYN-MEETING_NOTES-0139,meeting_notes,formal_minutes,en,no,,train,easy,False,none,10042,100420139
SYN-MEETING_NOTES-0140,meeting_notes,formal_minutes,en,no,,test,easy,False,none,10042,100420140
SYN-MEETING_NOTES-0141,meeting_notes,decision_log,en,no,,test,easy,False,none,10042,100420141
SYN-MEETING_NOTES-0142,meeting_notes,formal_minutes,de,no,,train,easy,False,none,10042,100420142
SYN-MEETING_NOTES-0143,meeting_notes,informal_notes,de,no,,validation,easy,False,none,10042,100420143
SYN-MEETING_NOTES-0144,meeting_notes,formal_minutes,de,no,,train,easy,False,none,10042,100420144
SYN-MEETING_NOTES-0145,meeting_notes,formal_minutes,de,no,,train,easy,False,none,10042,100420145
SYN-MEETING_NOTES-0146,meeting_notes,decision_log,de,no,,train,easy,False,none,10042,100420146
SYN-MEETING_NOTES-0147,meeting_notes,informal_notes,de,yes,PERSON;DATE_TIME,train,easy,False,none,10042,100420147
SYN-MEETING_NOTES-0148,meeting_notes,formal_minutes,de,no,,train,easy,False,none,10042,100420148
SYN-MEETING_NOTES-0149,meeting_notes,decision_log,de,no,,train,easy,False,none,10042,100420149
SYN-MEETING_NOTES-0150,meeting_notes,informal_notes,en,no,,validation,easy,False,none,10042,100420150
SYN-MEETING_NOTES-0151,meeting_notes,informal_notes,de,no,,train,easy,False,none,10042,100420151
SYN-MEETING_NOTES-0152,meeting_notes,decision_log,en,no,,validation,easy,False,none,10042,100420152
SYN-MEETING_NOTES-0153,meeting_notes,formal_minutes,en,no,,train,easy,False,none,10042,100420153
SYN-MEETING_NOTES-0154,meeting_notes,decision_log,de,no,,train,easy,False,none,10042,100420154
SYN-MEETING_NOTES-0155,meeting_notes,formal_minutes,de,no,,train,easy,False,none,10042,100420155
SYN-MEETING_NOTES-0156,meeting_notes,informal_notes,de,no,,train,easy,False,none,10042,100420156
SYN-MEETING_NOTES-0157,meeting_notes,informal_notes,en,no,,train,easy,False,none,10042,100420157
SYN-MEETING_NOTES-0158,meeting_notes,informal_notes,en,yes,LOCATION;DATE_TIME,train,easy,False,none,10042,100420158
SYN-MEETING_NOTES-0159,meeting_notes,informal_notes,de,no,,test,easy,False,none,10042,100420159
SYN-MEETING_NOTES-0160,meeting_notes,informal_notes,de,no,,train,easy,False,none,10042,100420160
SYN-MEETING_NOTES-0161,meeting_notes,formal_minutes,en,yes,PERSON;DATE_TIME,test,easy,False,none,10042,100420161
SYN-MEETING_NOTES-0162,meeting_notes,formal_minutes,de,no,,validation,easy,False,none,10042,100420162
SYN-MEETING_NOTES-0163,meeting_notes,informal_notes,en,no,,train,easy,False,none,10042,100420163
SYN-MEETING_NOTES-0164,meeting_notes,decision_log,en,no,,train,easy,False,none,10042,100420164
SYN-MEETING_NOTES-0165,meeting_notes,decision_log,en,no,,train,easy,False,none,10042,100420165
SYN-MEETING_NOTES-0166,meeting_notes,informal_notes,en,no,,train,easy,False,none,10042,100420166
SYN-MEETING_NOTES-0167,meeting_notes,formal_minutes,de,no,,train,easy,False,none,10042,100420167
SYN-MEETING_NOTES-0168,meeting_notes,formal_minutes,en,no,,train,easy,False,none,10042,100420168
SYN-MEETING_NOTES-0169,meeting_notes,informal_notes,en,no,,train,easy,False,none,10042,100420169
SYN-MEETING_NOTES-0170,meeting_notes,formal_minutes,en,no,,train,easy,False,none,10042,100420170
SYN-MEETING_NOTES-0171,meeting_notes,formal_minutes,en,yes,PERSON;EMAIL_ADDRESS,validation,easy,False,none,10042,100420171
SYN-MEETING_NOTES-0172,meeting_notes,decision_log,en,no,,test,easy,False,none,10042,100420172
SYN-MEETING_NOTES-0173,meeting_notes,formal_minutes,de,yes,LOCATION;DATE_TIME,train,easy,False,none,10042,100420173
SYN-MEETING_NOTES-0174,meeting_notes,informal_notes,de,no,,train,easy,False,none,10042,100420174
SYN-MEETING_NOTES-0175,meeting_notes,decision_log,en,no,,train,easy,False,none,10042,100420175
SYN-MEETING_NOTES-0176,meeting_notes,informal_notes,en,yes,LOCATION;DATE_TIME,train,easy,False,none,10042,100420176
SYN-MEETING_NOTES-0177,meeting_notes,informal_notes,en,no,,train,easy,False,none,10042,100420177
SYN-MEETING_NOTES-0178,meeting_notes,formal_minutes,en,no,,test,easy,False,none,10042,100420178
SYN-MEETING_NOTES-0179,meeting_notes,decision_log,en,no,,train,easy,False,none,10042,100420179
SYN-MEETING_NOTES-0180,meeting_notes,formal_minutes,de,no,,train,easy,False,none,10042,100420180
SYN-MEETING_NOTES-0181,meeting_notes,informal_notes,en,no,,train,easy,False,none,10042,100420181
SYN-MEETING_NOTES-0182,meeting_notes,formal_minutes,de,no,,test,easy,False,none,10042,100420182
SYN-MEETING_NOTES-0183,meeting_notes,informal_notes,en,no,,train,easy,False,none,10042,100420183
SYN-MEETING_NOTES-0184,meeting_notes,informal_notes,de,yes,PERSON;DATE_TIME,validation,easy,False,none,10042,100420184
SYN-MEETING_NOTES-0185,meeting_notes,informal_notes,en,no,,test,easy,False,none,10042,100420185
SYN-MEETING_NOTES-0186,meeting_notes,decision_log,de,no,,test,easy,False,none,10042,100420186
SYN-MEETING_NOTES-0187,meeting_notes,formal_minutes,en,no,,train,easy,False,none,10042,100420187
SYN-MEETING_NOTES-0188,meeting_notes,informal_notes,de,no,,test,easy,False,none,10042,100420188
SYN-MEETING_NOTES-0189,meeting_notes,informal_notes,de,no,,train,easy,False,none,10042,100420189
SYN-MEETING_NOTES-0190,meeting_notes,formal_minutes,de,no,,train,easy,False,none,10042,100420190
SYN-MEETING_NOTES-0191,meeting_notes,decision_log,de,no,,train,easy,False,none,10042,100420191
SYN-MEETING_NOTES-0192,meeting_notes,formal_minutes,en,no,,train,easy,False,none,10042,100420192
SYN-MEETING_NOTES-0193,meeting_notes,decision_log,de,yes,PERSON;EMAIL_ADDRESS,train,easy,False,none,10042,100420193
SYN-MEETING_NOTES-0194,meeting_notes,formal_minutes,de,no,,train,easy,False,none,10042,100420194
SYN-MEETING_NOTES-0195,meeting_notes,decision_log,de,yes,PERSON,train,easy,False,none,10042,100420195
SYN-MEETING_NOTES-0196,meeting_notes,formal_minutes,en,yes,LOCATION;DATE_TIME,validation,easy,False,none,10042,100420196
SYN-MEETING_NOTES-0197,meeting_notes,decision_log,en,no,,train,easy,False,none,10042,100420197
SYN-MEETING_NOTES-0198,meeting_notes,formal_minutes,de,yes,PERSON,train,easy,False,none,10042,100420198
SYN-MEETING_NOTES-0199,meeting_notes,decision_log,en,no,,train,easy,False,none,10042,100420199
SYN-MEETING_NOTES-0200,meeting_notes,formal_minutes,en,no,,validation,easy,False,none,10042,100420200
SYN-MEETING_NOTES-0201,meeting_notes,formal_minutes,en,no,,validation,easy,False,none,10042,100420201
SYN-MEETING_NOTES-0202,meeting_notes,decision_log,de,no,,train,easy,False,none,10042,100420202
SYN-MEETING_NOTES-0203,meeting_notes,decision_log,en,no,,validation,easy,False,none,10042,100420203
SYN-MEETING_NOTES-0204,meeting_notes,decision_log,en,no,,train,easy,False,none,10042,100420204
SYN-MEETING_NOTES-0205,meeting_notes,decision_log,en,no,,validation,easy,False,none,10042,100420205
SYN-MEETING_NOTES-0206,meeting_notes,informal_notes,en,no,,validation,easy,False,none,10042,100420206
SYN-MEETING_NOTES-0207,meeting_notes,decision_log,de,no,,test,easy,False,none,10042,100420207
SYN-MEETING_NOTES-0208,meeting_notes,informal_notes,de,no,,train,easy,False,none,10042,100420208
SYN-MEETING_NOTES-0209,meeting_notes,formal_minutes,en,no,,train,easy,False,none,10042,100420209
SYN-MEETING_NOTES-0210,meeting_notes,informal_notes,en,no,,validation,easy,False,none,10042,100420210
SYN-MEETING_NOTES-0211,meeting_notes,formal_minutes,de,no,,train,easy,False,none,10042,100420211
SYN-MEETING_NOTES-0212,meeting_notes,informal_notes,de,no,,train,easy,False,none,10042,100420212
SYN-MEETING_NOTES-0213,meeting_notes,decision_log,en,no,,validation,easy,False,none,10042,100420213
SYN-MEETING_NOTES-0214,meeting_notes,informal_notes,en,no,,train,easy,False,none,10042,100420214
SYN-MEETING_NOTES-0215,meeting_notes,formal_minutes,de,no,,validation,easy,False,none,10042,100420215
SYN-MEETING_NOTES-0216,meeting_notes,formal_minutes,de,no,,train,easy,False,none,10042,100420216
SYN-MEETING_NOTES-0217,meeting_notes,decision_log,de,no,,test,easy,False,none,10042,100420217
SYN-MEETING_NOTES-0218,meeting_notes,decision_log,en,yes,LOCATION;DATE_TIME,train,easy,False,none,10042,100420218
SYN-MEETING_NOTES-0219,meeting_notes,formal_minutes,de,no,,train,easy,False,none,10042,100420219
SYN-MEETING_NOTES-0220,meeting_notes,formal_minutes,de,no,,train,easy,False,none,10042,100420220
SYN-MEETING_NOTES-0221,meeting_notes,decision_log,en,yes,PERSON,validation,easy,False,none,10042,100420221
SYN-MEETING_NOTES-0222,meeting_notes,decision_log,de,no,,train,easy,False,none,10042,100420222
SYN-MEETING_NOTES-0223,meeting_notes,informal_notes,en,no,,test,easy,False,none,10042,100420223
SYN-MEETING_NOTES-0224,meeting_notes,informal_notes,de,no,,train,easy,False,none,10042,100420224
SYN-MEETING_NOTES-0225,meeting_notes,formal_minutes,en,no,,test,easy,False,none,10042,100420225
SYN-MEETING_NOTES-0226,meeting_notes,informal_notes,de,no,,train,easy,False,none,10042,100420226
SYN-MEETING_NOTES-0227,meeting_notes,formal_minutes,en,no,,train,easy,False,none,10042,100420227
SYN-MEETING_NOTES-0228,meeting_notes,informal_notes,de,yes,PERSON;EMAIL_ADDRESS,train,easy,False,none,10042,100420228
SYN-MEETING_NOTES-0229,meeting_notes,informal_notes,en,yes,PERSON;EMAIL_ADDRESS,train,easy,False,none,10042,100420229
SYN-MEETING_NOTES-0230,meeting_notes,decision_log,en,no,,train,easy,False,none,10042,100420230
SYN-MEETING_NOTES-0231,meeting_notes,formal_minutes,en,no,,test,easy,False,none,10042,100420231
SYN-MEETING_NOTES-0232,meeting_notes,formal_minutes,de,no,,test,easy,False,none,10042,100420232
SYN-MEETING_NOTES-0233,meeting_notes,formal_minutes,de,no,,train,easy,False,none,10042,100420233
SYN-MEETING_NOTES-0234,meeting_notes,decision_log,de,no,,validation,easy,False,none,10042,100420234
SYN-MEETING_NOTES-0235,meeting_notes,decision_log,de,no,,train,easy,False,none,10042,100420235
SYN-MEETING_NOTES-0236,meeting_notes,informal_notes,en,no,,train,easy,False,none,10042,100420236
SYN-MEETING_NOTES-0237,meeting_notes,formal_minutes,de,yes,PERSON;EMAIL_ADDRESS,test,easy,False,none,10042,100420237
SYN-MEETING_NOTES-0238,meeting_notes,informal_notes,en,no,,train,easy,False,none,10042,100420238
SYN-MEETING_NOTES-0239,meeting_notes,decision_log,en,no,,train,easy,False,none,10042,100420239
SYN-MEETING_NOTES-0240,meeting_notes,decision_log,de,no,,train,easy,False,none,10042,100420240
SYN-MEETING_NOTES-0241,meeting_notes,informal_notes,en,no,,train,easy,False,none,10042,100420241
SYN-MEETING_NOTES-0242,meeting_notes,informal_notes,de,no,,test,easy,False,none,10042,100420242
SYN-MEETING_NOTES-0243,meeting_notes,formal_minutes,en,no,,train,easy,False,none,10042,100420243
SYN-MEETING_NOTES-0244,meeting_notes,informal_notes,de,no,,train,easy,False,none,10042,100420244
SYN-MEETING_NOTES-0245,meeting_notes,decision_log,en,yes,PERSON,train,easy,False,none,10042,100420245
SYN-MEETING_NOTES-0246,meeting_notes,decision_log,en,no,,validation,easy,False,none,10042,100420246
SYN-MEETING_NOTES-0247,meeting_notes,decision_log,en,no,,train,easy,False,none,10042,100420247
SYN-MEETING_NOTES-0248,meeting_notes,formal_minutes,en,no,,train,easy,False,none,10042,100420248
SYN-MEETING_NOTES-0249,meeting_notes,decision_log,en,no,,validation,easy,False,none,10042,100420249
SYN-MEETING_NOTES-0250,meeting_notes,informal_notes,en,no,,train,easy,False,none,10042,100420250
SYN-PASSPORT_RECORD-0001,passport_record,identity_check,en,no,,train,easy,False,none,11042,110420001
SYN-PASSPORT_RECORD-0002,passport_record,identity_check,de,no,,train,easy,False,none,11042,110420002
SYN-PASSPORT_RECORD-0003,passport_record,identity_check,de,yes,PASSPORT,train,easy,False,none,11042,110420003
SYN-PASSPORT_RECORD-0004,passport_record,travel_document_record,de,yes,PERSON;PASSPORT;NRP,validation,easy,False,none,11042,110420004
SYN-PASSPORT_RECORD-0005,passport_record,verification_note,de,no,,train,easy,False,none,11042,110420005
SYN-PASSPORT_RECORD-0006,passport_record,verification_note,en,yes,PERSON;PASSPORT,train,easy,False,none,11042,110420006
SYN-PASSPORT_RECORD-0007,passport_record,travel_document_record,en,no,,train,easy,False,none,11042,110420007
SYN-PASSPORT_RECORD-0008,passport_record,verification_note,de,no,,train,easy,False,none,11042,110420008
SYN-PASSPORT_RECORD-0009,passport_record,travel_document_record,en,no,,train,easy,False,none,11042,110420009
SYN-PASSPORT_RECORD-0010,passport_record,verification_note,de,no,,train,easy,False,none,11042,110420010
SYN-PASSPORT_RECORD-0011,passport_record,verification_note,en,no,,train,easy,False,none,11042,110420011
SYN-PASSPORT_RECORD-0012,passport_record,verification_note,en,yes,PERSON;PASSPORT;NRP,train,easy,False,none,11042,110420012
SYN-PASSPORT_RECORD-0013,passport_record,verification_note,en,no,,test,easy,False,none,11042,110420013
SYN-PASSPORT_RECORD-0014,passport_record,verification_note,en,no,,train,easy,False,none,11042,110420014
SYN-PASSPORT_RECORD-0015,passport_record,identity_check,en,no,,validation,easy,False,none,11042,110420015
SYN-PASSPORT_RECORD-0016,passport_record,identity_check,en,no,,train,easy,False,none,11042,110420016
SYN-PASSPORT_RECORD-0017,passport_record,identity_check,en,no,,train,easy,False,none,11042,110420017
SYN-PASSPORT_RECORD-0018,passport_record,identity_check,en,yes,PERSON;PASSPORT;NRP,validation,easy,False,none,11042,110420018
SYN-PASSPORT_RECORD-0019,passport_record,travel_document_record,de,no,,validation,easy,False,none,11042,110420019
SYN-PASSPORT_RECORD-0020,passport_record,identity_check,de,no,,train,easy,False,none,11042,110420020
SYN-PASSPORT_RECORD-0021,passport_record,identity_check,de,no,,train,easy,False,none,11042,110420021
SYN-PASSPORT_RECORD-0022,passport_record,identity_check,de,no,,validation,easy,False,none,11042,110420022
SYN-PASSPORT_RECORD-0023,passport_record,identity_check,en,yes,PERSON;PASSPORT,validation,easy,False,none,11042,110420023
SYN-PASSPORT_RECORD-0024,passport_record,travel_document_record,en,yes,PERSON;PASSPORT;NRP,validation,easy,False,none,11042,110420024
SYN-PASSPORT_RECORD-0025,passport_record,identity_check,en,no,,train,easy,False,none,11042,110420025
SYN-PASSPORT_RECORD-0026,passport_record,identity_check,de,yes,PERSON;PASSPORT;NRP,train,easy,False,none,11042,110420026
SYN-PASSPORT_RECORD-0027,passport_record,travel_document_record,en,no,,train,easy,False,none,11042,110420027
SYN-PASSPORT_RECORD-0028,passport_record,verification_note,en,no,,test,easy,False,none,11042,110420028
SYN-PASSPORT_RECORD-0029,passport_record,verification_note,en,no,,train,easy,False,none,11042,110420029
SYN-PASSPORT_RECORD-0030,passport_record,verification_note,de,no,,train,easy,False,none,11042,110420030
SYN-PASSPORT_RECORD-0031,passport_record,verification_note,en,no,,validation,easy,False,none,11042,110420031
SYN-PASSPORT_RECORD-0032,passport_record,identity_check,en,no,,train,easy,False,none,11042,110420032
SYN-PASSPORT_RECORD-0033,passport_record,identity_check,en,no,,validation,easy,False,none,11042,110420033
SYN-PASSPORT_RECORD-0034,passport_record,verification_note,en,yes,PASSPORT,train,easy,False,none,11042,110420034
SYN-PASSPORT_RECORD-0035,passport_record,travel_document_record,de,no,,train,easy,False,none,11042,110420035
SYN-PASSPORT_RECORD-0036,passport_record,identity_check,en,no,,train,easy,False,none,11042,110420036
SYN-PASSPORT_RECORD-0037,passport_record,travel_document_record,en,no,,train,easy,False,none,11042,110420037
SYN-PASSPORT_RECORD-0038,passport_record,identity_check,en,no,,train,easy,False,none,11042,110420038
SYN-PASSPORT_RECORD-0039,passport_record,verification_note,en,no,,test,easy,False,none,11042,110420039
SYN-PASSPORT_RECORD-0040,passport_record,travel_document_record,de,yes,PERSON;PASSPORT;NRP,train,easy,False,none,11042,110420040
SYN-PASSPORT_RECORD-0041,passport_record,verification_note,de,yes,PERSON;PASSPORT;NRP,train,easy,False,none,11042,110420041
SYN-PASSPORT_RECORD-0042,passport_record,verification_note,en,yes,PERSON;PASSPORT,train,easy,False,none,11042,110420042
SYN-PASSPORT_RECORD-0043,passport_record,verification_note,de,yes,PERSON;DATE_TIME,train,easy,False,none,11042,110420043
SYN-PASSPORT_RECORD-0044,passport_record,travel_document_record,de,no,,test,easy,False,none,11042,110420044
SYN-PASSPORT_RECORD-0045,passport_record,verification_note,de,no,,train,easy,False,none,11042,110420045
SYN-PASSPORT_RECORD-0046,passport_record,verification_note,en,no,,train,easy,False,none,11042,110420046
SYN-PASSPORT_RECORD-0047,passport_record,travel_document_record,en,no,,test,easy,False,none,11042,110420047
SYN-PASSPORT_RECORD-0048,passport_record,verification_note,en,no,,validation,easy,False,none,11042,110420048
SYN-PASSPORT_RECORD-0049,passport_record,verification_note,de,no,,train,easy,False,none,11042,110420049
SYN-PASSPORT_RECORD-0050,passport_record,identity_check,en,yes,PERSON;PASSPORT;NRP,train,easy,False,none,11042,110420050
SYN-PASSPORT_RECORD-0051,passport_record,identity_check,de,no,,test,easy,False,none,11042,110420051
SYN-PASSPORT_RECORD-0052,passport_record,identity_check,de,no,,test,easy,False,none,11042,110420052
SYN-PASSPORT_RECORD-0053,passport_record,travel_document_record,de,yes,PERSON;PASSPORT;NRP,validation,easy,False,none,11042,110420053
SYN-PASSPORT_RECORD-0054,passport_record,identity_check,en,no,,train,easy,False,none,11042,110420054
SYN-PASSPORT_RECORD-0055,passport_record,verification_note,en,no,,train,easy,False,none,11042,110420055
SYN-PASSPORT_RECORD-0056,passport_record,verification_note,de,no,,train,easy,False,none,11042,110420056
SYN-PASSPORT_RECORD-0057,passport_record,identity_check,en,no,,train,easy,False,none,11042,110420057
SYN-PASSPORT_RECORD-0058,passport_record,identity_check,en,no,,train,easy,False,none,11042,110420058
SYN-PASSPORT_RECORD-0059,passport_record,verification_note,en,yes,PERSON;PASSPORT;NRP,train,easy,False,none,11042,110420059
SYN-PASSPORT_RECORD-0060,passport_record,identity_check,de,no,,train,easy,False,none,11042,110420060
SYN-PASSPORT_RECORD-0061,passport_record,verification_note,de,no,,test,easy,False,none,11042,110420061
SYN-PASSPORT_RECORD-0062,passport_record,verification_note,de,no,,train,easy,False,none,11042,110420062
SYN-PASSPORT_RECORD-0063,passport_record,travel_document_record,de,no,,train,easy,False,none,11042,110420063
SYN-PASSPORT_RECORD-0064,passport_record,identity_check,en,yes,PERSON;PASSPORT;NRP,train,easy,False,none,11042,110420064
SYN-PASSPORT_RECORD-0065,passport_record,identity_check,de,no,,train,easy,False,none,11042,110420065
SYN-PASSPORT_RECORD-0066,passport_record,verification_note,en,no,,train,easy,False,none,11042,110420066
SYN-PASSPORT_RECORD-0067,passport_record,verification_note,de,no,,train,easy,False,none,11042,110420067
SYN-PASSPORT_RECORD-0068,passport_record,verification_note,de,no,,test,easy,False,none,11042,110420068
SYN-PASSPORT_RECORD-0069,passport_record,verification_note,en,no,,train,easy,False,none,11042,110420069
SYN-PASSPORT_RECORD-0070,passport_record,verification_note,de,no,,train,easy,False,none,11042,110420070
SYN-PASSPORT_RECORD-0071,passport_record,travel_document_record,en,no,,train,easy,False,none,11042,110420071
SYN-PASSPORT_RECORD-0072,passport_record,travel_document_record,de,no,,validation,easy,False,none,11042,110420072
SYN-PASSPORT_RECORD-0073,passport_record,identity_check,en,no,,validation,easy,False,none,11042,110420073
SYN-PASSPORT_RECORD-0074,passport_record,travel_document_record,en,no,,train,easy,False,none,11042,110420074
SYN-PASSPORT_RECORD-0075,passport_record,identity_check,en,no,,test,easy,False,none,11042,110420075
SYN-PASSPORT_RECORD-0076,passport_record,travel_document_record,de,no,,train,easy,False,none,11042,110420076
SYN-PASSPORT_RECORD-0077,passport_record,travel_document_record,en,no,,train,easy,False,none,11042,110420077
SYN-PASSPORT_RECORD-0078,passport_record,verification_note,de,no,,train,easy,False,none,11042,110420078
SYN-PASSPORT_RECORD-0079,passport_record,verification_note,de,no,,train,easy,False,none,11042,110420079
SYN-PASSPORT_RECORD-0080,passport_record,verification_note,de,no,,test,easy,False,none,11042,110420080
SYN-PASSPORT_RECORD-0081,passport_record,travel_document_record,en,no,,validation,easy,False,none,11042,110420081
SYN-PASSPORT_RECORD-0082,passport_record,identity_check,de,no,,test,easy,False,none,11042,110420082
SYN-PASSPORT_RECORD-0083,passport_record,identity_check,en,no,,validation,easy,False,none,11042,110420083
SYN-PASSPORT_RECORD-0084,passport_record,identity_check,de,yes,PERSON;PASSPORT;NRP,train,easy,False,none,11042,110420084
SYN-PASSPORT_RECORD-0085,passport_record,identity_check,en,no,,validation,easy,False,none,11042,110420085
SYN-PASSPORT_RECORD-0086,passport_record,identity_check,en,no,,train,easy,False,none,11042,110420086
SYN-PASSPORT_RECORD-0087,passport_record,identity_check,en,yes,PERSON;PASSPORT;NRP,test,easy,False,none,11042,110420087
SYN-PASSPORT_RECORD-0088,passport_record,verification_note,de,no,,train,easy,False,none,11042,110420088
SYN-PASSPORT_RECORD-0089,passport_record,verification_note,en,no,,validation,easy,False,none,11042,110420089
SYN-PASSPORT_RECORD-0090,passport_record,travel_document_record,de,no,,train,easy,False,none,11042,110420090
SYN-PASSPORT_RECORD-0091,passport_record,verification_note,en,no,,train,easy,False,none,11042,110420091
SYN-PASSPORT_RECORD-0092,passport_record,travel_document_record,en,no,,train,easy,False,none,11042,110420092
SYN-PASSPORT_RECORD-0093,passport_record,travel_document_record,en,no,,train,easy,False,none,11042,110420093
SYN-PASSPORT_RECORD-0094,passport_record,verification_note,en,yes,PERSON;PASSPORT;NRP,train,easy,False,none,11042,110420094
SYN-PASSPORT_RECORD-0095,passport_record,travel_document_record,en,no,,train,easy,False,none,11042,110420095
SYN-PASSPORT_RECORD-0096,passport_record,identity_check,de,yes,PERSON;DATE_TIME,train,easy,False,none,11042,110420096
SYN-PASSPORT_RECORD-0097,passport_record,travel_document_record,de,no,,validation,easy,False,none,11042,110420097
SYN-PASSPORT_RECORD-0098,passport_record,identity_check,en,no,,train,easy,False,none,11042,110420098
SYN-PASSPORT_RECORD-0099,passport_record,travel_document_record,en,no,,train,easy,False,none,11042,110420099
SYN-PASSPORT_RECORD-0100,passport_record,travel_document_record,en,no,,validation,easy,False,none,11042,110420100
SYN-PASSPORT_RECORD-0101,passport_record,identity_check,en,no,,train,easy,False,none,11042,110420101
SYN-PASSPORT_RECORD-0102,passport_record,verification_note,en,no,,train,easy,False,none,11042,110420102
SYN-PASSPORT_RECORD-0103,passport_record,verification_note,de,no,,test,easy,False,none,11042,110420103
SYN-PASSPORT_RECORD-0104,passport_record,travel_document_record,de,yes,PERSON;PASSPORT;NRP,train,easy,False,none,11042,110420104
SYN-PASSPORT_RECORD-0105,passport_record,travel_document_record,de,no,,test,easy,False,none,11042,110420105
SYN-PASSPORT_RECORD-0106,passport_record,travel_document_record,de,no,,test,easy,False,none,11042,110420106
SYN-PASSPORT_RECORD-0107,passport_record,identity_check,en,no,,train,easy,False,none,11042,110420107
SYN-PASSPORT_RECORD-0108,passport_record,travel_document_record,de,no,,train,easy,False,none,11042,110420108
SYN-PASSPORT_RECORD-0109,passport_record,identity_check,en,no,,train,easy,False,none,11042,110420109
SYN-PASSPORT_RECORD-0110,passport_record,verification_note,en,no,,train,easy,False,none,11042,110420110
SYN-PASSPORT_RECORD-0111,passport_record,verification_note,de,no,,test,easy,False,none,11042,110420111
SYN-PASSPORT_RECORD-0112,passport_record,verification_note,de,no,,validation,easy,False,none,11042,110420112
SYN-PASSPORT_RECORD-0113,passport_record,identity_check,de,no,,train,easy,False,none,11042,110420113
SYN-PASSPORT_RECORD-0114,passport_record,travel_document_record,en,no,,train,easy,False,none,11042,110420114
SYN-PASSPORT_RECORD-0115,passport_record,travel_document_record,en,no,,train,easy,False,none,11042,110420115
SYN-PASSPORT_RECORD-0116,passport_record,verification_note,en,no,,train,easy,False,none,11042,110420116
SYN-PASSPORT_RECORD-0117,passport_record,identity_check,en,no,,train,easy,False,none,11042,110420117
SYN-PASSPORT_RECORD-0118,passport_record,travel_document_record,en,yes,PERSON;DATE_TIME,train,easy,False,none,11042,110420118
SYN-PASSPORT_RECORD-0119,passport_record,identity_check,de,yes,PERSON;PASSPORT;NRP,train,easy,False,none,11042,110420119
SYN-PASSPORT_RECORD-0120,passport_record,travel_document_record,en,no,,train,easy,False,none,11042,110420120
SYN-PASSPORT_RECORD-0121,passport_record,identity_check,en,no,,train,easy,False,none,11042,110420121
SYN-PASSPORT_RECORD-0122,passport_record,identity_check,de,no,,validation,easy,False,none,11042,110420122
SYN-PASSPORT_RECORD-0123,passport_record,travel_document_record,en,no,,train,easy,False,none,11042,110420123
SYN-PASSPORT_RECORD-0124,passport_record,identity_check,en,no,,train,easy,False,none,11042,110420124
SYN-PASSPORT_RECORD-0125,passport_record,verification_note,de,no,,train,easy,False,none,11042,110420125
SYN-PASSPORT_RECORD-0126,passport_record,verification_note,en,no,,validation,easy,False,none,11042,110420126
SYN-PASSPORT_RECORD-0127,passport_record,verification_note,en,no,,train,easy,False,none,11042,110420127
SYN-PASSPORT_RECORD-0128,passport_record,travel_document_record,en,no,,train,easy,False,none,11042,110420128
SYN-PASSPORT_RECORD-0129,passport_record,travel_document_record,en,no,,train,easy,False,none,11042,110420129
SYN-PASSPORT_RECORD-0130,passport_record,verification_note,en,yes,PERSON;PASSPORT;NRP,train,easy,False,none,11042,110420130
SYN-PASSPORT_RECORD-0131,passport_record,verification_note,de,no,,validation,easy,False,none,11042,110420131
SYN-PASSPORT_RECORD-0132,passport_record,travel_document_record,en,no,,train,easy,False,none,11042,110420132
SYN-PASSPORT_RECORD-0133,passport_record,travel_document_record,de,yes,PERSON;PASSPORT;NRP,test,easy,False,none,11042,110420133
SYN-PASSPORT_RECORD-0134,passport_record,identity_check,de,no,,train,easy,False,none,11042,110420134
SYN-PASSPORT_RECORD-0135,passport_record,verification_note,de,no,,train,easy,False,none,11042,110420135
SYN-PASSPORT_RECORD-0136,passport_record,travel_document_record,de,no,,train,easy,False,none,11042,110420136
SYN-PASSPORT_RECORD-0137,passport_record,identity_check,en,yes,PERSON;PASSPORT,test,easy,False,none,11042,110420137
SYN-PASSPORT_RECORD-0138,passport_record,identity_check,de,no,,train,easy,False,none,11042,110420138
SYN-PASSPORT_RECORD-0139,passport_record,verification_note,de,no,,train,easy,False,none,11042,110420139
SYN-PASSPORT_RECORD-0140,passport_record,verification_note,en,no,,train,easy,False,none,11042,110420140
SYN-PASSPORT_RECORD-0141,passport_record,verification_note,en,yes,PERSON;PASSPORT;NRP,validation,easy,False,none,11042,110420141
SYN-PASSPORT_RECORD-0142,passport_record,identity_check,de,no,,train,easy,False,none,11042,110420142
SYN-PASSPORT_RECORD-0143,passport_record,verification_note,de,yes,PERSON;DATE_TIME,validation,easy,False,none,11042,110420143
SYN-PASSPORT_RECORD-0144,passport_record,identity_check,en,no,,train,easy,False,none,11042,110420144
SYN-PASSPORT_RECORD-0145,passport_record,verification_note,en,no,,train,easy,False,none,11042,110420145
SYN-PASSPORT_RECORD-0146,passport_record,travel_document_record,en,no,,train,easy,False,none,11042,110420146
SYN-PASSPORT_RECORD-0147,passport_record,travel_document_record,en,no,,train,easy,False,none,11042,110420147
SYN-PASSPORT_RECORD-0148,passport_record,identity_check,de,no,,train,easy,False,none,11042,110420148
SYN-PASSPORT_RECORD-0149,passport_record,verification_note,en,yes,PERSON;PASSPORT;NRP,train,easy,False,none,11042,110420149
SYN-PASSPORT_RECORD-0150,passport_record,verification_note,de,no,,validation,easy,False,none,11042,110420150
SYN-PASSPORT_RECORD-0151,passport_record,travel_document_record,en,no,,train,easy,False,none,11042,110420151
SYN-PASSPORT_RECORD-0152,passport_record,travel_document_record,en,no,,test,easy,False,none,11042,110420152
SYN-PASSPORT_RECORD-0153,passport_record,identity_check,en,no,,test,easy,False,none,11042,110420153
SYN-PASSPORT_RECORD-0154,passport_record,travel_document_record,de,no,,test,easy,False,none,11042,110420154
SYN-PASSPORT_RECORD-0155,passport_record,verification_note,en,yes,PERSON;PASSPORT;NRP,train,easy,False,none,11042,110420155
SYN-PASSPORT_RECORD-0156,passport_record,verification_note,de,yes,PERSON;PASSPORT;NRP,test,easy,False,none,11042,110420156
SYN-PASSPORT_RECORD-0157,passport_record,travel_document_record,de,no,,train,easy,False,none,11042,110420157
SYN-PASSPORT_RECORD-0158,passport_record,identity_check,en,no,,train,easy,False,none,11042,110420158
SYN-PASSPORT_RECORD-0159,passport_record,verification_note,de,no,,train,easy,False,none,11042,110420159
SYN-PASSPORT_RECORD-0160,passport_record,travel_document_record,en,yes,PERSON;DATE_TIME,train,easy,False,none,11042,110420160
SYN-PASSPORT_RECORD-0161,passport_record,identity_check,de,no,,train,easy,False,none,11042,110420161
SYN-PASSPORT_RECORD-0162,passport_record,travel_document_record,de,no,,validation,easy,False,none,11042,110420162
SYN-PASSPORT_RECORD-0163,passport_record,verification_note,de,yes,PERSON;PASSPORT,train,easy,False,none,11042,110420163
SYN-PASSPORT_RECORD-0164,passport_record,identity_check,de,no,,validation,easy,False,none,11042,110420164
SYN-PASSPORT_RECORD-0165,passport_record,identity_check,de,no,,train,easy,False,none,11042,110420165
SYN-PASSPORT_RECORD-0166,passport_record,identity_check,en,yes,PASSPORT,test,easy,False,none,11042,110420166
SYN-PASSPORT_RECORD-0167,passport_record,travel_document_record,en,no,,validation,easy,False,none,11042,110420167
SYN-PASSPORT_RECORD-0168,passport_record,travel_document_record,de,no,,train,easy,False,none,11042,110420168
SYN-PASSPORT_RECORD-0169,passport_record,identity_check,en,no,,train,easy,False,none,11042,110420169
SYN-PASSPORT_RECORD-0170,passport_record,verification_note,de,yes,PERSON;PASSPORT;NRP,train,easy,False,none,11042,110420170
SYN-PASSPORT_RECORD-0171,passport_record,identity_check,de,no,,train,easy,False,none,11042,110420171
SYN-PASSPORT_RECORD-0172,passport_record,verification_note,en,no,,validation,easy,False,none,11042,110420172
SYN-PASSPORT_RECORD-0173,passport_record,identity_check,de,yes,PERSON;PASSPORT;NRP,train,easy,False,none,11042,110420173
SYN-PASSPORT_RECORD-0174,passport_record,identity_check,de,yes,PERSON;PASSPORT;NRP,train,easy,False,none,11042,110420174
SYN-PASSPORT_RECORD-0175,passport_record,travel_document_record,de,no,,train,easy,False,none,11042,110420175
SYN-PASSPORT_RECORD-0176,passport_record,travel_document_record,de,no,,validation,easy,False,none,11042,110420176
SYN-PASSPORT_RECORD-0177,passport_record,travel_document_record,en,no,,train,easy,False,none,11042,110420177
SYN-PASSPORT_RECORD-0178,passport_record,verification_note,en,no,,test,easy,False,none,11042,110420178
SYN-PASSPORT_RECORD-0179,passport_record,identity_check,de,no,,train,easy,False,none,11042,110420179
SYN-PASSPORT_RECORD-0180,passport_record,verification_note,de,yes,PERSON;PASSPORT;NRP,train,easy,False,none,11042,110420180
SYN-PASSPORT_RECORD-0181,passport_record,travel_document_record,en,yes,PERSON;DATE_TIME,train,easy,False,none,11042,110420181
SYN-PASSPORT_RECORD-0182,passport_record,travel_document_record,de,no,,train,easy,False,none,11042,110420182
SYN-PASSPORT_RECORD-0183,passport_record,verification_note,en,no,,train,easy,False,none,11042,110420183
SYN-PASSPORT_RECORD-0184,passport_record,verification_note,de,no,,test,easy,False,none,11042,110420184
SYN-PASSPORT_RECORD-0185,passport_record,verification_note,de,no,,train,easy,False,none,11042,110420185
SYN-PASSPORT_RECORD-0186,passport_record,travel_document_record,de,no,,train,easy,False,none,11042,110420186
SYN-PASSPORT_RECORD-0187,passport_record,identity_check,de,no,,train,easy,False,none,11042,110420187
SYN-PASSPORT_RECORD-0188,passport_record,identity_check,de,no,,test,easy,False,none,11042,110420188
SYN-PASSPORT_RECORD-0189,passport_record,identity_check,en,no,,train,easy,False,none,11042,110420189
SYN-PASSPORT_RECORD-0190,passport_record,travel_document_record,de,no,,train,easy,False,none,11042,110420190
SYN-PASSPORT_RECORD-0191,passport_record,travel_document_record,de,yes,PASSPORT,train,easy,False,none,11042,110420191
SYN-PASSPORT_RECORD-0192,passport_record,identity_check,en,yes,PASSPORT,train,easy,False,none,11042,110420192
SYN-PASSPORT_RECORD-0193,passport_record,identity_check,de,no,,train,easy,False,none,11042,110420193
SYN-PASSPORT_RECORD-0194,passport_record,verification_note,de,no,,train,easy,False,none,11042,110420194
SYN-PASSPORT_RECORD-0195,passport_record,travel_document_record,en,no,,train,easy,False,none,11042,110420195
SYN-PASSPORT_RECORD-0196,passport_record,verification_note,de,no,,train,easy,False,none,11042,110420196
SYN-PASSPORT_RECORD-0197,passport_record,verification_note,de,no,,train,easy,False,none,11042,110420197
SYN-PASSPORT_RECORD-0198,passport_record,travel_document_record,en,yes,PASSPORT,validation,easy,False,none,11042,110420198
SYN-PASSPORT_RECORD-0199,passport_record,travel_document_record,de,yes,PERSON;DATE_TIME,test,easy,False,none,11042,110420199
SYN-PASSPORT_RECORD-0200,passport_record,verification_note,de,yes,PERSON;PASSPORT,train,easy,False,none,11042,110420200
SYN-PASSPORT_RECORD-0201,passport_record,verification_note,de,no,,train,easy,False,none,11042,110420201
SYN-PASSPORT_RECORD-0202,passport_record,identity_check,en,no,,test,easy,False,none,11042,110420202
SYN-PASSPORT_RECORD-0203,passport_record,travel_document_record,en,no,,test,easy,False,none,11042,110420203
SYN-PASSPORT_RECORD-0204,passport_record,travel_document_record,en,no,,test,easy,False,none,11042,110420204
SYN-PASSPORT_RECORD-0205,passport_record,identity_check,de,yes,PERSON;PASSPORT;NRP,train,easy,False,none,11042,110420205
SYN-PASSPORT_RECORD-0206,passport_record,verification_note,de,no,,train,easy,False,none,11042,110420206
SYN-PASSPORT_RECORD-0207,passport_record,travel_document_record,de,yes,PERSON;PASSPORT;NRP,train,easy,False,none,11042,110420207
SYN-PASSPORT_RECORD-0208,passport_record,travel_document_record,en,no,,train,easy,False,none,11042,110420208
SYN-PASSPORT_RECORD-0209,passport_record,identity_check,de,yes,PERSON;PASSPORT;NRP,train,easy,False,none,11042,110420209
SYN-PASSPORT_RECORD-0210,passport_record,identity_check,de,no,,validation,easy,False,none,11042,110420210
SYN-PASSPORT_RECORD-0211,passport_record,travel_document_record,en,yes,PERSON;PASSPORT;NRP,train,easy,False,none,11042,110420211
SYN-PASSPORT_RECORD-0212,passport_record,travel_document_record,de,no,,train,easy,False,none,11042,110420212
SYN-PASSPORT_RECORD-0213,passport_record,identity_check,de,no,,train,easy,False,none,11042,110420213
SYN-PASSPORT_RECORD-0214,passport_record,identity_check,en,no,,train,easy,False,none,11042,110420214
SYN-PASSPORT_RECORD-0215,passport_record,identity_check,de,no,,train,easy,False,none,11042,110420215
SYN-PASSPORT_RECORD-0216,passport_record,travel_document_record,de,no,,train,easy,False,none,11042,110420216
SYN-PASSPORT_RECORD-0217,passport_record,verification_note,en,no,,test,easy,False,none,11042,110420217
SYN-PASSPORT_RECORD-0218,passport_record,travel_document_record,en,yes,PERSON;PASSPORT,train,easy,False,none,11042,110420218
SYN-PASSPORT_RECORD-0219,passport_record,travel_document_record,en,no,,train,easy,False,none,11042,110420219
SYN-PASSPORT_RECORD-0220,passport_record,travel_document_record,en,yes,PERSON;PASSPORT;NRP,test,easy,False,none,11042,110420220
SYN-PASSPORT_RECORD-0221,passport_record,identity_check,en,no,,train,easy,False,none,11042,110420221
SYN-PASSPORT_RECORD-0222,passport_record,travel_document_record,de,no,,train,easy,False,none,11042,110420222
SYN-PASSPORT_RECORD-0223,passport_record,identity_check,de,yes,PERSON;PASSPORT;NRP,train,easy,False,none,11042,110420223
SYN-PASSPORT_RECORD-0224,passport_record,travel_document_record,en,no,,train,easy,False,none,11042,110420224
SYN-PASSPORT_RECORD-0225,passport_record,verification_note,de,no,,validation,easy,False,none,11042,110420225
SYN-PASSPORT_RECORD-0226,passport_record,travel_document_record,de,yes,PASSPORT,train,easy,False,none,11042,110420226
SYN-PASSPORT_RECORD-0227,passport_record,verification_note,de,no,,train,easy,False,none,11042,110420227
SYN-PASSPORT_RECORD-0228,passport_record,travel_document_record,de,yes,PERSON;PASSPORT;NRP,train,easy,False,none,11042,110420228
SYN-PASSPORT_RECORD-0229,passport_record,verification_note,en,no,,train,easy,False,none,11042,110420229
SYN-PASSPORT_RECORD-0230,passport_record,travel_document_record,de,no,,train,easy,False,none,11042,110420230
SYN-PASSPORT_RECORD-0231,passport_record,verification_note,en,yes,PERSON;PASSPORT;NRP,test,easy,False,none,11042,110420231
SYN-PASSPORT_RECORD-0232,passport_record,travel_document_record,en,no,,train,easy,False,none,11042,110420232
SYN-PASSPORT_RECORD-0233,passport_record,verification_note,en,no,,train,easy,False,none,11042,110420233
SYN-PASSPORT_RECORD-0234,passport_record,travel_document_record,en,no,,validation,easy,False,none,11042,110420234
SYN-PASSPORT_RECORD-0235,passport_record,identity_check,en,no,,test,easy,False,none,11042,110420235
SYN-PASSPORT_RECORD-0236,passport_record,travel_document_record,de,yes,PERSON;PASSPORT;NRP,validation,easy,False,none,11042,110420236
SYN-PASSPORT_RECORD-0237,passport_record,verification_note,en,no,,train,easy,False,none,11042,110420237
SYN-PASSPORT_RECORD-0238,passport_record,identity_check,de,yes,PERSON;PASSPORT;NRP,train,easy,False,none,11042,110420238
SYN-PASSPORT_RECORD-0239,passport_record,verification_note,de,no,,train,easy,False,none,11042,110420239
SYN-PASSPORT_RECORD-0240,passport_record,verification_note,de,no,,train,easy,False,none,11042,110420240
SYN-PASSPORT_RECORD-0241,passport_record,identity_check,de,no,,validation,easy,False,none,11042,110420241
SYN-PASSPORT_RECORD-0242,passport_record,identity_check,de,no,,train,easy,False,none,11042,110420242
SYN-PASSPORT_RECORD-0243,passport_record,identity_check,en,yes,PERSON;PASSPORT,train,easy,False,none,11042,110420243
SYN-PASSPORT_RECORD-0244,passport_record,verification_note,de,yes,PERSON;PASSPORT;NRP,train,easy,False,none,11042,110420244
SYN-PASSPORT_RECORD-0245,passport_record,identity_check,en,no,,test,easy,False,none,11042,110420245
SYN-PASSPORT_RECORD-0246,passport_record,travel_document_record,en,no,,train,easy,False,none,11042,110420246
SYN-PASSPORT_RECORD-0247,passport_record,travel_document_record,de,no,,train,easy,False,none,11042,110420247
SYN-PASSPORT_RECORD-0248,passport_record,travel_document_record,de,no,,test,easy,False,none,11042,110420248
SYN-PASSPORT_RECORD-0249,passport_record,travel_document_record,en,no,,validation,easy,False,none,11042,110420249
SYN-PASSPORT_RECORD-0250,passport_record,verification_note,de,no,,train,easy,False,none,11042,110420250
SYN-SUPPLIER_ONBOARDING-0001,supplier_onboarding,filled_b,de,no,,train,easy,False,none,12042,120420001
SYN-SUPPLIER_ONBOARDING-0002,supplier_onboarding,filled_a,en,no,,validation,easy,False,none,12042,120420002
SYN-SUPPLIER_ONBOARDING-0003,supplier_onboarding,filled_a,de,no,,train,easy,False,none,12042,120420003
SYN-SUPPLIER_ONBOARDING-0004,supplier_onboarding,filled_b,en,no,,train,easy,False,none,12042,120420004
SYN-SUPPLIER_ONBOARDING-0005,supplier_onboarding,filled_a,de,no,,train,easy,False,none,12042,120420005
SYN-SUPPLIER_ONBOARDING-0006,supplier_onboarding,filled_a,en,no,,train,easy,False,none,12042,120420006
SYN-SUPPLIER_ONBOARDING-0007,supplier_onboarding,filled_b,en,yes,PERSON;IBAN_CODE,train,easy,False,none,12042,120420007
SYN-SUPPLIER_ONBOARDING-0008,supplier_onboarding,filled_b,en,yes,PERSON;IBAN_CODE,validation,easy,False,none,12042,120420008
SYN-SUPPLIER_ONBOARDING-0009,supplier_onboarding,filled_b,en,no,,train,easy,False,none,12042,120420009
SYN-SUPPLIER_ONBOARDING-0010,supplier_onboarding,filled_b,en,no,,train,easy,False,none,12042,120420010
SYN-SUPPLIER_ONBOARDING-0011,supplier_onboarding,filled_a,en,no,,train,easy,False,none,12042,120420011
SYN-SUPPLIER_ONBOARDING-0012,supplier_onboarding,filled_b,en,no,,train,easy,False,none,12042,120420012
SYN-SUPPLIER_ONBOARDING-0013,supplier_onboarding,filled_a,de,no,,train,easy,False,none,12042,120420013
SYN-SUPPLIER_ONBOARDING-0014,supplier_onboarding,filled_a,en,yes,PERSON;NRP,train,easy,False,none,12042,120420014
SYN-SUPPLIER_ONBOARDING-0015,supplier_onboarding,filled_b,en,yes,PERSON;MEDICAL_LICENSE,train,easy,False,none,12042,120420015
SYN-SUPPLIER_ONBOARDING-0016,supplier_onboarding,filled_b,en,no,,train,easy,False,none,12042,120420016
SYN-SUPPLIER_ONBOARDING-0017,supplier_onboarding,filled_b,en,no,,validation,easy,False,none,12042,120420017
SYN-SUPPLIER_ONBOARDING-0018,supplier_onboarding,filled_a,de,no,,test,easy,False,none,12042,120420018
SYN-SUPPLIER_ONBOARDING-0019,supplier_onboarding,filled_a,de,yes,PERSON;EMAIL_ADDRESS,validation,easy,False,none,12042,120420019
SYN-SUPPLIER_ONBOARDING-0020,supplier_onboarding,filled_a,de,no,,train,easy,False,none,12042,120420020
SYN-SUPPLIER_ONBOARDING-0021,supplier_onboarding,filled_a,de,no,,train,easy,False,none,12042,120420021
SYN-SUPPLIER_ONBOARDING-0022,supplier_onboarding,filled_b,en,no,,validation,easy,False,none,12042,120420022
SYN-SUPPLIER_ONBOARDING-0023,supplier_onboarding,filled_b,en,no,,train,easy,False,none,12042,120420023
SYN-SUPPLIER_ONBOARDING-0024,supplier_onboarding,filled_b,en,yes,PERSON;IBAN_CODE,train,easy,False,none,12042,120420024
SYN-SUPPLIER_ONBOARDING-0025,supplier_onboarding,filled_a,de,no,,test,easy,False,none,12042,120420025
SYN-SUPPLIER_ONBOARDING-0026,supplier_onboarding,blank,en,no,,train,easy,False,none,12042,120420026
SYN-SUPPLIER_ONBOARDING-0027,supplier_onboarding,filled_b,en,no,,test,easy,False,none,12042,120420027
SYN-SUPPLIER_ONBOARDING-0028,supplier_onboarding,filled_b,de,no,,train,easy,False,none,12042,120420028
SYN-SUPPLIER_ONBOARDING-0029,supplier_onboarding,filled_a,de,no,,train,easy,False,none,12042,120420029
SYN-SUPPLIER_ONBOARDING-0030,supplier_onboarding,filled_b,de,no,,train,easy,False,none,12042,120420030
SYN-SUPPLIER_ONBOARDING-0031,supplier_onboarding,filled_a,de,no,,train,easy,False,none,12042,120420031
SYN-SUPPLIER_ONBOARDING-0032,supplier_onboarding,filled_a,de,yes,PERSON;EMAIL_ADDRESS,train,easy,False,none,12042,120420032
SYN-SUPPLIER_ONBOARDING-0033,supplier_onboarding,filled_a,en,no,,test,easy,False,none,12042,120420033
SYN-SUPPLIER_ONBOARDING-0034,supplier_onboarding,filled_a,en,no,,train,easy,False,none,12042,120420034
SYN-SUPPLIER_ONBOARDING-0035,supplier_onboarding,filled_a,de,no,,train,easy,False,none,12042,120420035
SYN-SUPPLIER_ONBOARDING-0036,supplier_onboarding,filled_b,de,no,,train,easy,False,none,12042,120420036
SYN-SUPPLIER_ONBOARDING-0037,supplier_onboarding,blank,en,no,,train,easy,False,none,12042,120420037
SYN-SUPPLIER_ONBOARDING-0038,supplier_onboarding,filled_b,de,no,,train,easy,False,none,12042,120420038
SYN-SUPPLIER_ONBOARDING-0039,supplier_onboarding,filled_b,de,no,,train,easy,False,none,12042,120420039
SYN-SUPPLIER_ONBOARDING-0040,supplier_onboarding,filled_a,de,no,,train,easy,False,none,12042,120420040
SYN-SUPPLIER_ONBOARDING-0041,supplier_onboarding,filled_a,en,no,,train,easy,False,none,12042,120420041
SYN-SUPPLIER_ONBOARDING-0042,supplier_onboarding,filled_a,de,yes,PERSON;IBAN_CODE,validation,easy,False,none,12042,120420042
SYN-SUPPLIER_ONBOARDING-0043,supplier_onboarding,filled_b,en,no,,validation,easy,False,none,12042,120420043
SYN-SUPPLIER_ONBOARDING-0044,supplier_onboarding,filled_b,en,yes,PERSON;MEDICAL_LICENSE,train,easy,False,none,12042,120420044
SYN-SUPPLIER_ONBOARDING-0045,supplier_onboarding,filled_b,en,no,,train,easy,False,none,12042,120420045
SYN-SUPPLIER_ONBOARDING-0046,supplier_onboarding,filled_a,de,no,,test,easy,False,none,12042,120420046
SYN-SUPPLIER_ONBOARDING-0047,supplier_onboarding,filled_a,en,no,,train,easy,False,none,12042,120420047
SYN-SUPPLIER_ONBOARDING-0048,supplier_onboarding,filled_b,en,no,,test,easy,False,none,12042,120420048
SYN-SUPPLIER_ONBOARDING-0049,supplier_onboarding,filled_a,en,no,,train,easy,False,none,12042,120420049
SYN-SUPPLIER_ONBOARDING-0050,supplier_onboarding,filled_b,de,yes,PERSON;IBAN_CODE,train,easy,False,none,12042,120420050
SYN-SUPPLIER_ONBOARDING-0051,supplier_onboarding,filled_b,de,no,,train,easy,False,none,12042,120420051
SYN-SUPPLIER_ONBOARDING-0052,supplier_onboarding,blank,en,no,,train,easy,False,none,12042,120420052
SYN-SUPPLIER_ONBOARDING-0053,supplier_onboarding,blank,de,no,,train,easy,False,none,12042,120420053
SYN-SUPPLIER_ONBOARDING-0054,supplier_onboarding,filled_b,de,yes,PERSON;IBAN_CODE,train,easy,False,none,12042,120420054
SYN-SUPPLIER_ONBOARDING-0055,supplier_onboarding,filled_a,de,no,,train,easy,False,none,12042,120420055
SYN-SUPPLIER_ONBOARDING-0056,supplier_onboarding,filled_a,en,yes,PERSON;PASSPORT,train,easy,False,none,12042,120420056
SYN-SUPPLIER_ONBOARDING-0057,supplier_onboarding,blank,de,no,,train,easy,False,none,12042,120420057
SYN-SUPPLIER_ONBOARDING-0058,supplier_onboarding,filled_a,en,no,,train,easy,False,none,12042,120420058
SYN-SUPPLIER_ONBOARDING-0059,supplier_onboarding,blank,en,no,,train,easy,False,none,12042,120420059
SYN-SUPPLIER_ONBOARDING-0060,supplier_onboarding,filled_a,en,no,,validation,easy,False,none,12042,120420060
SYN-SUPPLIER_ONBOARDING-0061,supplier_onboarding,filled_a,de,no,,train,easy,False,none,12042,120420061
SYN-SUPPLIER_ONBOARDING-0062,supplier_onboarding,filled_b,de,no,,validation,easy,False,none,12042,120420062
SYN-SUPPLIER_ONBOARDING-0063,supplier_onboarding,filled_a,de,yes,PERSON;IBAN_CODE,train,easy,False,none,12042,120420063
SYN-SUPPLIER_ONBOARDING-0064,supplier_onboarding,filled_a,en,yes,PERSON;IBAN_CODE,train,easy,False,none,12042,120420064
SYN-SUPPLIER_ONBOARDING-0065,supplier_onboarding,filled_b,en,no,,train,easy,False,none,12042,120420065
SYN-SUPPLIER_ONBOARDING-0066,supplier_onboarding,filled_b,de,no,,train,easy,False,none,12042,120420066
SYN-SUPPLIER_ONBOARDING-0067,supplier_onboarding,filled_b,de,no,,train,easy,False,none,12042,120420067
SYN-SUPPLIER_ONBOARDING-0068,supplier_onboarding,filled_b,en,no,,train,easy,False,none,12042,120420068
SYN-SUPPLIER_ONBOARDING-0069,supplier_onboarding,filled_a,en,no,,train,easy,False,none,12042,120420069
SYN-SUPPLIER_ONBOARDING-0070,supplier_onboarding,filled_a,de,no,,train,easy,False,none,12042,120420070
SYN-SUPPLIER_ONBOARDING-0071,supplier_onboarding,filled_b,en,no,,train,easy,False,none,12042,120420071
SYN-SUPPLIER_ONBOARDING-0072,supplier_onboarding,filled_b,en,no,,train,easy,False,none,12042,120420072
SYN-SUPPLIER_ONBOARDING-0073,supplier_onboarding,filled_a,en,no,,test,easy,False,none,12042,120420073
SYN-SUPPLIER_ONBOARDING-0074,supplier_onboarding,filled_a,de,no,,validation,easy,False,none,12042,120420074
SYN-SUPPLIER_ONBOARDING-0075,supplier_onboarding,filled_b,en,yes,PERSON;PASSPORT,train,easy,False,none,12042,120420075
SYN-SUPPLIER_ONBOARDING-0076,supplier_onboarding,filled_b,en,no,,train,easy,False,none,12042,120420076
SYN-SUPPLIER_ONBOARDING-0077,supplier_onboarding,filled_a,de,no,,train,easy,False,none,12042,120420077
SYN-SUPPLIER_ONBOARDING-0078,supplier_onboarding,filled_b,de,no,,test,easy,False,none,12042,120420078
SYN-SUPPLIER_ONBOARDING-0079,supplier_onboarding,filled_b,en,no,,train,easy,False,none,12042,120420079
SYN-SUPPLIER_ONBOARDING-0080,supplier_onboarding,filled_b,de,no,,train,easy,False,none,12042,120420080
SYN-SUPPLIER_ONBOARDING-0081,supplier_onboarding,filled_b,en,no,,train,easy,False,none,12042,120420081
SYN-SUPPLIER_ONBOARDING-0082,supplier_onboarding,filled_b,en,no,,test,easy,False,none,12042,120420082
SYN-SUPPLIER_ONBOARDING-0083,supplier_onboarding,filled_a,de,no,,validation,easy,False,none,12042,120420083
SYN-SUPPLIER_ONBOARDING-0084,supplier_onboarding,filled_b,de,yes,PERSON;EMAIL_ADDRESS,train,easy,False,none,12042,120420084
SYN-SUPPLIER_ONBOARDING-0085,supplier_onboarding,filled_b,de,no,,train,easy,False,none,12042,120420085
SYN-SUPPLIER_ONBOARDING-0086,supplier_onboarding,filled_b,en,no,,train,easy,False,none,12042,120420086
SYN-SUPPLIER_ONBOARDING-0087,supplier_onboarding,filled_a,de,no,,train,easy,False,none,12042,120420087
SYN-SUPPLIER_ONBOARDING-0088,supplier_onboarding,filled_b,en,no,,train,easy,False,none,12042,120420088
SYN-SUPPLIER_ONBOARDING-0089,supplier_onboarding,filled_a,de,no,,train,easy,False,none,12042,120420089
SYN-SUPPLIER_ONBOARDING-0090,supplier_onboarding,filled_b,de,yes,LOCATION,train,easy,False,none,12042,120420090
SYN-SUPPLIER_ONBOARDING-0091,supplier_onboarding,filled_b,en,no,,train,easy,False,none,12042,120420091
SYN-SUPPLIER_ONBOARDING-0092,supplier_onboarding,filled_a,en,no,,train,easy,False,none,12042,120420092
SYN-SUPPLIER_ONBOARDING-0093,supplier_onboarding,filled_b,en,yes,PERSON;MEDICAL_LICENSE,test,easy,False,none,12042,120420093
SYN-SUPPLIER_ONBOARDING-0094,supplier_onboarding,filled_b,en,no,,train,easy,False,none,12042,120420094
SYN-SUPPLIER_ONBOARDING-0095,supplier_onboarding,filled_a,en,no,,validation,easy,False,none,12042,120420095
SYN-SUPPLIER_ONBOARDING-0096,supplier_onboarding,filled_a,de,no,,train,easy,False,none,12042,120420096
SYN-SUPPLIER_ONBOARDING-0097,supplier_onboarding,filled_a,en,no,,validation,easy,False,none,12042,120420097
SYN-SUPPLIER_ONBOARDING-0098,supplier_onboarding,filled_a,en,no,,train,easy,False,none,12042,120420098
SYN-SUPPLIER_ONBOARDING-0099,supplier_onboarding,blank,en,no,,test,easy,False,none,12042,120420099
SYN-SUPPLIER_ONBOARDING-0100,supplier_onboarding,blank,en,no,,test,easy,False,none,12042,120420100
SYN-SUPPLIER_ONBOARDING-0101,supplier_onboarding,filled_b,de,no,,test,easy,False,none,12042,120420101
SYN-SUPPLIER_ONBOARDING-0102,supplier_onboarding,filled_b,en,no,,validation,easy,False,none,12042,120420102
SYN-SUPPLIER_ONBOARDING-0103,supplier_onboarding,filled_b,de,yes,PERSON;IBAN_CODE,train,easy,False,none,12042,120420103
SYN-SUPPLIER_ONBOARDING-0104,supplier_onboarding,filled_b,de,no,,test,easy,False,none,12042,120420104
SYN-SUPPLIER_ONBOARDING-0105,supplier_onboarding,filled_b,de,yes,LOCATION,train,easy,False,none,12042,120420105
SYN-SUPPLIER_ONBOARDING-0106,supplier_onboarding,filled_a,en,yes,PERSON;IBAN_CODE,train,easy,False,none,12042,120420106
SYN-SUPPLIER_ONBOARDING-0107,supplier_onboarding,filled_a,en,yes,PERSON;PHONE_NUMBER,test,easy,False,none,12042,120420107
SYN-SUPPLIER_ONBOARDING-0108,supplier_onboarding,filled_b,en,no,,train,easy,False,none,12042,120420108
SYN-SUPPLIER_ONBOARDING-0109,supplier_onboarding,filled_a,de,no,,validation,easy,False,none,12042,120420109
SYN-SUPPLIER_ONBOARDING-0110,supplier_onboarding,filled_a,de,yes,PERSON;IBAN_CODE,train,easy,False,none,12042,120420110
SYN-SUPPLIER_ONBOARDING-0111,supplier_onboarding,filled_b,de,yes,PERSON;MEDICAL_LICENSE,test,easy,False,none,12042,120420111
SYN-SUPPLIER_ONBOARDING-0112,supplier_onboarding,filled_a,en,no,,train,easy,False,none,12042,120420112
SYN-SUPPLIER_ONBOARDING-0113,supplier_onboarding,filled_a,en,no,,train,easy,False,none,12042,120420113
SYN-SUPPLIER_ONBOARDING-0114,supplier_onboarding,filled_b,de,no,,test,easy,False,none,12042,120420114
SYN-SUPPLIER_ONBOARDING-0115,supplier_onboarding,filled_a,en,yes,PERSON;PASSPORT,train,easy,False,none,12042,120420115
SYN-SUPPLIER_ONBOARDING-0116,supplier_onboarding,filled_b,en,yes,PERSON;MEDICAL_LICENSE,train,easy,False,none,12042,120420116
SYN-SUPPLIER_ONBOARDING-0117,supplier_onboarding,filled_b,en,no,,train,easy,False,none,12042,120420117
SYN-SUPPLIER_ONBOARDING-0118,supplier_onboarding,filled_a,de,no,,train,easy,False,none,12042,120420118
SYN-SUPPLIER_ONBOARDING-0119,supplier_onboarding,filled_a,de,no,,train,easy,False,none,12042,120420119
SYN-SUPPLIER_ONBOARDING-0120,supplier_onboarding,filled_a,en,no,,train,easy,False,none,12042,120420120
SYN-SUPPLIER_ONBOARDING-0121,supplier_onboarding,filled_b,de,yes,PERSON;IBAN_CODE,train,easy,False,none,12042,120420121
SYN-SUPPLIER_ONBOARDING-0122,supplier_onboarding,filled_a,en,yes,PERSON;IBAN_CODE,train,easy,False,none,12042,120420122
SYN-SUPPLIER_ONBOARDING-0123,supplier_onboarding,filled_b,de,no,,train,easy,False,none,12042,120420123
SYN-SUPPLIER_ONBOARDING-0124,supplier_onboarding,filled_b,en,yes,PERSON;IBAN_CODE,train,easy,False,none,12042,120420124
SYN-SUPPLIER_ONBOARDING-0125,supplier_onboarding,filled_b,en,yes,PERSON;MEDICAL_LICENSE,test,easy,False,none,12042,120420125
SYN-SUPPLIER_ONBOARDING-0126,supplier_onboarding,filled_b,de,no,,train,easy,False,none,12042,120420126
SYN-SUPPLIER_ONBOARDING-0127,supplier_onboarding,filled_a,de,no,,test,easy,False,none,12042,120420127
SYN-SUPPLIER_ONBOARDING-0128,supplier_onboarding,filled_a,en,yes,PERSON;PASSPORT,validation,easy,False,none,12042,120420128
SYN-SUPPLIER_ONBOARDING-0129,supplier_onboarding,filled_a,en,no,,train,easy,False,none,12042,120420129
SYN-SUPPLIER_ONBOARDING-0130,supplier_onboarding,filled_a,en,no,,train,easy,False,none,12042,120420130
SYN-SUPPLIER_ONBOARDING-0131,supplier_onboarding,filled_b,en,no,,train,easy,False,none,12042,120420131
SYN-SUPPLIER_ONBOARDING-0132,supplier_onboarding,filled_b,de,no,,train,easy,False,none,12042,120420132
SYN-SUPPLIER_ONBOARDING-0133,supplier_onboarding,filled_a,de,yes,PERSON;PHONE_NUMBER,train,easy,False,none,12042,120420133
SYN-SUPPLIER_ONBOARDING-0134,supplier_onboarding,filled_b,de,no,,train,easy,False,none,12042,120420134
SYN-SUPPLIER_ONBOARDING-0135,supplier_onboarding,blank,en,no,,validation,easy,False,none,12042,120420135
SYN-SUPPLIER_ONBOARDING-0136,supplier_onboarding,filled_b,de,no,,test,easy,False,none,12042,120420136
SYN-SUPPLIER_ONBOARDING-0137,supplier_onboarding,filled_b,en,no,,train,easy,False,none,12042,120420137
SYN-SUPPLIER_ONBOARDING-0138,supplier_onboarding,filled_a,de,no,,train,easy,False,none,12042,120420138
SYN-SUPPLIER_ONBOARDING-0139,supplier_onboarding,filled_a,de,no,,train,easy,False,none,12042,120420139
SYN-SUPPLIER_ONBOARDING-0140,supplier_onboarding,filled_a,de,no,,validation,easy,False,none,12042,120420140
SYN-SUPPLIER_ONBOARDING-0141,supplier_onboarding,filled_b,de,yes,PERSON;MEDICAL_LICENSE,test,easy,False,none,12042,120420141
SYN-SUPPLIER_ONBOARDING-0142,supplier_onboarding,filled_b,de,yes,PERSON;IBAN_CODE,train,easy,False,none,12042,120420142
SYN-SUPPLIER_ONBOARDING-0143,supplier_onboarding,filled_a,en,yes,PERSON;PHONE_NUMBER,validation,easy,False,none,12042,120420143
SYN-SUPPLIER_ONBOARDING-0144,supplier_onboarding,filled_b,en,no,,validation,easy,False,none,12042,120420144
SYN-SUPPLIER_ONBOARDING-0145,supplier_onboarding,filled_a,en,no,,train,easy,False,none,12042,120420145
SYN-SUPPLIER_ONBOARDING-0146,supplier_onboarding,filled_a,de,no,,train,easy,False,none,12042,120420146
SYN-SUPPLIER_ONBOARDING-0147,supplier_onboarding,filled_a,de,no,,test,easy,False,none,12042,120420147
SYN-SUPPLIER_ONBOARDING-0148,supplier_onboarding,filled_b,de,yes,PERSON;IBAN_CODE,train,easy,False,none,12042,120420148
SYN-SUPPLIER_ONBOARDING-0149,supplier_onboarding,filled_b,en,no,,train,easy,False,none,12042,120420149
SYN-SUPPLIER_ONBOARDING-0150,supplier_onboarding,filled_b,de,no,,train,easy,False,none,12042,120420150
SYN-SUPPLIER_ONBOARDING-0151,supplier_onboarding,filled_b,de,no,,train,easy,False,none,12042,120420151
SYN-SUPPLIER_ONBOARDING-0152,supplier_onboarding,filled_a,de,no,,validation,easy,False,none,12042,120420152
SYN-SUPPLIER_ONBOARDING-0153,supplier_onboarding,filled_a,en,no,,test,easy,False,none,12042,120420153
SYN-SUPPLIER_ONBOARDING-0154,supplier_onboarding,filled_b,en,no,,train,easy,False,none,12042,120420154
SYN-SUPPLIER_ONBOARDING-0155,supplier_onboarding,filled_b,en,no,,test,easy,False,none,12042,120420155
SYN-SUPPLIER_ONBOARDING-0156,supplier_onboarding,blank,en,no,,train,easy,False,none,12042,120420156
SYN-SUPPLIER_ONBOARDING-0157,supplier_onboarding,filled_a,en,no,,train,easy,False,none,12042,120420157
SYN-SUPPLIER_ONBOARDING-0158,supplier_onboarding,filled_a,de,yes,PERSON;NRP,train,easy,False,none,12042,120420158
SYN-SUPPLIER_ONBOARDING-0159,supplier_onboarding,filled_a,de,no,,train,easy,False,none,12042,120420159
SYN-SUPPLIER_ONBOARDING-0160,supplier_onboarding,filled_b,de,yes,PERSON;IBAN_CODE,validation,easy,False,none,12042,120420160
SYN-SUPPLIER_ONBOARDING-0161,supplier_onboarding,filled_a,en,no,,validation,easy,False,none,12042,120420161
SYN-SUPPLIER_ONBOARDING-0162,supplier_onboarding,filled_a,de,no,,train,easy,False,none,12042,120420162
SYN-SUPPLIER_ONBOARDING-0163,supplier_onboarding,filled_a,en,no,,train,easy,False,none,12042,120420163
SYN-SUPPLIER_ONBOARDING-0164,supplier_onboarding,filled_a,de,no,,train,easy,False,none,12042,120420164
SYN-SUPPLIER_ONBOARDING-0165,supplier_onboarding,filled_b,de,no,,train,easy,False,none,12042,120420165
SYN-SUPPLIER_ONBOARDING-0166,supplier_onboarding,filled_b,en,no,,train,easy,False,none,12042,120420166
SYN-SUPPLIER_ONBOARDING-0167,supplier_onboarding,filled_a,en,no,,train,easy,False,none,12042,120420167
SYN-SUPPLIER_ONBOARDING-0168,supplier_onboarding,filled_b,en,no,,validation,easy,False,none,12042,120420168
SYN-SUPPLIER_ONBOARDING-0169,supplier_onboarding,filled_b,de,no,,train,easy,False,none,12042,120420169
SYN-SUPPLIER_ONBOARDING-0170,supplier_onboarding,filled_b,de,no,,train,easy,False,none,12042,120420170
SYN-SUPPLIER_ONBOARDING-0171,supplier_onboarding,filled_b,en,no,,validation,easy,False,none,12042,120420171
SYN-SUPPLIER_ONBOARDING-0172,supplier_onboarding,blank,en,no,,train,easy,False,none,12042,120420172
SYN-SUPPLIER_ONBOARDING-0173,supplier_onboarding,filled_a,de,no,,train,easy,False,none,12042,120420173
SYN-SUPPLIER_ONBOARDING-0174,supplier_onboarding,filled_a,de,no,,train,easy,False,none,12042,120420174
SYN-SUPPLIER_ONBOARDING-0175,supplier_onboarding,filled_a,en,no,,train,easy,False,none,12042,120420175
SYN-SUPPLIER_ONBOARDING-0176,supplier_onboarding,filled_a,de,no,,test,easy,False,none,12042,120420176
SYN-SUPPLIER_ONBOARDING-0177,supplier_onboarding,filled_a,de,no,,train,easy,False,none,12042,120420177
SYN-SUPPLIER_ONBOARDING-0178,supplier_onboarding,filled_a,en,yes,PERSON;IBAN_CODE,train,easy,False,none,12042,120420178
SYN-SUPPLIER_ONBOARDING-0179,supplier_onboarding,filled_a,de,no,,train,easy,False,none,12042,120420179
SYN-SUPPLIER_ONBOARDING-0180,supplier_onboarding,filled_a,de,no,,validation,easy,False,none,12042,120420180
SYN-SUPPLIER_ONBOARDING-0181,supplier_onboarding,filled_a,en,no,,validation,easy,False,none,12042,120420181
SYN-SUPPLIER_ONBOARDING-0182,supplier_onboarding,filled_b,en,yes,PERSON;IBAN_CODE,train,easy,False,none,12042,120420182
SYN-SUPPLIER_ONBOARDING-0183,supplier_onboarding,filled_a,de,no,,validation,easy,False,none,12042,120420183
SYN-SUPPLIER_ONBOARDING-0184,supplier_onboarding,filled_a,en,no,,train,easy,False,none,12042,120420184
SYN-SUPPLIER_ONBOARDING-0185,supplier_onboarding,filled_b,de,yes,PERSON;EMAIL_ADDRESS,train,easy,False,none,12042,120420185
SYN-SUPPLIER_ONBOARDING-0186,supplier_onboarding,filled_a,en,yes,PERSON;PHONE_NUMBER,train,easy,False,none,12042,120420186
SYN-SUPPLIER_ONBOARDING-0187,supplier_onboarding,filled_b,de,no,,test,easy,False,none,12042,120420187
SYN-SUPPLIER_ONBOARDING-0188,supplier_onboarding,filled_a,de,yes,PERSON;PHONE_NUMBER,train,easy,False,none,12042,120420188
SYN-SUPPLIER_ONBOARDING-0189,supplier_onboarding,filled_b,en,no,,train,easy,False,none,12042,120420189
SYN-SUPPLIER_ONBOARDING-0190,supplier_onboarding,filled_b,en,yes,PERSON;MEDICAL_LICENSE,test,easy,False,none,12042,120420190
SYN-SUPPLIER_ONBOARDING-0191,supplier_onboarding,blank,de,no,,validation,easy,False,none,12042,120420191
SYN-SUPPLIER_ONBOARDING-0192,supplier_onboarding,filled_a,de,no,,train,easy,False,none,12042,120420192
SYN-SUPPLIER_ONBOARDING-0193,supplier_onboarding,filled_a,de,no,,train,easy,False,none,12042,120420193
SYN-SUPPLIER_ONBOARDING-0194,supplier_onboarding,filled_b,en,yes,LOCATION,validation,easy,False,none,12042,120420194
SYN-SUPPLIER_ONBOARDING-0195,supplier_onboarding,filled_a,en,no,,test,easy,False,none,12042,120420195
SYN-SUPPLIER_ONBOARDING-0196,supplier_onboarding,filled_a,en,no,,train,easy,False,none,12042,120420196
SYN-SUPPLIER_ONBOARDING-0197,supplier_onboarding,filled_a,de,yes,PERSON;IBAN_CODE,train,easy,False,none,12042,120420197
SYN-SUPPLIER_ONBOARDING-0198,supplier_onboarding,filled_b,en,no,,validation,easy,False,none,12042,120420198
SYN-SUPPLIER_ONBOARDING-0199,supplier_onboarding,filled_a,en,no,,test,easy,False,none,12042,120420199
SYN-SUPPLIER_ONBOARDING-0200,supplier_onboarding,filled_a,de,yes,PERSON;IBAN_CODE,train,easy,False,none,12042,120420200
SYN-SUPPLIER_ONBOARDING-0201,supplier_onboarding,filled_a,de,no,,train,easy,False,none,12042,120420201
SYN-SUPPLIER_ONBOARDING-0202,supplier_onboarding,filled_b,en,yes,PERSON;IBAN_CODE,train,easy,False,none,12042,120420202
SYN-SUPPLIER_ONBOARDING-0203,supplier_onboarding,filled_b,de,no,,test,easy,False,none,12042,120420203
SYN-SUPPLIER_ONBOARDING-0204,supplier_onboarding,filled_b,de,no,,train,easy,False,none,12042,120420204
SYN-SUPPLIER_ONBOARDING-0205,supplier_onboarding,filled_a,en,no,,train,easy,False,none,12042,120420205
SYN-SUPPLIER_ONBOARDING-0206,supplier_onboarding,filled_b,en,no,,train,easy,False,none,12042,120420206
SYN-SUPPLIER_ONBOARDING-0207,supplier_onboarding,filled_b,de,no,,train,easy,False,none,12042,120420207
SYN-SUPPLIER_ONBOARDING-0208,supplier_onboarding,filled_a,en,yes,PERSON;IBAN_CODE,validation,easy,False,none,12042,120420208
SYN-SUPPLIER_ONBOARDING-0209,supplier_onboarding,filled_b,de,yes,PERSON;IBAN_CODE,train,easy,False,none,12042,120420209
SYN-SUPPLIER_ONBOARDING-0210,supplier_onboarding,filled_b,de,no,,train,easy,False,none,12042,120420210
SYN-SUPPLIER_ONBOARDING-0211,supplier_onboarding,filled_b,en,no,,train,easy,False,none,12042,120420211
SYN-SUPPLIER_ONBOARDING-0212,supplier_onboarding,filled_b,de,no,,train,easy,False,none,12042,120420212
SYN-SUPPLIER_ONBOARDING-0213,supplier_onboarding,filled_b,de,no,,validation,easy,False,none,12042,120420213
SYN-SUPPLIER_ONBOARDING-0214,supplier_onboarding,filled_a,de,no,,train,easy,False,none,12042,120420214
SYN-SUPPLIER_ONBOARDING-0215,supplier_onboarding,filled_a,en,no,,train,easy,False,none,12042,120420215
SYN-SUPPLIER_ONBOARDING-0216,supplier_onboarding,filled_b,de,no,,train,easy,False,none,12042,120420216
SYN-SUPPLIER_ONBOARDING-0217,supplier_onboarding,filled_a,de,yes,PERSON;IBAN_CODE,train,easy,False,none,12042,120420217
SYN-SUPPLIER_ONBOARDING-0218,supplier_onboarding,filled_a,en,yes,LOCATION,train,easy,False,none,12042,120420218
SYN-SUPPLIER_ONBOARDING-0219,supplier_onboarding,filled_b,de,yes,PERSON;IBAN_CODE,validation,easy,False,none,12042,120420219
SYN-SUPPLIER_ONBOARDING-0220,supplier_onboarding,filled_b,de,no,,train,easy,False,none,12042,120420220
SYN-SUPPLIER_ONBOARDING-0221,supplier_onboarding,filled_a,en,no,,test,easy,False,none,12042,120420221
SYN-SUPPLIER_ONBOARDING-0222,supplier_onboarding,filled_b,en,yes,PERSON;IBAN_CODE,train,easy,False,none,12042,120420222
SYN-SUPPLIER_ONBOARDING-0223,supplier_onboarding,filled_b,en,no,,train,easy,False,none,12042,120420223
SYN-SUPPLIER_ONBOARDING-0224,supplier_onboarding,filled_b,de,no,,validation,easy,False,none,12042,120420224
SYN-SUPPLIER_ONBOARDING-0225,supplier_onboarding,filled_a,de,yes,PERSON;IBAN_CODE,train,easy,False,none,12042,120420225
SYN-SUPPLIER_ONBOARDING-0226,supplier_onboarding,filled_b,en,no,,train,easy,False,none,12042,120420226
SYN-SUPPLIER_ONBOARDING-0227,supplier_onboarding,filled_b,de,yes,PERSON;NRP,test,easy,False,none,12042,120420227
SYN-SUPPLIER_ONBOARDING-0228,supplier_onboarding,filled_a,de,no,,train,easy,False,none,12042,120420228
SYN-SUPPLIER_ONBOARDING-0229,supplier_onboarding,filled_b,de,no,,validation,easy,False,none,12042,120420229
SYN-SUPPLIER_ONBOARDING-0230,supplier_onboarding,filled_a,de,yes,PERSON;EMAIL_ADDRESS,test,easy,False,none,12042,120420230
SYN-SUPPLIER_ONBOARDING-0231,supplier_onboarding,filled_a,en,no,,train,easy,False,none,12042,120420231
SYN-SUPPLIER_ONBOARDING-0232,supplier_onboarding,filled_a,de,no,,train,easy,False,none,12042,120420232
SYN-SUPPLIER_ONBOARDING-0233,supplier_onboarding,filled_b,en,no,,train,easy,False,none,12042,120420233
SYN-SUPPLIER_ONBOARDING-0234,supplier_onboarding,filled_b,de,no,,validation,easy,False,none,12042,120420234
SYN-SUPPLIER_ONBOARDING-0235,supplier_onboarding,filled_a,en,no,,train,easy,False,none,12042,120420235
SYN-SUPPLIER_ONBOARDING-0236,supplier_onboarding,filled_b,de,no,,test,easy,False,none,12042,120420236
SYN-SUPPLIER_ONBOARDING-0237,supplier_onboarding,filled_a,de,no,,validation,easy,False,none,12042,120420237
SYN-SUPPLIER_ONBOARDING-0238,supplier_onboarding,filled_a,en,no,,train,easy,False,none,12042,120420238
SYN-SUPPLIER_ONBOARDING-0239,supplier_onboarding,filled_a,de,no,,train,easy,False,none,12042,120420239
SYN-SUPPLIER_ONBOARDING-0240,supplier_onboarding,filled_b,en,no,,train,easy,False,none,12042,120420240
SYN-SUPPLIER_ONBOARDING-0241,supplier_onboarding,filled_b,de,no,,train,easy,False,none,12042,120420241
SYN-SUPPLIER_ONBOARDING-0242,supplier_onboarding,filled_b,en,no,,train,easy,False,none,12042,120420242
SYN-SUPPLIER_ONBOARDING-0243,supplier_onboarding,filled_b,en,no,,test,easy,False,none,12042,120420243
SYN-SUPPLIER_ONBOARDING-0244,supplier_onboarding,filled_b,en,no,,test,easy,False,none,12042,120420244
SYN-SUPPLIER_ONBOARDING-0245,supplier_onboarding,filled_a,en,no,,test,easy,False,none,12042,120420245
SYN-SUPPLIER_ONBOARDING-0246,supplier_onboarding,filled_a,en,no,,train,easy,False,none,12042,120420246
SYN-SUPPLIER_ONBOARDING-0247,supplier_onboarding,filled_b,de,no,,train,easy,False,none,12042,120420247
SYN-SUPPLIER_ONBOARDING-0248,supplier_onboarding,filled_b,de,no,,train,easy,False,none,12042,120420248
SYN-SUPPLIER_ONBOARDING-0249,supplier_onboarding,filled_b,en,yes,PERSON;NRP,train,easy,False,none,12042,120420249
SYN-SUPPLIER_ONBOARDING-0250,supplier_onboarding,filled_b,en,yes,PERSON;IBAN_CODE,train,easy,False,none,12042,120420250
SYN-TRAINING_EVALUATION-0001,training_evaluation,filled_b,en,no,,test,easy,False,none,13042,130420001
SYN-TRAINING_EVALUATION-0002,training_evaluation,filled_b,de,no,,test,easy,False,none,13042,130420002
SYN-TRAINING_EVALUATION-0003,training_evaluation,filled_a,en,no,,validation,easy,False,none,13042,130420003
SYN-TRAINING_EVALUATION-0004,training_evaluation,filled_a,en,yes,PERSON;URL,train,easy,False,none,13042,130420004
SYN-TRAINING_EVALUATION-0005,training_evaluation,filled_a,en,no,,test,easy,False,none,13042,130420005
SYN-TRAINING_EVALUATION-0006,training_evaluation,filled_b,de,no,,train,easy,False,none,13042,130420006
SYN-TRAINING_EVALUATION-0007,training_evaluation,filled_b,en,yes,PERSON;EMAIL_ADDRESS,validation,easy,False,none,13042,130420007
SYN-TRAINING_EVALUATION-0008,training_evaluation,filled_b,en,no,,test,easy,False,none,13042,130420008
SYN-TRAINING_EVALUATION-0009,training_evaluation,filled_b,en,no,,train,easy,False,none,13042,130420009
SYN-TRAINING_EVALUATION-0010,training_evaluation,filled_b,de,no,,validation,easy,False,none,13042,130420010
SYN-TRAINING_EVALUATION-0011,training_evaluation,filled_a,en,no,,train,easy,False,none,13042,130420011
SYN-TRAINING_EVALUATION-0012,training_evaluation,filled_a,de,yes,PERSON;EMAIL_ADDRESS,train,easy,False,none,13042,130420012
SYN-TRAINING_EVALUATION-0013,training_evaluation,filled_a,en,no,,train,easy,False,none,13042,130420013
SYN-TRAINING_EVALUATION-0014,training_evaluation,filled_a,en,no,,validation,easy,False,none,13042,130420014
SYN-TRAINING_EVALUATION-0015,training_evaluation,filled_b,de,no,,train,easy,False,none,13042,130420015
SYN-TRAINING_EVALUATION-0016,training_evaluation,filled_a,en,no,,train,easy,False,none,13042,130420016
SYN-TRAINING_EVALUATION-0017,training_evaluation,filled_a,en,no,,test,easy,False,none,13042,130420017
SYN-TRAINING_EVALUATION-0018,training_evaluation,filled_a,en,no,,validation,easy,False,none,13042,130420018
SYN-TRAINING_EVALUATION-0019,training_evaluation,filled_a,en,no,,train,easy,False,none,13042,130420019
SYN-TRAINING_EVALUATION-0020,training_evaluation,filled_a,en,no,,validation,easy,False,none,13042,130420020
SYN-TRAINING_EVALUATION-0021,training_evaluation,filled_a,en,no,,train,easy,False,none,13042,130420021
SYN-TRAINING_EVALUATION-0022,training_evaluation,filled_b,de,no,,train,easy,False,none,13042,130420022
SYN-TRAINING_EVALUATION-0023,training_evaluation,filled_a,de,no,,test,easy,False,none,13042,130420023
SYN-TRAINING_EVALUATION-0024,training_evaluation,filled_b,en,no,,validation,easy,False,none,13042,130420024
SYN-TRAINING_EVALUATION-0025,training_evaluation,filled_a,de,yes,PERSON;URL,train,easy,False,none,13042,130420025
SYN-TRAINING_EVALUATION-0026,training_evaluation,filled_a,en,yes,PERSON;DATE_TIME,train,easy,False,none,13042,130420026
SYN-TRAINING_EVALUATION-0027,training_evaluation,filled_b,de,no,,validation,easy,False,none,13042,130420027
SYN-TRAINING_EVALUATION-0028,training_evaluation,filled_b,de,no,,train,easy,False,none,13042,130420028
SYN-TRAINING_EVALUATION-0029,training_evaluation,filled_b,de,no,,validation,easy,False,none,13042,130420029
SYN-TRAINING_EVALUATION-0030,training_evaluation,filled_b,de,yes,PERSON;URL,train,easy,False,none,13042,130420030
SYN-TRAINING_EVALUATION-0031,training_evaluation,filled_a,de,no,,train,easy,False,none,13042,130420031
SYN-TRAINING_EVALUATION-0032,training_evaluation,filled_a,de,no,,validation,easy,False,none,13042,130420032
SYN-TRAINING_EVALUATION-0033,training_evaluation,filled_b,en,no,,test,easy,False,none,13042,130420033
SYN-TRAINING_EVALUATION-0034,training_evaluation,filled_a,de,no,,test,easy,False,none,13042,130420034
SYN-TRAINING_EVALUATION-0035,training_evaluation,filled_b,de,yes,PERSON;URL,train,easy,False,none,13042,130420035
SYN-TRAINING_EVALUATION-0036,training_evaluation,filled_a,de,no,,train,easy,False,none,13042,130420036
SYN-TRAINING_EVALUATION-0037,training_evaluation,filled_a,en,no,,train,easy,False,none,13042,130420037
SYN-TRAINING_EVALUATION-0038,training_evaluation,filled_b,en,no,,train,easy,False,none,13042,130420038
SYN-TRAINING_EVALUATION-0039,training_evaluation,filled_a,en,no,,train,easy,False,none,13042,130420039
SYN-TRAINING_EVALUATION-0040,training_evaluation,filled_b,en,no,,train,easy,False,none,13042,130420040
SYN-TRAINING_EVALUATION-0041,training_evaluation,filled_b,en,no,,train,easy,False,none,13042,130420041
SYN-TRAINING_EVALUATION-0042,training_evaluation,filled_b,de,no,,train,easy,False,none,13042,130420042
SYN-TRAINING_EVALUATION-0043,training_evaluation,filled_a,de,no,,train,easy,False,none,13042,130420043
SYN-TRAINING_EVALUATION-0044,training_evaluation,filled_b,de,yes,PERSON;EMAIL_ADDRESS,validation,easy,False,none,13042,130420044
SYN-TRAINING_EVALUATION-0045,training_evaluation,filled_b,de,no,,test,easy,False,none,13042,130420045
SYN-TRAINING_EVALUATION-0046,training_evaluation,filled_a,en,no,,train,easy,False,none,13042,130420046
SYN-TRAINING_EVALUATION-0047,training_evaluation,filled_a,de,no,,train,easy,False,none,13042,130420047
SYN-TRAINING_EVALUATION-0048,training_evaluation,filled_b,en,no,,train,easy,False,none,13042,130420048
SYN-TRAINING_EVALUATION-0049,training_evaluation,filled_b,en,yes,PERSON;URL,train,easy,False,none,13042,130420049
SYN-TRAINING_EVALUATION-0050,training_evaluation,filled_b,en,no,,validation,easy,False,none,13042,130420050
SYN-TRAINING_EVALUATION-0051,training_evaluation,filled_a,en,no,,train,easy,False,none,13042,130420051
SYN-TRAINING_EVALUATION-0052,training_evaluation,filled_b,de,no,,validation,easy,False,none,13042,130420052
SYN-TRAINING_EVALUATION-0053,training_evaluation,filled_b,en,no,,train,easy,False,none,13042,130420053
SYN-TRAINING_EVALUATION-0054,training_evaluation,filled_b,de,no,,train,easy,False,none,13042,130420054
SYN-TRAINING_EVALUATION-0055,training_evaluation,filled_a,de,no,,train,easy,False,none,13042,130420055
SYN-TRAINING_EVALUATION-0056,training_evaluation,filled_b,en,no,,train,easy,False,none,13042,130420056
SYN-TRAINING_EVALUATION-0057,training_evaluation,filled_a,de,no,,train,easy,False,none,13042,130420057
SYN-TRAINING_EVALUATION-0058,training_evaluation,filled_a,de,no,,train,easy,False,none,13042,130420058
SYN-TRAINING_EVALUATION-0059,training_evaluation,filled_a,de,yes,PERSON,train,easy,False,none,13042,130420059
SYN-TRAINING_EVALUATION-0060,training_evaluation,filled_a,de,no,,train,easy,False,none,13042,130420060
SYN-TRAINING_EVALUATION-0061,training_evaluation,filled_a,en,no,,train,easy,False,none,13042,130420061
SYN-TRAINING_EVALUATION-0062,training_evaluation,filled_b,en,no,,test,easy,False,none,13042,130420062
SYN-TRAINING_EVALUATION-0063,training_evaluation,filled_a,de,no,,train,easy,False,none,13042,130420063
SYN-TRAINING_EVALUATION-0064,training_evaluation,filled_a,en,yes,PERSON;URL,test,easy,False,none,13042,130420064
SYN-TRAINING_EVALUATION-0065,training_evaluation,filled_a,de,no,,train,easy,False,none,13042,130420065
SYN-TRAINING_EVALUATION-0066,training_evaluation,filled_b,en,yes,PERSON;DATE_TIME,train,easy,False,none,13042,130420066
SYN-TRAINING_EVALUATION-0067,training_evaluation,filled_a,en,no,,train,easy,False,none,13042,130420067
SYN-TRAINING_EVALUATION-0068,training_evaluation,filled_a,de,yes,PERSON;URL,validation,easy,False,none,13042,130420068
SYN-TRAINING_EVALUATION-0069,training_evaluation,filled_b,en,no,,train,easy,False,none,13042,130420069
SYN-TRAINING_EVALUATION-0070,training_evaluation,filled_a,en,no,,test,easy,False,none,13042,130420070
SYN-TRAINING_EVALUATION-0071,training_evaluation,filled_a,en,no,,train,easy,False,none,13042,130420071
SYN-TRAINING_EVALUATION-0072,training_evaluation,filled_b,en,no,,test,easy,False,none,13042,130420072
SYN-TRAINING_EVALUATION-0073,training_evaluation,filled_a,en,no,,train,easy,False,none,13042,130420073
SYN-TRAINING_EVALUATION-0074,training_evaluation,filled_a,de,no,,train,easy,False,none,13042,130420074
SYN-TRAINING_EVALUATION-0075,training_evaluation,filled_b,en,yes,PERSON;URL,validation,easy,False,none,13042,130420075
SYN-TRAINING_EVALUATION-0076,training_evaluation,filled_a,en,no,,test,easy,False,none,13042,130420076
SYN-TRAINING_EVALUATION-0077,training_evaluation,filled_b,en,no,,train,easy,False,none,13042,130420077
SYN-TRAINING_EVALUATION-0078,training_evaluation,filled_b,en,no,,train,easy,False,none,13042,130420078
SYN-TRAINING_EVALUATION-0079,training_evaluation,filled_b,en,no,,train,easy,False,none,13042,130420079
SYN-TRAINING_EVALUATION-0080,training_evaluation,filled_b,de,no,,train,easy,False,none,13042,130420080
SYN-TRAINING_EVALUATION-0081,training_evaluation,filled_b,de,no,,train,easy,False,none,13042,130420081
SYN-TRAINING_EVALUATION-0082,training_evaluation,filled_a,de,yes,PERSON;URL,test,easy,False,none,13042,130420082
SYN-TRAINING_EVALUATION-0083,training_evaluation,filled_b,en,no,,train,easy,False,none,13042,130420083
SYN-TRAINING_EVALUATION-0084,training_evaluation,filled_b,de,yes,PERSON;URL,train,easy,False,none,13042,130420084
SYN-TRAINING_EVALUATION-0085,training_evaluation,filled_b,en,no,,validation,easy,False,none,13042,130420085
SYN-TRAINING_EVALUATION-0086,training_evaluation,filled_b,de,no,,train,easy,False,none,13042,130420086
SYN-TRAINING_EVALUATION-0087,training_evaluation,filled_a,en,no,,train,easy,False,none,13042,130420087
SYN-TRAINING_EVALUATION-0088,training_evaluation,filled_b,de,no,,train,easy,False,none,13042,130420088
SYN-TRAINING_EVALUATION-0089,training_evaluation,filled_a,en,no,,test,easy,False,none,13042,130420089
SYN-TRAINING_EVALUATION-0090,training_evaluation,filled_a,en,no,,train,easy,False,none,13042,130420090
SYN-TRAINING_EVALUATION-0091,training_evaluation,filled_b,de,no,,train,easy,False,none,13042,130420091
SYN-TRAINING_EVALUATION-0092,training_evaluation,filled_a,de,no,,train,easy,False,none,13042,130420092
SYN-TRAINING_EVALUATION-0093,training_evaluation,filled_b,de,no,,train,easy,False,none,13042,130420093
SYN-TRAINING_EVALUATION-0094,training_evaluation,filled_a,de,no,,train,easy,False,none,13042,130420094
SYN-TRAINING_EVALUATION-0095,training_evaluation,filled_b,en,yes,PERSON;DATE_TIME,test,easy,False,none,13042,130420095
SYN-TRAINING_EVALUATION-0096,training_evaluation,filled_a,en,no,,train,easy,False,none,13042,130420096
SYN-TRAINING_EVALUATION-0097,training_evaluation,filled_a,en,yes,PERSON,train,easy,False,none,13042,130420097
SYN-TRAINING_EVALUATION-0098,training_evaluation,filled_a,de,yes,PERSON;URL,train,easy,False,none,13042,130420098
SYN-TRAINING_EVALUATION-0099,training_evaluation,filled_a,de,yes,PERSON;URL,train,easy,False,none,13042,130420099
SYN-TRAINING_EVALUATION-0100,training_evaluation,filled_b,en,no,,train,easy,False,none,13042,130420100
SYN-TRAINING_EVALUATION-0101,training_evaluation,filled_b,de,no,,train,easy,False,none,13042,130420101
SYN-TRAINING_EVALUATION-0102,training_evaluation,filled_a,en,no,,validation,easy,False,none,13042,130420102
SYN-TRAINING_EVALUATION-0103,training_evaluation,filled_a,en,yes,PERSON,train,easy,False,none,13042,130420103
SYN-TRAINING_EVALUATION-0104,training_evaluation,filled_a,de,yes,PERSON;EMAIL_ADDRESS,train,easy,False,none,13042,130420104
SYN-TRAINING_EVALUATION-0105,training_evaluation,filled_a,en,no,,train,easy,False,none,13042,130420105
SYN-TRAINING_EVALUATION-0106,training_evaluation,filled_b,en,no,,train,easy,False,none,13042,130420106
SYN-TRAINING_EVALUATION-0107,training_evaluation,blank,de,no,,validation,easy,False,none,13042,130420107
SYN-TRAINING_EVALUATION-0108,training_evaluation,filled_a,de,no,,test,easy,False,none,13042,130420108
SYN-TRAINING_EVALUATION-0109,training_evaluation,filled_a,en,yes,PERSON;URL,train,easy,False,none,13042,130420109
SYN-TRAINING_EVALUATION-0110,training_evaluation,filled_a,de,yes,PERSON;URL,validation,easy,False,none,13042,130420110
SYN-TRAINING_EVALUATION-0111,training_evaluation,filled_b,de,no,,train,easy,False,none,13042,130420111
SYN-TRAINING_EVALUATION-0112,training_evaluation,filled_b,de,no,,train,easy,False,none,13042,130420112
SYN-TRAINING_EVALUATION-0113,training_evaluation,filled_b,en,no,,train,easy,False,none,13042,130420113
SYN-TRAINING_EVALUATION-0114,training_evaluation,filled_a,de,no,,train,easy,False,none,13042,130420114
SYN-TRAINING_EVALUATION-0115,training_evaluation,filled_a,de,no,,train,easy,False,none,13042,130420115
SYN-TRAINING_EVALUATION-0116,training_evaluation,filled_b,de,no,,train,easy,False,none,13042,130420116
SYN-TRAINING_EVALUATION-0117,training_evaluation,filled_a,de,no,,train,easy,False,none,13042,130420117
SYN-TRAINING_EVALUATION-0118,training_evaluation,filled_a,en,no,,train,easy,False,none,13042,130420118
SYN-TRAINING_EVALUATION-0119,training_evaluation,filled_a,en,no,,train,easy,False,none,13042,130420119
SYN-TRAINING_EVALUATION-0120,training_evaluation,filled_b,en,no,,validation,easy,False,none,13042,130420120
SYN-TRAINING_EVALUATION-0121,training_evaluation,blank,en,no,,train,easy,False,none,13042,130420121
SYN-TRAINING_EVALUATION-0122,training_evaluation,filled_b,en,no,,train,easy,False,none,13042,130420122
SYN-TRAINING_EVALUATION-0123,training_evaluation,filled_b,en,no,,train,easy,False,none,13042,130420123
SYN-TRAINING_EVALUATION-0124,training_evaluation,filled_b,en,no,,train,easy,False,none,13042,130420124
SYN-TRAINING_EVALUATION-0125,training_evaluation,filled_b,en,yes,PERSON;URL,train,easy,False,none,13042,130420125
SYN-TRAINING_EVALUATION-0126,training_evaluation,blank,de,no,,test,easy,False,none,13042,130420126
SYN-TRAINING_EVALUATION-0127,training_evaluation,filled_a,en,no,,train,easy,False,none,13042,130420127
SYN-TRAINING_EVALUATION-0128,training_evaluation,filled_a,en,yes,PERSON;DATE_TIME,validation,easy,False,none,13042,130420128
SYN-TRAINING_EVALUATION-0129,training_evaluation,filled_b,en,no,,train,easy,False,none,13042,130420129
SYN-TRAINING_EVALUATION-0130,training_evaluation,filled_b,de,no,,train,easy,False,none,13042,130420130
SYN-TRAINING_EVALUATION-0131,training_evaluation,filled_a,de,no,,test,easy,False,none,13042,130420131
SYN-TRAINING_EVALUATION-0132,training_evaluation,filled_b,en,no,,test,easy,False,none,13042,130420132
SYN-TRAINING_EVALUATION-0133,training_evaluation,filled_b,en,no,,train,easy,False,none,13042,130420133
SYN-TRAINING_EVALUATION-0134,training_evaluation,filled_a,de,no,,train,easy,False,none,13042,130420134
SYN-TRAINING_EVALUATION-0135,training_evaluation,filled_b,en,yes,PERSON,train,easy,False,none,13042,130420135
SYN-TRAINING_EVALUATION-0136,training_evaluation,blank,de,no,,train,easy,False,none,13042,130420136
SYN-TRAINING_EVALUATION-0137,training_evaluation,filled_a,en,no,,test,easy,False,none,13042,130420137
SYN-TRAINING_EVALUATION-0138,training_evaluation,filled_b,en,no,,train,easy,False,none,13042,130420138
SYN-TRAINING_EVALUATION-0139,training_evaluation,filled_a,en,no,,train,easy,False,none,13042,130420139
SYN-TRAINING_EVALUATION-0140,training_evaluation,filled_b,en,no,,test,easy,False,none,13042,130420140
SYN-TRAINING_EVALUATION-0141,training_evaluation,filled_a,en,no,,train,easy,False,none,13042,130420141
SYN-TRAINING_EVALUATION-0142,training_evaluation,filled_b,en,no,,train,easy,False,none,13042,130420142
SYN-TRAINING_EVALUATION-0143,training_evaluation,blank,de,no,,train,easy,False,none,13042,130420143
SYN-TRAINING_EVALUATION-0144,training_evaluation,filled_b,en,no,,validation,easy,False,none,13042,130420144
SYN-TRAINING_EVALUATION-0145,training_evaluation,filled_a,de,no,,validation,easy,False,none,13042,130420145
SYN-TRAINING_EVALUATION-0146,training_evaluation,filled_b,en,no,,train,easy,False,none,13042,130420146
SYN-TRAINING_EVALUATION-0147,training_evaluation,filled_a,de,yes,PERSON;DATE_TIME,train,easy,False,none,13042,130420147
SYN-TRAINING_EVALUATION-0148,training_evaluation,filled_b,de,no,,train,easy,False,none,13042,130420148
SYN-TRAINING_EVALUATION-0149,training_evaluation,filled_a,de,no,,train,easy,False,none,13042,130420149
SYN-TRAINING_EVALUATION-0150,training_evaluation,filled_a,en,no,,train,easy,False,none,13042,130420150
SYN-TRAINING_EVALUATION-0151,training_evaluation,filled_b,en,no,,validation,easy,False,none,13042,130420151
SYN-TRAINING_EVALUATION-0152,training_evaluation,filled_b,de,no,,train,easy,False,none,13042,130420152
SYN-TRAINING_EVALUATION-0153,training_evaluation,filled_b,en,no,,train,easy,False,none,13042,130420153
SYN-TRAINING_EVALUATION-0154,training_evaluation,filled_a,en,no,,validation,easy,False,none,13042,130420154
SYN-TRAINING_EVALUATION-0155,training_evaluation,filled_b,en,no,,train,easy,False,none,13042,130420155
SYN-TRAINING_EVALUATION-0156,training_evaluation,filled_a,en,yes,PERSON;EMAIL_ADDRESS,train,easy,False,none,13042,130420156
SYN-TRAINING_EVALUATION-0157,training_evaluation,filled_a,en,yes,PERSON,train,easy,False,none,13042,130420157
SYN-TRAINING_EVALUATION-0158,training_evaluation,filled_b,de,no,,train,easy,False,none,13042,130420158
SYN-TRAINING_EVALUATION-0159,training_evaluation,filled_a,en,no,,train,easy,False,none,13042,130420159
SYN-TRAINING_EVALUATION-0160,training_evaluation,filled_b,de,no,,train,easy,False,none,13042,130420160
SYN-TRAINING_EVALUATION-0161,training_evaluation,blank,de,no,,test,easy,False,none,13042,130420161
SYN-TRAINING_EVALUATION-0162,training_evaluation,filled_a,de,no,,validation,easy,False,none,13042,130420162
SYN-TRAINING_EVALUATION-0163,training_evaluation,filled_a,de,no,,train,easy,False,none,13042,130420163
SYN-TRAINING_EVALUATION-0164,training_evaluation,filled_a,de,no,,train,easy,False,none,13042,130420164
SYN-TRAINING_EVALUATION-0165,training_evaluation,filled_a,en,no,,train,easy,False,none,13042,130420165
SYN-TRAINING_EVALUATION-0166,training_evaluation,filled_b,en,no,,train,easy,False,none,13042,130420166
SYN-TRAINING_EVALUATION-0167,training_evaluation,blank,de,no,,train,easy,False,none,13042,130420167
SYN-TRAINING_EVALUATION-0168,training_evaluation,filled_b,en,no,,test,easy,False,none,13042,130420168
SYN-TRAINING_EVALUATION-0169,training_evaluation,filled_b,de,no,,validation,easy,False,none,13042,130420169
SYN-TRAINING_EVALUATION-0170,training_evaluation,filled_b,en,no,,train,easy,False,none,13042,130420170
SYN-TRAINING_EVALUATION-0171,training_evaluation,filled_b,de,no,,validation,easy,False,none,13042,130420171
SYN-TRAINING_EVALUATION-0172,training_evaluation,filled_a,de,no,,train,easy,False,none,13042,130420172
SYN-TRAINING_EVALUATION-0173,training_evaluation,filled_a,de,no,,train,easy,False,none,13042,130420173
SYN-TRAINING_EVALUATION-0174,training_evaluation,filled_a,de,yes,PERSON;URL,test,easy,False,none,13042,130420174
SYN-TRAINING_EVALUATION-0175,training_evaluation,filled_b,de,no,,train,easy,False,none,13042,130420175
SYN-TRAINING_EVALUATION-0176,training_evaluation,filled_a,en,no,,train,easy,False,none,13042,130420176
SYN-TRAINING_EVALUATION-0177,training_evaluation,filled_b,de,no,,train,easy,False,none,13042,130420177
SYN-TRAINING_EVALUATION-0178,training_evaluation,filled_a,de,no,,test,easy,False,none,13042,130420178
SYN-TRAINING_EVALUATION-0179,training_evaluation,filled_b,en,no,,train,easy,False,none,13042,130420179
SYN-TRAINING_EVALUATION-0180,training_evaluation,filled_a,en,no,,train,easy,False,none,13042,130420180
SYN-TRAINING_EVALUATION-0181,training_evaluation,filled_a,en,no,,train,easy,False,none,13042,130420181
SYN-TRAINING_EVALUATION-0182,training_evaluation,filled_a,de,no,,validation,easy,False,none,13042,130420182
SYN-TRAINING_EVALUATION-0183,training_evaluation,filled_b,de,no,,train,easy,False,none,13042,130420183
SYN-TRAINING_EVALUATION-0184,training_evaluation,filled_b,en,no,,test,easy,False,none,13042,130420184
SYN-TRAINING_EVALUATION-0185,training_evaluation,filled_a,de,yes,PERSON;URL,test,easy,False,none,13042,130420185
SYN-TRAINING_EVALUATION-0186,training_evaluation,filled_a,de,no,,validation,easy,False,none,13042,130420186
SYN-TRAINING_EVALUATION-0187,training_evaluation,filled_a,de,no,,test,easy,False,none,13042,130420187
SYN-TRAINING_EVALUATION-0188,training_evaluation,filled_b,en,no,,train,easy,False,none,13042,130420188
SYN-TRAINING_EVALUATION-0189,training_evaluation,filled_a,en,no,,validation,easy,False,none,13042,130420189
SYN-TRAINING_EVALUATION-0190,training_evaluation,blank,de,no,,train,easy,False,none,13042,130420190
SYN-TRAINING_EVALUATION-0191,training_evaluation,filled_b,de,no,,train,easy,False,none,13042,130420191
SYN-TRAINING_EVALUATION-0192,training_evaluation,filled_a,de,no,,train,easy,False,none,13042,130420192
SYN-TRAINING_EVALUATION-0193,training_evaluation,filled_b,de,yes,PERSON;EMAIL_ADDRESS,train,easy,False,none,13042,130420193
SYN-TRAINING_EVALUATION-0194,training_evaluation,filled_a,de,no,,test,easy,False,none,13042,130420194
SYN-TRAINING_EVALUATION-0195,training_evaluation,filled_b,de,no,,train,easy,False,none,13042,130420195
SYN-TRAINING_EVALUATION-0196,training_evaluation,filled_b,de,yes,PERSON;URL,train,easy,False,none,13042,130420196
SYN-TRAINING_EVALUATION-0197,training_evaluation,filled_a,en,no,,train,easy,False,none,13042,130420197
SYN-TRAINING_EVALUATION-0198,training_evaluation,filled_b,de,no,,test,easy,False,none,13042,130420198
SYN-TRAINING_EVALUATION-0199,training_evaluation,filled_a,de,yes,PERSON;URL,validation,easy,False,none,13042,130420199
SYN-TRAINING_EVALUATION-0200,training_evaluation,filled_b,en,yes,PERSON;DATE_TIME,train,easy,False,none,13042,130420200
SYN-TRAINING_EVALUATION-0201,training_evaluation,filled_a,de,no,,train,easy,False,none,13042,130420201
SYN-TRAINING_EVALUATION-0202,training_evaluation,filled_a,en,no,,train,easy,False,none,13042,130420202
SYN-TRAINING_EVALUATION-0203,training_evaluation,filled_a,de,no,,train,easy,False,none,13042,130420203
SYN-TRAINING_EVALUATION-0204,training_evaluation,filled_a,en,no,,train,easy,False,none,13042,130420204
SYN-TRAINING_EVALUATION-0205,training_evaluation,filled_b,de,no,,train,easy,False,none,13042,130420205
SYN-TRAINING_EVALUATION-0206,training_evaluation,filled_b,de,yes,PERSON;EMAIL_ADDRESS,train,easy,False,none,13042,130420206
SYN-TRAINING_EVALUATION-0207,training_evaluation,filled_b,de,yes,PERSON;URL,test,easy,False,none,13042,130420207
SYN-TRAINING_EVALUATION-0208,training_evaluation,filled_b,de,no,,train,easy,False,none,13042,130420208
SYN-TRAINING_EVALUATION-0209,training_evaluation,filled_b,en,no,,validation,easy,False,none,13042,130420209
SYN-TRAINING_EVALUATION-0210,training_evaluation,filled_a,en,no,,train,easy,False,none,13042,130420210
SYN-TRAINING_EVALUATION-0211,training_evaluation,filled_b,de,no,,train,easy,False,none,13042,130420211
SYN-TRAINING_EVALUATION-0212,training_evaluation,blank,de,no,,train,easy,False,none,13042,130420212
SYN-TRAINING_EVALUATION-0213,training_evaluation,filled_b,en,no,,train,easy,False,none,13042,130420213
SYN-TRAINING_EVALUATION-0214,training_evaluation,filled_b,de,yes,PERSON;DATE_TIME,train,easy,False,none,13042,130420214
SYN-TRAINING_EVALUATION-0215,training_evaluation,filled_b,en,no,,train,easy,False,none,13042,130420215
SYN-TRAINING_EVALUATION-0216,training_evaluation,filled_b,en,no,,test,easy,False,none,13042,130420216
SYN-TRAINING_EVALUATION-0217,training_evaluation,filled_a,de,no,,train,easy,False,none,13042,130420217
SYN-TRAINING_EVALUATION-0218,training_evaluation,filled_a,de,no,,train,easy,False,none,13042,130420218
SYN-TRAINING_EVALUATION-0219,training_evaluation,filled_a,en,no,,train,easy,False,none,13042,130420219
SYN-TRAINING_EVALUATION-0220,training_evaluation,filled_b,en,no,,train,easy,False,none,13042,130420220
SYN-TRAINING_EVALUATION-0221,training_evaluation,filled_a,de,no,,train,easy,False,none,13042,130420221
SYN-TRAINING_EVALUATION-0222,training_evaluation,filled_b,de,yes,PERSON;URL,train,easy,False,none,13042,130420222
SYN-TRAINING_EVALUATION-0223,training_evaluation,filled_b,en,yes,PERSON,test,easy,False,none,13042,130420223
SYN-TRAINING_EVALUATION-0224,training_evaluation,filled_a,de,no,,train,easy,False,none,13042,130420224
SYN-TRAINING_EVALUATION-0225,training_evaluation,filled_a,de,no,,train,easy,False,none,13042,130420225
SYN-TRAINING_EVALUATION-0226,training_evaluation,filled_a,de,no,,train,easy,False,none,13042,130420226
SYN-TRAINING_EVALUATION-0227,training_evaluation,filled_b,de,no,,train,easy,False,none,13042,130420227
SYN-TRAINING_EVALUATION-0228,training_evaluation,filled_a,de,yes,PERSON;EMAIL_ADDRESS,test,easy,False,none,13042,130420228
SYN-TRAINING_EVALUATION-0229,training_evaluation,filled_b,en,no,,train,easy,False,none,13042,130420229
SYN-TRAINING_EVALUATION-0230,training_evaluation,filled_b,de,no,,train,easy,False,none,13042,130420230
SYN-TRAINING_EVALUATION-0231,training_evaluation,blank,de,no,,train,easy,False,none,13042,130420231
SYN-TRAINING_EVALUATION-0232,training_evaluation,filled_b,en,no,,train,easy,False,none,13042,130420232
SYN-TRAINING_EVALUATION-0233,training_evaluation,filled_a,en,no,,validation,easy,False,none,13042,130420233
SYN-TRAINING_EVALUATION-0234,training_evaluation,filled_b,en,no,,train,easy,False,none,13042,130420234
SYN-TRAINING_EVALUATION-0235,training_evaluation,filled_b,en,yes,PERSON,train,easy,False,none,13042,130420235
SYN-TRAINING_EVALUATION-0236,training_evaluation,filled_a,de,no,,validation,easy,False,none,13042,130420236
SYN-TRAINING_EVALUATION-0237,training_evaluation,filled_a,de,no,,test,easy,False,none,13042,130420237
SYN-TRAINING_EVALUATION-0238,training_evaluation,filled_a,de,yes,PERSON;URL,validation,easy,False,none,13042,130420238
SYN-TRAINING_EVALUATION-0239,training_evaluation,filled_a,en,no,,train,easy,False,none,13042,130420239
SYN-TRAINING_EVALUATION-0240,training_evaluation,filled_b,en,no,,validation,easy,False,none,13042,130420240
SYN-TRAINING_EVALUATION-0241,training_evaluation,filled_a,en,no,,train,easy,False,none,13042,130420241
SYN-TRAINING_EVALUATION-0242,training_evaluation,filled_a,en,no,,train,easy,False,none,13042,130420242
SYN-TRAINING_EVALUATION-0243,training_evaluation,filled_b,en,no,,train,easy,False,none,13042,130420243
SYN-TRAINING_EVALUATION-0244,training_evaluation,filled_b,de,no,,train,easy,False,none,13042,130420244
SYN-TRAINING_EVALUATION-0245,training_evaluation,filled_b,en,no,,train,easy,False,none,13042,130420245
SYN-TRAINING_EVALUATION-0246,training_evaluation,filled_a,en,yes,PERSON,validation,easy,False,none,13042,130420246
SYN-TRAINING_EVALUATION-0247,training_evaluation,filled_a,en,no,,train,easy,False,none,13042,130420247
SYN-TRAINING_EVALUATION-0248,training_evaluation,filled_a,de,no,,train,easy,False,none,13042,130420248
SYN-TRAINING_EVALUATION-0249,training_evaluation,filled_b,de,no,,train,easy,False,none,13042,130420249
SYN-TRAINING_EVALUATION-0250,training_evaluation,filled_a,de,no,,train,easy,False,none,13042,130420250
