document_id,scenario_type,variant,language,contains_personal_data,entity_types,recommended_split,difficulty,edge_case,challenge_category,scenario_seed,row_seed
SYN-CONTRACT-0001,contract,contract_excerpt,en,no,,train,easy,False,none,42,420001
SYN-CONTRACT-0002,contract,amendment,de,no,,validation,easy,False,none,42,420002
SYN-CONTRACT-0003,contract,amendment,de,no,,train,easy,False,none,42,420003
SYN-CONTRACT-0004,contract,contract_excerpt,en,no,,train,easy,False,none,42,420004
SYN-CONTRACT-0005,contract,amendment,en,no,,train,easy,False,none,42,420005
SYN-CONTRACT-0006,contract,signature_section,de,no,,train,easy,False,none,42,420006
SYN-CONTRACT-0007,contract,signature_section,en,no,,train,easy,False,none,42,420007
SYN-CONTRACT-0008,contract,contract_excerpt,de,no,,train,easy,False,none,42,420008
SYN-CONTRACT-0009,contract,contract_excerpt,en,yes,PERSON;DATE_TIME,test,easy,False,none,42,420009
SYN-CONTRACT-0010,contract,contract_excerpt,de,no,,train,easy,False,none,42,420010
SYN-CONTRACT-0011,contract,contract_excerpt,en,no,,train,easy,False,none,42,420011
SYN-CONTRACT-0012,contract,amendment,de,no,,train,easy,False,none,42,420012
SYN-CONTRACT-0013,contract,signature_section,de,no,,train,easy,False,none,42,420013
SYN-CONTRACT-0014,contract,signature_section,en,no,,train,easy,False,none,42,420014
SYN-CONTRACT-0015,contract,signature_section,en,no,,train,easy,False,none,42,420015
SYN-CONTRACT-0016,contract,contract_excerpt,en,no,,validation,easy,False,none,42,420016
SYN-CONTRACT-0017,contract,contract_excerpt,de,no,,validation,easy,False,none,42,420017
SYN-CONTRACT-0018,contract,contract_excerpt,en,no,,train,easy,False,none,42,420018
SYN-CONTRACT-0019,contract,amendment,de,yes,PERSON;EMAIL_ADDRESS,train,easy,False,none,42,420019
SYN-CONTRACT-0020,contract,signature_section,de,no,,train,easy,False,none,42,420020
SYN-CONTRACT-0021,contract,amendment,en,no,,test,easy,False,none,42,420021
SYN-CONTRACT-0022,contract,signature_section,en,no,,train,easy,False,none,42,420022
SYN-CONTRACT-0023,contract,contract_excerpt,de,no,,validation,easy,False,none,42,420023
SYN-CONTRACT-0024,contract,contract_excerpt,de,yes,PERSON;EMAIL_ADDRESS,validation,easy,False,none,42,420024
SYN-CONTRACT-0025,contract,amendment,en,no,,train,easy,False,none,42,420025
SYN-CONTRACT-0026,contract,signature_section,de,no,,train,easy,False,none,42,420026
SYN-CONTRACT-0027,contract,contract_excerpt,de,yes,PERSON;EMAIL_ADDRESS,train,easy,False,none,42,420027
SYN-CONTRACT-0028,contract,signature_section,en,no,,train,easy,False,none,42,420028
SYN-CONTRACT-0029,contract,contract_excerpt,en,no,,train,easy,False,none,42,420029
SYN-CONTRACT-0030,contract,contract_excerpt,de,no,,train,easy,False,none,42,420030
SYN-CONTRACT-0031,contract,contract_excerpt,de,no,,train,easy,False,none,42,420031
SYN-CONTRACT-0032,contract,signature_section,de,no,,train,easy,False,none,42,420032
SYN-CONTRACT-0033,contract,contract_excerpt,en,no,,train,easy,False,none,42,420033
SYN-CONTRACT-0034,contract,amendment,de,no,,train,easy,False,none,42,420034
SYN-CONTRACT-0035,contract,contract_excerpt,en,no,,train,easy,False,none,42,420035
SYN-CONTRACT-0036,contract,signature_section,en,no,,train,easy,False,none,42,420036
SYN-CONTRACT-0037,contract,contract_excerpt,de,no,,test,easy,False,none,42,420037
SYN-CONTRACT-0038,contract,signature_section,en,no,,test,easy,False,none,42,420038
SYN-CONTRACT-0039,contract,signature_section,en,no,,test,easy,False,none,42,420039
SYN-CONTRACT-0040,contract,signature_section,de,yes,PERSON;DATE_TIME,train,easy,False,none,42,420040
SYN-CONTRACT-0041,contract,signature_section,en,no,,validation,easy,False,none,42,420041
SYN-CONTRACT-0042,contract,contract_excerpt,de,no,,train,easy,False,none,42,420042
SYN-CONTRACT-0043,contract,amendment,en,no,,train,easy,False,none,42,420043
SYN-CONTRACT-0044,contract,signature_section,en,no,,train,easy,False,none,42,420044
SYN-CONTRACT-0045,contract,amendment,de,no,,test,easy,False,none,42,420045
SYN-CONTRACT-0046,contract,contract_excerpt,de,no,,train,easy,False,none,42,420046
SYN-CONTRACT-0047,contract,amendment,en,no,,test,easy,False,none,42,420047
SYN-CONTRACT-0048,contract,signature_section,en,yes,PERSON;LOCATION,train,easy,False,none,42,420048
SYN-CONTRACT-0049,contract,amendment,en,no,,train,easy,False,none,42,420049
SYN-CONTRACT-0050,contract,signature_section,de,no,,train,easy,False,none,42,420050
SYN-CONTRACT-0051,contract,signature_section,de,no,,train,easy,False,none,42,420051
SYN-CONTRACT-0052,contract,signature_section,de,no,,train,easy,False,none,42,420052
SYN-CONTRACT-0053,contract,signature_section,de,no,,validation,easy,False,none,42,420053
SYN-CONTRACT-0054,contract,amendment,de,no,,train,easy,False,none,42,420054
SYN-CONTRACT-0055,contract,amendment,de,no,,train,easy,False,none,42,420055
SYN-CONTRACT-0056,contract,amendment,en,no,,train,easy,False,none,42,420056
SYN-CONTRACT-0057,contract,contract_excerpt,en,no,,test,easy,False,none,42,420057
SYN-CONTRACT-0058,contract,amendment,en,no,,train,easy,False,none,42,420058
SYN-CONTRACT-0059,contract,contract_excerpt,de,no,,test,easy,False,none,42,420059
SYN-CONTRACT-0060,contract,amendment,en,no,,train,easy,False,none,42,420060
SYN-CONTRACT-0061,contract,contract_excerpt,de,no,,train,easy,False,none,42,420061
SYN-CONTRACT-0062,contract,contract_excerpt,de,no,,test,easy,False,none,42,420062
SYN-CONTRACT-0063,contract,amendment,de,no,,train,easy,False,none,42,420063
SYN-CONTRACT-0064,contract,contract_excerpt,de,no,,train,easy,False,none,42,420064
SYN-CONTRACT-0065,contract,amendment,en,no,,train,easy,False,none,42,420065
SYN-CONTRACT-0066,contract,amendment,de,no,,train,easy,False,none,42,420066
SYN-CONTRACT-0067,contract,amendment,en,no,,validation,easy,False,none,42,420067
SYN-CONTRACT-0068,contract,amendment,en,no,,train,easy,False,none,42,420068
SYN-CONTRACT-0069,contract,amendment,en,yes,PERSON,train,easy,False,none,42,420069
SYN-CONTRACT-0070,contract,signature_section,en,no,,validation,easy,False,none,42,420070
SYN-CONTRACT-0071,contract,amendment,en,no,,validation,easy,False,none,42,420071
SYN-CONTRACT-0072,contract,contract_excerpt,en,yes,PERSON;DATE_TIME,train,easy,False,none,42,420072
SYN-CONTRACT-0073,contract,signature_section,de,no,,train,easy,False,none,42,420073
SYN-CONTRACT-0074,contract,signature_section,en,yes,PERSON,train,easy,False,none,42,420074
SYN-CONTRACT-0075,contract,contract_excerpt,de,no,,validation,easy,False,none,42,420075
SYN-CONTRACT-0076,contract,signature_section,en,no,,validation,easy,False,none,42,420076
SYN-CONTRACT-0077,contract,contract_excerpt,en,no,,train,easy,False,none,42,420077
SYN-CONTRACT-0078,contract,signature_section,en,yes,PERSON,validation,easy,False,none,42,420078
SYN-CONTRACT-0079,contract,amendment,de,no,,validation,easy,False,none,42,420079
SYN-CONTRACT-0080,contract,contract_excerpt,de,yes,PERSON;LOCATION,train,easy,False,none,42,420080
SYN-CONTRACT-0081,contract,signature_section,en,no,,train,easy,False,none,42,420081
SYN-CONTRACT-0082,contract,amendment,en,no,,train,easy,False,none,42,420082
SYN-CONTRACT-0083,contract,amendment,en,no,,train,easy,False,none,42,420083
SYN-CONTRACT-0084,contract,contract_excerpt,de,no,,train,easy,False,none,42,420084
SYN-CONTRACT-0085,contract,contract_excerpt,de,no,,train,easy,False,none,42,420085
SYN-CONTRACT-0086,contract,amendment,en,no,,train,easy,False,none,42,420086
SYN-CONTRACT-0087,contract,contract_excerpt,de,no,,train,easy,False,none,42,420087
SYN-CONTRACT-0088,contract,contract_excerpt,en,no,,train,easy,False,none,42,420088
SYN-CONTRACT-0089,contract,contract_excerpt,de,no,,train,easy,False,none,42,420089
SYN-CONTRACT-0090,contract,contract_excerpt,en,no,,validation,easy,False,none,42,420090
SYN-CONTRACT-0091,contract,signature_section,de,yes,PERSON;LOCATION,test,easy,False,none,42,420091
SYN-CONTRACT-0092,contract,amendment,en,no,,train,easy,False,none,42,420092
SYN-CONTRACT-0093,contract,signature_section,de,no,,train,easy,False,none,42,420093
SYN-CONTRACT-0094,contract,contract_excerpt,en,no,,test,easy,False,none,42,420094
SYN-CONTRACT-0095,contract,signature_section,de,no,,train,easy,False,none,42,420095
SYN-CONTRACT-0096,contract,amendment,en,no,,test,easy,False,none,42,420096
SYN-CONTRACT-0097,contract,signature_section,de,no,,test,easy,False,none,42,420097
SYN-CONTRACT-0098,contract,signature_section,de,no,,test,easy,False,none,42,420098
SYN-CONTRACT-0099,contract,signature_section,de,no,,train,easy,False,none,42,420099
SYN-CONTRACT-0100,contract,signature_section,en,no,,train,easy,False,none,42,420100
SYN-CUSTOMER_SUPPORT-0001,customer_support,escalation_note,en,no,,train,easy,False,none,1042,10420001
SYN-CUSTOMER_SUPPORT-0002,customer_support,portal_ticket,en,yes,URL,train,easy,False,none,1042,10420002
SYN-CUSTOMER_SUPPORT-0003,customer_support,portal_ticket,en,yes,PERSON,train,easy,False,none,1042,10420003
SYN-CUSTOMER_SUPPORT-0004,customer_support,email_ticket,de,no,,train,easy,False,none,1042,10420004
SYN-CUSTOMER_SUPPORT-0005,customer_support,escalation_note,en,no,,train,easy,False,none,1042,10420005
SYN-CUSTOMER_SUPPORT-0006,customer_support,email_ticket,de,no,,train,easy,False,none,1042,10420006
SYN-CUSTOMER_SUPPORT-0007,customer_support,portal_ticket,en,no,,test,easy,False,none,1042,10420007
SYN-CUSTOMER_SUPPORT-0008,customer_support,escalation_note,en,no,,train,easy,False,none,1042,10420008
SYN-CUSTOMER_SUPPORT-0009,customer_support,portal_ticket,en,no,,test,easy,False,none,1042,10420009
SYN-CUSTOMER_SUPPORT-0010,customer_support,email_ticket,en,no,,test,easy,False,none,1042,10420010
SYN-CUSTOMER_SUPPORT-0011,customer_support,portal_ticket,de,no,,test,easy,False,none,1042,10420011
SYN-CUSTOMER_SUPPORT-0012,customer_support,escalation_note,en,no,,validation,easy,False,none,1042,10420012
SYN-CUSTOMER_SUPPORT-0013,customer_support,escalation_note,de,no,,test,easy,False,none,1042,10420013
SYN-CUSTOMER_SUPPORT-0014,customer_support,portal_ticket,de,no,,train,easy,False,none,1042,10420014
SYN-CUSTOMER_SUPPORT-0015,customer_support,portal_ticket,en,no,,validation,easy,False,none,1042,10420015
SYN-CUSTOMER_SUPPORT-0016,customer_support,email_ticket,de,no,,train,easy,False,none,1042,10420016
SYN-CUSTOMER_SUPPORT-0017,customer_support,portal_ticket,de,no,,test,easy,False,none,1042,10420017
SYN-CUSTOMER_SUPPORT-0018,customer_support,portal_ticket,de,yes,PERSON;EMAIL_ADDRESS,test,easy,False,none,1042,10420018
SYN-CUSTOMER_SUPPORT-0019,customer_support,portal_ticket,en,no,,validation,easy,False,none,1042,10420019
SYN-CUSTOMER_SUPPORT-0020,customer_support,email_ticket,de,no,,train,easy,False,none,1042,10420020
SYN-CUSTOMER_SUPPORT-0021,customer_support,portal_ticket,de,no,,train,easy,False,none,1042,10420021
SYN-CUSTOMER_SUPPORT-0022,customer_support,portal_ticket,en,yes,EMAIL_ADDRESS,train,easy,False,none,1042,10420022
SYN-CUSTOMER_SUPPORT-0023,customer_support,portal_ticket,de,no,,validation,easy,False,none,1042,10420023
SYN-CUSTOMER_SUPPORT-0024,customer_support,email_ticket,de,yes,IP_ADDRESS,train,easy,False,none,1042,10420024
SYN-CUSTOMER_SUPPORT-0025,customer_support,email_ticket,de,no,,validation,easy,False,none,1042,10420025
SYN-CUSTOMER_SUPPORT-0026,customer_support,portal_ticket,en,no,,train,easy,False,none,1042,10420026
SYN-CUSTOMER_SUPPORT-0027,customer_support,email_ticket,en,yes,PERSON;EMAIL_ADDRESS,train,easy,False,none,1042,10420027
SYN-CUSTOMER_SUPPORT-0028,customer_support,portal_ticket,en,no,,train,easy,False,none,1042,10420028
SYN-CUSTOMER_SUPPORT-0029,customer_support,email_ticket,de,no,,validation,easy,False,none,1042,10420029
SYN-CUSTOMER_SUPPORT-0030,customer_support,escalation_note,en,no,,validation,easy,False,none,1042,10420030
SYN-CUSTOMER_SUPPORT-0031,customer_support,portal_ticket,de,no,,train,easy,False,none,1042,10420031
SYN-CUSTOMER_SUPPORT-0032,customer_support,email_ticket,en,no,,train,easy,False,none,1042,10420032
SYN-CUSTOMER_SUPPORT-0033,customer_support,email_ticket,de,no,,test,easy,False,none,1042,10420033
SYN-CUSTOMER_SUPPORT-0034,customer_support,portal_ticket,en,no,,train,easy,False,none,1042,10420034
SYN-CUSTOMER_SUPPORT-0035,customer_support,escalation_note,en,no,,train,easy,False,none,1042,10420035
SYN-CUSTOMER_SUPPORT-0036,customer_support,escalation_note,en,no,,train,easy,False,none,1042,10420036
SYN-CUSTOMER_SUPPORT-0037,customer_support,portal_ticket,de,yes,IP_ADDRESS,validation,easy,False,none,1042,10420037
SYN-CUSTOMER_SUPPORT-0038,customer_support,escalation_note,en,no,,validation,easy,False,none,1042,10420038
SYN-CUSTOMER_SUPPORT-0039,customer_support,portal_ticket,en,no,,train,easy,False,none,1042,10420039
SYN-CUSTOMER_SUPPORT-0040,customer_support,escalation_note,de,no,,train,easy,False,none,1042,10420040
SYN-CUSTOMER_SUPPORT-0041,customer_support,escalation_note,de,no,,train,easy,False,none,1042,10420041
SYN-CUSTOMER_SUPPORT-0042,customer_support,email_ticket,en,no,,train,easy,False,none,1042,10420042
SYN-CUSTOMER_SUPPORT-0043,customer_support,escalation_note,de,no,,train,easy,False,none,1042,10420043
SYN-CUSTOMER_SUPPORT-0044,customer_support,portal_ticket,de,no,,validation,easy,False,none,1042,10420044
SYN-CUSTOMER_SUPPORT-0045,customer_support,email_ticket,de,no,,train,easy,False,none,1042,10420045
SYN-CUSTOMER_SUPPORT-0046,customer_support,escalation_note,en,no,,test,easy,False,none,1042,10420046
SYN-CUSTOMER_SUPPORT-0047,customer_support,email_ticket,de,no,,train,easy,False,none,1042,10420047
SYN-CUSTOMER_SUPPORT-0048,customer_support,email_ticket,de,no,,train,easy,False,none,1042,10420048
SYN-CUSTOMER_SUPPORT-0049,customer_support,email_ticket,de,no,,train,easy,False,none,1042,10420049
SYN-CUSTOMER_SUPPORT-0050,customer_support,portal_ticket,en,no,,train,easy,False,none,1042,10420050
SYN-CUSTOMER_SUPPORT-0051,customer_support,portal_ticket,de,no,,train,easy,False,none,1042,10420051
SYN-CUSTOMER_SUPPORT-0052,customer_support,portal_ticket,de,no,,train,easy,False,none,1042,10420052
SYN-CUSTOMER_SUPPORT-0053,customer_support,email_ticket,en,no,,train,easy,False,none,1042,10420053
SYN-CUSTOMER_SUPPORT-0054,customer_support,escalation_note,de,no,,train,easy,False,none,1042,10420054
SYN-CUSTOMER_SUPPORT-0055,customer_support,escalation_note,en,no,,train,easy,False,none,1042,10420055
SYN-CUSTOMER_SUPPORT-0056,customer_support,portal_ticket,en,no,,train,easy,False,none,1042,10420056
SYN-CUSTOMER_SUPPORT-0057,customer_support,portal_ticket,de,no,,validation,easy,False,none,1042,10420057
SYN-CUSTOMER_SUPPORT-0058,customer_support,portal_ticket,de,no,,train,easy,False,none,1042,10420058
SYN-CUSTOMER_SUPPORT-0059,customer_support,escalation_note,en,no,,train,easy,False,none,1042,10420059
SYN-CUSTOMER_SUPPORT-0060,customer_support,escalation_note,en,no,,train,easy,False,none,1042,10420060
SYN-CUSTOMER_SUPPORT-0061,customer_support,escalation_note,de,yes,PERSON,train,easy,False,none,1042,10420061
SYN-CUSTOMER_SUPPORT-0062,customer_support,escalation_note,de,no,,validation,easy,False,none,1042,10420062
SYN-CUSTOMER_SUPPORT-0063,customer_support,email_ticket,en,no,,train,easy,False,none,1042,10420063
SYN-CUSTOMER_SUPPORT-0064,customer_support,email_ticket,en,no,,train,easy,False,none,1042,10420064
SYN-CUSTOMER_SUPPORT-0065,customer_support,email_ticket,en,no,,train,easy,False,none,1042,10420065
SYN-CUSTOMER_SUPPORT-0066,customer_support,escalation_note,de,no,,test,easy,False,none,1042,10420066
SYN-CUSTOMER_SUPPORT-0067,customer_support,email_ticket,de,no,,train,easy,False,none,1042,10420067
SYN-CUSTOMER_SUPPORT-0068,customer_support,escalation_note,en,no,,train,easy,False,none,1042,10420068
SYN-CUSTOMER_SUPPORT-0069,customer_support,email_ticket,en,no,,validation,easy,False,none,1042,10420069
SYN-CUSTOMER_SUPPORT-0070,customer_support,escalation_note,de,no,,train,easy,False,none,1042,10420070
SYN-CUSTOMER_SUPPORT-0071,customer_support,email_ticket,de,yes,PHONE_NUMBER,train,easy,False,none,1042,10420071
SYN-CUSTOMER_SUPPORT-0072,customer_support,email_ticket,de,no,,train,easy,False,none,1042,10420072
SYN-CUSTOMER_SUPPORT-0073,customer_support,email_ticket,de,no,,train,easy,False,none,1042,10420073
SYN-CUSTOMER_SUPPORT-0074,customer_support,portal_ticket,en,no,,train,easy,False,none,1042,10420074
SYN-CUSTOMER_SUPPORT-0075,customer_support,escalation_note,en,no,,train,easy,False,none,1042,10420075
SYN-CUSTOMER_SUPPORT-0076,customer_support,escalation_note,de,no,,train,easy,False,none,1042,10420076
SYN-CUSTOMER_SUPPORT-0077,customer_support,email_ticket,en,yes,PHONE_NUMBER,validation,easy,False,none,1042,10420077
SYN-CUSTOMER_SUPPORT-0078,customer_support,portal_ticket,de,no,,train,easy,False,none,1042,10420078
SYN-CUSTOMER_SUPPORT-0079,customer_support,portal_ticket,en,no,,train,easy,False,none,1042,10420079
SYN-CUSTOMER_SUPPORT-0080,customer_support,email_ticket,en,no,,test,easy,False,none,1042,10420080
SYN-CUSTOMER_SUPPORT-0081,customer_support,email_ticket,en,no,,train,easy,False,none,1042,10420081
SYN-CUSTOMER_SUPPORT-0082,customer_support,email_ticket,en,no,,test,easy,False,none,1042,10420082
SYN-CUSTOMER_SUPPORT-0083,customer_support,escalation_note,de,no,,train,easy,False,none,1042,10420083
SYN-CUSTOMER_SUPPORT-0084,customer_support,email_ticket,de,no,,train,easy,False,none,1042,10420084
SYN-CUSTOMER_SUPPORT-0085,customer_support,escalation_note,en,no,,train,easy,False,none,1042,10420085
SYN-CUSTOMER_SUPPORT-0086,customer_support,portal_ticket,en,no,,train,easy,False,none,1042,10420086
SYN-CUSTOMER_SUPPORT-0087,customer_support,portal_ticket,de,no,,train,easy,False,none,1042,10420087
SYN-CUSTOMER_SUPPORT-0088,customer_support,escalation_note,de,yes,EMAIL_ADDRESS,train,easy,False,none,1042,10420088
SYN-CUSTOMER_SUPPORT-0089,customer_support,email_ticket,en,no,,train,easy,False,none,1042,10420089
SYN-CUSTOMER_SUPPORT-0090,customer_support,portal_ticket,en,no,,train,easy,False,none,1042,10420090
SYN-CUSTOMER_SUPPORT-0091,customer_support,email_ticket,en,no,,validation,easy,False,none,1042,10420091
SYN-CUSTOMER_SUPPORT-0092,customer_support,escalation_note,de,no,,train,easy,False,none,1042,10420092
SYN-CUSTOMER_SUPPORT-0093,customer_support,portal_ticket,en,no,,train,easy,False,none,1042,10420093
SYN-CUSTOMER_SUPPORT-0094,customer_support,portal_ticket,de,no,,train,easy,False,none,1042,10420094
SYN-CUSTOMER_SUPPORT-0095,customer_support,portal_ticket,de,no,,train,easy,False,none,1042,10420095
SYN-CUSTOMER_SUPPORT-0096,customer_support,email_ticket,en,yes,URL,test,easy,False,none,1042,10420096
SYN-CUSTOMER_SUPPORT-0097,customer_support,escalation_note,de,no,,train,easy,False,none,1042,10420097
SYN-CUSTOMER_SUPPORT-0098,customer_support,portal_ticket,de,no,,test,easy,False,none,1042,10420098
SYN-CUSTOMER_SUPPORT-0099,customer_support,escalation_note,en,no,,test,easy,False,none,1042,10420099
SYN-CUSTOMER_SUPPORT-0100,customer_support,email_ticket,en,no,,train,easy,False,none,1042,10420100
SYN-EMPLOYEE_RECORD-0001,employee_record,employee_summary,de,no,,train,easy,False,none,2042,20420001
SYN-EMPLOYEE_RECORD-0002,employee_record,hr_profile,en,no,,train,easy,False,none,2042,20420002
SYN-EMPLOYEE_RECORD-0003,employee_record,structured_record,en,no,,train,easy,False,none,2042,20420003
SYN-EMPLOYEE_RECORD-0004,employee_record,hr_profile,en,no,,test,easy,False,none,2042,20420004
SYN-EMPLOYEE_RECORD-0005,employee_record,structured_record,en,no,,train,easy,False,none,2042,20420005
SYN-EMPLOYEE_RECORD-0006,employee_record,structured_record,en,no,,train,easy,False,none,2042,20420006
SYN-EMPLOYEE_RECORD-0007,employee_record,hr_profile,en,no,,validation,easy,False,none,2042,20420007
SYN-EMPLOYEE_RECORD-0008,employee_record,employee_summary,en,no,,train,easy,False,none,2042,20420008
SYN-EMPLOYEE_RECORD-0009,employee_record,structured_record,en,yes,PERSON;EMAIL_ADDRESS;PHONE_NUMBER,train,easy,False,none,2042,20420009
SYN-EMPLOYEE_RECORD-0010,employee_record,employee_summary,de,no,,test,easy,False,none,2042,20420010
SYN-EMPLOYEE_RECORD-0011,employee_record,hr_profile,en,yes,PERSON,train,easy,False,none,2042,20420011
SYN-EMPLOYEE_RECORD-0012,employee_record,structured_record,de,no,,train,easy,False,none,2042,20420012
SYN-EMPLOYEE_RECORD-0013,employee_record,employee_summary,de,yes,PERSON;EMAIL_ADDRESS;PHONE_NUMBER,train,easy,False,none,2042,20420013
SYN-EMPLOYEE_RECORD-0014,employee_record,structured_record,de,no,,test,easy,False,none,2042,20420014
SYN-EMPLOYEE_RECORD-0015,employee_record,employee_summary,de,no,,train,easy,False,none,2042,20420015
SYN-EMPLOYEE_RECORD-0016,employee_record,structured_record,de,no,,test,easy,False,none,2042,20420016
SYN-EMPLOYEE_RECORD-0017,employee_record,hr_profile,en,no,,train,easy,False,none,2042,20420017
SYN-EMPLOYEE_RECORD-0018,employee_record,employee_summary,de,no,,validation,easy,False,none,2042,20420018
SYN-EMPLOYEE_RECORD-0019,employee_record,structured_record,en,no,,validation,easy,False,none,2042,20420019
SYN-EMPLOYEE_RECORD-0020,employee_record,hr_profile,en,no,,train,easy,False,none,2042,20420020
SYN-EMPLOYEE_RECORD-0021,employee_record,employee_summary,de,no,,train,easy,False,none,2042,20420021
SYN-EMPLOYEE_RECORD-0022,employee_record,employee_summary,de,no,,train,easy,False,none,2042,20420022
SYN-EMPLOYEE_RECORD-0023,employee_record,employee_summary,de,no,,test,easy,False,none,2042,20420023
SYN-EMPLOYEE_RECORD-0024,employee_record,structured_record,de,no,,validation,easy,False,none,2042,20420024
SYN-EMPLOYEE_RECORD-0025,employee_record,hr_profile,de,no,,train,easy,False,none,2042,20420025
SYN-EMPLOYEE_RECORD-0026,employee_record,structured_record,en,no,,train,easy,False,none,2042,20420026
SYN-EMPLOYEE_RECORD-0027,employee_record,employee_summary,en,no,,train,easy,False,none,2042,20420027
SYN-EMPLOYEE_RECORD-0028,employee_record,hr_profile,en,no,,train,easy,False,none,2042,20420028
SYN-EMPLOYEE_RECORD-0029,employee_record,hr_profile,de,no,,train,easy,False,none,2042,20420029
SYN-EMPLOYEE_RECORD-0030,employee_record,employee_summary,de,no,,train,easy,False,none,2042,20420030
SYN-EMPLOYEE_RECORD-0031,employee_record,structured_record,de,no,,validation,easy,False,none,2042,20420031
SYN-EMPLOYEE_RECORD-0032,employee_record,hr_profile,de,no,,train,easy,False,none,2042,20420032
SYN-EMPLOYEE_RECORD-0033,employee_record,structured_record,en,no,,test,easy,False,none,2042,20420033
SYN-EMPLOYEE_RECORD-0034,employee_record,employee_summary,de,no,,train,easy,False,none,2042,20420034
SYN-EMPLOYEE_RECORD-0035,employee_record,structured_record,en,no,,train,easy,False,none,2042,20420035
SYN-EMPLOYEE_RECORD-0036,employee_record,hr_profile,en,no,,validation,easy,False,none,2042,20420036
SYN-EMPLOYEE_RECORD-0037,employee_record,employee_summary,en,no,,train,easy,False,none,2042,20420037
SYN-EMPLOYEE_RECORD-0038,employee_record,employee_summary,de,no,,train,easy,False,none,2042,20420038
SYN-EMPLOYEE_RECORD-0039,employee_record,structured_record,de,no,,train,easy,False,none,2042,20420039
SYN-EMPLOYEE_RECORD-0040,employee_record,structured_record,en,yes,PERSON,train,easy,False,none,2042,20420040
SYN-EMPLOYEE_RECORD-0041,employee_record,employee_summary,de,no,,test,easy,False,none,2042,20420041
SYN-EMPLOYEE_RECORD-0042,employee_record,structured_record,de,no,,test,easy,False,none,2042,20420042
SYN-EMPLOYEE_RECORD-0043,employee_record,hr_profile,en,no,,train,easy,False,none,2042,20420043
SYN-EMPLOYEE_RECORD-0044,employee_record,hr_profile,en,no,,train,easy,False,none,2042,20420044
SYN-EMPLOYEE_RECORD-0045,employee_record,employee_summary,de,no,,train,easy,False,none,2042,20420045
SYN-EMPLOYEE_RECORD-0046,employee_record,structured_record,de,no,,train,easy,False,none,2042,20420046
SYN-EMPLOYEE_RECORD-0047,employee_record,employee_summary,en,no,,train,easy,False,none,2042,20420047
SYN-EMPLOYEE_RECORD-0048,employee_record,structured_record,de,yes,PERSON;NRP,validation,easy,False,none,2042,20420048
SYN-EMPLOYEE_RECORD-0049,employee_record,structured_record,de,yes,PERSON,test,easy,False,none,2042,20420049
SYN-EMPLOYEE_RECORD-0050,employee_record,structured_record,en,no,,train,easy,False,none,2042,20420050
SYN-EMPLOYEE_RECORD-0051,employee_record,structured_record,de,yes,PERSON;LOCATION,train,easy,False,none,2042,20420051
SYN-EMPLOYEE_RECORD-0052,employee_record,employee_summary,de,no,,validation,easy,False,none,2042,20420052
SYN-EMPLOYEE_RECORD-0053,employee_record,employee_summary,en,no,,train,easy,False,none,2042,20420053
SYN-EMPLOYEE_RECORD-0054,employee_record,structured_record,de,no,,train,easy,False,none,2042,20420054
SYN-EMPLOYEE_RECORD-0055,employee_record,hr_profile,en,no,,train,easy,False,none,2042,20420055
SYN-EMPLOYEE_RECORD-0056,employee_record,employee_summary,en,yes,PERSON;LOCATION,train,easy,False,none,2042,20420056
SYN-EMPLOYEE_RECORD-0057,employee_record,employee_summary,en,no,,train,easy,False,none,2042,20420057
SYN-EMPLOYEE_RECORD-0058,employee_record,hr_profile,en,no,,test,easy,False,none,2042,20420058
SYN-EMPLOYEE_RECORD-0059,employee_record,structured_record,en,no,,train,easy,False,none,2042,20420059
SYN-EMPLOYEE_RECORD-0060,employee_record,employee_summary,de,no,,train,easy,False,none,2042,20420060
SYN-EMPLOYEE_RECORD-0061,employee_record,employee_summary,en,no,,validation,easy,False,none,2042,20420061
SYN-EMPLOYEE_RECORD-0062,employee_record,hr_profile,en,yes,PERSON;EMAIL_ADDRESS;PHONE_NUMBER,test,easy,False,none,2042,20420062
SYN-EMPLOYEE_RECORD-0063,employee_record,hr_profile,en,no,,validation,easy,False,none,2042,20420063
SYN-EMPLOYEE_RECORD-0064,employee_record,employee_summary,de,no,,train,easy,False,none,2042,20420064
SYN-EMPLOYEE_RECORD-0065,employee_record,employee_summary,de,no,,train,easy,False,none,2042,20420065
SYN-EMPLOYEE_RECORD-0066,employee_record,hr_profile,de,no,,train,easy,False,none,2042,20420066
SYN-EMPLOYEE_RECORD-0067,employee_record,hr_profile,en,no,,test,easy,False,none,2042,20420067
SYN-EMPLOYEE_RECORD-0068,employee_record,structured_record,de,no,,train,easy,False,none,2042,20420068
SYN-EMPLOYEE_RECORD-0069,employee_record,structured_record,de,no,,train,easy,False,none,2042,20420069
SYN-EMPLOYEE_RECORD-0070,employee_record,hr_profile,en,no,,train,easy,False,none,2042,20420070
SYN-EMPLOYEE_RECORD-0071,employee_record,structured_record,en,no,,train,easy,False,none,2042,20420071
SYN-EMPLOYEE_RECORD-0072,employee_record,structured_record,de,no,,train,easy,False,none,2042,20420072
SYN-EMPLOYEE_RECORD-0073,employee_record,hr_profile,en,no,,test,easy,False,none,2042,20420073
SYN-EMPLOYEE_RECORD-0074,employee_record,hr_profile,de,no,,train,easy,False,none,2042,20420074
SYN-EMPLOYEE_RECORD-0075,employee_record,hr_profile,en,no,,train,easy,False,none,2042,20420075
SYN-EMPLOYEE_RECORD-0076,employee_record,employee_summary,de,no,,train,easy,False,none,2042,20420076
SYN-EMPLOYEE_RECORD-0077,employee_record,employee_summary,en,no,,train,easy,False,none,2042,20420077
SYN-EMPLOYEE_RECORD-0078,employee_record,structured_record,en,no,,train,easy,False,none,2042,20420078
SYN-EMPLOYEE_RECORD-0079,employee_record,hr_profile,de,no,,train,easy,False,none,2042,20420079
SYN-EMPLOYEE_RECORD-0080,employee_record,structured_record,en,no,,train,easy,False,none,2042,20420080
SYN-EMPLOYEE_RECORD-0081,employee_record,hr_profile,de,yes,PERSON;NRP,train,easy,False,none,2042,20420081
SYN-EMPLOYEE_RECORD-0082,employee_record,employee_summary,de,no,,train,easy,False,none,2042,20420082
SYN-EMPLOYEE_RECORD-0083,employee_record,hr_profile,en,no,,train,easy,False,none,2042,20420083
SYN-EMPLOYEE_RECORD-0084,employee_record,structured_record,de,no,,train,easy,False,none,2042,20420084
SYN-EMPLOYEE_RECORD-0085,employee_record,hr_profile,en,no,,train,easy,False,none,2042,20420085
SYN-EMPLOYEE_RECORD-0086,employee_record,hr_profile,en,no,,train,easy,False,none,2042,20420086
SYN-EMPLOYEE_RECORD-0087,employee_record,hr_profile,de,yes,PERSON;DATE_TIME,train,easy,False,none,2042,20420087
SYN-EMPLOYEE_RECORD-0088,employee_record,structured_record,en,no,,test,easy,False,none,2042,20420088
SYN-EMPLOYEE_RECORD-0089,employee_record,hr_profile,de,no,,train,easy,False,none,2042,20420089
SYN-EMPLOYEE_RECORD-0090,employee_record,structured_record,de,no,,train,easy,False,none,2042,20420090
SYN-EMPLOYEE_RECORD-0091,employee_record,hr_profile,en,no,,train,easy,False,none,2042,20420091
SYN-EMPLOYEE_RECORD-0092,employee_record,structured_record,de,no,,validation,easy,False,none,2042,20420092
SYN-EMPLOYEE_RECORD-0093,employee_record,structured_record,en,no,,validation,easy,False,none,2042,20420093
SYN-EMPLOYEE_RECORD-0094,employee_record,hr_profile,de,no,,validation,easy,False,none,2042,20420094
SYN-EMPLOYEE_RECORD-0095,employee_record,hr_profile,en,yes,PERSON;DATE_TIME,validation,easy,False,none,2042,20420095
SYN-EMPLOYEE_RECORD-0096,employee_record,hr_profile,de,no,,train,easy,False,none,2042,20420096
SYN-EMPLOYEE_RECORD-0097,employee_record,employee_summary,en,no,,test,easy,False,none,2042,20420097
SYN-EMPLOYEE_RECORD-0098,employee_record,structured_record,de,no,,train,easy,False,none,2042,20420098
SYN-EMPLOYEE_RECORD-0099,employee_record,structured_record,en,no,,train,easy,False,none,2042,20420099
SYN-EMPLOYEE_RECORD-0100,employee_record,employee_summary,en,no,,validation,easy,False,none,2042,20420100
SYN-EXPENSE_REPORT-0001,expense_report,filled_b,de,no,,train,easy,False,none,3042,30420001
SYN-EXPENSE_REPORT-0002,expense_report,filled_a,en,yes,PERSON;PHONE_NUMBER,test,easy,False,none,3042,30420002
SYN-EXPENSE_REPORT-0003,expense_report,filled_b,en,no,,train,easy,False,none,3042,30420003
SYN-EXPENSE_REPORT-0004,expense_report,filled_a,de,no,,test,easy,False,none,3042,30420004
SYN-EXPENSE_REPORT-0005,expense_report,filled_a,de,yes,PERSON;PHONE_NUMBER,train,easy,False,none,3042,30420005
SYN-EXPENSE_REPORT-0006,expense_report,filled_b,en,yes,PERSON;EMAIL_ADDRESS,train,easy,False,none,3042,30420006
SYN-EXPENSE_REPORT-0007,expense_report,filled_b,de,no,,train,easy,False,none,3042,30420007
SYN-EXPENSE_REPORT-0008,expense_report,filled_a,de,yes,PERSON,validation,easy,False,none,3042,30420008
SYN-EXPENSE_REPORT-0009,expense_report,filled_b,de,no,,train,easy,False,none,3042,30420009
SYN-EXPENSE_REPORT-0010,expense_report,blank,de,no,,train,easy,False,none,3042,30420010
SYN-EXPENSE_REPORT-0011,expense_report,filled_a,en,no,,train,easy,False,none,3042,30420011
SYN-EXPENSE_REPORT-0012,expense_report,filled_a,de,no,,train,easy,False,none,3042,30420012
SYN-EXPENSE_REPORT-0013,expense_report,filled_a,de,no,,train,easy,False,none,3042,30420013
SYN-EXPENSE_REPORT-0014,expense_report,filled_a,de,no,,test,easy,False,none,3042,30420014
SYN-EXPENSE_REPORT-0015,expense_report,filled_a,de,no,,train,easy,False,none,3042,30420015
SYN-EXPENSE_REPORT-0016,expense_report,blank,en,no,,train,easy,False,none,3042,30420016
SYN-EXPENSE_REPORT-0017,expense_report,filled_a,de,no,,train,easy,False,none,3042,30420017
SYN-EXPENSE_REPORT-0018,expense_report,filled_a,en,no,,train,easy,False,none,3042,30420018
SYN-EXPENSE_REPORT-0019,expense_report,filled_b,de,no,,train,easy,False,none,3042,30420019
SYN-EXPENSE_REPORT-0020,expense_report,filled_a,en,no,,train,easy,False,none,3042,30420020
SYN-EXPENSE_REPORT-0021,expense_report,filled_b,de,no,,train,easy,False,none,3042,30420021
SYN-EXPENSE_REPORT-0022,expense_report,filled_b,en,no,,test,easy,False,none,3042,30420022
SYN-EXPENSE_REPORT-0023,expense_report,filled_b,de,no,,test,easy,False,none,3042,30420023
SYN-EXPENSE_REPORT-0024,expense_report,filled_b,de,no,,train,easy,False,none,3042,30420024
SYN-EXPENSE_REPORT-0025,expense_report,filled_b,en,no,,train,easy,False,none,3042,30420025
SYN-EXPENSE_REPORT-0026,expense_report,filled_b,en,no,,train,easy,False,none,3042,30420026
SYN-EXPENSE_REPORT-0027,expense_report,filled_b,de,no,,test,easy,False,none,3042,30420027
SYN-EXPENSE_REPORT-0028,expense_report,filled_b,en,no,,test,easy,False,none,3042,30420028
SYN-EXPENSE_REPORT-0029,expense_report,filled_b,en,no,,test,easy,False,none,3042,30420029
SYN-EXPENSE_REPORT-0030,expense_report,filled_a,de,no,,train,easy,False,none,3042,30420030
SYN-EXPENSE_REPORT-0031,expense_report,filled_a,en,yes,PERSON,train,easy,False,none,3042,30420031
SYN-EXPENSE_REPORT-0032,expense_report,filled_a,de,yes,PERSON;IBAN_CODE,train,easy,False,none,3042,30420032
SYN-EXPENSE_REPORT-0033,expense_report,filled_b,en,yes,PERSON,train,easy,False,none,3042,30420033
SYN-EXPENSE_REPORT-0034,expense_report,filled_b,de,no,,train,easy,False,none,3042,30420034
SYN-EXPENSE_REPORT-0035,expense_report,filled_a,de,no,,train,easy,False,none,3042,30420035
SYN-EXPENSE_REPORT-0036,expense_report,filled_a,en,no,,train,easy,False,none,3042,30420036
SYN-EXPENSE_REPORT-0037,expense_report,filled_a,de,no,,test,easy,False,none,3042,30420037
SYN-EXPENSE_REPORT-0038,expense_report,filled_a,de,no,,train,easy,False,none,3042,30420038
SYN-EXPENSE_REPORT-0039,expense_report,filled_a,de,no,,train,easy,False,none,3042,30420039
SYN-EXPENSE_REPORT-0040,expense_report,filled_b,de,no,,train,easy,False,none,3042,30420040
SYN-EXPENSE_REPORT-0041,expense_report,filled_a,de,no,,train,easy,False,none,3042,30420041
SYN-EXPENSE_REPORT-0042,expense_report,filled_b,en,no,,train,easy,False,none,3042,30420042
SYN-EXPENSE_REPORT-0043,expense_report,filled_a,de,no,,train,easy,False,none,3042,30420043
SYN-EXPENSE_REPORT-0044,expense_report,filled_b,en,no,,train,easy,False,none,3042,30420044
SYN-EXPENSE_REPORT-0045,expense_report,filled_b,en,no,,train,easy,False,none,3042,30420045
SYN-EXPENSE_REPORT-0046,expense_report,filled_a,en,no,,train,easy,False,none,3042,30420046
SYN-EXPENSE_REPORT-0047,expense_report,filled_a,de,yes,PERSON;PHONE_NUMBER,train,easy,False,none,3042,30420047
SYN-EXPENSE_REPORT-0048,expense_report,blank,en,no,,test,easy,False,none,3042,30420048
SYN-EXPENSE_REPORT-0049,expense_report,filled_a,en,no,,train,easy,False,none,3042,30420049
SYN-EXPENSE_REPORT-0050,expense_report,filled_a,de,no,,train,easy,False,none,3042,30420050
SYN-EXPENSE_REPORT-0051,expense_report,filled_b,en,no,,train,easy,False,none,3042,30420051
SYN-EXPENSE_REPORT-0052,expense_report,filled_b,en,no,,train,easy,False,none,3042,30420052
SYN-EXPENSE_REPORT-0053,expense_report,filled_b,en,no,,train,easy,False,none,3042,30420053
SYN-EXPENSE_REPORT-0054,expense_report,filled_a,de,no,,validation,easy,False,none,3042,30420054
SYN-EXPENSE_REPORT-0055,expense_report,filled_a,en,no,,train,easy,False,none,3042,30420055
SYN-EXPENSE_REPORT-0056,expense_report,filled_b,en,yes,PERSON;EMAIL_ADDRESS,validation,easy,False,none,3042,30420056
SYN-EXPENSE_REPORT-0057,expense_report,filled_b,en,no,,test,easy,False,none,3042,30420057
SYN-EXPENSE_REPORT-0058,expense_report,blank,en,no,,train,easy,False,none,3042,30420058
SYN-EXPENSE_REPORT-0059,expense_report,filled_a,en,no,,train,easy,False,none,3042,30420059
SYN-EXPENSE_REPORT-0060,expense_report,filled_a,en,no,,train,easy,False,none,3042,30420060
SYN-EXPENSE_REPORT-0061,expense_report,filled_a,en,no,,train,easy,False,none,3042,30420061
SYN-EXPENSE_REPORT-0062,expense_report,filled_a,en,no,,validation,easy,False,none,3042,30420062
SYN-EXPENSE_REPORT-0063,expense_report,filled_a,de,no,,validation,easy,False,none,3042,30420063
SYN-EXPENSE_REPORT-0064,expense_report,filled_b,en,no,,train,easy,False,none,3042,30420064
SYN-EXPENSE_REPORT-0065,expense_report,filled_a,en,no,,test,easy,False,none,3042,30420065
SYN-EXPENSE_REPORT-0066,expense_report,filled_b,en,no,,train,easy,False,none,3042,30420066
SYN-EXPENSE_REPORT-0067,expense_report,filled_b,de,no,,train,easy,False,none,3042,30420067
SYN-EXPENSE_REPORT-0068,expense_report,filled_a,en,no,,train,easy,False,none,3042,30420068
SYN-EXPENSE_REPORT-0069,expense_report,filled_a,en,no,,train,easy,False,none,3042,30420069
SYN-EXPENSE_REPORT-0070,expense_report,filled_b,en,no,,validation,easy,False,none,3042,30420070
SYN-EXPENSE_REPORT-0071,expense_report,filled_b,de,no,,train,easy,False,none,3042,30420071
SYN-EXPENSE_REPORT-0072,expense_report,filled_b,en,no,,validation,easy,False,none,3042,30420072
SYN-EXPENSE_REPORT-0073,expense_report,filled_b,en,no,,validation,easy,False,none,3042,30420073
SYN-EXPENSE_REPORT-0074,expense_report,filled_b,de,no,,train,easy,False,none,3042,30420074
SYN-EXPENSE_REPORT-0075,expense_report,filled_a,de,no,,validation,easy,False,none,3042,30420075
SYN-EXPENSE_REPORT-0076,expense_report,filled_a,de,no,,train,easy,False,none,3042,30420076
SYN-EXPENSE_REPORT-0077,expense_report,filled_b,de,no,,train,easy,False,none,3042,30420077
SYN-EXPENSE_REPORT-0078,expense_report,filled_a,de,no,,train,easy,False,none,3042,30420078
SYN-EXPENSE_REPORT-0079,expense_report,filled_a,en,no,,train,easy,False,none,3042,30420079
SYN-EXPENSE_REPORT-0080,expense_report,filled_b,en,yes,PERSON;IBAN_CODE,train,easy,False,none,3042,30420080
SYN-EXPENSE_REPORT-0081,expense_report,filled_a,de,no,,validation,easy,False,none,3042,30420081
SYN-EXPENSE_REPORT-0082,expense_report,filled_b,de,yes,PERSON;IBAN_CODE,test,easy,False,none,3042,30420082
SYN-EXPENSE_REPORT-0083,expense_report,filled_a,en,no,,train,easy,False,none,3042,30420083
SYN-EXPENSE_REPORT-0084,expense_report,filled_a,de,no,,validation,easy,False,none,3042,30420084
SYN-EXPENSE_REPORT-0085,expense_report,filled_a,de,no,,train,easy,False,none,3042,30420085
SYN-EXPENSE_REPORT-0086,expense_report,filled_b,en,no,,train,easy,False,none,3042,30420086
SYN-EXPENSE_REPORT-0087,expense_report,filled_b,de,yes,PERSON;EMAIL_ADDRESS,train,easy,False,none,3042,30420087
SYN-EXPENSE_REPORT-0088,expense_report,filled_b,de,no,,train,easy,False,none,3042,30420088
SYN-EXPENSE_REPORT-0089,expense_report,filled_b,de,no,,validation,easy,False,none,3042,30420089
SYN-EXPENSE_REPORT-0090,expense_report,blank,en,no,,validation,easy,False,none,3042,30420090
SYN-EXPENSE_REPORT-0091,expense_report,filled_b,en,no,,train,easy,False,none,3042,30420091
SYN-EXPENSE_REPORT-0092,expense_report,filled_a,de,no,,train,easy,False,none,3042,30420092
SYN-EXPENSE_REPORT-0093,expense_report,filled_a,en,no,,test,easy,False,none,3042,30420093
SYN-EXPENSE_REPORT-0094,expense_report,filled_b,en,no,,validation,easy,False,none,3042,30420094
SYN-EXPENSE_REPORT-0095,expense_report,filled_b,de,no,,train,easy,False,none,3042,30420095
SYN-EXPENSE_REPORT-0096,expense_report,filled_a,de,no,,test,easy,False,none,3042,30420096
SYN-EXPENSE_REPORT-0097,expense_report,filled_a,en,no,,train,easy,False,none,3042,30420097
SYN-EXPENSE_REPORT-0098,expense_report,filled_b,de,no,,train,easy,False,none,3042,30420098
SYN-EXPENSE_REPORT-0099,expense_report,filled_b,en,no,,train,easy,False,none,3042,30420099
SYN-EXPENSE_REPORT-0100,expense_report,filled_b,en,no,,validation,easy,False,none,3042,30420100
SYN-GENERAL_DOCUMENT-0001,general_document,project_update,en,yes,URL,test,easy,False,none,4042,40420001
SYN-GENERAL_DOCUMENT-0002,general_document,internal_memo,de,no,,train,easy,False,none,4042,40420002
SYN-GENERAL_DOCUMENT-0003,general_document,project_update,de,no,,validation,easy,False,none,4042,40420003
SYN-GENERAL_DOCUMENT-0004,general_document,project_update,en,yes,PHONE_NUMBER,validation,easy,False,none,4042,40420004
SYN-GENERAL_DOCUMENT-0005,general_document,internal_memo,en,no,,train,easy,False,none,4042,40420005
SYN-GENERAL_DOCUMENT-0006,general_document,project_update,de,no,,train,easy,False,none,4042,40420006
SYN-GENERAL_DOCUMENT-0007,general_document,internal_memo,en,no,,validation,easy,False,none,4042,40420007
SYN-GENERAL_DOCUMENT-0008,general_document,internal_memo,de,no,,train,easy,False,none,4042,40420008
SYN-GENERAL_DOCUMENT-0009,general_document,project_update,en,yes,PERSON,train,easy,False,none,4042,40420009
SYN-GENERAL_DOCUMENT-0010,general_document,project_update,en,no,,test,easy,False,none,4042,40420010
SYN-GENERAL_DOCUMENT-0011,general_document,policy_note,en,no,,train,easy,False,none,4042,40420011
SYN-GENERAL_DOCUMENT-0012,general_document,policy_note,en,no,,train,easy,False,none,4042,40420012
SYN-GENERAL_DOCUMENT-0013,general_document,policy_note,de,no,,validation,easy,False,none,4042,40420013
SYN-GENERAL_DOCUMENT-0014,general_document,project_update,de,no,,test,easy,False,none,4042,40420014
SYN-GENERAL_DOCUMENT-0015,general_document,project_update,en,no,,train,easy,False,none,4042,40420015
SYN-GENERAL_DOCUMENT-0016,general_document,project_update,en,no,,validation,easy,False,none,4042,40420016
SYN-GENERAL_DOCUMENT-0017,general_document,policy_note,de,no,,validation,easy,False,none,4042,40420017
SYN-GENERAL_DOCUMENT-0018,general_document,internal_memo,de,yes,DATE_TIME,test,easy,False,none,4042,40420018
SYN-GENERAL_DOCUMENT-0019,general_document,policy_note,en,no,,train,easy,False,none,4042,40420019
SYN-GENERAL_DOCUMENT-0020,general_document,internal_memo,de,no,,train,easy,False,none,4042,40420020
SYN-GENERAL_DOCUMENT-0021,general_document,project_update,de,no,,train,easy,False,none,4042,40420021
SYN-GENERAL_DOCUMENT-0022,general_document,internal_memo,en,no,,test,easy,False,none,4042,40420022
SYN-GENERAL_DOCUMENT-0023,general_document,internal_memo,en,no,,train,easy,False,none,4042,40420023
SYN-GENERAL_DOCUMENT-0024,general_document,internal_memo,en,no,,train,easy,False,none,4042,40420024
SYN-GENERAL_DOCUMENT-0025,general_document,internal_memo,de,yes,PHONE_NUMBER,train,easy,False,none,4042,40420025
SYN-GENERAL_DOCUMENT-0026,general_document,project_update,en,no,,train,easy,False,none,4042,40420026
SYN-GENERAL_DOCUMENT-0027,general_document,policy_note,en,no,,train,easy,False,none,4042,40420027
SYN-GENERAL_DOCUMENT-0028,general_document,policy_note,de,no,,train,easy,False,none,4042,40420028
SYN-GENERAL_DOCUMENT-0029,general_document,policy_note,de,no,,train,easy,False,none,4042,40420029
SYN-GENERAL_DOCUMENT-0030,general_document,internal_memo,en,no,,train,easy,False,none,4042,40420030
SYN-GENERAL_DOCUMENT-0031,general_document,internal_memo,de,no,,train,easy,False,none,4042,40420031
SYN-GENERAL_DOCUMENT-0032,general_document,internal_memo,de,yes,LOCATION,validation,easy,False,none,4042,40420032
SYN-GENERAL_DOCUMENT-0033,general_document,internal_memo,de,no,,validation,easy,False,none,4042,40420033
SYN-GENERAL_DOCUMENT-0034,general_document,policy_note,en,no,,train,easy,False,none,4042,40420034
SYN-GENERAL_DOCUMENT-0035,general_document,project_update,en,no,,train,easy,False,none,4042,40420035
SYN-GENERAL_DOCUMENT-0036,general_document,project_update,en,no,,train,easy,False,none,4042,40420036
SYN-GENERAL_DOCUMENT-0037,general_document,internal_memo,en,no,,train,easy,False,none,4042,40420037
SYN-GENERAL_DOCUMENT-0038,general_document,internal_memo,de,no,,validation,easy,False,none,4042,40420038
SYN-GENERAL_DOCUMENT-0039,general_document,internal_memo,en,no,,test,easy,False,none,4042,40420039
SYN-GENERAL_DOCUMENT-0040,general_document,internal_memo,de,no,,train,easy,False,none,4042,40420040
SYN-GENERAL_DOCUMENT-0041,general_document,project_update,de,no,,train,easy,False,none,4042,40420041
SYN-GENERAL_DOCUMENT-0042,general_document,project_update,en,no,,train,easy,False,none,4042,40420042
SYN-GENERAL_DOCUMENT-0043,general_document,project_update,en,no,,train,easy,False,none,4042,40420043
SYN-GENERAL_DOCUMENT-0044,general_document,policy_note,de,no,,train,easy,False,none,4042,40420044
SYN-GENERAL_DOCUMENT-0045,general_document,internal_memo,de,no,,test,easy,False,none,4042,40420045
SYN-GENERAL_DOCUMENT-0046,general_document,policy_note,de,no,,train,easy,False,none,4042,40420046
SYN-GENERAL_DOCUMENT-0047,general_document,project_update,en,no,,test,easy,False,none,4042,40420047
SYN-GENERAL_DOCUMENT-0048,general_document,policy_note,de,no,,train,easy,False,none,4042,40420048
SYN-GENERAL_DOCUMENT-0049,general_document,project_update,en,no,,train,easy,False,none,4042,40420049
SYN-GENERAL_DOCUMENT-0050,general_document,internal_memo,en,yes,EMAIL_ADDRESS,train,easy,False,none,4042,40420050
SYN-GENERAL_DOCUMENT-0051,general_document,internal_memo,de,no,,train,easy,False,none,4042,40420051
SYN-GENERAL_DOCUMENT-0052,general_document,internal_memo,de,no,,train,easy,False,none,4042,40420052
SYN-GENERAL_DOCUMENT-0053,general_document,policy_note,de,yes,DATE_TIME,train,easy,False,none,4042,40420053
SYN-GENERAL_DOCUMENT-0054,general_document,internal_memo,de,no,,train,easy,False,none,4042,40420054
SYN-GENERAL_DOCUMENT-0055,general_document,project_update,en,no,,train,easy,False,none,4042,40420055
SYN-GENERAL_DOCUMENT-0056,general_document,internal_memo,de,no,,train,easy,False,none,4042,40420056
SYN-GENERAL_DOCUMENT-0057,general_document,project_update,de,no,,train,easy,False,none,4042,40420057
SYN-GENERAL_DOCUMENT-0058,general_document,project_update,de,no,,train,easy,False,none,4042,40420058
SYN-GENERAL_DOCUMENT-0059,general_document,internal_memo,en,no,,test,easy,False,none,4042,40420059
SYN-GENERAL_DOCUMENT-0060,general_document,policy_note,en,no,,train,easy,False,none,4042,40420060
SYN-GENERAL_DOCUMENT-0061,general_document,policy_note,en,no,,validation,easy,False,none,4042,40420061
SYN-GENERAL_DOCUMENT-0062,general_document,internal_memo,en,no,,train,easy,False,none,4042,40420062
SYN-GENERAL_DOCUMENT-0063,general_document,internal_memo,de,no,,train,easy,False,none,4042,40420063
SYN-GENERAL_DOCUMENT-0064,general_document,policy_note,en,no,,test,easy,False,none,4042,40420064
SYN-GENERAL_DOCUMENT-0065,general_document,internal_memo,de,no,,test,easy,False,none,4042,40420065
SYN-GENERAL_DOCUMENT-0066,general_document,policy_note,de,no,,train,easy,False,none,4042,40420066
SYN-GENERAL_DOCUMENT-0067,general_document,internal_memo,de,no,,validation,easy,False,none,4042,40420067
SYN-GENERAL_DOCUMENT-0068,general_document,project_update,en,yes,LOCATION,train,easy,False,none,4042,40420068
SYN-GENERAL_DOCUMENT-0069,general_document,policy_note,de,yes,URL,train,easy,False,none,4042,40420069
SYN-GENERAL_DOCUMENT-0070,general_document,project_update,en,no,,validation,easy,False,none,4042,40420070
SYN-GENERAL_DOCUMENT-0071,general_document,policy_note,en,no,,train,easy,False,none,4042,40420071
SYN-GENERAL_DOCUMENT-0072,general_document,project_update,de,no,,train,easy,False,none,4042,40420072
SYN-GENERAL_DOCUMENT-0073,general_document,project_update,en,yes,EMAIL_ADDRESS,train,easy,False,none,4042,40420073
SYN-GENERAL_DOCUMENT-0074,general_document,internal_memo,en,no,,validation,easy,False,none,4042,40420074
SYN-GENERAL_DOCUMENT-0075,general_document,policy_note,de,no,,test,easy,False,none,4042,40420075
SYN-GENERAL_DOCUMENT-0076,general_document,policy_note,en,no,,train,easy,False,none,4042,40420076
SYN-GENERAL_DOCUMENT-0077,general_document,policy_note,en,no,,train,easy,False,none,4042,40420077
SYN-GENERAL_DOCUMENT-0078,general_document,policy_note,en,no,,train,easy,False,none,4042,40420078
SYN-GENERAL_DOCUMENT-0079,general_document,policy_note,de,no,,test,easy,False,none,4042,40420079
SYN-GENERAL_DOCUMENT-0080,general_document,policy_note,en,no,,train,easy,False,none,4042,40420080
SYN-GENERAL_DOCUMENT-0081,general_document,policy_note,de,no,,test,easy,False,none,4042,40420081
SYN-GENERAL_DOCUMENT-0082,general_document,project_update,en,no,,test,easy,False,none,4042,40420082
SYN-GENERAL_DOCUMENT-0083,general_document,project_update,de,no,,train,easy,False,none,4042,40420083
SYN-GENERAL_DOCUMENT-0084,general_document,internal_memo,de,no,,train,easy,False,none,4042,40420084
SYN-GENERAL_DOCUMENT-0085,general_document,project_update,de,no,,train,easy,False,none,4042,40420085
SYN-GENERAL_DOCUMENT-0086,general_document,project_update,de,no,,train,easy,False,none,4042,40420086
SYN-GENERAL_DOCUMENT-0087,general_document,policy_note,de,no,,train,easy,False,none,4042,40420087
SYN-GENERAL_DOCUMENT-0088,general_document,internal_memo,en,no,,train,easy,False,none,4042,40420088
SYN-GENERAL_DOCUMENT-0089,general_document,project_update,en,no,,train,easy,False,none,4042,40420089
SYN-GENERAL_DOCUMENT-0090,general_document,project_update,de,no,,train,easy,False,none,4042,40420090
SYN-GENERAL_DOCUMENT-0091,general_document,internal_memo,de,yes,PERSON,train,easy,False,none,4042,40420091
SYN-GENERAL_DOCUMENT-0092,general_document,policy_note,en,no,,validation,easy,False,none,4042,40420092
SYN-GENERAL_DOCUMENT-0093,general_document,project_update,en,no,,train,easy,False,none,4042,40420093
SYN-GENERAL_DOCUMENT-0094,general_document,internal_memo,en,no,,train,easy,False,none,4042,40420094
SYN-GENERAL_DOCUMENT-0095,general_document,project_update,en,no,,train,easy,False,none,4042,40420095
SYN-GENERAL_DOCUMENT-0096,general_document,internal_memo,de,no,,train,easy,False,none,4042,40420096
SYN-GENERAL_DOCUMENT-0097,general_document,internal_memo,en,no,,train,easy,False,none,4042,40420097
SYN-GENERAL_DOCUMENT-0098,general_document,project_update,en,no,,validation,easy,False,none,4042,40420098
SYN-GENERAL_DOCUMENT-0099,general_document,policy_note,de,no,,train,easy,False,none,4042,40420099
SYN-GENERAL_DOCUMENT-0100,general_document,policy_note,de,no,,train,easy,False,none,4042,40420100
SYN-INCIDENT_REPORT-0001,incident_report,filled_a,de,no,,train,easy,False,none,5042,50420001
SYN-INCIDENT_REPORT-0002,incident_report,blank,en,no,,train,easy,False,none,5042,50420002
SYN-INCIDENT_REPORT-0003,incident_report,filled_a,de,no,,train,easy,False,none,5042,50420003
SYN-INCIDENT_REPORT-0004,incident_report,filled_a,de,no,,train,easy,False,none,5042,50420004
SYN-INCIDENT_REPORT-0005,incident_report,filled_b,en,no,,train,easy,False,none,5042,50420005
SYN-INCIDENT_REPORT-0006,incident_report,filled_b,de,no,,train,easy,False,none,5042,50420006
SYN-INCIDENT_REPORT-0007,incident_report,filled_b,de,no,,train,easy,False,none,5042,50420007
SYN-INCIDENT_REPORT-0008,incident_report,filled_a,de,no,,validation,easy,False,none,5042,50420008
SYN-INCIDENT_REPORT-0009,incident_report,filled_a,en,no,,train,easy,False,none,5042,50420009
SYN-INCIDENT_REPORT-0010,incident_report,filled_b,en,no,,validation,easy,False,none,5042,50420010
SYN-INCIDENT_REPORT-0011,incident_report,filled_b,de,no,,validation,easy,False,none,5042,50420011
SYN-INCIDENT_REPORT-0012,incident_report,filled_b,en,no,,train,easy,False,none,5042,50420012
SYN-INCIDENT_REPORT-0013,incident_report,filled_a,en,no,,train,easy,False,none,5042,50420013
SYN-INCIDENT_REPORT-0014,incident_report,filled_a,en,no,,train,easy,False,none,5042,50420014
SYN-INCIDENT_REPORT-0015,incident_report,filled_b,de,no,,train,easy,False,none,5042,50420015
SYN-INCIDENT_REPORT-0016,incident_report,filled_b,de,yes,LOCATION;DATE_TIME,train,easy,False,none,5042,50420016
SYN-INCIDENT_REPORT-0017,incident_report,filled_b,en,no,,validation,easy,False,none,5042,50420017
SYN-INCIDENT_REPORT-0018,incident_report,blank,de,no,,train,easy,False,none,5042,50420018
SYN-INCIDENT_REPORT-0019,incident_report,filled_a,en,no,,train,easy,False,none,5042,50420019
SYN-INCIDENT_REPORT-0020,incident_report,filled_b,de,no,,train,easy,False,none,5042,50420020
SYN-INCIDENT_REPORT-0021,incident_report,filled_b,de,no,,train,easy,False,none,5042,50420021
SYN-INCIDENT_REPORT-0022,incident_report,filled_a,en,no,,test,easy,False,none,5042,50420022
SYN-INCIDENT_REPORT-0023,incident_report,filled_a,de,no,,test,easy,False,none,5042,50420023
SYN-INCIDENT_REPORT-0024,incident_report,filled_a,en,no,,test,easy,False,none,5042,50420024
SYN-INCIDENT_REPORT-0025,incident_report,filled_b,de,no,,train,easy,False,none,5042,50420025
SYN-INCIDENT_REPORT-0026,incident_report,filled_b,en,no,,train,easy,False,none,5042,50420026
SYN-INCIDENT_REPORT-0027,incident_report,filled_a,de,no,,train,easy,False,none,5042,50420027
SYN-INCIDENT_REPORT-0028,incident_report,filled_a,de,no,,train,easy,False,none,5042,50420028
SYN-INCIDENT_REPORT-0029,incident_report,filled_a,de,yes,PERSON,train,easy,False,none,5042,50420029
SYN-INCIDENT_REPORT-0030,incident_report,filled_a,de,no,,train,easy,False,none,5042,50420030
SYN-INCIDENT_REPORT-0031,incident_report,filled_b,de,no,,train,easy,False,none,5042,50420031
SYN-INCIDENT_REPORT-0032,incident_report,filled_a,en,no,,train,easy,False,none,5042,50420032
SYN-INCIDENT_REPORT-0033,incident_report,filled_b,de,no,,train,easy,False,none,5042,50420033
SYN-INCIDENT_REPORT-0034,incident_report,filled_b,de,no,,test,easy,False,none,5042,50420034
SYN-INCIDENT_REPORT-0035,incident_report,filled_b,en,no,,train,easy,False,none,5042,50420035
SYN-INCIDENT_REPORT-0036,incident_report,filled_b,de,no,,test,easy,False,none,5042,50420036
SYN-INCIDENT_REPORT-0037,incident_report,filled_a,en,no,,test,easy,False,none,5042,50420037
SYN-INCIDENT_REPORT-0038,incident_report,filled_b,de,no,,test,easy,False,none,5042,50420038
SYN-INCIDENT_REPORT-0039,incident_report,filled_a,en,no,,train,easy,False,none,5042,50420039
SYN-INCIDENT_REPORT-0040,incident_report,filled_b,de,no,,train,easy,False,none,5042,50420040
SYN-INCIDENT_REPORT-0041,incident_report,filled_a,en,no,,validation,easy,False,none,5042,50420041
SYN-INCIDENT_REPORT-0042,incident_report,filled_a,de,yes,PERSON;LOCATION,test,easy,False,none,5042,50420042
SYN-INCIDENT_REPORT-0043,incident_report,filled_a,de,no,,train,easy,False,none,5042,50420043
SYN-INCIDENT_REPORT-0044,incident_report,blank,en,no,,train,easy,False,none,5042,50420044
SYN-INCIDENT_REPORT-0045,incident_report,filled_b,en,yes,PERSON;DATE_TIME,test,easy,False,none,5042,50420045
SYN-INCIDENT_REPORT-0046,incident_report,filled_a,de,no,,train,easy,False,none,5042,50420046
SYN-INCIDENT_REPORT-0047,incident_report,filled_a,en,no,,train,easy,False,none,5042,50420047
SYN-INCIDENT_REPORT-0048,incident_report,filled_b,en,no,,train,easy,False,none,5042,50420048
SYN-INCIDENT_REPORT-0049,incident_report,blank,de,no,,test,easy,False,none,5042,50420049
SYN-INCIDENT_REPORT-0050,incident_report,filled_b,en,yes,PERSON;DATE_TIME,train,easy,False,none,5042,50420050
SYN-INCIDENT_REPORT-0051,incident_report,filled_a,de,no,,train,easy,False,none,5042,50420051
SYN-INCIDENT_REPORT-0052,incident_report,filled_a,de,no,,test,easy,False,none,5042,50420052
SYN-INCIDENT_REPORT-0053,incident_report,filled_a,de,no,,train,easy,False,none,5042,50420053
SYN-INCIDENT_REPORT-0054,incident_report,filled_b,en,no,,test,easy,False,none,5042,50420054
SYN-INCIDENT_REPORT-0055,incident_report,filled_a,en,no,,train,easy,False,none,5042,50420055
SYN-INCIDENT_REPORT-0056,incident_report,filled_b,en,no,,train,easy,False,none,5042,50420056
SYN-INCIDENT_REPORT-0057,incident_report,filled_b,en,no,,train,easy,False,none,5042,50420057
SYN-INCIDENT_REPORT-0058,incident_report,filled_a,en,no,,test,easy,False,none,5042,50420058
SYN-INCIDENT_REPORT-0059,incident_report,filled_a,de,no,,train,easy,False,none,5042,50420059
SYN-INCIDENT_REPORT-0060,incident_report,filled_a,en,yes,PERSON,validation,easy,False,none,5042,50420060
SYN-INCIDENT_REPORT-0061,incident_report,filled_b,en,no,,train,easy,False,none,5042,50420061
SYN-INCIDENT_REPORT-0062,incident_report,filled_b,en,no,,train,easy,False,none,5042,50420062
SYN-INCIDENT_REPORT-0063,incident_report,filled_a,de,yes,PERSON;LOCATION,train,easy,False,none,5042,50420063
SYN-INCIDENT_REPORT-0064,incident_report,filled_a,de,no,,train,easy,False,none,5042,50420064
SYN-INCIDENT_REPORT-0065,incident_report,filled_a,en,no,,train,easy,False,none,5042,50420065
SYN-INCIDENT_REPORT-0066,incident_report,filled_b,en,yes,PERSON;DATE_TIME,train,easy,False,none,5042,50420066
SYN-INCIDENT_REPORT-0067,incident_report,filled_a,en,no,,validation,easy,False,none,5042,50420067
SYN-INCIDENT_REPORT-0068,incident_report,filled_b,de,no,,train,easy,False,none,5042,50420068
SYN-INCIDENT_REPORT-0069,incident_report,filled_a,en,no,,train,easy,False,none,5042,50420069
SYN-INCIDENT_REPORT-0070,incident_report,filled_a,de,no,,train,easy,False,none,5042,50420070
SYN-INCIDENT_REPORT-0071,incident_report,filled_a,de,no,,train,easy,False,none,5042,50420071
SYN-INCIDENT_REPORT-0072,incident_report,filled_a,en,no,,train,easy,False,none,5042,50420072
SYN-INCIDENT_REPORT-0073,incident_report,filled_a,de,no,,validation,easy,False,none,5042,50420073
SYN-INCIDENT_REPORT-0074,incident_report,filled_a,en,no,,train,easy,False,none,5042,50420074
SYN-INCIDENT_REPORT-0075,incident_report,filled_b,en,no,,train,easy,False,none,5042,50420075
SYN-INCIDENT_REPORT-0076,incident_report,filled_b,en,no,,test,easy,False,none,5042,50420076
SYN-INCIDENT_REPORT-0077,incident_report,filled_b,en,no,,train,easy,False,none,5042,50420077
SYN-INCIDENT_REPORT-0078,incident_report,filled_b,en,no,,validation,easy,False,none,5042,50420078
SYN-INCIDENT_REPORT-0079,incident_report,filled_a,en,no,,train,easy,False,none,5042,50420079
SYN-INCIDENT_REPORT-0080,incident_report,filled_b,en,yes,PERSON,train,easy,False,none,5042,50420080
SYN-INCIDENT_REPORT-0081,incident_report,filled_b,de,no,,train,easy,False,none,5042,50420081
SYN-INCIDENT_REPORT-0082,incident_report,filled_b,de,no,,train,easy,False,none,5042,50420082
SYN-INCIDENT_REPORT-0083,incident_report,filled_a,en,no,,train,easy,False,none,5042,50420083
SYN-INCIDENT_REPORT-0084,incident_report,filled_b,de,yes,LOCATION;DATE_TIME,validation,easy,False,none,5042,50420084
SYN-INCIDENT_REPORT-0085,incident_report,filled_b,en,no,,test,easy,False,none,5042,50420085
SYN-INCIDENT_REPORT-0086,incident_report,filled_a,de,yes,PERSON;LOCATION,train,easy,False,none,5042,50420086
SYN-INCIDENT_REPORT-0087,incident_report,filled_a,en,yes,LOCATION;DATE_TIME,train,easy,False,none,5042,50420087
SYN-INCIDENT_REPORT-0088,incident_report,filled_a,de,no,,train,easy,False,none,5042,50420088
SYN-INCIDENT_REPORT-0089,incident_report,filled_b,en,no,,validation,easy,False,none,5042,50420089
SYN-INCIDENT_REPORT-0090,incident_report,filled_a,de,no,,train,easy,False,none,5042,50420090
SYN-INCIDENT_REPORT-0091,incident_report,filled_a,en,no,,validation,easy,False,none,5042,50420091
SYN-INCIDENT_REPORT-0092,incident_report,filled_b,de,no,,train,easy,False,none,5042,50420092
SYN-INCIDENT_REPORT-0093,incident_report,filled_a,de,no,,validation,easy,False,none,5042,50420093
SYN-INCIDENT_REPORT-0094,incident_report,filled_b,de,no,,train,easy,False,none,5042,50420094
SYN-INCIDENT_REPORT-0095,incident_report,filled_b,en,no,,train,easy,False,none,5042,50420095
SYN-INCIDENT_REPORT-0096,incident_report,filled_b,en,no,,train,easy,False,none,5042,50420096
SYN-INCIDENT_REPORT-0097,incident_report,blank,de,no,,validation,easy,False,none,5042,50420097
SYN-INCIDENT_REPORT-0098,incident_report,filled_b,de,no,,validation,easy,False,none,5042,50420098
SYN-INCIDENT_REPORT-0099,incident_report,filled_b,en,no,,train,easy,False,none,5042,50420099
SYN-INCIDENT_REPORT-0100,incident_report,filled_b,en,no,,train,easy,False,none,5042,50420100
SYN-INTERNAL_EMAIL-0001,internal_email,thread_reply,en,no,,train,easy,False,none,6042,60420001
SYN-INTERNAL_EMAIL-0002,internal_email,short_email,en,no,,train,easy,False,none,6042,60420002
SYN-INTERNAL_EMAIL-0003,internal_email,internal_announcement,de,no,,validation,easy,False,none,6042,60420003
SYN-INTERNAL_EMAIL-0004,internal_email,thread_reply,en,no,,test,easy,False,none,6042,60420004
SYN-INTERNAL_EMAIL-0005,internal_email,thread_reply,de,no,,train,easy,False,none,6042,60420005
SYN-INTERNAL_EMAIL-0006,internal_email,thread_reply,de,no,,validation,easy,False,none,6042,60420006
SYN-INTERNAL_EMAIL-0007,internal_email,short_email,de,no,,train,easy,False,none,6042,60420007
SYN-INTERNAL_EMAIL-0008,internal_email,thread_reply,en,no,,train,easy,False,none,6042,60420008
SYN-INTERNAL_EMAIL-0009,internal_email,internal_announcement,en,no,,train,easy,False,none,6042,60420009
SYN-INTERNAL_EMAIL-0010,internal_email,short_email,en,no,,train,easy,False,none,6042,60420010
SYN-INTERNAL_EMAIL-0011,internal_email,thread_reply,de,no,,train,easy,False,none,6042,60420011
SYN-INTERNAL_EMAIL-0012,internal_email,internal_announcement,en,no,,validation,easy,False,none,6042,60420012
SYN-INTERNAL_EMAIL-0013,internal_email,internal_announcement,de,no,,train,easy,False,none,6042,60420013
SYN-INTERNAL_EMAIL-0014,internal_email,thread_reply,de,no,,train,easy,False,none,6042,60420014
SYN-INTERNAL_EMAIL-0015,internal_email,short_email,en,no,,train,easy,False,none,6042,60420015
SYN-INTERNAL_EMAIL-0016,internal_email,thread_reply,en,no,,train,easy,False,none,6042,60420016
SYN-INTERNAL_EMAIL-0017,internal_email,thread_reply,de,no,,train,easy,False,none,6042,60420017
SYN-INTERNAL_EMAIL-0018,internal_email,short_email,en,no,,validation,easy,False,none,6042,60420018
SYN-INTERNAL_EMAIL-0019,internal_email,thread_reply,en,no,,train,easy,False,none,6042,60420019
SYN-INTERNAL_EMAIL-0020,internal_email,internal_announcement,en,no,,train,easy,False,none,6042,60420020
SYN-INTERNAL_EMAIL-0021,internal_email,thread_reply,en,yes,URL,validation,easy,False,none,6042,60420021
SYN-INTERNAL_EMAIL-0022,internal_email,short_email,en,no,,train,easy,False,none,6042,60420022
SYN-INTERNAL_EMAIL-0023,internal_email,short_email,en,no,,validation,easy,False,none,6042,60420023
SYN-INTERNAL_EMAIL-0024,internal_email,internal_announcement,de,no,,test,easy,False,none,6042,60420024
SYN-INTERNAL_EMAIL-0025,internal_email,internal_announcement,en,no,,validation,easy,False,none,6042,60420025
SYN-INTERNAL_EMAIL-0026,internal_email,thread_reply,en,no,,test,easy,False,none,6042,60420026
SYN-INTERNAL_EMAIL-0027,internal_email,internal_announcement,de,no,,train,easy,False,none,6042,60420027
SYN-INTERNAL_EMAIL-0028,internal_email,thread_reply,de,no,,train,easy,False,none,6042,60420028
SYN-INTERNAL_EMAIL-0029,internal_email,short_email,de,no,,test,easy,False,none,6042,60420029
SYN-INTERNAL_EMAIL-0030,internal_email,short_email,de,yes,PHONE_NUMBER,validation,easy,False,none,6042,60420030
SYN-INTERNAL_EMAIL-0031,internal_email,short_email,de,no,,test,easy,False,none,6042,60420031
SYN-INTERNAL_EMAIL-0032,internal_email,thread_reply,de,no,,train,easy,False,none,6042,60420032
SYN-INTERNAL_EMAIL-0033,internal_email,thread_reply,en,no,,train,easy,False,none,6042,60420033
SYN-INTERNAL_EMAIL-0034,internal_email,thread_reply,en,no,,validation,easy,False,none,6042,60420034
SYN-INTERNAL_EMAIL-0035,internal_email,internal_announcement,en,no,,test,easy,False,none,6042,60420035
SYN-INTERNAL_EMAIL-0036,internal_email,short_email,en,no,,train,easy,False,none,6042,60420036
SYN-INTERNAL_EMAIL-0037,internal_email,thread_reply,de,no,,train,easy,False,none,6042,60420037
SYN-INTERNAL_EMAIL-0038,internal_email,internal_announcement,en,no,,test,easy,False,none,6042,60420038
SYN-INTERNAL_EMAIL-0039,internal_email,short_email,en,no,,train,easy,False,none,6042,60420039
SYN-INTERNAL_EMAIL-0040,internal_email,internal_announcement,de,no,,train,easy,False,none,6042,60420040
SYN-INTERNAL_EMAIL-0041,internal_email,short_email,de,no,,train,easy,False,none,6042,60420041
SYN-INTERNAL_EMAIL-0042,internal_email,internal_announcement,en,no,,train,easy,False,none,6042,60420042
SYN-INTERNAL_EMAIL-0043,internal_email,internal_announcement,en,no,,train,easy,False,none,6042,60420043
SYN-INTERNAL_EMAIL-0044,internal_email,internal_announcement,de,no,,train,easy,False,none,6042,60420044
SYN-INTERNAL_EMAIL-0045,internal_email,thread_reply,de,yes,EMAIL_ADDRESS,train,easy,False,none,6042,60420045
SYN-INTERNAL_EMAIL-0046,internal_email,thread_reply,en,no,,train,easy,False,none,6042,60420046
SYN-INTERNAL_EMAIL-0047,internal_email,internal_announcement,de,no,,train,easy,False,none,6042,60420047
SYN-INTERNAL_EMAIL-0048,internal_email,short_email,en,no,,train,easy,False,none,6042,60420048
SYN-INTERNAL_EMAIL-0049,internal_email,thread_reply,de,no,,train,easy,False,none,6042,60420049
SYN-INTERNAL_EMAIL-0050,internal_email,internal_announcement,en,no,,train,easy,False,none,6042,60420050
SYN-INTERNAL_EMAIL-0051,internal_email,thread_reply,de,no,,train,easy,False,none,6042,60420051
SYN-INTERNAL_EMAIL-0052,internal_email,thread_reply,de,yes,PERSON,test,easy,False,none,6042,60420052
SYN-INTERNAL_EMAIL-0053,internal_email,short_email,en,yes,EMAIL_ADDRESS,test,easy,False,none,6042,60420053
SYN-INTERNAL_EMAIL-0054,internal_email,short_email,de,yes,PERSON,train,easy,False,none,6042,60420054
SYN-INTERNAL_EMAIL-0055,internal_email,internal_announcement,en,no,,validation,easy,False,none,6042,60420055
SYN-INTERNAL_EMAIL-0056,internal_email,thread_reply,en,no,,test,easy,False,none,6042,60420056
SYN-INTERNAL_EMAIL-0057,internal_email,thread_reply,de,no,,test,easy,False,none,6042,60420057
SYN-INTERNAL_EMAIL-0058,internal_email,short_email,de,no,,test,easy,False,none,6042,60420058
SYN-INTERNAL_EMAIL-0059,internal_email,internal_announcement,de,no,,train,easy,False,none,6042,60420059
SYN-INTERNAL_EMAIL-0060,internal_email,short_email,en,no,,train,easy,False,none,6042,60420060
SYN-INTERNAL_EMAIL-0061,internal_email,short_email,de,no,,train,easy,False,none,6042,60420061
SYN-INTERNAL_EMAIL-0062,internal_email,thread_reply,de,no,,train,easy,False,none,6042,60420062
SYN-INTERNAL_EMAIL-0063,internal_email,short_email,de,no,,validation,easy,False,none,6042,60420063
SYN-INTERNAL_EMAIL-0064,internal_email,short_email,de,no,,train,easy,False,none,6042,60420064
SYN-INTERNAL_EMAIL-0065,internal_email,internal_announcement,en,yes,PHONE_NUMBER,train,easy,False,none,6042,60420065
SYN-INTERNAL_EMAIL-0066,internal_email,short_email,en,no,,train,easy,False,none,6042,60420066
SYN-INTERNAL_EMAIL-0067,internal_email,internal_announcement,en,no,,train,easy,False,none,6042,60420067
SYN-INTERNAL_EMAIL-0068,internal_email,thread_reply,de,no,,train,easy,False,none,6042,60420068
SYN-INTERNAL_EMAIL-0069,internal_email,short_email,en,no,,test,easy,False,none,6042,60420069
SYN-INTERNAL_EMAIL-0070,internal_email,thread_reply,en,yes,EMAIL_ADDRESS,train,easy,False,none,6042,60420070
SYN-INTERNAL_EMAIL-0071,internal_email,internal_announcement,de,yes,PERSON,train,easy,False,none,6042,60420071
SYN-INTERNAL_EMAIL-0072,internal_email,short_email,en,yes,PERSON;EMAIL_ADDRESS,train,easy,False,none,6042,60420072
SYN-INTERNAL_EMAIL-0073,internal_email,short_email,en,no,,train,easy,False,none,6042,60420073
SYN-INTERNAL_EMAIL-0074,internal_email,internal_announcement,de,no,,train,easy,False,none,6042,60420074
SYN-INTERNAL_EMAIL-0075,internal_email,internal_announcement,de,no,,train,easy,False,none,6042,60420075
SYN-INTERNAL_EMAIL-0076,internal_email,internal_announcement,en,no,,test,easy,False,none,6042,60420076
SYN-INTERNAL_EMAIL-0077,internal_email,thread_reply,de,no,,validation,easy,False,none,6042,60420077
SYN-INTERNAL_EMAIL-0078,internal_email,thread_reply,en,no,,train,easy,False,none,6042,60420078
SYN-INTERNAL_EMAIL-0079,internal_email,thread_reply,de,no,,validation,easy,False,none,6042,60420079
SYN-INTERNAL_EMAIL-0080,internal_email,short_email,en,yes,URL,train,easy,False,none,6042,60420080
SYN-INTERNAL_EMAIL-0081,internal_email,internal_announcement,de,no,,train,easy,False,none,6042,60420081
SYN-INTERNAL_EMAIL-0082,internal_email,internal_announcement,de,no,,train,easy,False,none,6042,60420082
SYN-INTERNAL_EMAIL-0083,internal_email,internal_announcement,en,no,,train,easy,False,none,6042,60420083
SYN-INTERNAL_EMAIL-0084,internal_email,internal_announcement,en,no,,train,easy,False,none,6042,60420084
SYN-INTERNAL_EMAIL-0085,internal_email,thread_reply,en,no,,train,easy,False,none,6042,60420085
SYN-INTERNAL_EMAIL-0086,internal_email,short_email,de,no,,train,easy,False,none,6042,60420086
SYN-INTERNAL_EMAIL-0087,internal_email,internal_announcement,en,no,,train,easy,False,none,6042,60420087
SYN-INTERNAL_EMAIL-0088,internal_email,short_email,de,no,,validation,easy,False,none,6042,60420088
SYN-INTERNAL_EMAIL-0089,internal_email,short_email,de,no,,train,easy,False,none,6042,60420089
SYN-INTERNAL_EMAIL-0090,internal_email,short_email,de,no,,test,easy,False,none,6042,60420090
SYN-INTERNAL_EMAIL-0091,internal_email,short_email,en,no,,train,easy,False,none,6042,60420091
SYN-INTERNAL_EMAIL-0092,internal_email,thread_reply,de,yes,PERSON;EMAIL_ADDRESS,train,easy,False,none,6042,60420092
SYN-INTERNAL_EMAIL-0093,internal_email,internal_announcement,de,no,,train,easy,False,none,6042,60420093
SYN-INTERNAL_EMAIL-0094,internal_email,thread_reply,de,no,,train,easy,False,none,6042,60420094
SYN-INTERNAL_EMAIL-0095,internal_email,short_email,de,no,,train,easy,False,none,6042,60420095
SYN-INTERNAL_EMAIL-0096,internal_email,thread_reply,en,no,,train,easy,False,none,6042,60420096
SYN-INTERNAL_EMAIL-0097,internal_email,short_email,en,no,,train,easy,False,none,6042,60420097
SYN-INTERNAL_EMAIL-0098,internal_email,short_email,en,no,,validation,easy,False,none,6042,60420098
SYN-INTERNAL_EMAIL-0099,internal_email,short_email,de,no,,train,easy,False,none,6042,60420099
SYN-INTERNAL_EMAIL-0100,internal_email,short_email,en,no,,train,easy,False,none,6042,60420100
SYN-INVOICE-0001,invoice,standard_invoice,en,no,,train,easy,False,none,7042,70420001
SYN-INVOICE-0002,invoice,invoice_summary,en,no,,train,easy,False,none,7042,70420002
SYN-INVOICE-0003,invoice,standard_invoice,en,no,,test,easy,False,none,7042,70420003
SYN-INVOICE-0004,invoice,standard_invoice,de,no,,train,easy,False,none,7042,70420004
SYN-INVOICE-0005,invoice,standard_invoice,en,no,,validation,easy,False,none,7042,70420005
SYN-INVOICE-0006,invoice,standard_invoice,en,no,,train,easy,False,none,7042,70420006
SYN-INVOICE-0007,invoice,standard_invoice,en,no,,train,easy,False,none,7042,70420007
SYN-INVOICE-0008,invoice,invoice_summary,en,no,,train,easy,False,none,7042,70420008
SYN-INVOICE-0009,invoice,invoice_summary,de,no,,test,easy,False,none,7042,70420009
SYN-INVOICE-0010,invoice,service_invoice,de,no,,train,easy,False,none,7042,70420010
SYN-INVOICE-0011,invoice,service_invoice,de,no,,train,easy,False,none,7042,70420011
SYN-INVOICE-0012,invoice,standard_invoice,de,no,,train,easy,False,none,7042,70420012
SYN-INVOICE-0013,invoice,standard_invoice,de,no,,train,easy,False,none,7042,70420013
SYN-INVOICE-0014,invoice,standard_invoice,en,no,,train,easy,False,none,7042,70420014
SYN-INVOICE-0015,invoice,service_invoice,en,no,,train,easy,False,none,7042,70420015
SYN-INVOICE-0016,invoice,standard_invoice,en,no,,test,easy,False,none,7042,70420016
SYN-INVOICE-0017,invoice,service_invoice,en,no,,train,easy,False,none,7042,70420017
SYN-INVOICE-0018,invoice,invoice_summary,de,no,,train,easy,False,none,7042,70420018
SYN-INVOICE-0019,invoice,invoice_summary,de,no,,train,easy,False,none,7042,70420019
SYN-INVOICE-0020,invoice,invoice_summary,de,no,,test,easy,False,none,7042,70420020
SYN-INVOICE-0021,invoice,service_invoice,en,yes,PERSON;EMAIL_ADDRESS,train,easy,False,none,7042,70420021
SYN-INVOICE-0022,invoice,invoice_summary,de,no,,train,easy,False,none,7042,70420022
SYN-INVOICE-0023,invoice,invoice_summary,en,no,,train,easy,False,none,7042,70420023
SYN-INVOICE-0024,invoice,invoice_summary,en,no,,train,easy,False,none,7042,70420024
SYN-INVOICE-0025,invoice,service_invoice,de,no,,train,easy,False,none,7042,70420025
SYN-INVOICE-0026,invoice,standard_invoice,de,no,,train,easy,False,none,7042,70420026
SYN-INVOICE-0027,invoice,service_invoice,en,no,,test,easy,False,none,7042,70420027
SYN-INVOICE-0028,invoice,invoice_summary,de,no,,test,easy,False,none,7042,70420028
SYN-INVOICE-0029,invoice,standard_invoice,de,no,,test,easy,False,none,7042,70420029
SYN-INVOICE-0030,invoice,service_invoice,en,no,,train,easy,False,none,7042,70420030
SYN-INVOICE-0031,invoice,standard_invoice,de,no,,train,easy,False,none,7042,70420031
SYN-INVOICE-0032,invoice,service_invoice,en,no,,train,easy,False,none,7042,70420032
SYN-INVOICE-0033,invoice,invoice_summary,de,yes,LOCATION,train,easy,False,none,7042,70420033
SYN-INVOICE-0034,invoice,invoice_summary,en,no,,train,easy,False,none,7042,70420034
SYN-INVOICE-0035,invoice,service_invoice,en,yes,PERSON,test,easy,False,none,7042,70420035
SYN-INVOICE-0036,invoice,invoice_summary,de,yes,PERSON;CREDIT_CARD,train,easy,False,none,7042,70420036
SYN-INVOICE-0037,invoice,invoice_summary,de,no,,train,easy,False,none,7042,70420037
SYN-INVOICE-0038,invoice,standard_invoice,de,no,,validation,easy,False,none,7042,70420038
SYN-INVOICE-0039,invoice,service_invoice,en,no,,train,easy,False,none,7042,70420039
SYN-INVOICE-0040,invoice,standard_invoice,en,no,,validation,easy,False,none,7042,70420040
SYN-INVOICE-0041,invoice,service_invoice,de,no,,train,easy,False,none,7042,70420041
SYN-INVOICE-0042,invoice,service_invoice,de,yes,PERSON,train,easy,False,none,7042,70420042
SYN-INVOICE-0043,invoice,invoice_summary,en,no,,train,easy,False,none,7042,70420043
SYN-INVOICE-0044,invoice,invoice_summary,en,no,,train,easy,False,none,7042,70420044
SYN-INVOICE-0045,invoice,service_invoice,en,no,,test,easy,False,none,7042,70420045
SYN-INVOICE-0046,invoice,standard_invoice,en,no,,train,easy,False,none,7042,70420046
SYN-INVOICE-0047,invoice,invoice_summary,en,no,,train,easy,False,none,7042,70420047
SYN-INVOICE-0048,invoice,standard_invoice,en,yes,PERSON;EMAIL_ADDRESS,train,easy,False,none,7042,70420048
SYN-INVOICE-0049,invoice,standard_invoice,en,yes,PERSON;CREDIT_CARD,validation,easy,False,none,7042,70420049
SYN-INVOICE-0050,invoice,service_invoice,en,no,,train,easy,False,none,7042,70420050
SYN-INVOICE-0051,invoice,service_invoice,en,no,,test,easy,False,none,7042,70420051
SYN-INVOICE-0052,invoice,standard_invoice,de,no,,train,easy,False,none,7042,70420052
SYN-INVOICE-0053,invoice,standard_invoice,en,no,,train,easy,False,none,7042,70420053
SYN-INVOICE-0054,invoice,service_invoice,de,no,,train,easy,False,none,7042,70420054
SYN-INVOICE-0055,invoice,invoice_summary,de,no,,validation,easy,False,none,7042,70420055
SYN-INVOICE-0056,invoice,service_invoice,de,yes,PERSON;IBAN_CODE,train,easy,False,none,7042,70420056
SYN-INVOICE-0057,invoice,service_invoice,de,no,,train,easy,False,none,7042,70420057
SYN-INVOICE-0058,invoice,invoice_summary,de,no,,validation,easy,False,none,7042,70420058
SYN-INVOICE-0059,invoice,standard_invoice,en,yes,PERSON;IBAN_CODE,train,easy,False,none,7042,70420059
SYN-INVOICE-0060,invoice,service_invoice,de,yes,LOCATION,validation,easy,False,none,7042,70420060
SYN-INVOICE-0061,invoice,invoice_summary,de,no,,train,easy,False,none,7042,70420061
SYN-INVOICE-0062,invoice,service_invoice,en,no,,validation,easy,False,none,7042,70420062
SYN-INVOICE-0063,invoice,invoice_summary,en,no,,train,easy,False,none,7042,70420063
SYN-INVOICE-0064,invoice,service_invoice,de,no,,train,easy,False,none,7042,70420064
SYN-INVOICE-0065,invoice,service_invoice,de,no,,train,easy,False,none,7042,70420065
SYN-INVOICE-0066,invoice,standard_invoice,de,no,,test,easy,False,none,7042,70420066
SYN-INVOICE-0067,invoice,invoice_summary,de,no,,train,easy,False,none,7042,70420067
SYN-INVOICE-0068,invoice,standard_invoice,en,no,,train,easy,False,none,7042,70420068
SYN-INVOICE-0069,invoice,service_invoice,en,no,,train,easy,False,none,7042,70420069
SYN-INVOICE-0070,invoice,invoice_summary,de,no,,train,easy,False,none,7042,70420070
SYN-INVOICE-0071,invoice,service_invoice,de,no,,train,easy,False,none,7042,70420071
SYN-INVOICE-0072,invoice,standard_invoice,en,no,,train,easy,False,none,7042,70420072
SYN-INVOICE-0073,invoice,standard_invoice,en,no,,train,easy,False,none,7042,70420073
SYN-INVOICE-0074,invoice,invoice_summary,de,no,,train,easy,False,none,7042,70420074
SYN-INVOICE-0075,invoice,service_invoice,en,no,,test,easy,False,none,7042,70420075
SYN-INVOICE-0076,invoice,service_invoice,en,no,,train,easy,False,none,7042,70420076
SYN-INVOICE-0077,invoice,standard_invoice,de,yes,PERSON;EMAIL_ADDRESS,test,easy,False,none,7042,70420077
SYN-INVOICE-0078,invoice,service_invoice,en,no,,validation,easy,False,none,7042,70420078
SYN-INVOICE-0079,invoice,standard_invoice,en,yes,PERSON,train,easy,False,none,7042,70420079
SYN-INVOICE-0080,invoice,service_invoice,en,no,,validation,easy,False,none,7042,70420080
SYN-INVOICE-0081,invoice,invoice_summary,en,no,,validation,easy,False,none,7042,70420081
SYN-INVOICE-0082,invoice,standard_invoice,en,no,,train,easy,False,none,7042,70420082
SYN-INVOICE-0083,invoice,invoice_summary,de,no,,train,easy,False,none,7042,70420083
SYN-INVOICE-0084,invoice,standard_invoice,en,no,,train,easy,False,none,7042,70420084
SYN-INVOICE-0085,invoice,invoice_summary,en,no,,train,easy,False,none,7042,70420085
SYN-INVOICE-0086,invoice,service_invoice,de,no,,train,easy,False,none,7042,70420086
SYN-INVOICE-0087,invoice,standard_invoice,de,no,,train,easy,False,none,7042,70420087
SYN-INVOICE-0088,invoice,service_invoice,de,no,,train,easy,False,none,7042,70420088
SYN-INVOICE-0089,invoice,service_invoice,de,no,,validation,easy,False,none,7042,70420089
SYN-INVOICE-0090,invoice,invoice_summary,de,no,,train,easy,False,none,7042,70420090
SYN-INVOICE-0091,invoice,standard_invoice,de,no,,train,easy,False,none,7042,70420091
SYN-INVOICE-0092,invoice,service_invoice,de,no,,train,easy,False,none,7042,70420092
SYN-INVOICE-0093,invoice,standard_invoice,de,no,,validation,easy,False,none,7042,70420093
SYN-INVOICE-0094,invoice,service_invoice,en,no,,train,easy,False,none,7042,70420094
SYN-INVOICE-0095,invoice,standard_invoice,en,no,,test,easy,False,none,7042,70420095
SYN-INVOICE-0096,invoice,standard_invoice,en,no,,train,easy,False,none,7042,70420096
SYN-INVOICE-0097,invoice,standard_invoice,de,no,,validation,easy,False,none,7042,70420097
SYN-INVOICE-0098,invoice,standard_invoice,de,no,,train,easy,False,none,7042,70420098
SYN-INVOICE-0099,invoice,invoice_summary,de,no,,test,easy,False,none,7042,70420099
SYN-INVOICE-0100,invoice,invoice_summary,en,no,,validation,easy,False,none,7042,70420100
SYN-IT_ACCESS_REQUEST-0001,it_access_request,filled_b,de,no,,train,easy,False,none,8042,80420001
SYN-IT_ACCESS_REQUEST-0002,it_access_request,filled_a,en,no,,validation,easy,False,none,8042,80420002
SYN-IT_ACCESS_REQUEST-0003,it_access_request,filled_b,en,yes,PERSON;EMAIL_ADDRESS,train,easy,False,none,8042,80420003
SYN-IT_ACCESS_REQUEST-0004,it_access_request,filled_a,de,no,,validation,easy,False,none,8042,80420004
SYN-IT_ACCESS_REQUEST-0005,it_access_request,filled_a,en,no,,train,easy,False,none,8042,80420005
SYN-IT_ACCESS_REQUEST-0006,it_access_request,filled_b,en,no,,test,easy,False,none,8042,80420006
SYN-IT_ACCESS_REQUEST-0007,it_access_request,filled_a,de,yes,PERSON;URL,train,easy,False,none,8042,80420007
SYN-IT_ACCESS_REQUEST-0008,it_access_request,filled_a,en,no,,train,easy,False,none,8042,80420008
SYN-IT_ACCESS_REQUEST-0009,it_access_request,filled_b,de,no,,train,easy,False,none,8042,80420009
SYN-IT_ACCESS_REQUEST-0010,it_access_request,filled_a,en,no,,train,easy,False,none,8042,80420010
SYN-IT_ACCESS_REQUEST-0011,it_access_request,filled_a,en,no,,train,easy,False,none,8042,80420011
SYN-IT_ACCESS_REQUEST-0012,it_access_request,filled_b,en,no,,test,easy,False,none,8042,80420012
SYN-IT_ACCESS_REQUEST-0013,it_access_request,filled_a,en,no,,validation,easy,False,none,8042,80420013
SYN-IT_ACCESS_REQUEST-0014,it_access_request,filled_a,de,no,,test,easy,False,none,8042,80420014
SYN-IT_ACCESS_REQUEST-0015,it_access_request,filled_b,de,yes,PERSON;URL,test,easy,False,none,8042,80420015
SYN-IT_ACCESS_REQUEST-0016,it_access_request,filled_a,de,yes,PERSON;EMAIL_ADDRESS,train,easy,False,none,8042,80420016
SYN-IT_ACCESS_REQUEST-0017,it_access_request,filled_b,de,no,,validation,easy,False,none,8042,80420017
SYN-IT_ACCESS_REQUEST-0018,it_access_request,blank,en,no,,validation,easy,False,none,8042,80420018
SYN-IT_ACCESS_REQUEST-0019,it_access_request,filled_b,de,no,,train,easy,False,none,8042,80420019
SYN-IT_ACCESS_REQUEST-0020,it_access_request,filled_b,en,no,,train,easy,False,none,8042,80420020
SYN-IT_ACCESS_REQUEST-0021,it_access_request,filled_b,en,no,,train,easy,False,none,8042,80420021
SYN-IT_ACCESS_REQUEST-0022,it_access_request,filled_a,de,no,,test,easy,False,none,8042,80420022
SYN-IT_ACCESS_REQUEST-0023,it_access_request,filled_b,en,no,,train,easy,False,none,8042,80420023
SYN-IT_ACCESS_REQUEST-0024,it_access_request,filled_a,de,no,,validation,easy,False,none,8042,80420024
SYN-IT_ACCESS_REQUEST-0025,it_access_request,filled_a,de,no,,test,easy,False,none,8042,80420025
SYN-IT_ACCESS_REQUEST-0026,it_access_request,filled_b,en,yes,PERSON,train,easy,False,none,8042,80420026
SYN-IT_ACCESS_REQUEST-0027,it_access_request,filled_b,en,no,,train,easy,False,none,8042,80420027
SYN-IT_ACCESS_REQUEST-0028,it_access_request,filled_b,en,no,,validation,easy,False,none,8042,80420028
SYN-IT_ACCESS_REQUEST-0029,it_access_request,filled_b,en,no,,train,easy,False,none,8042,80420029
SYN-IT_ACCESS_REQUEST-0030,it_access_request,filled_a,de,no,,train,easy,False,none,8042,80420030
SYN-IT_ACCESS_REQUEST-0031,it_access_request,filled_b,en,no,,train,easy,False,none,8042,80420031
SYN-IT_ACCESS_REQUEST-0032,it_access_request,filled_a,en,no,,train,easy,False,none,8042,80420032
SYN-IT_ACCESS_REQUEST-0033,it_access_request,filled_b,de,no,,train,easy,False,none,8042,80420033
SYN-IT_ACCESS_REQUEST-0034,it_access_request,filled_b,en,no,,train,easy,False,none,8042,80420034
SYN-IT_ACCESS_REQUEST-0035,it_access_request,filled_a,de,no,,train,easy,False,none,8042,80420035
SYN-IT_ACCESS_REQUEST-0036,it_access_request,filled_a,en,no,,train,easy,False,none,8042,80420036
SYN-IT_ACCESS_REQUEST-0037,it_access_request,filled_a,de,no,,train,easy,False,none,8042,80420037
SYN-IT_ACCESS_REQUEST-0038,it_access_request,blank,en,no,,test,easy,False,none,8042,80420038
SYN-IT_ACCESS_REQUEST-0039,it_access_request,filled_b,en,no,,test,easy,False,none,8042,80420039
SYN-IT_ACCESS_REQUEST-0040,it_access_request,filled_b,de,no,,train,easy,False,none,8042,80420040
SYN-IT_ACCESS_REQUEST-0041,it_access_request,filled_a,de,yes,PERSON,validation,easy,False,none,8042,80420041
SYN-IT_ACCESS_REQUEST-0042,it_access_request,filled_b,en,no,,train,easy,False,none,8042,80420042
SYN-IT_ACCESS_REQUEST-0043,it_access_request,filled_b,en,no,,validation,easy,False,none,8042,80420043
SYN-IT_ACCESS_REQUEST-0044,it_access_request,filled_a,en,yes,PERSON;IP_ADDRESS,train,easy,False,none,8042,80420044
SYN-IT_ACCESS_REQUEST-0045,it_access_request,filled_a,en,no,,train,easy,False,none,8042,80420045
SYN-IT_ACCESS_REQUEST-0046,it_access_request,filled_b,de,no,,train,easy,False,none,8042,80420046
SYN-IT_ACCESS_REQUEST-0047,it_access_request,filled_a,de,no,,train,easy,False,none,8042,80420047
SYN-IT_ACCESS_REQUEST-0048,it_access_request,filled_a,en,no,,validation,easy,False,none,8042,80420048
SYN-IT_ACCESS_REQUEST-0049,it_access_request,filled_b,de,no,,train,easy,False,none,8042,80420049
SYN-IT_ACCESS_REQUEST-0050,it_access_request,filled_a,de,no,,train,easy,False,none,8042,80420050
SYN-IT_ACCESS_REQUEST-0051,it_access_request,filled_a,de,no,,train,easy,False,none,8042,80420051
SYN-IT_ACCESS_REQUEST-0052,it_access_request,filled_b,en,no,,train,easy,False,none,8042,80420052
SYN-IT_ACCESS_REQUEST-0053,it_access_request,filled_a,en,no,,train,easy,False,none,8042,80420053
SYN-IT_ACCESS_REQUEST-0054,it_access_request,filled_b,de,no,,train,easy,False,none,8042,80420054
SYN-IT_ACCESS_REQUEST-0055,it_access_request,filled_a,de,no,,train,easy,False,none,8042,80420055
SYN-IT_ACCESS_REQUEST-0056,it_access_request,filled_b,en,no,,train,easy,False,none,8042,80420056
SYN-IT_ACCESS_REQUEST-0057,it_access_request,filled_a,de,no,,train,easy,False,none,8042,80420057
SYN-IT_ACCESS_REQUEST-0058,it_access_request,filled_b,de,no,,train,easy,False,none,8042,80420058
SYN-IT_ACCESS_REQUEST-0059,it_access_request,filled_b,de,no,,train,easy,False,none,8042,80420059
SYN-IT_ACCESS_REQUEST-0060,it_access_request,filled_a,en,no,,train,easy,False,none,8042,80420060
SYN-IT_ACCESS_REQUEST-0061,it_access_request,filled_b,en,yes,PERSON;IP_ADDRESS,train,easy,False,none,8042,80420061
SYN-IT_ACCESS_REQUEST-0062,it_access_request,blank,en,no,,train,easy,False,none,8042,80420062
SYN-IT_ACCESS_REQUEST-0063,it_access_request,filled_a,en,yes,PERSON;IP_ADDRESS,test,easy,False,none,8042,80420063
SYN-IT_ACCESS_REQUEST-0064,it_access_request,filled_a,de,no,,validation,easy,False,none,8042,80420064
SYN-IT_ACCESS_REQUEST-0065,it_access_request,filled_a,de,no,,train,easy,False,none,8042,80420065
SYN-IT_ACCESS_REQUEST-0066,it_access_request,filled_b,en,no,,train,easy,False,none,8042,80420066
SYN-IT_ACCESS_REQUEST-0067,it_access_request,filled_a,de,yes,PERSON,train,easy,False,none,8042,80420067
SYN-IT_ACCESS_REQUEST-0068,it_access_request,filled_a,de,no,,train,easy,False,none,8042,80420068
SYN-IT_ACCESS_REQUEST-0069,it_access_request,filled_a,de,no,,train,easy,False,none,8042,80420069
SYN-IT_ACCESS_REQUEST-0070,it_access_request,filled_b,en,no,,validation,easy,False,none,8042,80420070
SYN-IT_ACCESS_REQUEST-0071,it_access_request,filled_b,en,yes,PERSON;EMAIL_ADDRESS,validation,easy,False,none,8042,80420071
SYN-IT_ACCESS_REQUEST-0072,it_access_request,filled_a,en,no,,train,easy,False,none,8042,80420072
SYN-IT_ACCESS_REQUEST-0073,it_access_request,blank,en,no,,train,easy,False,none,8042,80420073
SYN-IT_ACCESS_REQUEST-0074,it_access_request,filled_b,en,no,,test,easy,False,none,8042,80420074
SYN-IT_ACCESS_REQUEST-0075,it_access_request,filled_a,de,no,,train,easy,False,none,8042,80420075
SYN-IT_ACCESS_REQUEST-0076,it_access_request,filled_b,de,no,,train,easy,False,none,8042,80420076
SYN-IT_ACCESS_REQUEST-0077,it_access_request,filled_b,en,no,,test,easy,False,none,8042,80420077
SYN-IT_ACCESS_REQUEST-0078,it_access_request,filled_a,en,no,,train,easy,False,none,8042,80420078
SYN-IT_ACCESS_REQUEST-0079,it_access_request,filled_a,en,no,,train,easy,False,none,8042,80420079
SYN-IT_ACCESS_REQUEST-0080,it_access_request,filled_b,en,no,,train,easy,False,none,8042,80420080
SYN-IT_ACCESS_REQUEST-0081,it_access_request,filled_b,de,no,,train,easy,False,none,8042,80420081
SYN-IT_ACCESS_REQUEST-0082,it_access_request,filled_a,en,no,,train,easy,False,none,8042,80420082
SYN-IT_ACCESS_REQUEST-0083,it_access_request,filled_b,en,no,,train,easy,False,none,8042,80420083
SYN-IT_ACCESS_REQUEST-0084,it_access_request,filled_a,de,no,,train,easy,False,none,8042,80420084
SYN-IT_ACCESS_REQUEST-0085,it_access_request,filled_b,de,no,,validation,easy,False,none,8042,80420085
SYN-IT_ACCESS_REQUEST-0086,it_access_request,filled_b,de,no,,train,easy,False,none,8042,80420086
SYN-IT_ACCESS_REQUEST-0087,it_access_request,filled_b,de,no,,train,easy,False,none,8042,80420087
SYN-IT_ACCESS_REQUEST-0088,it_access_request,filled_a,en,no,,test,easy,False,none,8042,80420088
SYN-IT_ACCESS_REQUEST-0089,it_access_request,filled_a,en,no,,train,easy,False,none,8042,80420089
SYN-IT_ACCESS_REQUEST-0090,it_access_request,filled_a,de,no,,train,easy,False,none,8042,80420090
SYN-IT_ACCESS_REQUEST-0091,it_access_request,filled_b,de,no,,test,easy,False,none,8042,80420091
SYN-IT_ACCESS_REQUEST-0092,it_access_request,blank,en,no,,train,easy,False,none,8042,80420092
SYN-IT_ACCESS_REQUEST-0093,it_access_request,filled_b,de,no,,train,easy,False,none,8042,80420093
SYN-IT_ACCESS_REQUEST-0094,it_access_request,filled_b,de,no,,validation,easy,False,none,8042,80420094
SYN-IT_ACCESS_REQUEST-0095,it_access_request,filled_b,de,no,,train,easy,False,none,8042,80420095
SYN-IT_ACCESS_REQUEST-0096,it_access_request,filled_a,de,no,,test,easy,False,none,8042,80420096
SYN-IT_ACCESS_REQUEST-0097,it_access_request,filled_a,de,no,,test,easy,False,none,8042,80420097
SYN-IT_ACCESS_REQUEST-0098,it_access_request,filled_a,de,no,,train,easy,False,none,8042,80420098
SYN-IT_ACCESS_REQUEST-0099,it_access_request,filled_a,en,no,,train,easy,False,none,8042,80420099
SYN-IT_ACCESS_REQUEST-0100,it_access_request,filled_b,de,yes,PERSON;URL,train,easy,False,none,8042,80420100
SYN-MEDICAL_RECORD-0001,medical_record,appointment_summary,de,yes,PERSON,validation,easy,False,none,9042,90420001
SYN-MEDICAL_RECORD-0002,medical_record,occupational_health_note,en,no,,train,easy,False,none,9042,90420002
SYN-MEDICAL_RECORD-0003,medical_record,appointment_summary,en,no,,test,easy,False,none,9042,90420003
SYN-MEDICAL_RECORD-0004,medical_record,clinical_note,de,no,,test,easy,False,none,9042,90420004
SYN-MEDICAL_RECORD-0005,medical_record,clinical_note,en,no,,validation,easy,False,none,9042,90420005
SYN-MEDICAL_RECORD-0006,medical_record,clinical_note,de,no,,train,easy,False,none,9042,90420006
SYN-MEDICAL_RECORD-0007,medical_record,occupational_health_note,de,yes,PERSON,train,easy,False,none,9042,90420007
SYN-MEDICAL_RECORD-0008,medical_record,clinical_note,de,no,,test,easy,False,none,9042,90420008
SYN-MEDICAL_RECORD-0009,medical_record,appointment_summary,en,no,,train,easy,False,none,9042,90420009
SYN-MEDICAL_RECORD-0010,medical_record,occupational_health_note,en,no,,validation,easy,False,none,9042,90420010
SYN-MEDICAL_RECORD-0011,medical_record,clinical_note,en,no,,train,easy,False,none,9042,90420011
SYN-MEDICAL_RECORD-0012,medical_record,appointment_summary,en,no,,train,easy,False,none,9042,90420012
SYN-MEDICAL_RECORD-0013,medical_record,clinical_note,de,no,,validation,easy,False,none,9042,90420013
SYN-MEDICAL_RECORD-0014,medical_record,occupational_health_note,en,no,,train,easy,False,none,9042,90420014
SYN-MEDICAL_RECORD-0015,medical_record,clinical_note,en,no,,train,easy,False,none,9042,90420015
SYN-MEDICAL_RECORD-0016,medical_record,appointment_summary,de,no,,train,easy,False,none,9042,90420016
SYN-MEDICAL_RECORD-0017,medical_record,clinical_note,de,no,,train,easy,False,none,9042,90420017
SYN-MEDICAL_RECORD-0018,medical_record,occupational_health_note,en,no,,train,easy,False,none,9042,90420018
SYN-MEDICAL_RECORD-0019,medical_record,clinical_note,en,no,,test,easy,False,none,9042,90420019
SYN-MEDICAL_RECORD-0020,medical_record,clinical_note,de,yes,PERSON;DATE_TIME,train,easy,False,none,9042,90420020
SYN-MEDICAL_RECORD-0021,medical_record,occupational_health_note,en,no,,train,easy,False,none,9042,90420021
SYN-MEDICAL_RECORD-0022,medical_record,clinical_note,en,no,,train,easy,False,none,9042,90420022
SYN-MEDICAL_RECORD-0023,medical_record,occupational_health_note,de,no,,test,easy,False,none,9042,90420023
SYN-MEDICAL_RECORD-0024,medical_record,clinical_note,de,no,,train,easy,False,none,9042,90420024
SYN-MEDICAL_RECORD-0025,medical_record,clinical_note,en,no,,train,easy,False,none,9042,90420025
SYN-MEDICAL_RECORD-0026,medical_record,clinical_note,en,no,,train,easy,False,none,9042,90420026
SYN-MEDICAL_RECORD-0027,medical_record,clinical_note,de,no,,test,easy,False,none,9042,90420027
SYN-MEDICAL_RECORD-0028,medical_record,appointment_summary,en,no,,train,easy,False,none,9042,90420028
SYN-MEDICAL_RECORD-0029,medical_record,clinical_note,de,no,,train,easy,False,none,9042,90420029
SYN-MEDICAL_RECORD-0030,medical_record,occupational_health_note,de,no,,train,easy,False,none,9042,90420030
SYN-MEDICAL_RECORD-0031,medical_record,appointment_summary,de,yes,PERSON;DATE_TIME,train,easy,False,none,9042,90420031
SYN-MEDICAL_RECORD-0032,medical_record,appointment_summary,de,no,,train,easy,False,none,9042,90420032
SYN-MEDICAL_RECORD-0033,medical_record,appointment_summary,en,no,,train,easy,False,none,9042,90420033
SYN-MEDICAL_RECORD-0034,medical_record,clinical_note,de,no,,train,easy,False,none,9042,90420034
SYN-MEDICAL_RECORD-0035,medical_record,clinical_note,de,no,,train,easy,False,none,9042,90420035
SYN-MEDICAL_RECORD-0036,medical_record,clinical_note,de,no,,train,easy,False,none,9042,90420036
SYN-MEDICAL_RECORD-0037,medical_record,appointment_summary,en,yes,PERSON;MEDICAL_LICENSE,test,easy,False,none,9042,90420037
SYN-MEDICAL_RECORD-0038,medical_record,appointment_summary,en,no,,train,easy,False,none,9042,90420038
SYN-MEDICAL_RECORD-0039,medical_record,appointment_summary,en,no,,test,easy,False,none,9042,90420039
SYN-MEDICAL_RECORD-0040,medical_record,clinical_note,de,no,,train,easy,False,none,9042,90420040
SYN-MEDICAL_RECORD-0041,medical_record,appointment_summary,de,no,,train,easy,False,none,9042,90420041
SYN-MEDICAL_RECORD-0042,medical_record,occupational_health_note,en,no,,validation,easy,False,none,9042,90420042
SYN-MEDICAL_RECORD-0043,medical_record,clinical_note,en,yes,PERSON;MEDICAL_LICENSE,train,easy,False,none,9042,90420043
SYN-MEDICAL_RECORD-0044,medical_record,clinical_note,en,no,,validation,easy,False,none,9042,90420044
SYN-MEDICAL_RECORD-0045,medical_record,appointment_summary,de,no,,train,easy,False,none,9042,90420045
SYN-MEDICAL_RECORD-0046,medical_record,occupational_health_note,en,yes,PERSON;LOCATION,train,easy,False,none,9042,90420046
SYN-MEDICAL_RECORD-0047,medical_record,clinical_note,en,no,,test,easy,False,none,9042,90420047
SYN-MEDICAL_RECORD-0048,medical_record,occupational_health_note,de,no,,train,easy,False,none,9042,90420048
SYN-MEDICAL_RECORD-0049,medical_record,clinical_note,en,no,,train,easy,False,none,9042,90420049
SYN-MEDICAL_RECORD-0050,medical_record,appointment_summary,en,no,,train,easy,False,none,9042,90420050
SYN-MEDICAL_RECORD-0051,medical_record,occupational_health_note,de,no,,train,easy,False,none,9042,90420051
SYN-MEDICAL_RECORD-0052,medical_record,appointment_summary,de,no,,train,easy,False,none,9042,90420052
SYN-MEDICAL_RECORD-0053,medical_record,occupational_health_note,de,no,,test,easy,False,none,9042,90420053
SYN-MEDICAL_RECORD-0054,medical_record,occupational_health_note,en,no,,train,easy,False,none,9042,90420054
SYN-MEDICAL_RECORD-0055,medical_record,occupational_health_note,en,no,,train,easy,False,none,9042,90420055
SYN-MEDICAL_RECORD-0056,medical_record,clinical_note,en,no,,train,easy,False,none,9042,90420056
SYN-MEDICAL_RECORD-0057,medical_record,occupational_health_note,de,no,,validation,easy,False,none,9042,90420057
SYN-MEDICAL_RECORD-0058,medical_record,occupational_health_note,de,no,,train,easy,False,none,9042,90420058
SYN-MEDICAL_RECORD-0059,medical_record,clinical_note,de,no,,train,easy,False,none,9042,90420059
SYN-MEDICAL_RECORD-0060,medical_record,occupational_health_note,de,no,,train,easy,False,none,9042,90420060
SYN-MEDICAL_RECORD-0061,medical_record,appointment_summary,de,no,,train,easy,False,none,9042,90420061
SYN-MEDICAL_RECORD-0062,medical_record,occupational_health_note,en,no,,train,easy,False,none,9042,90420062
SYN-MEDICAL_RECORD-0063,medical_record,appointment_summary,de,no,,validation,easy,False,none,9042,90420063
SYN-MEDICAL_RECORD-0064,medical_record,appointment_summary,de,no,,train,easy,False,none,9042,90420064
SYN-MEDICAL_RECORD-0065,medical_record,clinical_note,en,no,,train,easy,False,none,9042,90420065
SYN-MEDICAL_RECORD-0066,medical_record,clinical_note,en,no,,train,easy,False,none,9042,90420066
SYN-MEDICAL_RECORD-0067,medical_record,clinical_note,de,no,,train,easy,False,none,9042,90420067
SYN-MEDICAL_RECORD-0068,medical_record,clinical_note,en,no,,validation,easy,False,none,9042,90420068
SYN-MEDICAL_RECORD-0069,medical_record,clinical_note,en,no,,validation,easy,False,none,9042,90420069
SYN-MEDICAL_RECORD-0070,medical_record,clinical_note,en,yes,PERSON;MEDICAL_LICENSE,train,easy,False,none,9042,90420070
SYN-MEDICAL_RECORD-0071,medical_record,occupational_health_note,de,no,,train,easy,False,none,9042,90420071
SYN-MEDICAL_RECORD-0072,medical_record,appointment_summary,en,no,,train,easy,False,none,9042,90420072
SYN-MEDICAL_RECORD-0073,medical_record,appointment_summary,de,yes,PERSON;LOCATION,train,easy,False,none,9042,90420073
SYN-MEDICAL_RECORD-0074,medical_record,occupational_health_note,en,no,,train,easy,False,none,9042,90420074
SYN-MEDICAL_RECORD-0075,medical_record,appointment_summary,en,no,,train,easy,False,none,9042,90420075
SYN-MEDICAL_RECORD-0076,medical_record,appointment_summary,de,no,,validation,easy,False,none,9042,90420076
SYN-MEDICAL_RECORD-0077,medical_record,occupational_health_note,de,no,,train,easy,False,none,9042,90420077
SYN-MEDICAL_RECORD-0078,medical_record,appointment_summary,de,no,,validation,easy,False,none,9042,90420078
SYN-MEDICAL_RECORD-0079,medical_record,occupational_health_note,en,no,,train,easy,False,none,9042,90420079
SYN-MEDICAL_RECORD-0080,medical_record,appointment_summary,en,no,,test,easy,False,none,9042,90420080
SYN-MEDICAL_RECORD-0081,medical_record,appointment_summary,de,no,,train,easy,False,none,9042,90420081
SYN-MEDICAL_RECORD-0082,medical_record,appointment_summary,de,no,,test,easy,False,none,9042,90420082
SYN-MEDICAL_RECORD-0083,medical_record,clinical_note,de,no,,train,easy,False,none,9042,90420083
SYN-MEDICAL_RECORD-0084,medical_record,appointment_summary,en,no,,train,easy,False,none,9042,90420084
SYN-MEDICAL_RECORD-0085,medical_record,clinical_note,en,no,,train,easy,False,none,9042,90420085
SYN-MEDICAL_RECORD-0086,medical_record,occupational_health_note,en,no,,validation,easy,False,none,9042,90420086
SYN-MEDICAL_RECORD-0087,medical_record,appointment_summary,de,no,,train,easy,False,none,9042,90420087
SYN-MEDICAL_RECORD-0088,medical_record,appointment_summary,de,no,,validation,easy,False,none,9042,90420088
SYN-MEDICAL_RECORD-0089,medical_record,occupational_health_note,de,no,,train,easy,False,none,9042,90420089
SYN-MEDICAL_RECORD-0090,medical_record,appointment_summary,en,no,,train,easy,False,none,9042,90420090
SYN-MEDICAL_RECORD-0091,medical_record,appointment_summary,en,yes,PERSON,train,easy,False,none,9042,90420091
SYN-MEDICAL_RECORD-0092,medical_record,clinical_note,en,yes,PERSON;DATE_TIME,validation,easy,False,none,9042,90420092
SYN-MEDICAL_RECORD-0093,medical_record,appointment_summary,en,no,,train,easy,False,none,9042,90420093
SYN-MEDICAL_RECORD-0094,medical_record,occupational_health_note,de,no,,train,easy,False,none,9042,90420094
SYN-MEDICAL_RECORD-0095,medical_record,occupational_health_note,en,no,,train,easy,False,none,9042,90420095
SYN-MEDICAL_RECORD-0096,medical_record,clinical_note,de,yes,PERSON;LOCATION,test,easy,False,none,9042,90420096
SYN-MEDICAL_RECORD-0097,medical_record,occupational_health_note,en,no,,test,easy,False,none,9042,90420097
SYN-MEDICAL_RECORD-0098,medical_record,occupational_health_note,en,no,,test,easy,False,none,9042,90420098
SYN-MEDICAL_RECORD-0099,medical_record,appointment_summary,de,no,,train,easy,False,none,9042,90420099
SYN-MEDICAL_RECORD-0100,medical_record,occupational_health_note,de,no,,train,easy,False,none,9042,90420100
SYN-MEETING_NOTES-0001,meeting_notes,formal_minutes,en,no,,validation,easy,False,none,10042,100420001
SYN-MEETING_NOTES-0002,meeting_notes,informal_notes,en,no,,train,easy,False,none,10042,100420002
SYN-MEETING_NOTES-0003,meeting_notes,informal_notes,en,no,,test,easy,False,none,10042,100420003
SYN-MEETING_NOTES-0004,meeting_notes,informal_notes,en,no,,train,easy,False,none,10042,100420004
SYN-MEETING_NOTES-0005,meeting_notes,formal_minutes,en,no,,train,easy,False,none,10042,100420005
SYN-MEETING_NOTES-0006,meeting_notes,formal_minutes,de,no,,test,easy,False,none,10042,100420006
SYN-MEETING_NOTES-0007,meeting_notes,decision_log,en,no,,train,easy,False,none,10042,100420007
SYN-MEETING_NOTES-0008,meeting_notes,informal_notes,en,yes,PERSON,train,easy,False,none,10042,100420008
SYN-MEETING_NOTES-0009,meeting_notes,decision_log,en,no,,test,easy,False,none,10042,100420009
SYN-MEETING_NOTES-0010,meeting_notes,informal_notes,en,no,,train,easy,False,none,10042,100420010
SYN-MEETING_NOTES-0011,meeting_notes,informal_notes,de,no,,train,easy,False,none,10042,100420011
SYN-MEETING_NOTES-0012,meeting_notes,formal_minutes,de,no,,test,easy,False,none,10042,100420012
SYN-MEETING_NOTES-0013,meeting_notes,decision_log,en,no,,train,easy,False,none,10042,100420013
SYN-MEETING_NOTES-0014,meeting_notes,informal_notes,en,no,,train,easy,False,none,10042,100420014
SYN-MEETING_NOTES-0015,meeting_notes,decision_log,de,no,,train,easy,False,none,10042,100420015
SYN-MEETING_NOTES-0016,meeting_notes,decision_log,de,no,,validation,easy,False,none,10042,100420016
SYN-MEETING_NOTES-0017,meeting_notes,decision_log,de,yes,PERSON;EMAIL_ADDRESS,train,easy,False,none,10042,100420017
SYN-MEETING_NOTES-0018,meeting_notes,decision_log,de,no,,train,easy,False,none,10042,100420018
SYN-MEETING_NOTES-0019,meeting_notes,formal_minutes,de,no,,train,easy,False,none,10042,100420019
SYN-MEETING_NOTES-0020,meeting_notes,formal_minutes,de,no,,train,easy,False,none,10042,100420020
SYN-MEETING_NOTES-0021,meeting_notes,informal_notes,de,no,,train,easy,False,none,10042,100420021
SYN-MEETING_NOTES-0022,meeting_notes,informal_notes,de,no,,validation,easy,False,none,10042,100420022
SYN-MEETING_NOTES-0023,meeting_notes,informal_notes,de,no,,train,easy,False,none,10042,100420023
SYN-MEETING_NOTES-0024,meeting_notes,informal_notes,en,no,,train,easy,False,none,10042,100420024
SYN-MEETING_NOTES-0025,meeting_notes,decision_log,en,no,,train,easy,False,none,10042,100420025
SYN-MEETING_NOTES-0026,meeting_notes,informal_notes,en,yes,PERSON;EMAIL_ADDRESS,test,easy,False,none,10042,100420026
SYN-MEETING_NOTES-0027,meeting_notes,formal_minutes,en,yes,PERSON;DATE_TIME,train,easy,False,none,10042,100420027
SYN-MEETING_NOTES-0028,meeting_notes,informal_notes,de,no,,train,easy,False,none,10042,100420028
SYN-MEETING_NOTES-0029,meeting_notes,formal_minutes,de,no,,train,easy,False,none,10042,100420029
SYN-MEETING_NOTES-0030,meeting_notes,informal_notes,de,no,,train,easy,False,none,10042,100420030
SYN-MEETING_NOTES-0031,meeting_notes,informal_notes,de,no,,train,easy,False,none,10042,100420031
SYN-MEETING_NOTES-0032,meeting_notes,informal_notes,en,no,,validation,easy,False,none,10042,100420032
SYN-MEETING_NOTES-0033,meeting_notes,formal_minutes,de,no,,test,easy,False,none,10042,100420033
SYN-MEETING_NOTES-0034,meeting_notes,informal_notes,en,no,,train,easy,False,none,10042,100420034
SYN-MEETING_NOTES-0035,meeting_notes,decision_log,en,no,,train,easy,False,none,10042,100420035
SYN-MEETING_NOTES-0036,meeting_notes,formal_minutes,en,no,,train,easy,False,none,10042,100420036
SYN-MEETING_NOTES-0037,meeting_notes,decision_log,de,no,,train,easy,False,none,10042,100420037
SYN-MEETING_NOTES-0038,meeting_notes,informal_notes,en,yes,PERSON,train,easy,False,none,10042,100420038
SYN-MEETING_NOTES-0039,meeting_notes,informal_notes,en,no,,test,easy,False,none,10042,100420039
SYN-MEETING_NOTES-0040,meeting_notes,formal_minutes,en,no,,train,easy,False,none,10042,100420040
SYN-MEETING_NOTES-0041,meeting_notes,decision_log,de,no,,train,easy,False,none,10042,100420041
SYN-MEETING_NOTES-0042,meeting_notes,decision_log,en,no,,train,easy,False,none,10042,100420042
SYN-MEETING_NOTES-0043,meeting_notes,informal_notes,en,no,,train,easy,False,none,10042,100420043
SYN-MEETING_NOTES-0044,meeting_notes,formal_minutes,de,no,,train,easy,False,none,10042,100420044
SYN-MEETING_NOTES-0045,meeting_notes,decision_log,en,no,,validation,easy,False,none,10042,100420045
SYN-MEETING_NOTES-0046,meeting_notes,informal_notes,de,yes,LOCATION;DATE_TIME,train,easy,False,none,10042,100420046
SYN-MEETING_NOTES-0047,meeting_notes,decision_log,en,no,,train,easy,False,none,10042,100420047
SYN-MEETING_NOTES-0048,meeting_notes,formal_minutes,de,no,,train,easy,False,none,10042,100420048
SYN-MEETING_NOTES-0049,meeting_notes,formal_minutes,de,no,,train,easy,False,none,10042,100420049
SYN-MEETING_NOTES-0050,meeting_notes,informal_notes,de,no,,train,easy,False,none,10042,100420050
SYN-MEETING_NOTES-0051,meeting_notes,formal_minutes,en,no,,train,easy,False,none,10042,100420051
SYN-MEETING_NOTES-0052,meeting_notes,informal_notes,de,no,,test,easy,False,none,10042,100420052
SYN-MEETING_NOTES-0053,meeting_notes,decision_log,de,no,,train,easy,False,none,10042,100420053
SYN-MEETING_NOTES-0054,meeting_notes,formal_minutes,de,no,,train,easy,False,none,10042,100420054
SYN-MEETING_NOTES-0055,meeting_notes,decision_log,de,no,,validation,easy,False,none,10042,100420055
SYN-MEETING_NOTES-0056,meeting_notes,informal_notes,de,no,,validation,easy,False,none,10042,100420056
SYN-MEETING_NOTES-0057,meeting_notes,informal_notes,de,no,,train,easy,False,none,10042,100420057
SYN-MEETING_NOTES-0058,meeting_notes,formal_minutes,de,no,,train,easy,False,none,10042,100420058
SYN-MEETING_NOTES-0059,meeting_notes,decision_log,de,no,,train,easy,False,none,10042,100420059
SYN-MEETING_NOTES-0060,meeting_notes,informal_notes,en,no,,train,easy,False,none,10042,100420060
SYN-MEETING_NOTES-0061,meeting_notes,informal_notes,en,no,,test,easy,False,none,10042,100420061
SYN-MEETING_NOTES-0062,meeting_notes,formal_minutes,de,no,,train,easy,False,none,10042,100420062
SYN-MEETING_NOTES-0063,meeting_notes,formal_minutes,en,no,,validation,easy,False,none,10042,100420063
SYN-MEETING_NOTES-0064,meeting_notes,formal_minutes,de,no,,train,easy,False,none,10042,100420064
SYN-MEETING_NOTES-0065,meeting_notes,formal_minutes,en,no,,train,easy,False,none,10042,100420065
SYN-MEETING_NOTES-0066,meeting_notes,formal_minutes,de,no,,train,easy,False,none,10042,100420066
SYN-MEETING_NOTES-0067,meeting_notes,informal_notes,de,yes,PERSON,validation,easy,False,none,10042,100420067
SYN-MEETING_NOTES-0068,meeting_notes,decision_log,en,no,,train,easy,False,none,10042,100420068
SYN-MEETING_NOTES-0069,meeting_notes,formal_minutes,en,no,,train,easy,False,none,10042,100420069
SYN-MEETING_NOTES-0070,meeting_notes,formal_minutes,en,no,,validation,easy,False,none,10042,100420070
SYN-MEETING_NOTES-0071,meeting_notes,informal_notes,en,no,,validation,easy,False,none,10042,100420071
SYN-MEETING_NOTES-0072,meeting_notes,formal_minutes,de,no,,test,easy,False,none,10042,100420072
SYN-MEETING_NOTES-0073,meeting_notes,informal_notes,en,no,,train,easy,False,none,10042,100420073
SYN-MEETING_NOTES-0074,meeting_notes,formal_minutes,de,no,,validation,easy,False,none,10042,100420074
SYN-MEETING_NOTES-0075,meeting_notes,decision_log,de,no,,test,easy,False,none,10042,100420075
SYN-MEETING_NOTES-0076,meeting_notes,decision_log,en,no,,test,easy,False,none,10042,100420076
SYN-MEETING_NOTES-0077,meeting_notes,decision_log,de,no,,train,easy,False,none,10042,100420077
SYN-MEETING_NOTES-0078,meeting_notes,informal_notes,en,no,,train,easy,False,none,10042,100420078
SYN-MEETING_NOTES-0079,meeting_notes,formal_minutes,de,yes,LOCATION;DATE_TIME,test,easy,False,none,10042,100420079
SYN-MEETING_NOTES-0080,meeting_notes,formal_minutes,de,no,,train,easy,False,none,10042,100420080
SYN-MEETING_NOTES-0081,meeting_notes,decision_log,en,no,,test,easy,False,none,10042,100420081
SYN-MEETING_NOTES-0082,meeting_notes,informal_notes,en,no,,train,easy,False,none,10042,100420082
SYN-MEETING_NOTES-0083,meeting_notes,decision_log,en,no,,train,easy,False,none,10042,100420083
SYN-MEETING_NOTES-0084,meeting_notes,decision_log,en,no,,train,easy,False,none,10042,100420084
SYN-MEETING_NOTES-0085,meeting_notes,formal_minutes,de,yes,PERSON;DATE_TIME,train,easy,False,none,10042,100420085
SYN-MEETING_NOTES-0086,meeting_notes,formal_minutes,de,no,,train,easy,False,none,10042,100420086
SYN-MEETING_NOTES-0087,meeting_notes,formal_minutes,en,yes,PERSON;DATE_TIME,validation,easy,False,none,10042,100420087
SYN-MEETING_NOTES-0088,meeting_notes,formal_minutes,en,no,,train,easy,False,none,10042,100420088
SYN-MEETING_NOTES-0089,meeting_notes,decision_log,de,no,,validation,easy,False,none,10042,100420089
SYN-MEETING_NOTES-0090,meeting_notes,formal_minutes,en,no,,train,easy,False,none,10042,100420090
SYN-MEETING_NOTES-0091,meeting_notes,informal_notes,en,no,,train,easy,False,none,10042,100420091
SYN-MEETING_NOTES-0092,meeting_notes,formal_minutes,en,no,,validation,easy,False,none,10042,100420092
SYN-MEETING_NOTES-0093,meeting_notes,decision_log,de,no,,train,easy,False,none,10042,100420093
SYN-MEETING_NOTES-0094,meeting_notes,decision_log,en,yes,LOCATION;DATE_TIME,train,easy,False,none,10042,100420094
SYN-MEETING_NOTES-0095,meeting_notes,decision_log,de,no,,train,easy,False,none,10042,100420095
SYN-MEETING_NOTES-0096,meeting_notes,decision_log,de,no,,train,easy,False,none,10042,100420096
SYN-MEETING_NOTES-0097,meeting_notes,formal_minutes,en,no,,test,easy,False,none,10042,100420097
SYN-MEETING_NOTES-0098,meeting_notes,informal_notes,en,no,,train,easy,False,none,10042,100420098
SYN-MEETING_NOTES-0099,meeting_notes,formal_minutes,de,yes,PERSON;EMAIL_ADDRESS,train,easy,False,none,10042,100420099
SYN-MEETING_NOTES-0100,meeting_notes,decision_log,en,no,,train,easy,False,none,10042,100420100
SYN-PASSPORT_RECORD-0001,passport_record,verification_note,en,no,,train,easy,False,none,11042,110420001
SYN-PASSPORT_RECORD-0002,passport_record,verification_note,en,no,,train,easy,False,none,11042,110420002
SYN-PASSPORT_RECORD-0003,passport_record,verification_note,en,no,,train,easy,False,none,11042,110420003
SYN-PASSPORT_RECORD-0004,passport_record,identity_check,de,no,,train,easy,False,none,11042,110420004
SYN-PASSPORT_RECORD-0005,passport_record,verification_note,de,no,,train,easy,False,none,11042,110420005
SYN-PASSPORT_RECORD-0006,passport_record,travel_document_record,en,no,,test,easy,False,none,11042,110420006
SYN-PASSPORT_RECORD-0007,passport_record,verification_note,de,no,,train,easy,False,none,11042,110420007
SYN-PASSPORT_RECORD-0008,passport_record,verification_note,de,no,,validation,easy,False,none,11042,110420008
SYN-PASSPORT_RECORD-0009,passport_record,travel_document_record,en,no,,train,easy,False,none,11042,110420009
SYN-PASSPORT_RECORD-0010,passport_record,identity_check,en,no,,train,easy,False,none,11042,110420010
SYN-PASSPORT_RECORD-0011,passport_record,travel_document_record,en,no,,train,easy,False,none,11042,110420011
SYN-PASSPORT_RECORD-0012,passport_record,identity_check,en,no,,train,easy,False,none,11042,110420012
SYN-PASSPORT_RECORD-0013,passport_record,verification_note,de,yes,PERSON;DATE_TIME,train,easy,False,none,11042,110420013
SYN-PASSPORT_RECORD-0014,passport_record,identity_check,de,no,,test,easy,False,none,11042,110420014
SYN-PASSPORT_RECORD-0015,passport_record,travel_document_record,de,yes,PERSON;DATE_TIME,train,easy,False,none,11042,110420015
SYN-PASSPORT_RECORD-0016,passport_record,verification_note,en,no,,test,easy,False,none,11042,110420016
SYN-PASSPORT_RECORD-0017,passport_record,verification_note,de,no,,validation,easy,False,none,11042,110420017
SYN-PASSPORT_RECORD-0018,passport_record,identity_check,en,yes,PASSPORT,train,easy,False,none,11042,110420018
SYN-PASSPORT_RECORD-0019,passport_record,identity_check,en,no,,test,easy,False,none,11042,110420019
SYN-PASSPORT_RECORD-0020,passport_record,identity_check,en,yes,PERSON;PASSPORT;NRP,validation,easy,False,none,11042,110420020
SYN-PASSPORT_RECORD-0021,passport_record,identity_check,de,no,,train,easy,False,none,11042,110420021
SYN-PASSPORT_RECORD-0022,passport_record,travel_document_record,en,no,,train,easy,False,none,11042,110420022
SYN-PASSPORT_RECORD-0023,passport_record,travel_document_record,de,no,,train,easy,False,none,11042,110420023
SYN-PASSPORT_RECORD-0024,passport_record,verification_note,en,no,,train,easy,False,none,11042,110420024
SYN-PASSPORT_RECORD-0025,passport_record,travel_document_record,de,no,,train,easy,False,none,11042,110420025
SYN-PASSPORT_RECORD-0026,passport_record,verification_note,en,no,,train,easy,False,none,11042,110420026
SYN-PASSPORT_RECORD-0027,passport_record,travel_document_record,en,no,,train,easy,False,none,11042,110420027
SYN-PASSPORT_RECORD-0028,passport_record,travel_document_record,de,no,,train,easy,False,none,11042,110420028
SYN-PASSPORT_RECORD-0029,passport_record,verification_note,de,no,,train,easy,False,none,11042,110420029
SYN-PASSPORT_RECORD-0030,passport_record,verification_note,en,no,,validation,easy,False,none,11042,110420030
SYN-PASSPORT_RECORD-0031,passport_record,identity_check,de,no,,validation,easy,False,none,11042,110420031
SYN-PASSPORT_RECORD-0032,passport_record,travel_document_record,en,no,,train,easy,False,none,11042,110420032
SYN-PASSPORT_RECORD-0033,passport_record,verification_note,de,no,,test,easy,False,none,11042,110420033
SYN-PASSPORT_RECORD-0034,passport_record,travel_document_record,en,no,,train,easy,False,none,11042,110420034
SYN-PASSPORT_RECORD-0035,passport_record,travel_document_record,de,no,,train,easy,False,none,11042,110420035
SYN-PASSPORT_RECORD-0036,passport_record,identity_check,en,yes,PERSON;PASSPORT,train,easy,False,none,11042,110420036
SYN-PASSPORT_RECORD-0037,passport_record,identity_check,de,yes,PASSPORT,train,easy,False,none,11042,110420037
SYN-PASSPORT_RECORD-0038,passport_record,verification_note,en,no,,train,easy,False,none,11042,110420038
SYN-PASSPORT_RECORD-0039,passport_record,identity_check,de,no,,test,easy,False,none,11042,110420039
SYN-PASSPORT_RECORD-0040,passport_record,identity_check,en,no,,validation,easy,False,none,11042,110420040
SYN-PASSPORT_RECORD-0041,passport_record,travel_document_record,en,no,,validation,easy,False,none,11042,110420041
SYN-PASSPORT_RECORD-0042,passport_record,identity_check,en,no,,validation,easy,False,none,11042,110420042
SYN-PASSPORT_RECORD-0043,passport_record,verification_note,de,no,,test,easy,False,none,11042,110420043
SYN-PASSPORT_RECORD-0044,passport_record,travel_document_record,en,no,,train,easy,False,none,11042,110420044
SYN-PASSPORT_RECORD-0045,passport_record,identity_check,de,no,,train,easy,False,none,11042,110420045
SYN-PASSPORT_RECORD-0046,passport_record,identity_check,en,no,,validation,easy,False,none,11042,110420046
SYN-PASSPORT_RECORD-0047,passport_record,identity_check,de,no,,train,easy,False,none,11042,110420047
SYN-PASSPORT_RECORD-0048,passport_record,identity_check,de,no,,test,easy,False,none,11042,110420048
SYN-PASSPORT_RECORD-0049,passport_record,travel_document_record,de,yes,PERSON;PASSPORT,validation,easy,False,none,11042,110420049
SYN-PASSPORT_RECORD-0050,passport_record,identity_check,en,no,,train,easy,False,none,11042,110420050
SYN-PASSPORT_RECORD-0051,passport_record,verification_note,de,no,,train,easy,False,none,11042,110420051
SYN-PASSPORT_RECORD-0052,passport_record,identity_check,de,no,,train,easy,False,none,11042,110420052
SYN-PASSPORT_RECORD-0053,passport_record,identity_check,en,no,,train,easy,False,none,11042,110420053
SYN-PASSPORT_RECORD-0054,passport_record,travel_document_record,en,no,,train,easy,False,none,11042,110420054
SYN-PASSPORT_RECORD-0055,passport_record,travel_document_record,de,no,,train,easy,False,none,11042,110420055
SYN-PASSPORT_RECORD-0056,passport_record,verification_note,en,no,,train,easy,False,none,11042,110420056
SYN-PASSPORT_RECORD-0057,passport_record,verification_note,de,no,,train,easy,False,none,11042,110420057
SYN-PASSPORT_RECORD-0058,passport_record,travel_document_record,de,no,,train,easy,False,none,11042,110420058
SYN-PASSPORT_RECORD-0059,passport_record,verification_note,de,no,,train,easy,False,none,11042,110420059
SYN-PASSPORT_RECORD-0060,passport_record,travel_document_record,en,yes,PERSON;PASSPORT;NRP,train,easy,False,none,11042,110420060
SYN-PASSPORT_RECORD-0061,passport_record,travel_document_record,de,no,,train,easy,False,none,11042,110420061
SYN-PASSPORT_RECORD-0062,passport_record,verification_note,en,no,,train,easy,False,none,11042,110420062
SYN-PASSPORT_RECORD-0063,passport_record,identity_check,de,no,,train,easy,False,none,11042,110420063
SYN-PASSPORT_RECORD-0064,passport_record,identity_check,de,no,,train,easy,False,none,11042,110420064
SYN-PASSPORT_RECORD-0065,passport_record,identity_check,de,no,,train,easy,False,none,11042,110420065
SYN-PASSPORT_RECORD-0066,passport_record,travel_document_record,de,yes,PASSPORT,test,easy,False,none,11042,110420066
SYN-PASSPORT_RECORD-0067,passport_record,verification_note,de,no,,train,easy,False,none,11042,110420067
SYN-PASSPORT_RECORD-0068,passport_record,identity_check,en,no,,train,easy,False,none,11042,110420068
SYN-PASSPORT_RECORD-0069,passport_record,verification_note,de,no,,train,easy,False,none,11042,110420069
SYN-PASSPORT_RECORD-0070,passport_record,identity_check,de,no,,train,easy,False,none,11042,110420070
SYN-PASSPORT_RECORD-0071,passport_record,verification_note,en,no,,validation,easy,False,none,11042,110420071
SYN-PASSPORT_RECORD-0072,passport_record,travel_document_record,en,yes,PERSON;PASSPORT,train,easy,False,none,11042,110420072
SYN-PASSPORT_RECORD-0073,passport_record,verification_note,en,no,,train,easy,False,none,11042,110420073
SYN-PASSPORT_RECORD-0074,passport_record,travel_document_record,de,no,,test,easy,False,none,11042,110420074
SYN-PASSPORT_RECORD-0075,passport_record,verification_note,en,no,,test,easy,False,none,11042,110420075
SYN-PASSPORT_RECORD-0076,passport_record,travel_document_record,en,no,,train,easy,False,none,11042,110420076
SYN-PASSPORT_RECORD-0077,passport_record,identity_check,de,no,,validation,easy,False,none,11042,110420077
SYN-PASSPORT_RECORD-0078,passport_record,travel_document_record,de,no,,validation,easy,False,none,11042,110420078
SYN-PASSPORT_RECORD-0079,passport_record,identity_check,en,no,,train,easy,False,none,11042,110420079
SYN-PASSPORT_RECORD-0080,passport_record,identity_check,de,no,,train,easy,False,none,11042,110420080
SYN-PASSPORT_RECORD-0081,passport_record,travel_document_record,en,no,,validation,easy,False,none,11042,110420081
SYN-PASSPORT_RECORD-0082,passport_record,travel_document_record,en,no,,train,easy,False,none,11042,110420082
SYN-PASSPORT_RECORD-0083,passport_record,identity_check,en,no,,test,easy,False,none,11042,110420083
SYN-PASSPORT_RECORD-0084,passport_record,travel_document_record,en,no,,train,easy,False,none,11042,110420084
SYN-PASSPORT_RECORD-0085,passport_record,identity_check,de,no,,train,easy,False,none,11042,110420085
SYN-PASSPORT_RECORD-0086,passport_record,identity_check,en,no,,train,easy,False,none,11042,110420086
SYN-PASSPORT_RECORD-0087,passport_record,travel_document_record,en,no,,test,easy,False,none,11042,110420087
SYN-PASSPORT_RECORD-0088,passport_record,travel_document_record,de,no,,train,easy,False,none,11042,110420088
SYN-PASSPORT_RECORD-0089,passport_record,identity_check,en,yes,PERSON;DATE_TIME,test,easy,False,none,11042,110420089
SYN-PASSPORT_RECORD-0090,passport_record,identity_check,de,no,,train,easy,False,none,11042,110420090
SYN-PASSPORT_RECORD-0091,passport_record,identity_check,de,no,,train,easy,False,none,11042,110420091
SYN-PASSPORT_RECORD-0092,passport_record,travel_document_record,de,no,,validation,easy,False,none,11042,110420092
SYN-PASSPORT_RECORD-0093,passport_record,verification_note,de,no,,train,easy,False,none,11042,110420093
SYN-PASSPORT_RECORD-0094,passport_record,verification_note,de,no,,train,easy,False,none,11042,110420094
SYN-PASSPORT_RECORD-0095,passport_record,travel_document_record,en,no,,train,easy,False,none,11042,110420095
SYN-PASSPORT_RECORD-0096,passport_record,travel_document_record,en,no,,train,easy,False,none,11042,110420096
SYN-PASSPORT_RECORD-0097,passport_record,verification_note,en,no,,train,easy,False,none,11042,110420097
SYN-PASSPORT_RECORD-0098,passport_record,identity_check,en,no,,train,easy,False,none,11042,110420098
SYN-PASSPORT_RECORD-0099,passport_record,travel_document_record,en,no,,test,easy,False,none,11042,110420099
SYN-PASSPORT_RECORD-0100,passport_record,verification_note,de,yes,PERSON;PASSPORT;NRP,train,easy,False,none,11042,110420100
SYN-SUPPLIER_ONBOARDING-0001,supplier_onboarding,filled_b,en,no,,train,easy,False,none,12042,120420001
SYN-SUPPLIER_ONBOARDING-0002,supplier_onboarding,filled_b,de,no,,train,easy,False,none,12042,120420002
SYN-SUPPLIER_ONBOARDING-0003,supplier_onboarding,filled_b,en,no,,train,easy,False,none,12042,120420003
SYN-SUPPLIER_ONBOARDING-0004,supplier_onboarding,filled_a,de,no,,train,easy,False,none,12042,120420004
SYN-SUPPLIER_ONBOARDING-0005,supplier_onboarding,filled_b,en,no,,validation,easy,False,none,12042,120420005
SYN-SUPPLIER_ONBOARDING-0006,supplier_onboarding,filled_b,en,yes,PERSON;IBAN_CODE,train,easy,False,none,12042,120420006
SYN-SUPPLIER_ONBOARDING-0007,supplier_onboarding,filled_a,de,no,,test,easy,False,none,12042,120420007
SYN-SUPPLIER_ONBOARDING-0008,supplier_onboarding,filled_a,de,no,,train,easy,False,none,12042,120420008
SYN-SUPPLIER_ONBOARDING-0009,supplier_onboarding,filled_b,de,no,,validation,easy,False,none,12042,120420009
SYN-SUPPLIER_ONBOARDING-0010,supplier_onboarding,filled_b,de,no,,test,easy,False,none,12042,120420010
SYN-SUPPLIER_ONBOARDING-0011,supplier_onboarding,filled_b,de,no,,train,easy,False,none,12042,120420011
SYN-SUPPLIER_ONBOARDING-0012,supplier_onboarding,filled_b,en,no,,train,easy,False,none,12042,120420012
SYN-SUPPLIER_ONBOARDING-0013,supplier_onboarding,filled_b,de,no,,train,easy,False,none,12042,120420013
SYN-SUPPLIER_ONBOARDING-0014,supplier_onboarding,filled_b,de,no,,train,easy,False,none,12042,120420014
SYN-SUPPLIER_ONBOARDING-0015,supplier_onboarding,filled_b,de,yes,PERSON;EMAIL_ADDRESS,train,easy,False,none,12042,120420015
SYN-SUPPLIER_ONBOARDING-0016,supplier_onboarding,filled_a,en,no,,train,easy,False,none,12042,120420016
SYN-SUPPLIER_ONBOARDING-0017,supplier_onboarding,filled_a,en,no,,train,easy,False,none,12042,120420017
SYN-SUPPLIER_ONBOARDING-0018,supplier_onboarding,filled_b,de,no,,train,easy,False,none,12042,120420018
SYN-SUPPLIER_ONBOARDING-0019,supplier_onboarding,filled_a,en,no,,train,easy,False,none,12042,120420019
SYN-SUPPLIER_ONBOARDING-0020,supplier_onboarding,filled_b,en,no,,train,easy,False,none,12042,120420020
SYN-SUPPLIER_ONBOARDING-0021,supplier_onboarding,filled_a,en,yes,PERSON;IBAN_CODE,train,easy,False,none,12042,120420021
SYN-SUPPLIER_ONBOARDING-0022,supplier_onboarding,filled_a,en,yes,PERSON;EMAIL_ADDRESS,validation,easy,False,none,12042,120420022
SYN-SUPPLIER_ONBOARDING-0023,supplier_onboarding,blank,en,no,,test,easy,False,none,12042,120420023
SYN-SUPPLIER_ONBOARDING-0024,supplier_onboarding,filled_a,de,no,,train,easy,False,none,12042,120420024
SYN-SUPPLIER_ONBOARDING-0025,supplier_onboarding,filled_b,de,no,,train,easy,False,none,12042,120420025
SYN-SUPPLIER_ONBOARDING-0026,supplier_onboarding,filled_a,de,no,,train,easy,False,none,12042,120420026
SYN-SUPPLIER_ONBOARDING-0027,supplier_onboarding,filled_b,de,yes,PERSON;PHONE_NUMBER,validation,easy,False,none,12042,120420027
SYN-SUPPLIER_ONBOARDING-0028,supplier_onboarding,filled_a,en,no,,train,easy,False,none,12042,120420028
SYN-SUPPLIER_ONBOARDING-0029,supplier_onboarding,filled_a,en,no,,train,easy,False,none,12042,120420029
SYN-SUPPLIER_ONBOARDING-0030,supplier_onboarding,filled_a,de,no,,validation,easy,False,none,12042,120420030
SYN-SUPPLIER_ONBOARDING-0031,supplier_onboarding,filled_a,en,no,,train,easy,False,none,12042,120420031
SYN-SUPPLIER_ONBOARDING-0032,supplier_onboarding,filled_b,en,no,,train,easy,False,none,12042,120420032
SYN-SUPPLIER_ONBOARDING-0033,supplier_onboarding,filled_a,en,no,,train,easy,False,none,12042,120420033
SYN-SUPPLIER_ONBOARDING-0034,supplier_onboarding,filled_b,en,no,,train,easy,False,none,12042,120420034
SYN-SUPPLIER_ONBOARDING-0035,supplier_onboarding,filled_a,de,no,,train,easy,False,none,12042,120420035
SYN-SUPPLIER_ONBOARDING-0036,supplier_onboarding,filled_b,de,no,,test,easy,False,none,12042,120420036
SYN-SUPPLIER_ONBOARDING-0037,supplier_onboarding,filled_a,de,no,,train,easy,False,none,12042,120420037
SYN-SUPPLIER_ONBOARDING-0038,supplier_onboarding,filled_a,en,no,,train,easy,False,none,12042,120420038
SYN-SUPPLIER_ONBOARDING-0039,supplier_onboarding,filled_a,de,yes,PERSON;PHONE_NUMBER,train,easy,False,none,12042,120420039
SYN-SUPPLIER_ONBOARDING-0040,supplier_onboarding,filled_a,de,no,,train,easy,False,none,12042,120420040
SYN-SUPPLIER_ONBOARDING-0041,supplier_onboarding,filled_b,en,no,,train,easy,False,none,12042,120420041
SYN-SUPPLIER_ONBOARDING-0042,supplier_onboarding,filled_a,en,no,,test,easy,False,none,12042,120420042
SYN-SUPPLIER_ONBOARDING-0043,supplier_onboarding,filled_b,de,no,,train,easy,False,none,12042,120420043
SYN-SUPPLIER_ONBOARDING-0044,supplier_onboarding,filled_a,en,no,,train,easy,False,none,12042,120420044
SYN-SUPPLIER_ONBOARDING-0045,supplier_onboarding,blank,en,no,,train,easy,False,none,12042,120420045
SYN-SUPPLIER_ONBOARDING-0046,supplier_onboarding,filled_b,de,no,,validation,easy,False,none,12042,120420046
SYN-SUPPLIER_ONBOARDING-0047,supplier_onboarding,filled_b,en,no,,test,easy,False,none,12042,120420047
SYN-SUPPLIER_ONBOARDING-0048,supplier_onboarding,filled_a,de,no,,train,easy,False,none,12042,120420048
SYN-SUPPLIER_ONBOARDING-0049,supplier_onboarding,filled_a,en,no,,train,easy,False,none,12042,120420049
SYN-SUPPLIER_ONBOARDING-0050,supplier_onboarding,filled_b,de,no,,train,easy,False,none,12042,120420050
SYN-SUPPLIER_ONBOARDING-0051,supplier_onboarding,filled_b,de,no,,train,easy,False,none,12042,120420051
SYN-SUPPLIER_ONBOARDING-0052,supplier_onboarding,filled_b,en,no,,train,easy,False,none,12042,120420052
SYN-SUPPLIER_ONBOARDING-0053,supplier_onboarding,filled_b,de,no,,train,easy,False,none,12042,120420053
SYN-SUPPLIER_ONBOARDING-0054,supplier_onboarding,filled_b,de,yes,LOCATION,test,easy,False,none,12042,120420054
SYN-SUPPLIER_ONBOARDING-0055,supplier_onboarding,filled_b,en,no,,train,easy,False,none,12042,120420055
SYN-SUPPLIER_ONBOARDING-0056,supplier_onboarding,filled_b,en,no,,validation,easy,False,none,12042,120420056
SYN-SUPPLIER_ONBOARDING-0057,supplier_onboarding,filled_b,en,no,,test,easy,False,none,12042,120420057
SYN-SUPPLIER_ONBOARDING-0058,supplier_onboarding,filled_a,de,no,,train,easy,False,none,12042,120420058
SYN-SUPPLIER_ONBOARDING-0059,supplier_onboarding,filled_a,de,no,,validation,easy,False,none,12042,120420059
SYN-SUPPLIER_ONBOARDING-0060,supplier_onboarding,filled_a,de,no,,train,easy,False,none,12042,120420060
SYN-SUPPLIER_ONBOARDING-0061,supplier_onboarding,filled_a,en,no,,train,easy,False,none,12042,120420061
SYN-SUPPLIER_ONBOARDING-0062,supplier_onboarding,filled_b,de,no,,train,easy,False,none,12042,120420062
SYN-SUPPLIER_ONBOARDING-0063,supplier_onboarding,filled_a,en,no,,train,easy,False,none,12042,120420063
SYN-SUPPLIER_ONBOARDING-0064,supplier_onboarding,filled_a,de,no,,validation,easy,False,none,12042,120420064
SYN-SUPPLIER_ONBOARDING-0065,supplier_onboarding,filled_b,en,no,,validation,easy,False,none,12042,120420065
SYN-SUPPLIER_ONBOARDING-0066,supplier_onboarding,filled_b,en,no,,train,easy,False,none,12042,120420066
SYN-SUPPLIER_ONBOARDING-0067,supplier_onboarding,filled_a,en,no,,validation,easy,False,none,12042,120420067
SYN-SUPPLIER_ONBOARDING-0068,supplier_onboarding,filled_a,de,no,,train,easy,False,none,12042,120420068
SYN-SUPPLIER_ONBOARDING-0069,supplier_onboarding,filled_a,de,no,,train,easy,False,none,12042,120420069
SYN-SUPPLIER_ONBOARDING-0070,supplier_onboarding,filled_a,en,no,,test,easy,False,none,12042,120420070
SYN-SUPPLIER_ONBOARDING-0071,supplier_onboarding,filled_a,en,no,,train,easy,False,none,12042,120420071
SYN-SUPPLIER_ONBOARDING-0072,supplier_onboarding,filled_a,en,yes,PERSON;PHONE_NUMBER,train,easy,False,none,12042,120420072
SYN-SUPPLIER_ONBOARDING-0073,supplier_onboarding,blank,en,no,,validation,easy,False,none,12042,120420073
SYN-SUPPLIER_ONBOARDING-0074,supplier_onboarding,filled_a,de,no,,train,easy,False,none,12042,120420074
SYN-SUPPLIER_ONBOARDING-0075,supplier_onboarding,filled_b,de,no,,train,easy,False,none,12042,120420075
SYN-SUPPLIER_ONBOARDING-0076,supplier_onboarding,filled_a,en,no,,validation,easy,False,none,12042,120420076
SYN-SUPPLIER_ONBOARDING-0077,supplier_onboarding,filled_a,de,no,,validation,easy,False,none,12042,120420077
SYN-SUPPLIER_ONBOARDING-0078,supplier_onboarding,filled_a,en,no,,train,easy,False,none,12042,120420078
SYN-SUPPLIER_ONBOARDING-0079,supplier_onboarding,filled_b,de,no,,train,easy,False,none,12042,120420079
SYN-SUPPLIER_ONBOARDING-0080,supplier_onboarding,blank,en,no,,train,easy,False,none,12042,120420080
SYN-SUPPLIER_ONBOARDING-0081,supplier_onboarding,filled_b,de,no,,train,easy,False,none,12042,120420081
SYN-SUPPLIER_ONBOARDING-0082,supplier_onboarding,blank,en,no,,train,easy,False,none,12042,120420082
SYN-SUPPLIER_ONBOARDING-0083,supplier_onboarding,filled_b,de,no,,train,easy,False,none,12042,120420083
SYN-SUPPLIER_ONBOARDING-0084,supplier_onboarding,filled_b,en,no,,train,easy,False,none,12042,120420084
SYN-SUPPLIER_ONBOARDING-0085,supplier_onboarding,filled_a,de,no,,test,easy,False,none,12042,120420085
SYN-SUPPLIER_ONBOARDING-0086,supplier_onboarding,filled_a,en,no,,train,easy,False,none,12042,120420086
SYN-SUPPLIER_ONBOARDING-0087,supplier_onboarding,filled_a,en,yes,PERSON;EMAIL_ADDRESS,train,easy,False,none,12042,120420087
SYN-SUPPLIER_ONBOARDING-0088,supplier_onboarding,filled_b,de,yes,LOCATION,train,easy,False,none,12042,120420088
SYN-SUPPLIER_ONBOARDING-0089,supplier_onboarding,filled_a,de,no,,test,easy,False,none,12042,120420089
SYN-SUPPLIER_ONBOARDING-0090,supplier_onboarding,filled_b,en,no,,test,easy,False,none,12042,120420090
SYN-SUPPLIER_ONBOARDING-0091,supplier_onboarding,filled_b,de,no,,train,easy,False,none,12042,120420091
SYN-SUPPLIER_ONBOARDING-0092,supplier_onboarding,filled_b,en,no,,test,easy,False,none,12042,120420092
SYN-SUPPLIER_ONBOARDING-0093,supplier_onboarding,filled_b,de,no,,train,easy,False,none,12042,120420093
SYN-SUPPLIER_ONBOARDING-0094,supplier_onboarding,filled_b,de,yes,LOCATION,train,easy,False,none,12042,120420094
SYN-SUPPLIER_ONBOARDING-0095,supplier_onboarding,filled_b,en,no,,validation,easy,False,none,12042,120420095
SYN-SUPPLIER_ONBOARDING-0096,supplier_onboarding,filled_a,en,no,,train,easy,False,none,12042,120420096
SYN-SUPPLIER_ONBOARDING-0097,supplier_onboarding,filled_b,de,no,,train,easy,False,none,12042,120420097
SYN-SUPPLIER_ONBOARDING-0098,supplier_onboarding,filled_a,de,no,,test,easy,False,none,12042,120420098
SYN-SUPPLIER_ONBOARDING-0099,supplier_onboarding,filled_a,en,no,,train,easy,False,none,12042,120420099
SYN-SUPPLIER_ONBOARDING-0100,supplier_onboarding,filled_a,en,yes,PERSON;IBAN_CODE,test,easy,False,none,12042,120420100
SYN-TRAINING_EVALUATION-0001,training_evaluation,filled_b,en,no,,train,easy,False,none,13042,130420001
SYN-TRAINING_EVALUATION-0002,training_evaluation,filled_b,en,yes,PERSON;DATE_TIME,train,easy,False,none,13042,130420002
SYN-TRAINING_EVALUATION-0003,training_evaluation,filled_a,en,no,,train,easy,False,none,13042,130420003
SYN-TRAINING_EVALUATION-0004,training_evaluation,blank,de,no,,train,easy,False,none,13042,130420004
SYN-TRAINING_EVALUATION-0005,training_evaluation,filled_a,en,no,,train,easy,False,none,13042,130420005
SYN-TRAINING_EVALUATION-0006,training_evaluation,filled_b,en,no,,validation,easy,False,none,13042,130420006
SYN-TRAINING_EVALUATION-0007,training_evaluation,filled_b,de,no,,train,easy,False,none,13042,130420007
SYN-TRAINING_EVALUATION-0008,training_evaluation,filled_b,en,no,,train,easy,False,none,13042,130420008
SYN-TRAINING_EVALUATION-0009,training_evaluation,filled_a,en,no,,train,easy,False,none,13042,130420009
SYN-TRAINING_EVALUATION-0010,training_evaluation,filled_a,en,no,,train,easy,False,none,13042,130420010
SYN-TRAINING_EVALUATION-0011,training_evaluation,blank,en,no,,train,easy,False,none,13042,130420011
SYN-TRAINING_EVALUATION-0012,training_evaluation,filled_b,de,no,,train,easy,False,none,13042,130420012
SYN-TRAINING_EVALUATION-0013,training_evaluation,filled_a,de,no,,train,easy,False,none,13042,130420013
SYN-TRAINING_EVALUATION-0014,training_evaluation,filled_b,en,no,,train,easy,False,none,13042,130420014
SYN-TRAINING_EVALUATION-0015,training_evaluation,filled_a,de,no,,train,easy,False,none,13042,130420015
SYN-TRAINING_EVALUATION-0016,training_evaluation,filled_b,en,no,,train,easy,False,none,13042,130420016
SYN-TRAINING_EVALUATION-0017,training_evaluation,filled_b,en,yes,PERSON,train,easy,False,none,13042,130420017
SYN-TRAINING_EVALUATION-0018,training_evaluation,blank,de,no,,train,easy,False,none,13042,130420018
SYN-TRAINING_EVALUATION-0019,training_evaluation,filled_a,de,no,,train,easy,False,none,13042,130420019
SYN-TRAINING_EVALUATION-0020,training_evaluation,filled_b,de,no,,test,easy,False,none,13042,130420020
SYN-TRAINING_EVALUATION-0021,training_evaluation,filled_b,de,no,,validation,easy,False,none,13042,130420021
SYN-TRAINING_EVALUATION-0022,training_evaluation,filled_b,de,no,,train,easy,False,none,13042,130420022
SYN-TRAINING_EVALUATION-0023,training_evaluation,filled_a,en,no,,train,easy,False,none,13042,130420023
SYN-TRAINING_EVALUATION-0024,training_evaluation,filled_a,en,no,,train,easy,False,none,13042,130420024
SYN-TRAINING_EVALUATION-0025,training_evaluation,filled_b,en,no,,train,easy,False,none,13042,130420025
SYN-TRAINING_EVALUATION-0026,training_evaluation,filled_a,en,yes,PERSON;EMAIL_ADDRESS,train,easy,False,none,13042,130420026
SYN-TRAINING_EVALUATION-0027,training_evaluation,filled_a,en,no,,validation,easy,False,none,13042,130420027
SYN-TRAINING_EVALUATION-0028,training_evaluation,filled_b,de,no,,train,easy,False,none,13042,130420028
SYN-TRAINING_EVALUATION-0029,training_evaluation,filled_a,en,no,,train,easy,False,none,13042,130420029
SYN-TRAINING_EVALUATION-0030,training_evaluation,filled_b,de,no,,test,easy,False,none,13042,130420030
SYN-TRAINING_EVALUATION-0031,training_evaluation,filled_a,de,yes,PERSON,train,easy,False,none,13042,130420031
SYN-TRAINING_EVALUATION-0032,training_evaluation,filled_b,en,no,,validation,easy,False,none,13042,130420032
SYN-TRAINING_EVALUATION-0033,training_evaluation,filled_b,en,no,,train,easy,False,none,13042,130420033
SYN-TRAINING_EVALUATION-0034,training_evaluation,filled_a,de,no,,train,easy,False,none,13042,130420034
SYN-TRAINING_EVALUATION-0035,training_evaluation,filled_a,en,no,,validation,easy,False,none,13042,130420035
SYN-TRAINING_EVALUATION-0036,training_evaluation,filled_a,de,no,,test,easy,False,none,13042,130420036
SYN-TRAINING_EVALUATION-0037,training_evaluation,filled_a,de,no,,train,easy,False,none,13042,130420037
SYN-TRAINING_EVALUATION-0038,training_evaluation,filled_a,en,no,,train,easy,False,none,13042,130420038
SYN-TRAINING_EVALUATION-0039,training_evaluation,filled_b,en,no,,train,easy,False,none,13042,130420039
SYN-TRAINING_EVALUATION-0040,training_evaluation,filled_a,en,no,,test,easy,False,none,13042,130420040
SYN-TRAINING_EVALUATION-0041,training_evaluation,filled_a,de,no,,validation,easy,False,none,13042,130420041
SYN-TRAINING_EVALUATION-0042,training_evaluation,filled_b,de,no,,train,easy,False,none,13042,130420042
SYN-TRAINING_EVALUATION-0043,training_evaluation,filled_b,en,no,,test,easy,False,none,13042,130420043
SYN-TRAINING_EVALUATION-0044,training_evaluation,filled_b,en,no,,train,easy,False,none,13042,130420044
SYN-TRAINING_EVALUATION-0045,training_evaluation,filled_b,de,no,,train,easy,False,none,13042,130420045
SYN-TRAINING_EVALUATION-0046,training_evaluation,filled_b,de,no,,train,easy,False,none,13042,130420046
SYN-TRAINING_EVALUATION-0047,training_evaluation,filled_a,en,no,,test,easy,False,none,13042,130420047
SYN-TRAINING_EVALUATION-0048,training_evaluation,filled_a,en,no,,train,easy,False,none,13042,130420048
SYN-TRAINING_EVALUATION-0049,training_evaluation,filled_a,de,no,,train,easy,False,none,13042,130420049
SYN-TRAINING_EVALUATION-0050,training_evaluation,filled_b,de,no,,train,easy,False,none,13042,130420050
SYN-TRAINING_EVALUATION-0051,training_evaluation,filled_b,de,no,,train,easy,False,none,13042,130420051
SYN-TRAINING_EVALUATION-0052,training_evaluation,filled_a,en,no,,train,easy,False,none,13042,130420052
SYN-TRAINING_EVALUATION-0053,training_evaluation,filled_a,de,yes,PERSON,validation,easy,False,none,13042,130420053
SYN-TRAINING_EVALUATION-0054,training_evaluation,filled_b,en,no,,train,easy,False,none,13042,130420054
SYN-TRAINING_EVALUATION-0055,training_evaluation,filled_a,en,yes,PERSON;DATE_TIME,test,easy,False,none,13042,130420055
SYN-TRAINING_EVALUATION-0056,training_evaluation,filled_b,de,no,,train,easy,False,none,13042,130420056
SYN-TRAINING_EVALUATION-0057,training_evaluation,blank,en,no,,validation,easy,False,none,13042,130420057
SYN-TRAINING_EVALUATION-0058,training_evaluation,filled_a,de,no,,train,easy,False,none,13042,130420058
SYN-TRAINING_EVALUATION-0059,training_evaluation,filled_b,de,no,,validation,easy,False,none,13042,130420059
SYN-TRAINING_EVALUATION-0060,training_evaluation,filled_b,de,yes,PERSON;EMAIL_ADDRESS,test,easy,False,none,13042,130420060
SYN-TRAINING_EVALUATION-0061,training_evaluation,filled_b,de,no,,train,easy,False,none,13042,130420061
SYN-TRAINING_EVALUATION-0062,training_evaluation,filled_a,de,no,,train,easy,False,none,13042,130420062
SYN-TRAINING_EVALUATION-0063,training_evaluation,filled_b,en,yes,PERSON;DATE_TIME,train,easy,False,none,13042,130420063
SYN-TRAINING_EVALUATION-0064,training_evaluation,filled_a,de,no,,train,easy,False,none,13042,130420064
SYN-TRAINING_EVALUATION-0065,training_evaluation,filled_a,en,no,,validation,easy,False,none,13042,130420065
SYN-TRAINING_EVALUATION-0066,training_evaluation,filled_b,de,no,,train,easy,False,none,13042,130420066
SYN-TRAINING_EVALUATION-0067,training_evaluation,filled_a,en,no,,train,easy,False,none,13042,130420067
SYN-TRAINING_EVALUATION-0068,training_evaluation,filled_a,en,no,,validation,easy,False,none,13042,130420068
SYN-TRAINING_EVALUATION-0069,training_evaluation,filled_a,de,no,,train,easy,False,none,13042,130420069
SYN-TRAINING_EVALUATION-0070,training_evaluation,filled_b,de,no,,train,easy,False,none,13042,130420070
SYN-TRAINING_EVALUATION-0071,training_evaluation,filled_a,en,no,,train,easy,False,none,13042,130420071
SYN-TRAINING_EVALUATION-0072,training_evaluation,filled_b,de,yes,PERSON;EMAIL_ADDRESS,train,easy,False,none,13042,130420072
SYN-TRAINING_EVALUATION-0073,training_evaluation,filled_a,en,no,,train,easy,False,none,13042,130420073
SYN-TRAINING_EVALUATION-0074,training_evaluation,filled_a,de,yes,PERSON;EMAIL_ADDRESS,train,easy,False,none,13042,130420074
SYN-TRAINING_EVALUATION-0075,training_evaluation,filled_a,de,yes,PERSON,train,easy,False,none,13042,130420075
SYN-TRAINING_EVALUATION-0076,training_evaluation,filled_a,en,no,,test,easy,False,none,13042,130420076
SYN-TRAINING_EVALUATION-0077,training_evaluation,filled_a,de,no,,validation,easy,False,none,13042,130420077
SYN-TRAINING_EVALUATION-0078,training_evaluation,filled_b,en,no,,train,easy,False,none,13042,130420078
SYN-TRAINING_EVALUATION-0079,training_evaluation,filled_b,de,no,,train,easy,False,none,13042,130420079
SYN-TRAINING_EVALUATION-0080,training_evaluation,filled_b,de,no,,test,easy,False,none,13042,130420080
SYN-TRAINING_EVALUATION-0081,training_evaluation,blank,en,no,,test,easy,False,none,13042,130420081
SYN-TRAINING_EVALUATION-0082,training_evaluation,filled_b,de,no,,test,easy,False,none,13042,130420082
SYN-TRAINING_EVALUATION-0083,training_evaluation,filled_a,en,no,,train,easy,False,none,13042,130420083
SYN-TRAINING_EVALUATION-0084,training_evaluation,filled_b,de,no,,validation,easy,False,none,13042,130420084
SYN-TRAINING_EVALUATION-0085,training_evaluation,filled_b,de,no,,train,easy,False,none,13042,130420085
SYN-TRAINING_EVALUATION-0086,training_evaluation,filled_b,de,no,,train,easy,False,none,13042,130420086
SYN-TRAINING_EVALUATION-0087,training_evaluation,filled_b,de,no,,train,easy,False,none,13042,130420087
SYN-TRAINING_EVALUATION-0088,training_evaluation,filled_b,de,no,,validation,easy,False,none,13042,130420088
SYN-TRAINING_EVALUATION-0089,training_evaluation,filled_a,en,no,,train,easy,False,none,13042,130420089
SYN-TRAINING_EVALUATION-0090,training_evaluation,filled_b,en,yes,PERSON;DATE_TIME,validation,easy,False,none,13042,130420090
SYN-TRAINING_EVALUATION-0091,training_evaluation,filled_a,de,no,,train,easy,False,none,13042,130420091
SYN-TRAINING_EVALUATION-0092,training_evaluation,filled_a,en,no,,train,easy,False,none,13042,130420092
SYN-TRAINING_EVALUATION-0093,training_evaluation,filled_a,en,no,,train,easy,False,none,13042,130420093
SYN-TRAINING_EVALUATION-0094,training_evaluation,filled_a,en,no,,test,easy,False,none,13042,130420094
SYN-TRAINING_EVALUATION-0095,training_evaluation,filled_a,en,no,,train,easy,False,none,13042,130420095
SYN-TRAINING_EVALUATION-0096,training_evaluation,filled_a,en,no,,test,easy,False,none,13042,130420096
SYN-TRAINING_EVALUATION-0097,training_evaluation,filled_b,de,no,,test,easy,False,none,13042,130420097
SYN-TRAINING_EVALUATION-0098,training_evaluation,filled_b,de,no,,train,easy,False,none,13042,130420098
SYN-TRAINING_EVALUATION-0099,training_evaluation,filled_a,en,no,,train,easy,False,none,13042,130420099
SYN-TRAINING_EVALUATION-0100,training_evaluation,filled_b,en,no,,train,easy,False,none,13042,130420100
